model,experiment,simulator,feature_count,qubit_count,training_size_requested,training_recordings,training_snr,evaluation_snr,evaluation_split,training_sample_manifest_hash,validation_sample_manifest_hash,test_sample_manifest_hash,validation_accuracy,validation_precision,validation_recall,validation_f1,validation_roc_auc,validation_balanced_accuracy,validation_drone_recall,validation_non_drone_recall,accuracy,precision,recall,f1,roc_auc,balanced_accuracy,drone_recall,non_drone_recall,confusion_matrix,feature_map,feature_map_reps,circuit_depth,two_qubit_gate_count,estimated_quantum_evaluations,kernel_evaluations_computed_this_run,kernel_construction_seconds,kernel_matrix_wall_seconds,training_seconds,prediction_seconds,validation_prediction_seconds,kernel_cache_hits,model_path,optimizer_evaluations,optimizer_loss,trainable_parameters,trainable_kernel_training_seconds,training_unique_sample_ids,train_kernel_cache,validation_kernel_cache,test_kernel_cache
rbf_svm,matched_sample_clean_model_robustness,classical_cpu,4,0,24,24,clean,clean,test,6d930e716ad04b90cfec0976b6b155bd0105aefdd2cacd2f769d0fb1cfff78f2,2973665665e08fe9c86d7ac59912610933130a1432d9ff533a90a6d2aae893ec,122fca9c88c1665437c95b09c1dd5c91b36a1c407a12253311ff02d6d842e4f0,0.575,0.25,0.7142857142857143,0.3703703703703703,0.6948051948051948,0.6298701298701299,0.7142857142857143,0.5454545454545454,0.6836734693877551,0.3333333333333333,0.9375,0.4918032786885246,0.8361280487804879,0.7858231707317074,0.9375,0.6341463414634146,"[[52, 30], [1, 15]]",none,0,0,0,0,0,0.0,0.0,0.0016694169898983,0.0043191250006202,0.0,{},/Users/srikarreddy/Documents/hackathon/hackathon3/QSky-Mizzou-Quantum-Hackathon/models/quantum_ideal/rbf_svm_q4_n24_clean_aggregated_seed42.joblib,0.0,,[],0.0,,,,
rbf_svm,matched_sample_clean_model_robustness,classical_cpu,4,0,24,24,clean,20,test,6d930e716ad04b90cfec0976b6b155bd0105aefdd2cacd2f769d0fb1cfff78f2,2973665665e08fe9c86d7ac59912610933130a1432d9ff533a90a6d2aae893ec,122fca9c88c1665437c95b09c1dd5c91b36a1c407a12253311ff02d6d842e4f0,0.575,0.25,0.7142857142857143,0.3703703703703703,0.6948051948051948,0.6298701298701299,0.7142857142857143,0.5454545454545454,0.7040816326530612,0.3414634146341463,0.875,0.4912280701754385,0.8117378048780488,0.7728658536585367,0.875,0.6707317073170732,"[[55, 27], [2, 14]]",none,0,0,0,0,0,0.0,0.0,0.0016694169898983,0.0039993750106077,0.0,{},/Users/srikarreddy/Documents/hackathon/hackathon3/QSky-Mizzou-Quantum-Hackathon/models/quantum_ideal/rbf_svm_q4_n24_clean_aggregated_seed42.joblib,0.0,,[],0.0,,,,
rbf_svm,matched_sample_clean_model_robustness,classical_cpu,4,0,24,24,clean,10,test,6d930e716ad04b90cfec0976b6b155bd0105aefdd2cacd2f769d0fb1cfff78f2,2973665665e08fe9c86d7ac59912610933130a1432d9ff533a90a6d2aae893ec,122fca9c88c1665437c95b09c1dd5c91b36a1c407a12253311ff02d6d842e4f0,0.575,0.25,0.7142857142857143,0.3703703703703703,0.6948051948051948,0.6298701298701299,0.7142857142857143,0.5454545454545454,0.7244897959183674,0.358974358974359,0.875,0.509090909090909,0.8025914634146342,0.7850609756097561,0.875,0.6951219512195121,"[[57, 25], [2, 14]]",none,0,0,0,0,0,0.0,0.0,0.0016694169898983,0.0042770839936565,0.0,{},/Users/srikarreddy/Documents/hackathon/hackathon3/QSky-Mizzou-Quantum-Hackathon/models/quantum_ideal/rbf_svm_q4_n24_clean_aggregated_seed42.joblib,0.0,,[],0.0,,,,
rbf_svm,matched_sample_clean_model_robustness,classical_cpu,4,0,24,24,clean,5,test,6d930e716ad04b90cfec0976b6b155bd0105aefdd2cacd2f769d0fb1cfff78f2,2973665665e08fe9c86d7ac59912610933130a1432d9ff533a90a6d2aae893ec,122fca9c88c1665437c95b09c1dd5c91b36a1c407a12253311ff02d6d842e4f0,0.575,0.25,0.7142857142857143,0.3703703703703703,0.6948051948051948,0.6298701298701299,0.7142857142857143,0.5454545454545454,0.7244897959183674,0.3513513513513513,0.8125,0.490566037735849,0.7957317073170732,0.7599085365853658,0.8125,0.7073170731707317,"[[58, 24], [3, 13]]",none,0,0,0,0,0,0.0,0.0,0.0016694169898983,0.0040597080078441,0.0,{},/Users/srikarreddy/Documents/hackathon/hackathon3/QSky-Mizzou-Quantum-Hackathon/models/quantum_ideal/rbf_svm_q4_n24_clean_aggregated_seed42.joblib,0.0,,[],0.0,,,,
rbf_svm,matched_sample_clean_model_robustness,classical_cpu,4,0,24,24,clean,0,test,6d930e716ad04b90cfec0976b6b155bd0105aefdd2cacd2f769d0fb1cfff78f2,2973665665e08fe9c86d7ac59912610933130a1432d9ff533a90a6d2aae893ec,122fca9c88c1665437c95b09c1dd5c91b36a1c407a12253311ff02d6d842e4f0,0.575,0.25,0.7142857142857143,0.3703703703703703,0.6948051948051948,0.6298701298701299,0.7142857142857143,0.5454545454545454,0.7244897959183674,0.3428571428571428,0.75,0.4705882352941176,0.7820121951219512,0.7347560975609756,0.75,0.7195121951219512,"[[59, 23], [4, 12]]",none,0,0,0,0,0,0.0,0.0,0.0016694169898983,0.0043785420130006,0.0,{},/Users/srikarreddy/Documents/hackathon/hackathon3/QSky-Mizzou-Quantum-Hackathon/models/quantum_ideal/rbf_svm_q4_n24_clean_aggregated_seed42.joblib,0.0,,[],0.0,,,,
small_mlp,matched_sample_clean_model_robustness,classical_cpu,4,0,24,24,clean,clean,test,6d930e716ad04b90cfec0976b6b155bd0105aefdd2cacd2f769d0fb1cfff78f2,2973665665e08fe9c86d7ac59912610933130a1432d9ff533a90a6d2aae893ec,122fca9c88c1665437c95b09c1dd5c91b36a1c407a12253311ff02d6d842e4f0,0.675,0.2857142857142857,0.5714285714285714,0.3809523809523809,0.6645021645021645,0.6341991341991342,0.5714285714285714,0.696969696969697,0.7346938775510204,0.3214285714285714,0.5625,0.4090909090909091,0.7782012195121951,0.6653963414634146,0.5625,0.7682926829268293,"[[63, 19], [7, 9]]",none,0,0,0,0,0,0.0,0.0,1.1937944999954198,0.0040348749898839,0.0,{},/Users/srikarreddy/Documents/hackathon/hackathon3/QSky-Mizzou-Quantum-Hackathon/models/quantum_ideal/small_mlp_q4_n24_clean_aggregated_seed42.joblib,0.0,,[],0.0,,,,
small_mlp,matched_sample_clean_model_robustness,classical_cpu,4,0,24,24,clean,20,test,6d930e716ad04b90cfec0976b6b155bd0105aefdd2cacd2f769d0fb1cfff78f2,2973665665e08fe9c86d7ac59912610933130a1432d9ff533a90a6d2aae893ec,122fca9c88c1665437c95b09c1dd5c91b36a1c407a12253311ff02d6d842e4f0,0.675,0.2857142857142857,0.5714285714285714,0.3809523809523809,0.6645021645021645,0.6341991341991342,0.5714285714285714,0.696969696969697,0.7653061224489796,0.3478260869565217,0.5,0.4102564102564102,0.7850609756097561,0.6585365853658536,0.5,0.8170731707317073,"[[67, 15], [8, 8]]",none,0,0,0,0,0,0.0,0.0,1.1937944999954198,0.004131125024287,0.0,{},/Users/srikarreddy/Documents/hackathon/hackathon3/QSky-Mizzou-Quantum-Hackathon/models/quantum_ideal/small_mlp_q4_n24_clean_aggregated_seed42.joblib,0.0,,[],0.0,,,,
small_mlp,matched_sample_clean_model_robustness,classical_cpu,4,0,24,24,clean,10,test,6d930e716ad04b90cfec0976b6b155bd0105aefdd2cacd2f769d0fb1cfff78f2,2973665665e08fe9c86d7ac59912610933130a1432d9ff533a90a6d2aae893ec,122fca9c88c1665437c95b09c1dd5c91b36a1c407a12253311ff02d6d842e4f0,0.675,0.2857142857142857,0.5714285714285714,0.3809523809523809,0.6645021645021645,0.6341991341991342,0.5714285714285714,0.696969696969697,0.7448979591836735,0.2857142857142857,0.375,0.3243243243243243,0.7736280487804879,0.5960365853658536,0.375,0.8170731707317073,"[[67, 15], [10, 6]]",none,0,0,0,0,0,0.0,0.0,1.1937944999954198,0.003911000007065,0.0,{},/Users/srikarreddy/Documents/hackathon/hackathon3/QSky-Mizzou-Quantum-Hackathon/models/quantum_ideal/small_mlp_q4_n24_clean_aggregated_seed42.joblib,0.0,,[],0.0,,,,
small_mlp,matched_sample_clean_model_robustness,classical_cpu,4,0,24,24,clean,5,test,6d930e716ad04b90cfec0976b6b155bd0105aefdd2cacd2f769d0fb1cfff78f2,2973665665e08fe9c86d7ac59912610933130a1432d9ff533a90a6d2aae893ec,122fca9c88c1665437c95b09c1dd5c91b36a1c407a12253311ff02d6d842e4f0,0.675,0.2857142857142857,0.5714285714285714,0.3809523809523809,0.6645021645021645,0.6341991341991342,0.5714285714285714,0.696969696969697,0.7448979591836735,0.2352941176470588,0.25,0.2424242424242424,0.7682926829268293,0.5457317073170731,0.25,0.8414634146341463,"[[69, 13], [12, 4]]",none,0,0,0,0,0,0.0,0.0,1.1937944999954198,0.0041427919932175,0.0,{},/Users/srikarreddy/Documents/hackathon/hackathon3/QSky-Mizzou-Quantum-Hackathon/models/quantum_ideal/small_mlp_q4_n24_clean_aggregated_seed42.joblib,0.0,,[],0.0,,,,
small_mlp,matched_sample_clean_model_robustness,classical_cpu,4,0,24,24,clean,0,test,6d930e716ad04b90cfec0976b6b155bd0105aefdd2cacd2f769d0fb1cfff78f2,2973665665e08fe9c86d7ac59912610933130a1432d9ff533a90a6d2aae893ec,122fca9c88c1665437c95b09c1dd5c91b36a1c407a12253311ff02d6d842e4f0,0.675,0.2857142857142857,0.5714285714285714,0.3809523809523809,0.6645021645021645,0.6341991341991342,0.5714285714285714,0.696969696969697,0.7551020408163265,0.2142857142857142,0.1875,0.2,0.7782012195121951,0.5266768292682926,0.1875,0.8658536585365854,"[[71, 11], [13, 3]]",none,0,0,0,0,0,0.0,0.0,1.1937944999954198,0.0039105840260162,0.0,{},/Users/srikarreddy/Documents/hackathon/hackathon3/QSky-Mizzou-Quantum-Hackathon/models/quantum_ideal/small_mlp_q4_n24_clean_aggregated_seed42.joblib,0.0,,[],0.0,,,,
fixed_qsvc,matched_sample_clean_model_robustness,ideal_statevector_fidelity,4,4,24,24,clean,clean,test,6d930e716ad04b90cfec0976b6b155bd0105aefdd2cacd2f769d0fb1cfff78f2,2973665665e08fe9c86d7ac59912610933130a1432d9ff533a90a6d2aae893ec,122fca9c88c1665437c95b09c1dd5c91b36a1c407a12253311ff02d6d842e4f0,0.6125,0.2068965517241379,0.4285714285714285,0.2790697674418604,0.5162337662337663,0.54004329004329,0.4285714285714285,0.6515151515151515,0.6326530612244898,0.2222222222222222,0.5,0.3076923076923077,0.5853658536585367,0.5792682926829269,0.5,0.6585365853658537,"[[54, 28], [8, 8]]",zz_reps1_linear,1,11,6,4548,576,0.3841950409987476,0.002592833014205,0.3848578750039451,0.004336333979154,0.0046415000106208,"{""fixed_q4_n24_snr_clean_zz_reps1_linear_seed42_test_snr_cleandB"": true, ""fixed_q4_n24_snr_clean_zz_reps1_linear_seed42_training"": true, ""fixed_q4_n24_snr_clean_zz_reps1_linear_seed42_validation"": true, ""unregistered"": false}",/Users/srikarreddy/Documents/hackathon/hackathon3/QSky-Mizzou-Quantum-Hackathon/models/quantum_ideal/fixed_qsvc_q4_n24_clean_seed42.joblib,0.0,,[],0.0,1058.0,/Users/srikarreddy/Documents/hackathon/hackathon3/QSky-Mizzou-Quantum-Hackathon/results/quantum/kernels/fixed_q4_n24_snr_clean_zz_reps1_linear_seed42_training.npy,/Users/srikarreddy/Documents/hackathon/hackathon3/QSky-Mizzou-Quantum-Hackathon/results/quantum/kernels/fixed_q4_n24_snr_clean_zz_reps1_linear_seed42_validation.npy,/Users/srikarreddy/Documents/hackathon/hackathon3/QSky-Mizzou-Quantum-Hackathon/results/quantum/kernels/fixed_q4_n24_snr_clean_zz_reps1_linear_seed42_test_snr_cleandB.npy
trainable_qsvc,matched_sample_clean_model_robustness,ideal_statevector_fidelity,4,4,24,24,clean,clean,test,6d930e716ad04b90cfec0976b6b155bd0105aefdd2cacd2f769d0fb1cfff78f2,2973665665e08fe9c86d7ac59912610933130a1432d9ff533a90a6d2aae893ec,122fca9c88c1665437c95b09c1dd5c91b36a1c407a12253311ff02d6d842e4f0,0.675,0.3333333333333333,0.8571428571428571,0.48,0.7705627705627706,0.7467532467532467,0.8571428571428571,0.6363636363636364,0.6428571428571429,0.2978723404255319,0.875,0.4444444444444444,0.8330792682926829,0.7362804878048781,0.875,0.5975609756097561,"[[49, 33], [2, 14]]",trainable_product_reps1_linear,1,11,6,7860,576,0.3525977920216974,0.0016653749917168,0.3531706249923445,0.0043508330127224,0.0046498750161845,"{""trainable_q4_n24_snr_clean_zz_reps1_linear_seed42_test_snr_cleandB_theta_4760ddd1d8"": true, ""trainable_q4_n24_snr_clean_zz_reps1_linear_seed42_training_theta_4760ddd1d8"": true, ""trainable_q4_n24_snr_clean_zz_reps1_linear_seed42_validation_theta_4760ddd1d8"": true, ""unregistered"": false}",/Users/srikarreddy/Documents/hackathon/hackathon3/QSky-Mizzou-Quantum-Hackathon/models/quantum_ideal/trainable_qsvc_q4_n24_clean_seed42.joblib,6.0,2.2592194209244374,"[-0.30404135217687256, 1.3040413521768726, -0.30404135217687256, 1.3040413521768726]",0.0,1058.0,/Users/srikarreddy/Documents/hackathon/hackathon3/QSky-Mizzou-Quantum-Hackathon/results/quantum/kernels/trainable_q4_n24_snr_clean_zz_reps1_linear_seed42_training_theta_4760ddd1d8.npy,/Users/srikarreddy/Documents/hackathon/hackathon3/QSky-Mizzou-Quantum-Hackathon/results/quantum/kernels/trainable_q4_n24_snr_clean_zz_reps1_linear_seed42_validation_theta_4760ddd1d8.npy,/Users/srikarreddy/Documents/hackathon/hackathon3/QSky-Mizzou-Quantum-Hackathon/results/quantum/kernels/trainable_q4_n24_snr_clean_zz_reps1_linear_seed42_test_snr_cleandB_theta_4760ddd1d8.npy
fixed_qsvc,clean_model_noise_robustness,,4,4,24,24,clean,clean,test,6d930e716ad04b90cfec0976b6b155bd0105aefdd2cacd2f769d0fb1cfff78f2,2973665665e08fe9c86d7ac59912610933130a1432d9ff533a90a6d2aae893ec,122fca9c88c1665437c95b09c1dd5c91b36a1c407a12253311ff02d6d842e4f0,,,,,,,,,0.6326530612244898,0.2222222222222222,0.5,0.3076923076923077,0.5853658536585367,0.5792682926829269,0.5,0.6585365853658537,"[[54, 28], [8, 8]]",zz_reps1_linear,1,11,6,13956,576,0.36104874999728054,,,,,,/Users/srikarreddy/Documents/hackathon/hackathon3/QSky-Mizzou-Quantum-Hackathon/models/quantum_ideal/fixed_qsvc_q4_n24_clean_seed42.joblib,,,,,,,,
fixed_qsvc,clean_model_noise_robustness,,4,4,24,24,clean,20,test,6d930e716ad04b90cfec0976b6b155bd0105aefdd2cacd2f769d0fb1cfff78f2,2973665665e08fe9c86d7ac59912610933130a1432d9ff533a90a6d2aae893ec,122fca9c88c1665437c95b09c1dd5c91b36a1c407a12253311ff02d6d842e4f0,,,,,,,,,0.6122448979591837,0.19444444444444445,0.4375,0.2692307692307692,0.538109756097561,0.5419207317073171,0.4375,0.6463414634146342,"[[53, 29], [9, 7]]",zz_reps1_linear,1,11,6,13956,576,0.36104874999728054,,,,,,/Users/srikarreddy/Documents/hackathon/hackathon3/QSky-Mizzou-Quantum-Hackathon/models/quantum_ideal/fixed_qsvc_q4_n24_clean_seed42.joblib,,,,,,,,
fixed_qsvc,clean_model_noise_robustness,,4,4,24,24,clean,10,test,6d930e716ad04b90cfec0976b6b155bd0105aefdd2cacd2f769d0fb1cfff78f2,2973665665e08fe9c86d7ac59912610933130a1432d9ff533a90a6d2aae893ec,122fca9c88c1665437c95b09c1dd5c91b36a1c407a12253311ff02d6d842e4f0,,,,,,,,,0.5918367346938775,0.16666666666666666,0.375,0.23076923076923078,0.4077743902439024,0.5045731707317074,0.375,0.6341463414634146,"[[52, 30], [10, 6]]",zz_reps1_linear,1,11,6,13956,576,0.36104874999728054,,,,,,/Users/srikarreddy/Documents/hackathon/hackathon3/QSky-Mizzou-Quantum-Hackathon/models/quantum_ideal/fixed_qsvc_q4_n24_clean_seed42.joblib,,,,,,,,
fixed_qsvc,clean_model_noise_robustness,,4,4,24,24,clean,5,test,6d930e716ad04b90cfec0976b6b155bd0105aefdd2cacd2f769d0fb1cfff78f2,2973665665e08fe9c86d7ac59912610933130a1432d9ff533a90a6d2aae893ec,122fca9c88c1665437c95b09c1dd5c91b36a1c407a12253311ff02d6d842e4f0,,,,,,,,,0.6224489795918368,0.18181818181818182,0.375,0.24489795918367346,0.41234756097560976,0.5228658536585367,0.375,0.6707317073170732,"[[55, 27], [10, 6]]",zz_reps1_linear,1,11,6,13956,576,0.36104874999728054,,,,,,/Users/srikarreddy/Documents/hackathon/hackathon3/QSky-Mizzou-Quantum-Hackathon/models/quantum_ideal/fixed_qsvc_q4_n24_clean_seed42.joblib,,,,,,,,
fixed_qsvc,clean_model_noise_robustness,,4,4,24,24,clean,0,test,6d930e716ad04b90cfec0976b6b155bd0105aefdd2cacd2f769d0fb1cfff78f2,2973665665e08fe9c86d7ac59912610933130a1432d9ff533a90a6d2aae893ec,122fca9c88c1665437c95b09c1dd5c91b36a1c407a12253311ff02d6d842e4f0,,,,,,,,,0.6326530612244898,0.2222222222222222,0.5,0.3076923076923077,0.6021341463414633,0.5792682926829269,0.5,0.6585365853658537,"[[54, 28], [8, 8]]",zz_reps1_linear,1,11,6,13956,576,0.36104874999728054,,,,,,/Users/srikarreddy/Documents/hackathon/hackathon3/QSky-Mizzou-Quantum-Hackathon/models/quantum_ideal/fixed_qsvc_q4_n24_clean_seed42.joblib,,,,,,,,
fixed_qsvc,matched_sample_clean_model_robustness,ideal_statevector_fidelity,4,4,50,50,clean,clean,test,9a07b0b7f852e290ff6715427dae458fd4dded6b97a84e86758e4420e90f7c0c,2973665665e08fe9c86d7ac59912610933130a1432d9ff533a90a6d2aae893ec,122fca9c88c1665437c95b09c1dd5c91b36a1c407a12253311ff02d6d842e4f0,0.55,0.13333333333333333,0.2857142857142857,0.18181818181818182,0.5670995670995671,0.4458874458874459,0.2857142857142857,0.6060606060606061,0.5714285714285714,0.15789473684210525,0.375,0.2222222222222222,0.5236280487804879,0.4923780487804878,0.375,0.6097560975609756,"[[50, 32], [10, 6]]",zz_reps1_linear,1,11,6,29725,2500,1.53380350000225,0.005715750012313947,1.534527292009443,0.004334208992077038,0.004630582989193499,"{""fixed_q4_n50_snr_clean_zz_reps1_linear_seed42_test_snr_0dB"": true, ""fixed_q4_n50_snr_clean_zz_reps1_linear_seed42_test_snr_10dB"": true, ""fixed_q4_n50_snr_clean_zz_reps1_linear_seed42_test_snr_20dB"": true, ""fixed_q4_n50_snr_clean_zz_reps1_linear_seed42_test_snr_5dB"": true, ""fixed_q4_n50_snr_clean_zz_reps1_linear_seed42_test_snr_cleandB"": true, ""fixed_q4_n50_snr_clean_zz_reps1_linear_seed42_training"": true, ""fixed_q4_n50_snr_clean_zz_reps1_linear_seed42_validation"": true, ""unregistered"": false}",/Users/srikarreddy/Documents/hackathon/hackathon3/QSky-Mizzou-Quantum-Hackathon/models/quantum_ideal/fixed_qsvc_q4_n50_clean_seed42.joblib,0.0,,[],0.0,2426.0,/Users/srikarreddy/Documents/hackathon/hackathon3/QSky-Mizzou-Quantum-Hackathon/results/quantum/kernels/fixed_q4_n50_snr_clean_zz_reps1_linear_seed42_training.npy,/Users/srikarreddy/Documents/hackathon/hackathon3/QSky-Mizzou-Quantum-Hackathon/results/quantum/kernels/fixed_q4_n50_snr_clean_zz_reps1_linear_seed42_validation.npy,/Users/srikarreddy/Documents/hackathon/hackathon3/QSky-Mizzou-Quantum-Hackathon/results/quantum/kernels/fixed_q4_n50_snr_clean_zz_reps1_linear_seed42_test_snr_cleandB.npy
fixed_qsvc,matched_sample_clean_model_robustness,ideal_statevector_fidelity,4,4,50,50,clean,20,test,9a07b0b7f852e290ff6715427dae458fd4dded6b97a84e86758e4420e90f7c0c,2973665665e08fe9c86d7ac59912610933130a1432d9ff533a90a6d2aae893ec,122fca9c88c1665437c95b09c1dd5c91b36a1c407a12253311ff02d6d842e4f0,0.55,0.13333333333333333,0.2857142857142857,0.18181818181818182,0.5670995670995671,0.4458874458874459,0.2857142857142857,0.6060606060606061,0.6020408163265306,0.21951219512195122,0.5625,0.3157894736842105,0.6532012195121951,0.5861280487804879,0.5625,0.6097560975609756,"[[50, 32], [7, 9]]",zz_reps1_linear,1,11,6,29725,2500,1.53380350000225,0.005715750012313947,1.534527292009443,0.004121750011108816,0.004630582989193499,"{""fixed_q4_n50_snr_clean_zz_reps1_linear_seed42_test_snr_0dB"": true, ""fixed_q4_n50_snr_clean_zz_reps1_linear_seed42_test_snr_10dB"": true, ""fixed_q4_n50_snr_clean_zz_reps1_linear_seed42_test_snr_20dB"": true, ""fixed_q4_n50_snr_clean_zz_reps1_linear_seed42_test_snr_5dB"": true, ""fixed_q4_n50_snr_clean_zz_reps1_linear_seed42_test_snr_cleandB"": true, ""fixed_q4_n50_snr_clean_zz_reps1_linear_seed42_training"": true, ""fixed_q4_n50_snr_clean_zz_reps1_linear_seed42_validation"": true, ""unregistered"": false}",/Users/srikarreddy/Documents/hackathon/hackathon3/QSky-Mizzou-Quantum-Hackathon/models/quantum_ideal/fixed_qsvc_q4_n50_clean_seed42.joblib,0.0,,[],0.0,2426.0,/Users/srikarreddy/Documents/hackathon/hackathon3/QSky-Mizzou-Quantum-Hackathon/results/quantum/kernels/fixed_q4_n50_snr_clean_zz_reps1_linear_seed42_training.npy,/Users/srikarreddy/Documents/hackathon/hackathon3/QSky-Mizzou-Quantum-Hackathon/results/quantum/kernels/fixed_q4_n50_snr_clean_zz_reps1_linear_seed42_validation.npy,/Users/srikarreddy/Documents/hackathon/hackathon3/QSky-Mizzou-Quantum-Hackathon/results/quantum/kernels/fixed_q4_n50_snr_clean_zz_reps1_linear_seed42_test_snr_20dB.npy
fixed_qsvc,matched_sample_clean_model_robustness,ideal_statevector_fidelity,4,4,50,50,clean,10,test,9a07b0b7f852e290ff6715427dae458fd4dded6b97a84e86758e4420e90f7c0c,2973665665e08fe9c86d7ac59912610933130a1432d9ff533a90a6d2aae893ec,122fca9c88c1665437c95b09c1dd5c91b36a1c407a12253311ff02d6d842e4f0,0.55,0.13333333333333333,0.2857142857142857,0.18181818181818182,0.5670995670995671,0.4458874458874459,0.2857142857142857,0.6060606060606061,0.5612244897959183,0.15384615384615385,0.375,0.21818181818181817,0.45426829268292684,0.48628048780487804,0.375,0.5975609756097561,"[[49, 33], [10, 6]]",zz_reps1_linear,1,11,6,29725,2500,1.53380350000225,0.005715750012313947,1.534527292009443,0.0042102920124307275,0.004630582989193499,"{""fixed_q4_n50_snr_clean_zz_reps1_linear_seed42_test_snr_0dB"": true, ""fixed_q4_n50_snr_clean_zz_reps1_linear_seed42_test_snr_10dB"": true, ""fixed_q4_n50_snr_clean_zz_reps1_linear_seed42_test_snr_20dB"": true, ""fixed_q4_n50_snr_clean_zz_reps1_linear_seed42_test_snr_5dB"": true, ""fixed_q4_n50_snr_clean_zz_reps1_linear_seed42_test_snr_cleandB"": true, ""fixed_q4_n50_snr_clean_zz_reps1_linear_seed42_training"": true, ""fixed_q4_n50_snr_clean_zz_reps1_linear_seed42_validation"": true, ""unregistered"": false}",/Users/srikarreddy/Documents/hackathon/hackathon3/QSky-Mizzou-Quantum-Hackathon/models/quantum_ideal/fixed_qsvc_q4_n50_clean_seed42.joblib,0.0,,[],0.0,2426.0,/Users/srikarreddy/Documents/hackathon/hackathon3/QSky-Mizzou-Quantum-Hackathon/results/quantum/kernels/fixed_q4_n50_snr_clean_zz_reps1_linear_seed42_training.npy,/Users/srikarreddy/Documents/hackathon/hackathon3/QSky-Mizzou-Quantum-Hackathon/results/quantum/kernels/fixed_q4_n50_snr_clean_zz_reps1_linear_seed42_validation.npy,/Users/srikarreddy/Documents/hackathon/hackathon3/QSky-Mizzou-Quantum-Hackathon/results/quantum/kernels/fixed_q4_n50_snr_clean_zz_reps1_linear_seed42_test_snr_10dB.npy
fixed_qsvc,matched_sample_clean_model_robustness,ideal_statevector_fidelity,4,4,50,50,clean,5,test,9a07b0b7f852e290ff6715427dae458fd4dded6b97a84e86758e4420e90f7c0c,2973665665e08fe9c86d7ac59912610933130a1432d9ff533a90a6d2aae893ec,122fca9c88c1665437c95b09c1dd5c91b36a1c407a12253311ff02d6d842e4f0,0.55,0.13333333333333333,0.2857142857142857,0.18181818181818182,0.5670995670995671,0.4458874458874459,0.2857142857142857,0.6060606060606061,0.6122448979591837,0.17647058823529413,0.375,0.24,0.4664634146341463,0.5167682926829269,0.375,0.6585365853658537,"[[54, 28], [10, 6]]",zz_reps1_linear,1,11,6,29725,2500,1.53380350000225,0.005715750012313947,1.534527292009443,0.004014874983113259,0.004630582989193499,"{""fixed_q4_n50_snr_clean_zz_reps1_linear_seed42_test_snr_0dB"": true, ""fixed_q4_n50_snr_clean_zz_reps1_linear_seed42_test_snr_10dB"": true, ""fixed_q4_n50_snr_clean_zz_reps1_linear_seed42_test_snr_20dB"": true, ""fixed_q4_n50_snr_clean_zz_reps1_linear_seed42_test_snr_5dB"": true, ""fixed_q4_n50_snr_clean_zz_reps1_linear_seed42_test_snr_cleandB"": true, ""fixed_q4_n50_snr_clean_zz_reps1_linear_seed42_training"": true, ""fixed_q4_n50_snr_clean_zz_reps1_linear_seed42_validation"": true, ""unregistered"": false}",/Users/srikarreddy/Documents/hackathon/hackathon3/QSky-Mizzou-Quantum-Hackathon/models/quantum_ideal/fixed_qsvc_q4_n50_clean_seed42.joblib,0.0,,[],0.0,2426.0,/Users/srikarreddy/Documents/hackathon/hackathon3/QSky-Mizzou-Quantum-Hackathon/results/quantum/kernels/fixed_q4_n50_snr_clean_zz_reps1_linear_seed42_training.npy,/Users/srikarreddy/Documents/hackathon/hackathon3/QSky-Mizzou-Quantum-Hackathon/results/quantum/kernels/fixed_q4_n50_snr_clean_zz_reps1_linear_seed42_validation.npy,/Users/srikarreddy/Documents/hackathon/hackathon3/QSky-Mizzou-Quantum-Hackathon/results/quantum/kernels/fixed_q4_n50_snr_clean_zz_reps1_linear_seed42_test_snr_5dB.npy
fixed_qsvc,matched_sample_clean_model_robustness,ideal_statevector_fidelity,4,4,50,50,clean,0,test,9a07b0b7f852e290ff6715427dae458fd4dded6b97a84e86758e4420e90f7c0c,2973665665e08fe9c86d7ac59912610933130a1432d9ff533a90a6d2aae893ec,122fca9c88c1665437c95b09c1dd5c91b36a1c407a12253311ff02d6d842e4f0,0.55,0.13333333333333333,0.2857142857142857,0.18181818181818182,0.5670995670995671,0.4458874458874459,0.2857142857142857,0.6060606060606061,0.5918367346938775,0.22727272727272727,0.625,0.3333333333333333,0.6044207317073171,0.6051829268292683,0.625,0.5853658536585366,"[[48, 34], [6, 10]]",zz_reps1_linear,1,11,6,29725,2500,1.53380350000225,0.005715750012313947,1.534527292009443,0.004456124996067956,0.004630582989193499,"{""fixed_q4_n50_snr_clean_zz_reps1_linear_seed42_test_snr_0dB"": true, ""fixed_q4_n50_snr_clean_zz_reps1_linear_seed42_test_snr_10dB"": true, ""fixed_q4_n50_snr_clean_zz_reps1_linear_seed42_test_snr_20dB"": true, ""fixed_q4_n50_snr_clean_zz_reps1_linear_seed42_test_snr_5dB"": true, ""fixed_q4_n50_snr_clean_zz_reps1_linear_seed42_test_snr_cleandB"": true, ""fixed_q4_n50_snr_clean_zz_reps1_linear_seed42_training"": true, ""fixed_q4_n50_snr_clean_zz_reps1_linear_seed42_validation"": true, ""unregistered"": false}",/Users/srikarreddy/Documents/hackathon/hackathon3/QSky-Mizzou-Quantum-Hackathon/models/quantum_ideal/fixed_qsvc_q4_n50_clean_seed42.joblib,0.0,,[],0.0,2426.0,/Users/srikarreddy/Documents/hackathon/hackathon3/QSky-Mizzou-Quantum-Hackathon/results/quantum/kernels/fixed_q4_n50_snr_clean_zz_reps1_linear_seed42_training.npy,/Users/srikarreddy/Documents/hackathon/hackathon3/QSky-Mizzou-Quantum-Hackathon/results/quantum/kernels/fixed_q4_n50_snr_clean_zz_reps1_linear_seed42_validation.npy,/Users/srikarreddy/Documents/hackathon/hackathon3/QSky-Mizzou-Quantum-Hackathon/results/quantum/kernels/fixed_q4_n50_snr_clean_zz_reps1_linear_seed42_test_snr_0dB.npy
rbf_svm,matched_sample_clean_model_robustness,classical_cpu,4,0,50,50,clean,clean,test,9a07b0b7f852e290ff6715427dae458fd4dded6b97a84e86758e4420e90f7c0c,2973665665e08fe9c86d7ac59912610933130a1432d9ff533a90a6d2aae893ec,122fca9c88c1665437c95b09c1dd5c91b36a1c407a12253311ff02d6d842e4f0,0.625,0.23333333333333334,0.5,0.3181818181818182,0.6277056277056277,0.5757575757575757,0.5,0.6515151515151515,0.7142857142857143,0.3333333333333333,0.75,0.46153846153846156,0.7911585365853658,0.7286585365853658,0.75,0.7073170731707317,"[[58, 24], [4, 12]]",none,0,0,0,0,0,0.0,0.0,0.0006354579818435013,0.004925999994156882,0.0,{},/Users/srikarreddy/Documents/hackathon/hackathon3/QSky-Mizzou-Quantum-Hackathon/models/quantum_ideal/rbf_svm_q4_n50_clean_aggregated_seed42.joblib,0.0,,[],0.0,,,,
rbf_svm,matched_sample_clean_model_robustness,classical_cpu,4,0,50,50,clean,20,test,9a07b0b7f852e290ff6715427dae458fd4dded6b97a84e86758e4420e90f7c0c,2973665665e08fe9c86d7ac59912610933130a1432d9ff533a90a6d2aae893ec,122fca9c88c1665437c95b09c1dd5c91b36a1c407a12253311ff02d6d842e4f0,0.625,0.23333333333333334,0.5,0.3181818181818182,0.6277056277056277,0.5757575757575757,0.5,0.6515151515151515,0.7448979591836735,0.3448275862068966,0.625,0.4444444444444444,0.7751524390243902,0.6966463414634146,0.625,0.7682926829268293,"[[63, 19], [6, 10]]",none,0,0,0,0,0,0.0,0.0,0.0006354579818435013,0.004524332995060831,0.0,{},/Users/srikarreddy/Documents/hackathon/hackathon3/QSky-Mizzou-Quantum-Hackathon/models/quantum_ideal/rbf_svm_q4_n50_clean_aggregated_seed42.joblib,0.0,,[],0.0,,,,
rbf_svm,matched_sample_clean_model_robustness,classical_cpu,4,0,50,50,clean,10,test,9a07b0b7f852e290ff6715427dae458fd4dded6b97a84e86758e4420e90f7c0c,2973665665e08fe9c86d7ac59912610933130a1432d9ff533a90a6d2aae893ec,122fca9c88c1665437c95b09c1dd5c91b36a1c407a12253311ff02d6d842e4f0,0.625,0.23333333333333334,0.5,0.3181818181818182,0.6277056277056277,0.5757575757575757,0.5,0.6515151515151515,0.7551020408163265,0.3,0.375,0.3333333333333333,0.7652439024390244,0.6021341463414633,0.375,0.8292682926829268,"[[68, 14], [10, 6]]",none,0,0,0,0,0,0.0,0.0,0.0006354579818435013,0.004604917019605637,0.0,{},/Users/srikarreddy/Documents/hackathon/hackathon3/QSky-Mizzou-Quantum-Hackathon/models/quantum_ideal/rbf_svm_q4_n50_clean_aggregated_seed42.joblib,0.0,,[],0.0,,,,
rbf_svm,matched_sample_clean_model_robustness,classical_cpu,4,0,50,50,clean,5,test,9a07b0b7f852e290ff6715427dae458fd4dded6b97a84e86758e4420e90f7c0c,2973665665e08fe9c86d7ac59912610933130a1432d9ff533a90a6d2aae893ec,122fca9c88c1665437c95b09c1dd5c91b36a1c407a12253311ff02d6d842e4f0,0.625,0.23333333333333334,0.5,0.3181818181818182,0.6277056277056277,0.5757575757575757,0.5,0.6515151515151515,0.7346938775510204,0.25,0.3125,0.2777777777777778,0.7583841463414634,0.5647865853658536,0.3125,0.8170731707317073,"[[67, 15], [11, 5]]",none,0,0,0,0,0,0.0,0.0,0.0006354579818435013,0.004454042005818337,0.0,{},/Users/srikarreddy/Documents/hackathon/hackathon3/QSky-Mizzou-Quantum-Hackathon/models/quantum_ideal/rbf_svm_q4_n50_clean_aggregated_seed42.joblib,0.0,,[],0.0,,,,
rbf_svm,matched_sample_clean_model_robustness,classical_cpu,4,0,50,50,clean,0,test,9a07b0b7f852e290ff6715427dae458fd4dded6b97a84e86758e4420e90f7c0c,2973665665e08fe9c86d7ac59912610933130a1432d9ff533a90a6d2aae893ec,122fca9c88c1665437c95b09c1dd5c91b36a1c407a12253311ff02d6d842e4f0,0.625,0.23333333333333334,0.5,0.3181818181818182,0.6277056277056277,0.5757575757575757,0.5,0.6515151515151515,0.7346938775510204,0.25,0.3125,0.2777777777777778,0.7530487804878049,0.5647865853658536,0.3125,0.8170731707317073,"[[67, 15], [11, 5]]",none,0,0,0,0,0,0.0,0.0,0.0006354579818435013,0.004597333987476304,0.0,{},/Users/srikarreddy/Documents/hackathon/hackathon3/QSky-Mizzou-Quantum-Hackathon/models/quantum_ideal/rbf_svm_q4_n50_clean_aggregated_seed42.joblib,0.0,,[],0.0,,,,
small_mlp,matched_sample_clean_model_robustness,classical_cpu,4,0,50,50,clean,clean,test,9a07b0b7f852e290ff6715427dae458fd4dded6b97a84e86758e4420e90f7c0c,2973665665e08fe9c86d7ac59912610933130a1432d9ff533a90a6d2aae893ec,122fca9c88c1665437c95b09c1dd5c91b36a1c407a12253311ff02d6d842e4f0,0.6875,0.3225806451612903,0.7142857142857143,0.4444444444444444,0.7316017316017316,0.698051948051948,0.7142857142857143,0.6818181818181818,0.7448979591836735,0.36363636363636365,0.75,0.4897959183673469,0.8208841463414633,0.7469512195121951,0.75,0.7439024390243902,"[[61, 21], [4, 12]]",none,0,0,0,0,0,0.0,0.0,0.655980332987383,0.004043791996082291,0.0,{},/Users/srikarreddy/Documents/hackathon/hackathon3/QSky-Mizzou-Quantum-Hackathon/models/quantum_ideal/small_mlp_q4_n50_clean_aggregated_seed42.joblib,0.0,,[],0.0,,,,
small_mlp,matched_sample_clean_model_robustness,classical_cpu,4,0,50,50,clean,20,test,9a07b0b7f852e290ff6715427dae458fd4dded6b97a84e86758e4420e90f7c0c,2973665665e08fe9c86d7ac59912610933130a1432d9ff533a90a6d2aae893ec,122fca9c88c1665437c95b09c1dd5c91b36a1c407a12253311ff02d6d842e4f0,0.6875,0.3225806451612903,0.7142857142857143,0.4444444444444444,0.7316017316017316,0.698051948051948,0.7142857142857143,0.6818181818181818,0.7448979591836735,0.3448275862068966,0.625,0.4444444444444444,0.8033536585365855,0.6966463414634146,0.625,0.7682926829268293,"[[63, 19], [6, 10]]",none,0,0,0,0,0,0.0,0.0,0.655980332987383,0.004223208001349121,0.0,{},/Users/srikarreddy/Documents/hackathon/hackathon3/QSky-Mizzou-Quantum-Hackathon/models/quantum_ideal/small_mlp_q4_n50_clean_aggregated_seed42.joblib,0.0,,[],0.0,,,,
small_mlp,matched_sample_clean_model_robustness,classical_cpu,4,0,50,50,clean,10,test,9a07b0b7f852e290ff6715427dae458fd4dded6b97a84e86758e4420e90f7c0c,2973665665e08fe9c86d7ac59912610933130a1432d9ff533a90a6d2aae893ec,122fca9c88c1665437c95b09c1dd5c91b36a1c407a12253311ff02d6d842e4f0,0.6875,0.3225806451612903,0.7142857142857143,0.4444444444444444,0.7316017316017316,0.698051948051948,0.7142857142857143,0.6818181818181818,0.7244897959183674,0.3103448275862069,0.5625,0.4,0.791158536585366,0.6592987804878049,0.5625,0.7560975609756098,"[[62, 20], [7, 9]]",none,0,0,0,0,0,0.0,0.0,0.655980332987383,0.0040419579891022295,0.0,{},/Users/srikarreddy/Documents/hackathon/hackathon3/QSky-Mizzou-Quantum-Hackathon/models/quantum_ideal/small_mlp_q4_n50_clean_aggregated_seed42.joblib,0.0,,[],0.0,,,,
small_mlp,matched_sample_clean_model_robustness,classical_cpu,4,0,50,50,clean,5,test,9a07b0b7f852e290ff6715427dae458fd4dded6b97a84e86758e4420e90f7c0c,2973665665e08fe9c86d7ac59912610933130a1432d9ff533a90a6d2aae893ec,122fca9c88c1665437c95b09c1dd5c91b36a1c407a12253311ff02d6d842e4f0,0.6875,0.3225806451612903,0.7142857142857143,0.4444444444444444,0.7316017316017316,0.698051948051948,0.7142857142857143,0.6818181818181818,0.7551020408163265,0.3333333333333333,0.5,0.4,0.7782012195121951,0.6524390243902439,0.5,0.8048780487804879,"[[66, 16], [8, 8]]",none,0,0,0,0,0,0.0,0.0,0.655980332987383,0.0041600000113248825,0.0,{},/Users/srikarreddy/Documents/hackathon/hackathon3/QSky-Mizzou-Quantum-Hackathon/models/quantum_ideal/small_mlp_q4_n50_clean_aggregated_seed42.joblib,0.0,,[],0.0,,,,
small_mlp,matched_sample_clean_model_robustness,classical_cpu,4,0,50,50,clean,0,test,9a07b0b7f852e290ff6715427dae458fd4dded6b97a84e86758e4420e90f7c0c,2973665665e08fe9c86d7ac59912610933130a1432d9ff533a90a6d2aae893ec,122fca9c88c1665437c95b09c1dd5c91b36a1c407a12253311ff02d6d842e4f0,0.6875,0.3225806451612903,0.7142857142857143,0.4444444444444444,0.7316017316017316,0.698051948051948,0.7142857142857143,0.6818181818181818,0.7244897959183674,0.2608695652173913,0.375,0.3076923076923077,0.7713414634146342,0.5838414634146342,0.375,0.7926829268292683,"[[65, 17], [10, 6]]",none,0,0,0,0,0,0.0,0.0,0.655980332987383,0.004085166990989819,0.0,{},/Users/srikarreddy/Documents/hackathon/hackathon3/QSky-Mizzou-Quantum-Hackathon/models/quantum_ideal/small_mlp_q4_n50_clean_aggregated_seed42.joblib,0.0,,[],0.0,,,,
fixed_qsvc,matched_sample_clean_model_robustness,ideal_statevector_fidelity,4,4,70,70,clean,clean,test,b4738a0e925c1c03ecfd4f680ea9777e823c2b07f03e8a7425378b68bc46d466,2973665665e08fe9c86d7ac59912610933130a1432d9ff533a90a6d2aae893ec,122fca9c88c1665437c95b09c1dd5c91b36a1c407a12253311ff02d6d842e4f0,0.5125,0.1951219512195122,0.5714285714285714,0.2909090909090909,0.5313852813852814,0.5357142857142857,0.5714285714285714,0.5,0.4489795918367347,0.1724137931034483,0.625,0.2702702702702703,0.5182926829268293,0.5198170731707317,0.625,0.4146341463414634,"[[34, 48], [6, 10]]",zz_reps1_linear,1,11,6,42315,4900,3.0405366249906365,0.0052679590007755905,3.041252708004322,0.004549417004454881,0.004667500004870817,"{""fixed_q4_n70_snr_clean_zz_reps1_linear_seed42_test_snr_0dB"": true, ""fixed_q4_n70_snr_clean_zz_reps1_linear_seed42_test_snr_10dB"": true, ""fixed_q4_n70_snr_clean_zz_reps1_linear_seed42_test_snr_20dB"": true, ""fixed_q4_n70_snr_clean_zz_reps1_linear_seed42_test_snr_5dB"": true, ""fixed_q4_n70_snr_clean_zz_reps1_linear_seed42_test_snr_cleandB"": true, ""fixed_q4_n70_snr_clean_zz_reps1_linear_seed42_training"": true, ""fixed_q4_n70_snr_clean_zz_reps1_linear_seed42_validation"": true, ""unregistered"": false}",/Users/srikarreddy/Documents/hackathon/hackathon3/QSky-Mizzou-Quantum-Hackathon/models/quantum_ideal/fixed_qsvc_q4_n70_clean_seed42.joblib,0.0,,[],0.0,3654.0,/Users/srikarreddy/Documents/hackathon/hackathon3/QSky-Mizzou-Quantum-Hackathon/results/quantum/kernels/fixed_q4_n70_snr_clean_zz_reps1_linear_seed42_training.npy,/Users/srikarreddy/Documents/hackathon/hackathon3/QSky-Mizzou-Quantum-Hackathon/results/quantum/kernels/fixed_q4_n70_snr_clean_zz_reps1_linear_seed42_validation.npy,/Users/srikarreddy/Documents/hackathon/hackathon3/QSky-Mizzou-Quantum-Hackathon/results/quantum/kernels/fixed_q4_n70_snr_clean_zz_reps1_linear_seed42_test_snr_cleandB.npy
fixed_qsvc,matched_sample_clean_model_robustness,ideal_statevector_fidelity,4,4,70,70,clean,20,test,b4738a0e925c1c03ecfd4f680ea9777e823c2b07f03e8a7425378b68bc46d466,2973665665e08fe9c86d7ac59912610933130a1432d9ff533a90a6d2aae893ec,122fca9c88c1665437c95b09c1dd5c91b36a1c407a12253311ff02d6d842e4f0,0.5125,0.1951219512195122,0.5714285714285714,0.2909090909090909,0.5313852813852814,0.5357142857142857,0.5714285714285714,0.5,0.4489795918367347,0.203125,0.8125,0.325,0.6432926829268293,0.5952743902439024,0.8125,0.3780487804878049,"[[31, 51], [3, 13]]",zz_reps1_linear,1,11,6,42315,4900,3.0405366249906365,0.0052679590007755905,3.041252708004322,0.004145958984736353,0.004667500004870817,"{""fixed_q4_n70_snr_clean_zz_reps1_linear_seed42_test_snr_0dB"": true, ""fixed_q4_n70_snr_clean_zz_reps1_linear_seed42_test_snr_10dB"": true, ""fixed_q4_n70_snr_clean_zz_reps1_linear_seed42_test_snr_20dB"": true, ""fixed_q4_n70_snr_clean_zz_reps1_linear_seed42_test_snr_5dB"": true, ""fixed_q4_n70_snr_clean_zz_reps1_linear_seed42_test_snr_cleandB"": true, ""fixed_q4_n70_snr_clean_zz_reps1_linear_seed42_training"": true, ""fixed_q4_n70_snr_clean_zz_reps1_linear_seed42_validation"": true, ""unregistered"": false}",/Users/srikarreddy/Documents/hackathon/hackathon3/QSky-Mizzou-Quantum-Hackathon/models/quantum_ideal/fixed_qsvc_q4_n70_clean_seed42.joblib,0.0,,[],0.0,3654.0,/Users/srikarreddy/Documents/hackathon/hackathon3/QSky-Mizzou-Quantum-Hackathon/results/quantum/kernels/fixed_q4_n70_snr_clean_zz_reps1_linear_seed42_training.npy,/Users/srikarreddy/Documents/hackathon/hackathon3/QSky-Mizzou-Quantum-Hackathon/results/quantum/kernels/fixed_q4_n70_snr_clean_zz_reps1_linear_seed42_validation.npy,/Users/srikarreddy/Documents/hackathon/hackathon3/QSky-Mizzou-Quantum-Hackathon/results/quantum/kernels/fixed_q4_n70_snr_clean_zz_reps1_linear_seed42_test_snr_20dB.npy
fixed_qsvc,matched_sample_clean_model_robustness,ideal_statevector_fidelity,4,4,70,70,clean,10,test,b4738a0e925c1c03ecfd4f680ea9777e823c2b07f03e8a7425378b68bc46d466,2973665665e08fe9c86d7ac59912610933130a1432d9ff533a90a6d2aae893ec,122fca9c88c1665437c95b09c1dd5c91b36a1c407a12253311ff02d6d842e4f0,0.5125,0.1951219512195122,0.5714285714285714,0.2909090909090909,0.5313852813852814,0.5357142857142857,0.5714285714285714,0.5,0.37755102040816324,0.11864406779661017,0.4375,0.18666666666666668,0.41006097560975613,0.4016768292682927,0.4375,0.36585365853658536,"[[30, 52], [9, 7]]",zz_reps1_linear,1,11,6,42315,4900,3.0405366249906365,0.0052679590007755905,3.041252708004322,0.004561583016766235,0.004667500004870817,"{""fixed_q4_n70_snr_clean_zz_reps1_linear_seed42_test_snr_0dB"": true, ""fixed_q4_n70_snr_clean_zz_reps1_linear_seed42_test_snr_10dB"": true, ""fixed_q4_n70_snr_clean_zz_reps1_linear_seed42_test_snr_20dB"": true, ""fixed_q4_n70_snr_clean_zz_reps1_linear_seed42_test_snr_5dB"": true, ""fixed_q4_n70_snr_clean_zz_reps1_linear_seed42_test_snr_cleandB"": true, ""fixed_q4_n70_snr_clean_zz_reps1_linear_seed42_training"": true, ""fixed_q4_n70_snr_clean_zz_reps1_linear_seed42_validation"": true, ""unregistered"": false}",/Users/srikarreddy/Documents/hackathon/hackathon3/QSky-Mizzou-Quantum-Hackathon/models/quantum_ideal/fixed_qsvc_q4_n70_clean_seed42.joblib,0.0,,[],0.0,3654.0,/Users/srikarreddy/Documents/hackathon/hackathon3/QSky-Mizzou-Quantum-Hackathon/results/quantum/kernels/fixed_q4_n70_snr_clean_zz_reps1_linear_seed42_training.npy,/Users/srikarreddy/Documents/hackathon/hackathon3/QSky-Mizzou-Quantum-Hackathon/results/quantum/kernels/fixed_q4_n70_snr_clean_zz_reps1_linear_seed42_validation.npy,/Users/srikarreddy/Documents/hackathon/hackathon3/QSky-Mizzou-Quantum-Hackathon/results/quantum/kernels/fixed_q4_n70_snr_clean_zz_reps1_linear_seed42_test_snr_10dB.npy
fixed_qsvc,matched_sample_clean_model_robustness,ideal_statevector_fidelity,4,4,70,70,clean,5,test,b4738a0e925c1c03ecfd4f680ea9777e823c2b07f03e8a7425378b68bc46d466,2973665665e08fe9c86d7ac59912610933130a1432d9ff533a90a6d2aae893ec,122fca9c88c1665437c95b09c1dd5c91b36a1c407a12253311ff02d6d842e4f0,0.5125,0.1951219512195122,0.5714285714285714,0.2909090909090909,0.5313852813852814,0.5357142857142857,0.5714285714285714,0.5,0.3979591836734694,0.15873015873015872,0.625,0.25316455696202533,0.4032012195121951,0.4893292682926829,0.625,0.35365853658536583,"[[29, 53], [6, 10]]",zz_reps1_linear,1,11,6,42315,4900,3.0405366249906365,0.0052679590007755905,3.041252708004322,0.0041571250185370445,0.004667500004870817,"{""fixed_q4_n70_snr_clean_zz_reps1_linear_seed42_test_snr_0dB"": true, ""fixed_q4_n70_snr_clean_zz_reps1_linear_seed42_test_snr_10dB"": true, ""fixed_q4_n70_snr_clean_zz_reps1_linear_seed42_test_snr_20dB"": true, ""fixed_q4_n70_snr_clean_zz_reps1_linear_seed42_test_snr_5dB"": true, ""fixed_q4_n70_snr_clean_zz_reps1_linear_seed42_test_snr_cleandB"": true, ""fixed_q4_n70_snr_clean_zz_reps1_linear_seed42_training"": true, ""fixed_q4_n70_snr_clean_zz_reps1_linear_seed42_validation"": true, ""unregistered"": false}",/Users/srikarreddy/Documents/hackathon/hackathon3/QSky-Mizzou-Quantum-Hackathon/models/quantum_ideal/fixed_qsvc_q4_n70_clean_seed42.joblib,0.0,,[],0.0,3654.0,/Users/srikarreddy/Documents/hackathon/hackathon3/QSky-Mizzou-Quantum-Hackathon/results/quantum/kernels/fixed_q4_n70_snr_clean_zz_reps1_linear_seed42_training.npy,/Users/srikarreddy/Documents/hackathon/hackathon3/QSky-Mizzou-Quantum-Hackathon/results/quantum/kernels/fixed_q4_n70_snr_clean_zz_reps1_linear_seed42_validation.npy,/Users/srikarreddy/Documents/hackathon/hackathon3/QSky-Mizzou-Quantum-Hackathon/results/quantum/kernels/fixed_q4_n70_snr_clean_zz_reps1_linear_seed42_test_snr_5dB.npy
fixed_qsvc,matched_sample_clean_model_robustness,ideal_statevector_fidelity,4,4,70,70,clean,0,test,b4738a0e925c1c03ecfd4f680ea9777e823c2b07f03e8a7425378b68bc46d466,2973665665e08fe9c86d7ac59912610933130a1432d9ff533a90a6d2aae893ec,122fca9c88c1665437c95b09c1dd5c91b36a1c407a12253311ff02d6d842e4f0,0.5125,0.1951219512195122,0.5714285714285714,0.2909090909090909,0.5313852813852814,0.5357142857142857,0.5714285714285714,0.5,0.46938775510204084,0.1896551724137931,0.6875,0.2972972972972973,0.5640243902439025,0.5571646341463414,0.6875,0.4268292682926829,"[[35, 47], [5, 11]]",zz_reps1_linear,1,11,6,42315,4900,3.0405366249906365,0.0052679590007755905,3.041252708004322,0.004291374993044883,0.004667500004870817,"{""fixed_q4_n70_snr_clean_zz_reps1_linear_seed42_test_snr_0dB"": true, ""fixed_q4_n70_snr_clean_zz_reps1_linear_seed42_test_snr_10dB"": true, ""fixed_q4_n70_snr_clean_zz_reps1_linear_seed42_test_snr_20dB"": true, ""fixed_q4_n70_snr_clean_zz_reps1_linear_seed42_test_snr_5dB"": true, ""fixed_q4_n70_snr_clean_zz_reps1_linear_seed42_test_snr_cleandB"": true, ""fixed_q4_n70_snr_clean_zz_reps1_linear_seed42_training"": true, ""fixed_q4_n70_snr_clean_zz_reps1_linear_seed42_validation"": true, ""unregistered"": false}",/Users/srikarreddy/Documents/hackathon/hackathon3/QSky-Mizzou-Quantum-Hackathon/models/quantum_ideal/fixed_qsvc_q4_n70_clean_seed42.joblib,0.0,,[],0.0,3654.0,/Users/srikarreddy/Documents/hackathon/hackathon3/QSky-Mizzou-Quantum-Hackathon/results/quantum/kernels/fixed_q4_n70_snr_clean_zz_reps1_linear_seed42_training.npy,/Users/srikarreddy/Documents/hackathon/hackathon3/QSky-Mizzou-Quantum-Hackathon/results/quantum/kernels/fixed_q4_n70_snr_clean_zz_reps1_linear_seed42_validation.npy,/Users/srikarreddy/Documents/hackathon/hackathon3/QSky-Mizzou-Quantum-Hackathon/results/quantum/kernels/fixed_q4_n70_snr_clean_zz_reps1_linear_seed42_test_snr_0dB.npy
rbf_svm,matched_sample_clean_model_robustness,classical_cpu,4,0,70,70,clean,clean,test,b4738a0e925c1c03ecfd4f680ea9777e823c2b07f03e8a7425378b68bc46d466,2973665665e08fe9c86d7ac59912610933130a1432d9ff533a90a6d2aae893ec,122fca9c88c1665437c95b09c1dd5c91b36a1c407a12253311ff02d6d842e4f0,0.575,0.23684210526315788,0.6428571428571429,0.34615384615384615,0.6623376623376623,0.6017316017316017,0.6428571428571429,0.5606060606060606,0.6632653061224489,0.3023255813953488,0.8125,0.4406779661016949,0.7987804878048781,0.7233231707317074,0.8125,0.6341463414634146,"[[52, 30], [3, 13]]",none,0,0,0,0,0,0.0,0.0,0.000635959004284814,0.004642374988179654,0.0,{},/Users/srikarreddy/Documents/hackathon/hackathon3/QSky-Mizzou-Quantum-Hackathon/models/quantum_ideal/rbf_svm_q4_n70_clean_aggregated_seed42.joblib,0.0,,[],0.0,,,,
rbf_svm,matched_sample_clean_model_robustness,classical_cpu,4,0,70,70,clean,20,test,b4738a0e925c1c03ecfd4f680ea9777e823c2b07f03e8a7425378b68bc46d466,2973665665e08fe9c86d7ac59912610933130a1432d9ff533a90a6d2aae893ec,122fca9c88c1665437c95b09c1dd5c91b36a1c407a12253311ff02d6d842e4f0,0.575,0.23684210526315788,0.6428571428571429,0.34615384615384615,0.6623376623376623,0.6017316017316017,0.6428571428571429,0.5606060606060606,0.7244897959183674,0.3333333333333333,0.6875,0.4489795918367347,0.7903963414634146,0.7096036585365854,0.6875,0.7317073170731707,"[[60, 22], [5, 11]]",none,0,0,0,0,0,0.0,0.0,0.000635959004284814,0.004369041998870671,0.0,{},/Users/srikarreddy/Documents/hackathon/hackathon3/QSky-Mizzou-Quantum-Hackathon/models/quantum_ideal/rbf_svm_q4_n70_clean_aggregated_seed42.joblib,0.0,,[],0.0,,,,
rbf_svm,matched_sample_clean_model_robustness,classical_cpu,4,0,70,70,clean,10,test,b4738a0e925c1c03ecfd4f680ea9777e823c2b07f03e8a7425378b68bc46d466,2973665665e08fe9c86d7ac59912610933130a1432d9ff533a90a6d2aae893ec,122fca9c88c1665437c95b09c1dd5c91b36a1c407a12253311ff02d6d842e4f0,0.575,0.23684210526315788,0.6428571428571429,0.34615384615384615,0.6623376623376623,0.6017316017316017,0.6428571428571429,0.5606060606060606,0.7244897959183674,0.3225806451612903,0.625,0.425531914893617,0.7835365853658538,0.6844512195121951,0.625,0.7439024390243902,"[[61, 21], [6, 10]]",none,0,0,0,0,0,0.0,0.0,0.000635959004284814,0.0045444169954862446,0.0,{},/Users/srikarreddy/Documents/hackathon/hackathon3/QSky-Mizzou-Quantum-Hackathon/models/quantum_ideal/rbf_svm_q4_n70_clean_aggregated_seed42.joblib,0.0,,[],0.0,,,,
rbf_svm,matched_sample_clean_model_robustness,classical_cpu,4,0,70,70,clean,5,test,b4738a0e925c1c03ecfd4f680ea9777e823c2b07f03e8a7425378b68bc46d466,2973665665e08fe9c86d7ac59912610933130a1432d9ff533a90a6d2aae893ec,122fca9c88c1665437c95b09c1dd5c91b36a1c407a12253311ff02d6d842e4f0,0.575,0.23684210526315788,0.6428571428571429,0.34615384615384615,0.6623376623376623,0.6017316017316017,0.6428571428571429,0.5606060606060606,0.7448979591836735,0.3333333333333333,0.5625,0.4186046511627907,0.7759146341463415,0.6714939024390244,0.5625,0.7804878048780488,"[[64, 18], [7, 9]]",none,0,0,0,0,0,0.0,0.0,0.000635959004284814,0.004384458006825298,0.0,{},/Users/srikarreddy/Documents/hackathon/hackathon3/QSky-Mizzou-Quantum-Hackathon/models/quantum_ideal/rbf_svm_q4_n70_clean_aggregated_seed42.joblib,0.0,,[],0.0,,,,
rbf_svm,matched_sample_clean_model_robustness,classical_cpu,4,0,70,70,clean,0,test,b4738a0e925c1c03ecfd4f680ea9777e823c2b07f03e8a7425378b68bc46d466,2973665665e08fe9c86d7ac59912610933130a1432d9ff533a90a6d2aae893ec,122fca9c88c1665437c95b09c1dd5c91b36a1c407a12253311ff02d6d842e4f0,0.575,0.23684210526315788,0.6428571428571429,0.34615384615384615,0.6623376623376623,0.6017316017316017,0.6428571428571429,0.5606060606060606,0.7244897959183674,0.2608695652173913,0.375,0.3076923076923077,0.7721036585365855,0.5838414634146342,0.375,0.7926829268292683,"[[65, 17], [10, 6]]",none,0,0,0,0,0,0.0,0.0,0.000635959004284814,0.004417457996169105,0.0,{},/Users/srikarreddy/Documents/hackathon/hackathon3/QSky-Mizzou-Quantum-Hackathon/models/quantum_ideal/rbf_svm_q4_n70_clean_aggregated_seed42.joblib,0.0,,[],0.0,,,,
small_mlp,matched_sample_clean_model_robustness,classical_cpu,4,0,70,70,clean,clean,test,b4738a0e925c1c03ecfd4f680ea9777e823c2b07f03e8a7425378b68bc46d466,2973665665e08fe9c86d7ac59912610933130a1432d9ff533a90a6d2aae893ec,122fca9c88c1665437c95b09c1dd5c91b36a1c407a12253311ff02d6d842e4f0,0.6875,0.3103448275862069,0.6428571428571429,0.4186046511627907,0.7272727272727273,0.66991341991342,0.6428571428571429,0.696969696969697,0.7755102040816326,0.40625,0.8125,0.5416666666666666,0.8262195121951219,0.7903963414634146,0.8125,0.7682926829268293,"[[63, 19], [3, 13]]",none,0,0,0,0,0,0.0,0.0,0.5449619170103688,0.004024625028250739,0.0,{},/Users/srikarreddy/Documents/hackathon/hackathon3/QSky-Mizzou-Quantum-Hackathon/models/quantum_ideal/small_mlp_q4_n70_clean_aggregated_seed42.joblib,0.0,,[],0.0,,,,
small_mlp,matched_sample_clean_model_robustness,classical_cpu,4,0,70,70,clean,20,test,b4738a0e925c1c03ecfd4f680ea9777e823c2b07f03e8a7425378b68bc46d466,2973665665e08fe9c86d7ac59912610933130a1432d9ff533a90a6d2aae893ec,122fca9c88c1665437c95b09c1dd5c91b36a1c407a12253311ff02d6d842e4f0,0.6875,0.3103448275862069,0.6428571428571429,0.4186046511627907,0.7272727272727273,0.66991341991342,0.6428571428571429,0.696969696969697,0.7653061224489796,0.3793103448275862,0.6875,0.4888888888888889,0.8071646341463414,0.7339939024390244,0.6875,0.7804878048780488,"[[64, 18], [5, 11]]",none,0,0,0,0,0,0.0,0.0,0.5449619170103688,0.003975625004386529,0.0,{},/Users/srikarreddy/Documents/hackathon/hackathon3/QSky-Mizzou-Quantum-Hackathon/models/quantum_ideal/small_mlp_q4_n70_clean_aggregated_seed42.joblib,0.0,,[],0.0,,,,
small_mlp,matched_sample_clean_model_robustness,classical_cpu,4,0,70,70,clean,10,test,b4738a0e925c1c03ecfd4f680ea9777e823c2b07f03e8a7425378b68bc46d466,2973665665e08fe9c86d7ac59912610933130a1432d9ff533a90a6d2aae893ec,122fca9c88c1665437c95b09c1dd5c91b36a1c407a12253311ff02d6d842e4f0,0.6875,0.3103448275862069,0.6428571428571429,0.4186046511627907,0.7272727272727273,0.66991341991342,0.6428571428571429,0.696969696969697,0.7551020408163265,0.36666666666666664,0.6875,0.4782608695652174,0.805640243902439,0.7278963414634146,0.6875,0.7682926829268293,"[[63, 19], [5, 11]]",none,0,0,0,0,0,0.0,0.0,0.5449619170103688,0.004116750002140179,0.0,{},/Users/srikarreddy/Documents/hackathon/hackathon3/QSky-Mizzou-Quantum-Hackathon/models/quantum_ideal/small_mlp_q4_n70_clean_aggregated_seed42.joblib,0.0,,[],0.0,,,,
small_mlp,matched_sample_clean_model_robustness,classical_cpu,4,0,70,70,clean,5,test,b4738a0e925c1c03ecfd4f680ea9777e823c2b07f03e8a7425378b68bc46d466,2973665665e08fe9c86d7ac59912610933130a1432d9ff533a90a6d2aae893ec,122fca9c88c1665437c95b09c1dd5c91b36a1c407a12253311ff02d6d842e4f0,0.6875,0.3103448275862069,0.6428571428571429,0.4186046511627907,0.7272727272727273,0.66991341991342,0.6428571428571429,0.696969696969697,0.7346938775510204,0.3333333333333333,0.625,0.43478260869565216,0.7980182926829269,0.6905487804878049,0.625,0.7560975609756098,"[[62, 20], [6, 10]]",none,0,0,0,0,0,0.0,0.0,0.5449619170103688,0.004131665977183729,0.0,{},/Users/srikarreddy/Documents/hackathon/hackathon3/QSky-Mizzou-Quantum-Hackathon/models/quantum_ideal/small_mlp_q4_n70_clean_aggregated_seed42.joblib,0.0,,[],0.0,,,,
small_mlp,matched_sample_clean_model_robustness,classical_cpu,4,0,70,70,clean,0,test,b4738a0e925c1c03ecfd4f680ea9777e823c2b07f03e8a7425378b68bc46d466,2973665665e08fe9c86d7ac59912610933130a1432d9ff533a90a6d2aae893ec,122fca9c88c1665437c95b09c1dd5c91b36a1c407a12253311ff02d6d842e4f0,0.6875,0.3103448275862069,0.6428571428571429,0.4186046511627907,0.7272727272727273,0.66991341991342,0.6428571428571429,0.696969696969697,0.7448979591836735,0.3333333333333333,0.5625,0.4186046511627907,0.7972560975609756,0.6714939024390244,0.5625,0.7804878048780488,"[[64, 18], [7, 9]]",none,0,0,0,0,0,0.0,0.0,0.5449619170103688,0.00405429198872298,0.0,{},/Users/srikarreddy/Documents/hackathon/hackathon3/QSky-Mizzou-Quantum-Hackathon/models/quantum_ideal/small_mlp_q4_n70_clean_aggregated_seed42.joblib,0.0,,[],0.0,,,,
fixed_qsvc,matched_sample_clean_model_robustness,ideal_statevector_fidelity,5,5,24,24,clean,clean,test,6d930e716ad04b90cfec0976b6b155bd0105aefdd2cacd2f769d0fb1cfff78f2,2973665665e08fe9c86d7ac59912610933130a1432d9ff533a90a6d2aae893ec,122fca9c88c1665437c95b09c1dd5c91b36a1c407a12253311ff02d6d842e4f0,0.575,0.2619047619047619,0.7857142857142857,0.39285714285714285,0.6796536796536796,0.6580086580086579,0.7857142857142857,0.5303030303030303,0.5408163265306123,0.17777777777777778,0.5,0.26229508196721313,0.48780487804878053,0.524390243902439,0.5,0.5487804878048781,"[[45, 37], [8, 8]]",zz_reps1_linear,1,14,8,13956,576,0.5354437909845728,0.0040575840102974325,0.5361394999781623,0.004081000020960346,0.004910166026093066,"{""fixed_q5_n24_snr_clean_zz_reps1_linear_seed42_test_snr_0dB"": true, ""fixed_q5_n24_snr_clean_zz_reps1_linear_seed42_test_snr_10dB"": true, ""fixed_q5_n24_snr_clean_zz_reps1_linear_seed42_test_snr_20dB"": true, ""fixed_q5_n24_snr_clean_zz_reps1_linear_seed42_test_snr_5dB"": true, ""fixed_q5_n24_snr_clean_zz_reps1_linear_seed42_test_snr_cleandB"": true, ""fixed_q5_n24_snr_clean_zz_reps1_linear_seed42_training"": true, ""fixed_q5_n24_snr_clean_zz_reps1_linear_seed42_validation"": true, ""unregistered"": false}",/Users/srikarreddy/Documents/hackathon/hackathon3/QSky-Mizzou-Quantum-Hackathon/models/quantum_ideal/fixed_qsvc_q5_n24_clean_seed42.joblib,0.0,,[],0.0,1058.0,/Users/srikarreddy/Documents/hackathon/hackathon3/QSky-Mizzou-Quantum-Hackathon/results/quantum/kernels/fixed_q5_n24_snr_clean_zz_reps1_linear_seed42_training.npy,/Users/srikarreddy/Documents/hackathon/hackathon3/QSky-Mizzou-Quantum-Hackathon/results/quantum/kernels/fixed_q5_n24_snr_clean_zz_reps1_linear_seed42_validation.npy,/Users/srikarreddy/Documents/hackathon/hackathon3/QSky-Mizzou-Quantum-Hackathon/results/quantum/kernels/fixed_q5_n24_snr_clean_zz_reps1_linear_seed42_test_snr_cleandB.npy
fixed_qsvc,matched_sample_clean_model_robustness,ideal_statevector_fidelity,5,5,24,24,clean,20,test,6d930e716ad04b90cfec0976b6b155bd0105aefdd2cacd2f769d0fb1cfff78f2,2973665665e08fe9c86d7ac59912610933130a1432d9ff533a90a6d2aae893ec,122fca9c88c1665437c95b09c1dd5c91b36a1c407a12253311ff02d6d842e4f0,0.575,0.2619047619047619,0.7857142857142857,0.39285714285714285,0.6796536796536796,0.6580086580086579,0.7857142857142857,0.5303030303030303,0.5306122448979592,0.1875,0.5625,0.28125,0.5114329268292683,0.5434451219512195,0.5625,0.524390243902439,"[[43, 39], [7, 9]]",zz_reps1_linear,1,14,8,13956,576,0.5354437909845728,0.0040575840102974325,0.5361394999781623,0.004311666009016335,0.004910166026093066,"{""fixed_q5_n24_snr_clean_zz_reps1_linear_seed42_test_snr_0dB"": true, ""fixed_q5_n24_snr_clean_zz_reps1_linear_seed42_test_snr_10dB"": true, ""fixed_q5_n24_snr_clean_zz_reps1_linear_seed42_test_snr_20dB"": true, ""fixed_q5_n24_snr_clean_zz_reps1_linear_seed42_test_snr_5dB"": true, ""fixed_q5_n24_snr_clean_zz_reps1_linear_seed42_test_snr_cleandB"": true, ""fixed_q5_n24_snr_clean_zz_reps1_linear_seed42_training"": true, ""fixed_q5_n24_snr_clean_zz_reps1_linear_seed42_validation"": true, ""unregistered"": false}",/Users/srikarreddy/Documents/hackathon/hackathon3/QSky-Mizzou-Quantum-Hackathon/models/quantum_ideal/fixed_qsvc_q5_n24_clean_seed42.joblib,0.0,,[],0.0,1058.0,/Users/srikarreddy/Documents/hackathon/hackathon3/QSky-Mizzou-Quantum-Hackathon/results/quantum/kernels/fixed_q5_n24_snr_clean_zz_reps1_linear_seed42_training.npy,/Users/srikarreddy/Documents/hackathon/hackathon3/QSky-Mizzou-Quantum-Hackathon/results/quantum/kernels/fixed_q5_n24_snr_clean_zz_reps1_linear_seed42_validation.npy,/Users/srikarreddy/Documents/hackathon/hackathon3/QSky-Mizzou-Quantum-Hackathon/results/quantum/kernels/fixed_q5_n24_snr_clean_zz_reps1_linear_seed42_test_snr_20dB.npy
fixed_qsvc,matched_sample_clean_model_robustness,ideal_statevector_fidelity,5,5,24,24,clean,10,test,6d930e716ad04b90cfec0976b6b155bd0105aefdd2cacd2f769d0fb1cfff78f2,2973665665e08fe9c86d7ac59912610933130a1432d9ff533a90a6d2aae893ec,122fca9c88c1665437c95b09c1dd5c91b36a1c407a12253311ff02d6d842e4f0,0.575,0.2619047619047619,0.7857142857142857,0.39285714285714285,0.6796536796536796,0.6580086580086579,0.7857142857142857,0.5303030303030303,0.45918367346938777,0.06976744186046512,0.1875,0.1016949152542373,0.3155487804878049,0.34984756097560976,0.1875,0.5121951219512195,"[[42, 40], [13, 3]]",zz_reps1_linear,1,14,8,13956,576,0.5354437909845728,0.0040575840102974325,0.5361394999781623,0.004078375000972301,0.004910166026093066,"{""fixed_q5_n24_snr_clean_zz_reps1_linear_seed42_test_snr_0dB"": true, ""fixed_q5_n24_snr_clean_zz_reps1_linear_seed42_test_snr_10dB"": true, ""fixed_q5_n24_snr_clean_zz_reps1_linear_seed42_test_snr_20dB"": true, ""fixed_q5_n24_snr_clean_zz_reps1_linear_seed42_test_snr_5dB"": true, ""fixed_q5_n24_snr_clean_zz_reps1_linear_seed42_test_snr_cleandB"": true, ""fixed_q5_n24_snr_clean_zz_reps1_linear_seed42_training"": true, ""fixed_q5_n24_snr_clean_zz_reps1_linear_seed42_validation"": true, ""unregistered"": false}",/Users/srikarreddy/Documents/hackathon/hackathon3/QSky-Mizzou-Quantum-Hackathon/models/quantum_ideal/fixed_qsvc_q5_n24_clean_seed42.joblib,0.0,,[],0.0,1058.0,/Users/srikarreddy/Documents/hackathon/hackathon3/QSky-Mizzou-Quantum-Hackathon/results/quantum/kernels/fixed_q5_n24_snr_clean_zz_reps1_linear_seed42_training.npy,/Users/srikarreddy/Documents/hackathon/hackathon3/QSky-Mizzou-Quantum-Hackathon/results/quantum/kernels/fixed_q5_n24_snr_clean_zz_reps1_linear_seed42_validation.npy,/Users/srikarreddy/Documents/hackathon/hackathon3/QSky-Mizzou-Quantum-Hackathon/results/quantum/kernels/fixed_q5_n24_snr_clean_zz_reps1_linear_seed42_test_snr_10dB.npy
fixed_qsvc,matched_sample_clean_model_robustness,ideal_statevector_fidelity,5,5,24,24,clean,5,test,6d930e716ad04b90cfec0976b6b155bd0105aefdd2cacd2f769d0fb1cfff78f2,2973665665e08fe9c86d7ac59912610933130a1432d9ff533a90a6d2aae893ec,122fca9c88c1665437c95b09c1dd5c91b36a1c407a12253311ff02d6d842e4f0,0.575,0.2619047619047619,0.7857142857142857,0.39285714285714285,0.6796536796536796,0.6580086580086579,0.7857142857142857,0.5303030303030303,0.5204081632653061,0.10256410256410256,0.25,0.14545454545454545,0.3132621951219512,0.4115853658536585,0.25,0.573170731707317,"[[47, 35], [12, 4]]",zz_reps1_linear,1,14,8,13956,576,0.5354437909845728,0.0040575840102974325,0.5361394999781623,0.004316542006563395,0.004910166026093066,"{""fixed_q5_n24_snr_clean_zz_reps1_linear_seed42_test_snr_0dB"": true, ""fixed_q5_n24_snr_clean_zz_reps1_linear_seed42_test_snr_10dB"": true, ""fixed_q5_n24_snr_clean_zz_reps1_linear_seed42_test_snr_20dB"": true, ""fixed_q5_n24_snr_clean_zz_reps1_linear_seed42_test_snr_5dB"": true, ""fixed_q5_n24_snr_clean_zz_reps1_linear_seed42_test_snr_cleandB"": true, ""fixed_q5_n24_snr_clean_zz_reps1_linear_seed42_training"": true, ""fixed_q5_n24_snr_clean_zz_reps1_linear_seed42_validation"": true, ""unregistered"": false}",/Users/srikarreddy/Documents/hackathon/hackathon3/QSky-Mizzou-Quantum-Hackathon/models/quantum_ideal/fixed_qsvc_q5_n24_clean_seed42.joblib,0.0,,[],0.0,1058.0,/Users/srikarreddy/Documents/hackathon/hackathon3/QSky-Mizzou-Quantum-Hackathon/results/quantum/kernels/fixed_q5_n24_snr_clean_zz_reps1_linear_seed42_training.npy,/Users/srikarreddy/Documents/hackathon/hackathon3/QSky-Mizzou-Quantum-Hackathon/results/quantum/kernels/fixed_q5_n24_snr_clean_zz_reps1_linear_seed42_validation.npy,/Users/srikarreddy/Documents/hackathon/hackathon3/QSky-Mizzou-Quantum-Hackathon/results/quantum/kernels/fixed_q5_n24_snr_clean_zz_reps1_linear_seed42_test_snr_5dB.npy
fixed_qsvc,matched_sample_clean_model_robustness,ideal_statevector_fidelity,5,5,24,24,clean,0,test,6d930e716ad04b90cfec0976b6b155bd0105aefdd2cacd2f769d0fb1cfff78f2,2973665665e08fe9c86d7ac59912610933130a1432d9ff533a90a6d2aae893ec,122fca9c88c1665437c95b09c1dd5c91b36a1c407a12253311ff02d6d842e4f0,0.575,0.2619047619047619,0.7857142857142857,0.39285714285714285,0.6796536796536796,0.6580086580086579,0.7857142857142857,0.5303030303030303,0.4897959183673469,0.16,0.5,0.24242424242424243,0.4832317073170731,0.49390243902439024,0.5,0.4878048780487805,"[[40, 42], [8, 8]]",zz_reps1_linear,1,14,8,13956,576,0.5354437909845728,0.0040575840102974325,0.5361394999781623,0.004016958991996944,0.004910166026093066,"{""fixed_q5_n24_snr_clean_zz_reps1_linear_seed42_test_snr_0dB"": true, ""fixed_q5_n24_snr_clean_zz_reps1_linear_seed42_test_snr_10dB"": true, ""fixed_q5_n24_snr_clean_zz_reps1_linear_seed42_test_snr_20dB"": true, ""fixed_q5_n24_snr_clean_zz_reps1_linear_seed42_test_snr_5dB"": true, ""fixed_q5_n24_snr_clean_zz_reps1_linear_seed42_test_snr_cleandB"": true, ""fixed_q5_n24_snr_clean_zz_reps1_linear_seed42_training"": true, ""fixed_q5_n24_snr_clean_zz_reps1_linear_seed42_validation"": true, ""unregistered"": false}",/Users/srikarreddy/Documents/hackathon/hackathon3/QSky-Mizzou-Quantum-Hackathon/models/quantum_ideal/fixed_qsvc_q5_n24_clean_seed42.joblib,0.0,,[],0.0,1058.0,/Users/srikarreddy/Documents/hackathon/hackathon3/QSky-Mizzou-Quantum-Hackathon/results/quantum/kernels/fixed_q5_n24_snr_clean_zz_reps1_linear_seed42_training.npy,/Users/srikarreddy/Documents/hackathon/hackathon3/QSky-Mizzou-Quantum-Hackathon/results/quantum/kernels/fixed_q5_n24_snr_clean_zz_reps1_linear_seed42_validation.npy,/Users/srikarreddy/Documents/hackathon/hackathon3/QSky-Mizzou-Quantum-Hackathon/results/quantum/kernels/fixed_q5_n24_snr_clean_zz_reps1_linear_seed42_test_snr_0dB.npy
rbf_svm,matched_sample_clean_model_robustness,classical_cpu,5,0,24,24,clean,clean,test,6d930e716ad04b90cfec0976b6b155bd0105aefdd2cacd2f769d0fb1cfff78f2,2973665665e08fe9c86d7ac59912610933130a1432d9ff533a90a6d2aae893ec,122fca9c88c1665437c95b09c1dd5c91b36a1c407a12253311ff02d6d842e4f0,0.6375,0.2857142857142857,0.7142857142857143,0.40816326530612246,0.7207792207792207,0.6677489177489178,0.7142857142857143,0.6212121212121212,0.7346938775510204,0.375,0.9375,0.5357142857142857,0.8384146341463414,0.8163109756097561,0.9375,0.6951219512195121,"[[57, 25], [1, 15]]",none,0,0,0,0,0,0.0,0.0,0.0006201250071171671,0.004021915985504165,0.0,{},/Users/srikarreddy/Documents/hackathon/hackathon3/QSky-Mizzou-Quantum-Hackathon/models/quantum_ideal/rbf_svm_q5_n24_clean_aggregated_seed42.joblib,0.0,,[],0.0,,,,
rbf_svm,matched_sample_clean_model_robustness,classical_cpu,5,0,24,24,clean,20,test,6d930e716ad04b90cfec0976b6b155bd0105aefdd2cacd2f769d0fb1cfff78f2,2973665665e08fe9c86d7ac59912610933130a1432d9ff533a90a6d2aae893ec,122fca9c88c1665437c95b09c1dd5c91b36a1c407a12253311ff02d6d842e4f0,0.6375,0.2857142857142857,0.7142857142857143,0.40816326530612246,0.7207792207792207,0.6677489177489178,0.7142857142857143,0.6212121212121212,0.7551020408163265,0.3888888888888889,0.875,0.5384615384615384,0.8254573170731708,0.8033536585365854,0.875,0.7317073170731707,"[[60, 22], [2, 14]]",none,0,0,0,0,0,0.0,0.0,0.0006201250071171671,0.0042262080241926014,0.0,{},/Users/srikarreddy/Documents/hackathon/hackathon3/QSky-Mizzou-Quantum-Hackathon/models/quantum_ideal/rbf_svm_q5_n24_clean_aggregated_seed42.joblib,0.0,,[],0.0,,,,
rbf_svm,matched_sample_clean_model_robustness,classical_cpu,5,0,24,24,clean,10,test,6d930e716ad04b90cfec0976b6b155bd0105aefdd2cacd2f769d0fb1cfff78f2,2973665665e08fe9c86d7ac59912610933130a1432d9ff533a90a6d2aae893ec,122fca9c88c1665437c95b09c1dd5c91b36a1c407a12253311ff02d6d842e4f0,0.6375,0.2857142857142857,0.7142857142857143,0.40816326530612246,0.7207792207792207,0.6677489177489178,0.7142857142857143,0.6212121212121212,0.7551020408163265,0.375,0.75,0.5,0.8048780487804879,0.7530487804878049,0.75,0.7560975609756098,"[[62, 20], [4, 12]]",none,0,0,0,0,0,0.0,0.0,0.0006201250071171671,0.004000499990070239,0.0,{},/Users/srikarreddy/Documents/hackathon/hackathon3/QSky-Mizzou-Quantum-Hackathon/models/quantum_ideal/rbf_svm_q5_n24_clean_aggregated_seed42.joblib,0.0,,[],0.0,,,,
rbf_svm,matched_sample_clean_model_robustness,classical_cpu,5,0,24,24,clean,5,test,6d930e716ad04b90cfec0976b6b155bd0105aefdd2cacd2f769d0fb1cfff78f2,2973665665e08fe9c86d7ac59912610933130a1432d9ff533a90a6d2aae893ec,122fca9c88c1665437c95b09c1dd5c91b36a1c407a12253311ff02d6d842e4f0,0.6375,0.2857142857142857,0.7142857142857143,0.40816326530612246,0.7207792207792207,0.6677489177489178,0.7142857142857143,0.6212121212121212,0.7448979591836735,0.3448275862068966,0.625,0.4444444444444444,0.7964939024390245,0.6966463414634146,0.625,0.7682926829268293,"[[63, 19], [6, 10]]",none,0,0,0,0,0,0.0,0.0,0.0006201250071171671,0.0043214169854763895,0.0,{},/Users/srikarreddy/Documents/hackathon/hackathon3/QSky-Mizzou-Quantum-Hackathon/models/quantum_ideal/rbf_svm_q5_n24_clean_aggregated_seed42.joblib,0.0,,[],0.0,,,,
rbf_svm,matched_sample_clean_model_robustness,classical_cpu,5,0,24,24,clean,0,test,6d930e716ad04b90cfec0976b6b155bd0105aefdd2cacd2f769d0fb1cfff78f2,2973665665e08fe9c86d7ac59912610933130a1432d9ff533a90a6d2aae893ec,122fca9c88c1665437c95b09c1dd5c91b36a1c407a12253311ff02d6d842e4f0,0.6375,0.2857142857142857,0.7142857142857143,0.40816326530612246,0.7207792207792207,0.6677489177489178,0.7142857142857143,0.6212121212121212,0.7551020408163265,0.3181818181818182,0.4375,0.3684210526315789,0.7896341463414634,0.6272865853658536,0.4375,0.8170731707317073,"[[67, 15], [9, 7]]",none,0,0,0,0,0,0.0,0.0,0.0006201250071171671,0.003919582988601178,0.0,{},/Users/srikarreddy/Documents/hackathon/hackathon3/QSky-Mizzou-Quantum-Hackathon/models/quantum_ideal/rbf_svm_q5_n24_clean_aggregated_seed42.joblib,0.0,,[],0.0,,,,
small_mlp,matched_sample_clean_model_robustness,classical_cpu,5,0,24,24,clean,clean,test,6d930e716ad04b90cfec0976b6b155bd0105aefdd2cacd2f769d0fb1cfff78f2,2973665665e08fe9c86d7ac59912610933130a1432d9ff533a90a6d2aae893ec,122fca9c88c1665437c95b09c1dd5c91b36a1c407a12253311ff02d6d842e4f0,0.625,0.2647058823529412,0.6428571428571429,0.375,0.5984848484848484,0.6320346320346321,0.6428571428571429,0.6212121212121212,0.6836734693877551,0.3076923076923077,0.75,0.43636363636363634,0.7324695121951219,0.7103658536585367,0.75,0.6707317073170732,"[[55, 27], [4, 12]]",none,0,0,0,0,0,0.0,0.0,1.1892680840101093,0.004055750003317371,0.0,{},/Users/srikarreddy/Documents/hackathon/hackathon3/QSky-Mizzou-Quantum-Hackathon/models/quantum_ideal/small_mlp_q5_n24_clean_aggregated_seed42.joblib,0.0,,[],0.0,,,,
small_mlp,matched_sample_clean_model_robustness,classical_cpu,5,0,24,24,clean,20,test,6d930e716ad04b90cfec0976b6b155bd0105aefdd2cacd2f769d0fb1cfff78f2,2973665665e08fe9c86d7ac59912610933130a1432d9ff533a90a6d2aae893ec,122fca9c88c1665437c95b09c1dd5c91b36a1c407a12253311ff02d6d842e4f0,0.625,0.2647058823529412,0.6428571428571429,0.375,0.5984848484848484,0.6320346320346321,0.6428571428571429,0.6212121212121212,0.7040816326530612,0.3142857142857143,0.6875,0.43137254901960786,0.7332317073170731,0.6974085365853658,0.6875,0.7073170731707317,"[[58, 24], [5, 11]]",none,0,0,0,0,0,0.0,0.0,1.1892680840101093,0.003929333004634827,0.0,{},/Users/srikarreddy/Documents/hackathon/hackathon3/QSky-Mizzou-Quantum-Hackathon/models/quantum_ideal/small_mlp_q5_n24_clean_aggregated_seed42.joblib,0.0,,[],0.0,,,,
small_mlp,matched_sample_clean_model_robustness,classical_cpu,5,0,24,24,clean,10,test,6d930e716ad04b90cfec0976b6b155bd0105aefdd2cacd2f769d0fb1cfff78f2,2973665665e08fe9c86d7ac59912610933130a1432d9ff533a90a6d2aae893ec,122fca9c88c1665437c95b09c1dd5c91b36a1c407a12253311ff02d6d842e4f0,0.625,0.2647058823529412,0.6428571428571429,0.375,0.5984848484848484,0.6320346320346321,0.6428571428571429,0.6212121212121212,0.7040816326530612,0.27586206896551724,0.5,0.35555555555555557,0.694359756097561,0.6219512195121951,0.5,0.7439024390243902,"[[61, 21], [8, 8]]",none,0,0,0,0,0,0.0,0.0,1.1892680840101093,0.003940583002986386,0.0,{},/Users/srikarreddy/Documents/hackathon/hackathon3/QSky-Mizzou-Quantum-Hackathon/models/quantum_ideal/small_mlp_q5_n24_clean_aggregated_seed42.joblib,0.0,,[],0.0,,,,
small_mlp,matched_sample_clean_model_robustness,classical_cpu,5,0,24,24,clean,5,test,6d930e716ad04b90cfec0976b6b155bd0105aefdd2cacd2f769d0fb1cfff78f2,2973665665e08fe9c86d7ac59912610933130a1432d9ff533a90a6d2aae893ec,122fca9c88c1665437c95b09c1dd5c91b36a1c407a12253311ff02d6d842e4f0,0.625,0.2647058823529412,0.6428571428571429,0.375,0.5984848484848484,0.6320346320346321,0.6428571428571429,0.6212121212121212,0.6836734693877551,0.2,0.3125,0.24390243902439024,0.6753048780487805,0.5342987804878049,0.3125,0.7560975609756098,"[[62, 20], [11, 5]]",none,0,0,0,0,0,0.0,0.0,1.1892680840101093,0.003921541007002816,0.0,{},/Users/srikarreddy/Documents/hackathon/hackathon3/QSky-Mizzou-Quantum-Hackathon/models/quantum_ideal/small_mlp_q5_n24_clean_aggregated_seed42.joblib,0.0,,[],0.0,,,,
small_mlp,matched_sample_clean_model_robustness,classical_cpu,5,0,24,24,clean,0,test,6d930e716ad04b90cfec0976b6b155bd0105aefdd2cacd2f769d0fb1cfff78f2,2973665665e08fe9c86d7ac59912610933130a1432d9ff533a90a6d2aae893ec,122fca9c88c1665437c95b09c1dd5c91b36a1c407a12253311ff02d6d842e4f0,0.625,0.2647058823529412,0.6428571428571429,0.375,0.5984848484848484,0.6320346320346321,0.6428571428571429,0.6212121212121212,0.7142857142857143,0.22727272727272727,0.3125,0.2631578947368421,0.7019817073170731,0.5525914634146342,0.3125,0.7926829268292683,"[[65, 17], [11, 5]]",none,0,0,0,0,0,0.0,0.0,1.1892680840101093,0.0038164159923326224,0.0,{},/Users/srikarreddy/Documents/hackathon/hackathon3/QSky-Mizzou-Quantum-Hackathon/models/quantum_ideal/small_mlp_q5_n24_clean_aggregated_seed42.joblib,0.0,,[],0.0,,,,
fixed_qsvc,matched_sample_clean_model_robustness,ideal_statevector_fidelity,5,5,50,50,clean,clean,test,9a07b0b7f852e290ff6715427dae458fd4dded6b97a84e86758e4420e90f7c0c,2973665665e08fe9c86d7ac59912610933130a1432d9ff533a90a6d2aae893ec,122fca9c88c1665437c95b09c1dd5c91b36a1c407a12253311ff02d6d842e4f0,0.5625,0.23076923076923078,0.6428571428571429,0.33962264150943394,0.5844155844155844,0.5941558441558441,0.6428571428571429,0.5454545454545454,0.4387755102040816,0.10204081632653061,0.3125,0.15384615384615385,0.3711890243902439,0.3879573170731707,0.3125,0.4634146341463415,"[[38, 44], [11, 5]]",zz_reps1_linear,1,14,8,29725,2500,2.369509041978745,0.004297207982745022,2.3702349579834845,0.004622999986167997,0.0051524580048862845,"{""fixed_q5_n50_snr_clean_zz_reps1_linear_seed42_test_snr_0dB"": true, ""fixed_q5_n50_snr_clean_zz_reps1_linear_seed42_test_snr_10dB"": true, ""fixed_q5_n50_snr_clean_zz_reps1_linear_seed42_test_snr_20dB"": true, ""fixed_q5_n50_snr_clean_zz_reps1_linear_seed42_test_snr_5dB"": true, ""fixed_q5_n50_snr_clean_zz_reps1_linear_seed42_test_snr_cleandB"": true, ""fixed_q5_n50_snr_clean_zz_reps1_linear_seed42_training"": true, ""fixed_q5_n50_snr_clean_zz_reps1_linear_seed42_validation"": true, ""unregistered"": false}",/Users/srikarreddy/Documents/hackathon/hackathon3/QSky-Mizzou-Quantum-Hackathon/models/quantum_ideal/fixed_qsvc_q5_n50_clean_seed42.joblib,0.0,,[],0.0,2426.0,/Users/srikarreddy/Documents/hackathon/hackathon3/QSky-Mizzou-Quantum-Hackathon/results/quantum/kernels/fixed_q5_n50_snr_clean_zz_reps1_linear_seed42_training.npy,/Users/srikarreddy/Documents/hackathon/hackathon3/QSky-Mizzou-Quantum-Hackathon/results/quantum/kernels/fixed_q5_n50_snr_clean_zz_reps1_linear_seed42_validation.npy,/Users/srikarreddy/Documents/hackathon/hackathon3/QSky-Mizzou-Quantum-Hackathon/results/quantum/kernels/fixed_q5_n50_snr_clean_zz_reps1_linear_seed42_test_snr_cleandB.npy
fixed_qsvc,matched_sample_clean_model_robustness,ideal_statevector_fidelity,5,5,50,50,clean,20,test,9a07b0b7f852e290ff6715427dae458fd4dded6b97a84e86758e4420e90f7c0c,2973665665e08fe9c86d7ac59912610933130a1432d9ff533a90a6d2aae893ec,122fca9c88c1665437c95b09c1dd5c91b36a1c407a12253311ff02d6d842e4f0,0.5625,0.23076923076923078,0.6428571428571429,0.33962264150943394,0.5844155844155844,0.5941558441558441,0.6428571428571429,0.5454545454545454,0.46938775510204084,0.1896551724137931,0.6875,0.2972972972972973,0.524390243902439,0.5571646341463414,0.6875,0.4268292682926829,"[[35, 47], [5, 11]]",zz_reps1_linear,1,14,8,29725,2500,2.369509041978745,0.004297207982745022,2.3702349579834845,0.004284291993826628,0.0051524580048862845,"{""fixed_q5_n50_snr_clean_zz_reps1_linear_seed42_test_snr_0dB"": true, ""fixed_q5_n50_snr_clean_zz_reps1_linear_seed42_test_snr_10dB"": true, ""fixed_q5_n50_snr_clean_zz_reps1_linear_seed42_test_snr_20dB"": true, ""fixed_q5_n50_snr_clean_zz_reps1_linear_seed42_test_snr_5dB"": true, ""fixed_q5_n50_snr_clean_zz_reps1_linear_seed42_test_snr_cleandB"": true, ""fixed_q5_n50_snr_clean_zz_reps1_linear_seed42_training"": true, ""fixed_q5_n50_snr_clean_zz_reps1_linear_seed42_validation"": true, ""unregistered"": false}",/Users/srikarreddy/Documents/hackathon/hackathon3/QSky-Mizzou-Quantum-Hackathon/models/quantum_ideal/fixed_qsvc_q5_n50_clean_seed42.joblib,0.0,,[],0.0,2426.0,/Users/srikarreddy/Documents/hackathon/hackathon3/QSky-Mizzou-Quantum-Hackathon/results/quantum/kernels/fixed_q5_n50_snr_clean_zz_reps1_linear_seed42_training.npy,/Users/srikarreddy/Documents/hackathon/hackathon3/QSky-Mizzou-Quantum-Hackathon/results/quantum/kernels/fixed_q5_n50_snr_clean_zz_reps1_linear_seed42_validation.npy,/Users/srikarreddy/Documents/hackathon/hackathon3/QSky-Mizzou-Quantum-Hackathon/results/quantum/kernels/fixed_q5_n50_snr_clean_zz_reps1_linear_seed42_test_snr_20dB.npy
fixed_qsvc,matched_sample_clean_model_robustness,ideal_statevector_fidelity,5,5,50,50,clean,10,test,9a07b0b7f852e290ff6715427dae458fd4dded6b97a84e86758e4420e90f7c0c,2973665665e08fe9c86d7ac59912610933130a1432d9ff533a90a6d2aae893ec,122fca9c88c1665437c95b09c1dd5c91b36a1c407a12253311ff02d6d842e4f0,0.5625,0.23076923076923078,0.6428571428571429,0.33962264150943394,0.5844155844155844,0.5941558441558441,0.6428571428571429,0.5454545454545454,0.5102040816326531,0.13636363636363635,0.375,0.2,0.39710365853658536,0.4557926829268293,0.375,0.5365853658536586,"[[44, 38], [10, 6]]",zz_reps1_linear,1,14,8,29725,2500,2.369509041978745,0.004297207982745022,2.3702349579834845,0.0043923330085817724,0.0051524580048862845,"{""fixed_q5_n50_snr_clean_zz_reps1_linear_seed42_test_snr_0dB"": true, ""fixed_q5_n50_snr_clean_zz_reps1_linear_seed42_test_snr_10dB"": true, ""fixed_q5_n50_snr_clean_zz_reps1_linear_seed42_test_snr_20dB"": true, ""fixed_q5_n50_snr_clean_zz_reps1_linear_seed42_test_snr_5dB"": true, ""fixed_q5_n50_snr_clean_zz_reps1_linear_seed42_test_snr_cleandB"": true, ""fixed_q5_n50_snr_clean_zz_reps1_linear_seed42_training"": true, ""fixed_q5_n50_snr_clean_zz_reps1_linear_seed42_validation"": true, ""unregistered"": false}",/Users/srikarreddy/Documents/hackathon/hackathon3/QSky-Mizzou-Quantum-Hackathon/models/quantum_ideal/fixed_qsvc_q5_n50_clean_seed42.joblib,0.0,,[],0.0,2426.0,/Users/srikarreddy/Documents/hackathon/hackathon3/QSky-Mizzou-Quantum-Hackathon/results/quantum/kernels/fixed_q5_n50_snr_clean_zz_reps1_linear_seed42_training.npy,/Users/srikarreddy/Documents/hackathon/hackathon3/QSky-Mizzou-Quantum-Hackathon/results/quantum/kernels/fixed_q5_n50_snr_clean_zz_reps1_linear_seed42_validation.npy,/Users/srikarreddy/Documents/hackathon/hackathon3/QSky-Mizzou-Quantum-Hackathon/results/quantum/kernels/fixed_q5_n50_snr_clean_zz_reps1_linear_seed42_test_snr_10dB.npy
fixed_qsvc,matched_sample_clean_model_robustness,ideal_statevector_fidelity,5,5,50,50,clean,5,test,9a07b0b7f852e290ff6715427dae458fd4dded6b97a84e86758e4420e90f7c0c,2973665665e08fe9c86d7ac59912610933130a1432d9ff533a90a6d2aae893ec,122fca9c88c1665437c95b09c1dd5c91b36a1c407a12253311ff02d6d842e4f0,0.5625,0.23076923076923078,0.6428571428571429,0.33962264150943394,0.5844155844155844,0.5941558441558441,0.6428571428571429,0.5454545454545454,0.47959183673469385,0.07317073170731707,0.1875,0.10526315789473684,0.333079268292683,0.3620426829268293,0.1875,0.5365853658536586,"[[44, 38], [13, 3]]",zz_reps1_linear,1,14,8,29725,2500,2.369509041978745,0.004297207982745022,2.3702349579834845,0.00405654200585559,0.0051524580048862845,"{""fixed_q5_n50_snr_clean_zz_reps1_linear_seed42_test_snr_0dB"": true, ""fixed_q5_n50_snr_clean_zz_reps1_linear_seed42_test_snr_10dB"": true, ""fixed_q5_n50_snr_clean_zz_reps1_linear_seed42_test_snr_20dB"": true, ""fixed_q5_n50_snr_clean_zz_reps1_linear_seed42_test_snr_5dB"": true, ""fixed_q5_n50_snr_clean_zz_reps1_linear_seed42_test_snr_cleandB"": true, ""fixed_q5_n50_snr_clean_zz_reps1_linear_seed42_training"": true, ""fixed_q5_n50_snr_clean_zz_reps1_linear_seed42_validation"": true, ""unregistered"": false}",/Users/srikarreddy/Documents/hackathon/hackathon3/QSky-Mizzou-Quantum-Hackathon/models/quantum_ideal/fixed_qsvc_q5_n50_clean_seed42.joblib,0.0,,[],0.0,2426.0,/Users/srikarreddy/Documents/hackathon/hackathon3/QSky-Mizzou-Quantum-Hackathon/results/quantum/kernels/fixed_q5_n50_snr_clean_zz_reps1_linear_seed42_training.npy,/Users/srikarreddy/Documents/hackathon/hackathon3/QSky-Mizzou-Quantum-Hackathon/results/quantum/kernels/fixed_q5_n50_snr_clean_zz_reps1_linear_seed42_validation.npy,/Users/srikarreddy/Documents/hackathon/hackathon3/QSky-Mizzou-Quantum-Hackathon/results/quantum/kernels/fixed_q5_n50_snr_clean_zz_reps1_linear_seed42_test_snr_5dB.npy
fixed_qsvc,matched_sample_clean_model_robustness,ideal_statevector_fidelity,5,5,50,50,clean,0,test,9a07b0b7f852e290ff6715427dae458fd4dded6b97a84e86758e4420e90f7c0c,2973665665e08fe9c86d7ac59912610933130a1432d9ff533a90a6d2aae893ec,122fca9c88c1665437c95b09c1dd5c91b36a1c407a12253311ff02d6d842e4f0,0.5625,0.23076923076923078,0.6428571428571429,0.33962264150943394,0.5844155844155844,0.5941558441558441,0.6428571428571429,0.5454545454545454,0.4387755102040816,0.1320754716981132,0.4375,0.2028985507246377,0.41387195121951226,0.4382621951219512,0.4375,0.43902439024390244,"[[36, 46], [9, 7]]",zz_reps1_linear,1,14,8,29725,2500,2.369509041978745,0.004297207982745022,2.3702349579834845,0.004242333001457155,0.0051524580048862845,"{""fixed_q5_n50_snr_clean_zz_reps1_linear_seed42_test_snr_0dB"": true, ""fixed_q5_n50_snr_clean_zz_reps1_linear_seed42_test_snr_10dB"": true, ""fixed_q5_n50_snr_clean_zz_reps1_linear_seed42_test_snr_20dB"": true, ""fixed_q5_n50_snr_clean_zz_reps1_linear_seed42_test_snr_5dB"": true, ""fixed_q5_n50_snr_clean_zz_reps1_linear_seed42_test_snr_cleandB"": true, ""fixed_q5_n50_snr_clean_zz_reps1_linear_seed42_training"": true, ""fixed_q5_n50_snr_clean_zz_reps1_linear_seed42_validation"": true, ""unregistered"": false}",/Users/srikarreddy/Documents/hackathon/hackathon3/QSky-Mizzou-Quantum-Hackathon/models/quantum_ideal/fixed_qsvc_q5_n50_clean_seed42.joblib,0.0,,[],0.0,2426.0,/Users/srikarreddy/Documents/hackathon/hackathon3/QSky-Mizzou-Quantum-Hackathon/results/quantum/kernels/fixed_q5_n50_snr_clean_zz_reps1_linear_seed42_training.npy,/Users/srikarreddy/Documents/hackathon/hackathon3/QSky-Mizzou-Quantum-Hackathon/results/quantum/kernels/fixed_q5_n50_snr_clean_zz_reps1_linear_seed42_validation.npy,/Users/srikarreddy/Documents/hackathon/hackathon3/QSky-Mizzou-Quantum-Hackathon/results/quantum/kernels/fixed_q5_n50_snr_clean_zz_reps1_linear_seed42_test_snr_0dB.npy
rbf_svm,matched_sample_clean_model_robustness,classical_cpu,5,0,50,50,clean,clean,test,9a07b0b7f852e290ff6715427dae458fd4dded6b97a84e86758e4420e90f7c0c,2973665665e08fe9c86d7ac59912610933130a1432d9ff533a90a6d2aae893ec,122fca9c88c1665437c95b09c1dd5c91b36a1c407a12253311ff02d6d842e4f0,0.675,0.3,0.6428571428571429,0.4090909090909091,0.6504329004329005,0.6623376623376623,0.6428571428571429,0.6818181818181818,0.7551020408163265,0.375,0.75,0.5,0.788109756097561,0.7530487804878049,0.75,0.7560975609756098,"[[62, 20], [4, 12]]",none,0,0,0,0,0,0.0,0.0,0.0006175000162329525,0.004516624991083518,0.0,{},/Users/srikarreddy/Documents/hackathon/hackathon3/QSky-Mizzou-Quantum-Hackathon/models/quantum_ideal/rbf_svm_q5_n50_clean_aggregated_seed42.joblib,0.0,,[],0.0,,,,
rbf_svm,matched_sample_clean_model_robustness,classical_cpu,5,0,50,50,clean,20,test,9a07b0b7f852e290ff6715427dae458fd4dded6b97a84e86758e4420e90f7c0c,2973665665e08fe9c86d7ac59912610933130a1432d9ff533a90a6d2aae893ec,122fca9c88c1665437c95b09c1dd5c91b36a1c407a12253311ff02d6d842e4f0,0.675,0.3,0.6428571428571429,0.4090909090909091,0.6504329004329005,0.6623376623376623,0.6428571428571429,0.6818181818181818,0.7142857142857143,0.25,0.375,0.3,0.7599085365853658,0.5777439024390244,0.375,0.7804878048780488,"[[64, 18], [10, 6]]",none,0,0,0,0,0,0.0,0.0,0.0006175000162329525,0.004447458981303498,0.0,{},/Users/srikarreddy/Documents/hackathon/hackathon3/QSky-Mizzou-Quantum-Hackathon/models/quantum_ideal/rbf_svm_q5_n50_clean_aggregated_seed42.joblib,0.0,,[],0.0,,,,
rbf_svm,matched_sample_clean_model_robustness,classical_cpu,5,0,50,50,clean,10,test,9a07b0b7f852e290ff6715427dae458fd4dded6b97a84e86758e4420e90f7c0c,2973665665e08fe9c86d7ac59912610933130a1432d9ff533a90a6d2aae893ec,122fca9c88c1665437c95b09c1dd5c91b36a1c407a12253311ff02d6d842e4f0,0.675,0.3,0.6428571428571429,0.4090909090909091,0.6504329004329005,0.6623376623376623,0.6428571428571429,0.6818181818181818,0.7448979591836735,0.2631578947368421,0.3125,0.2857142857142857,0.7263719512195121,0.5708841463414633,0.3125,0.8292682926829268,"[[68, 14], [11, 5]]",none,0,0,0,0,0,0.0,0.0,0.0006175000162329525,0.004312624980229884,0.0,{},/Users/srikarreddy/Documents/hackathon/hackathon3/QSky-Mizzou-Quantum-Hackathon/models/quantum_ideal/rbf_svm_q5_n50_clean_aggregated_seed42.joblib,0.0,,[],0.0,,,,
rbf_svm,matched_sample_clean_model_robustness,classical_cpu,5,0,50,50,clean,5,test,9a07b0b7f852e290ff6715427dae458fd4dded6b97a84e86758e4420e90f7c0c,2973665665e08fe9c86d7ac59912610933130a1432d9ff533a90a6d2aae893ec,122fca9c88c1665437c95b09c1dd5c91b36a1c407a12253311ff02d6d842e4f0,0.675,0.3,0.6428571428571429,0.4090909090909091,0.6504329004329005,0.6623376623376623,0.6428571428571429,0.6818181818181818,0.7448979591836735,0.2631578947368421,0.3125,0.2857142857142857,0.7004573170731707,0.5708841463414633,0.3125,0.8292682926829268,"[[68, 14], [11, 5]]",none,0,0,0,0,0,0.0,0.0,0.0006175000162329525,0.004445458005648106,0.0,{},/Users/srikarreddy/Documents/hackathon/hackathon3/QSky-Mizzou-Quantum-Hackathon/models/quantum_ideal/rbf_svm_q5_n50_clean_aggregated_seed42.joblib,0.0,,[],0.0,,,,
rbf_svm,matched_sample_clean_model_robustness,classical_cpu,5,0,50,50,clean,0,test,9a07b0b7f852e290ff6715427dae458fd4dded6b97a84e86758e4420e90f7c0c,2973665665e08fe9c86d7ac59912610933130a1432d9ff533a90a6d2aae893ec,122fca9c88c1665437c95b09c1dd5c91b36a1c407a12253311ff02d6d842e4f0,0.675,0.3,0.6428571428571429,0.4090909090909091,0.6504329004329005,0.6623376623376623,0.6428571428571429,0.6818181818181818,0.7448979591836735,0.2631578947368421,0.3125,0.2857142857142857,0.6852134146341463,0.5708841463414633,0.3125,0.8292682926829268,"[[68, 14], [11, 5]]",none,0,0,0,0,0,0.0,0.0,0.0006175000162329525,0.004085458000190556,0.0,{},/Users/srikarreddy/Documents/hackathon/hackathon3/QSky-Mizzou-Quantum-Hackathon/models/quantum_ideal/rbf_svm_q5_n50_clean_aggregated_seed42.joblib,0.0,,[],0.0,,,,
small_mlp,matched_sample_clean_model_robustness,classical_cpu,5,0,50,50,clean,clean,test,9a07b0b7f852e290ff6715427dae458fd4dded6b97a84e86758e4420e90f7c0c,2973665665e08fe9c86d7ac59912610933130a1432d9ff533a90a6d2aae893ec,122fca9c88c1665437c95b09c1dd5c91b36a1c407a12253311ff02d6d842e4f0,0.65,0.325,0.9285714285714286,0.48148148148148145,0.7662337662337663,0.7597402597402598,0.9285714285714286,0.5909090909090909,0.7142857142857143,0.35714285714285715,0.9375,0.5172413793103449,0.8376524390243902,0.8041158536585367,0.9375,0.6707317073170732,"[[55, 27], [1, 15]]",none,0,0,0,0,0,0.0,0.0,0.6333662079996429,0.004056958016008139,0.0,{},/Users/srikarreddy/Documents/hackathon/hackathon3/QSky-Mizzou-Quantum-Hackathon/models/quantum_ideal/small_mlp_q5_n50_clean_aggregated_seed42.joblib,0.0,,[],0.0,,,,
small_mlp,matched_sample_clean_model_robustness,classical_cpu,5,0,50,50,clean,20,test,9a07b0b7f852e290ff6715427dae458fd4dded6b97a84e86758e4420e90f7c0c,2973665665e08fe9c86d7ac59912610933130a1432d9ff533a90a6d2aae893ec,122fca9c88c1665437c95b09c1dd5c91b36a1c407a12253311ff02d6d842e4f0,0.65,0.325,0.9285714285714286,0.48148148148148145,0.7662337662337663,0.7597402597402598,0.9285714285714286,0.5909090909090909,0.6836734693877551,0.32558139534883723,0.875,0.4745762711864407,0.8185975609756098,0.7606707317073171,0.875,0.6463414634146342,"[[53, 29], [2, 14]]",none,0,0,0,0,0,0.0,0.0,0.6333662079996429,0.004028166993521154,0.0,{},/Users/srikarreddy/Documents/hackathon/hackathon3/QSky-Mizzou-Quantum-Hackathon/models/quantum_ideal/small_mlp_q5_n50_clean_aggregated_seed42.joblib,0.0,,[],0.0,,,,
small_mlp,matched_sample_clean_model_robustness,classical_cpu,5,0,50,50,clean,10,test,9a07b0b7f852e290ff6715427dae458fd4dded6b97a84e86758e4420e90f7c0c,2973665665e08fe9c86d7ac59912610933130a1432d9ff533a90a6d2aae893ec,122fca9c88c1665437c95b09c1dd5c91b36a1c407a12253311ff02d6d842e4f0,0.65,0.325,0.9285714285714286,0.48148148148148145,0.7662337662337663,0.7597402597402598,0.9285714285714286,0.5909090909090909,0.673469387755102,0.3181818181818182,0.875,0.4666666666666667,0.7972560975609756,0.7545731707317074,0.875,0.6341463414634146,"[[52, 30], [2, 14]]",none,0,0,0,0,0,0.0,0.0,0.6333662079996429,0.004034208017401397,0.0,{},/Users/srikarreddy/Documents/hackathon/hackathon3/QSky-Mizzou-Quantum-Hackathon/models/quantum_ideal/small_mlp_q5_n50_clean_aggregated_seed42.joblib,0.0,,[],0.0,,,,
small_mlp,matched_sample_clean_model_robustness,classical_cpu,5,0,50,50,clean,5,test,9a07b0b7f852e290ff6715427dae458fd4dded6b97a84e86758e4420e90f7c0c,2973665665e08fe9c86d7ac59912610933130a1432d9ff533a90a6d2aae893ec,122fca9c88c1665437c95b09c1dd5c91b36a1c407a12253311ff02d6d842e4f0,0.65,0.325,0.9285714285714286,0.48148148148148145,0.7662337662337663,0.7597402597402598,0.9285714285714286,0.5909090909090909,0.6530612244897959,0.30434782608695654,0.875,0.45161290322580644,0.7713414634146342,0.7423780487804879,0.875,0.6097560975609756,"[[50, 32], [2, 14]]",none,0,0,0,0,0,0.0,0.0,0.6333662079996429,0.004185625002719462,0.0,{},/Users/srikarreddy/Documents/hackathon/hackathon3/QSky-Mizzou-Quantum-Hackathon/models/quantum_ideal/small_mlp_q5_n50_clean_aggregated_seed42.joblib,0.0,,[],0.0,,,,
small_mlp,matched_sample_clean_model_robustness,classical_cpu,5,0,50,50,clean,0,test,9a07b0b7f852e290ff6715427dae458fd4dded6b97a84e86758e4420e90f7c0c,2973665665e08fe9c86d7ac59912610933130a1432d9ff533a90a6d2aae893ec,122fca9c88c1665437c95b09c1dd5c91b36a1c407a12253311ff02d6d842e4f0,0.65,0.325,0.9285714285714286,0.48148148148148145,0.7662337662337663,0.7597402597402598,0.9285714285714286,0.5909090909090909,0.673469387755102,0.3181818181818182,0.875,0.4666666666666667,0.7667682926829268,0.7545731707317074,0.875,0.6341463414634146,"[[52, 30], [2, 14]]",none,0,0,0,0,0,0.0,0.0,0.6333662079996429,0.003978791006375104,0.0,{},/Users/srikarreddy/Documents/hackathon/hackathon3/QSky-Mizzou-Quantum-Hackathon/models/quantum_ideal/small_mlp_q5_n50_clean_aggregated_seed42.joblib,0.0,,[],0.0,,,,
fixed_qsvc,matched_sample_clean_model_robustness,ideal_statevector_fidelity,5,5,70,70,clean,clean,test,b4738a0e925c1c03ecfd4f680ea9777e823c2b07f03e8a7425378b68bc46d466,2973665665e08fe9c86d7ac59912610933130a1432d9ff533a90a6d2aae893ec,122fca9c88c1665437c95b09c1dd5c91b36a1c407a12253311ff02d6d842e4f0,0.5125,0.23404255319148937,0.7857142857142857,0.36065573770491804,0.6320346320346321,0.6201298701298701,0.7857142857142857,0.45454545454545453,0.37755102040816324,0.13114754098360656,0.5,0.2077922077922078,0.4542682926829268,0.4268292682926829,0.5,0.35365853658536583,"[[29, 53], [8, 8]]",zz_reps1_linear,1,14,8,42315,4900,4.61923879099777,0.0068721249990630895,4.620127250003861,0.004615458019543439,0.004803707997780293,"{""fixed_q5_n70_snr_clean_zz_reps1_linear_seed42_test_snr_0dB"": true, ""fixed_q5_n70_snr_clean_zz_reps1_linear_seed42_test_snr_10dB"": true, ""fixed_q5_n70_snr_clean_zz_reps1_linear_seed42_test_snr_20dB"": true, ""fixed_q5_n70_snr_clean_zz_reps1_linear_seed42_test_snr_5dB"": true, ""fixed_q5_n70_snr_clean_zz_reps1_linear_seed42_test_snr_cleandB"": true, ""fixed_q5_n70_snr_clean_zz_reps1_linear_seed42_training"": true, ""fixed_q5_n70_snr_clean_zz_reps1_linear_seed42_validation"": true, ""unregistered"": false}",/Users/srikarreddy/Documents/hackathon/hackathon3/QSky-Mizzou-Quantum-Hackathon/models/quantum_ideal/fixed_qsvc_q5_n70_clean_seed42.joblib,0.0,,[],0.0,3654.0,/Users/srikarreddy/Documents/hackathon/hackathon3/QSky-Mizzou-Quantum-Hackathon/results/quantum/kernels/fixed_q5_n70_snr_clean_zz_reps1_linear_seed42_training.npy,/Users/srikarreddy/Documents/hackathon/hackathon3/QSky-Mizzou-Quantum-Hackathon/results/quantum/kernels/fixed_q5_n70_snr_clean_zz_reps1_linear_seed42_validation.npy,/Users/srikarreddy/Documents/hackathon/hackathon3/QSky-Mizzou-Quantum-Hackathon/results/quantum/kernels/fixed_q5_n70_snr_clean_zz_reps1_linear_seed42_test_snr_cleandB.npy
fixed_qsvc,matched_sample_clean_model_robustness,ideal_statevector_fidelity,5,5,70,70,clean,20,test,b4738a0e925c1c03ecfd4f680ea9777e823c2b07f03e8a7425378b68bc46d466,2973665665e08fe9c86d7ac59912610933130a1432d9ff533a90a6d2aae893ec,122fca9c88c1665437c95b09c1dd5c91b36a1c407a12253311ff02d6d842e4f0,0.5125,0.23404255319148937,0.7857142857142857,0.36065573770491804,0.6320346320346321,0.6201298701298701,0.7857142857142857,0.45454545454545453,0.40816326530612246,0.16129032258064516,0.625,0.2564102564102564,0.552591463414634,0.4954268292682927,0.625,0.36585365853658536,"[[30, 52], [6, 10]]",zz_reps1_linear,1,14,8,42315,4900,4.61923879099777,0.0068721249990630895,4.620127250003861,0.004239083995344117,0.004803707997780293,"{""fixed_q5_n70_snr_clean_zz_reps1_linear_seed42_test_snr_0dB"": true, ""fixed_q5_n70_snr_clean_zz_reps1_linear_seed42_test_snr_10dB"": true, ""fixed_q5_n70_snr_clean_zz_reps1_linear_seed42_test_snr_20dB"": true, ""fixed_q5_n70_snr_clean_zz_reps1_linear_seed42_test_snr_5dB"": true, ""fixed_q5_n70_snr_clean_zz_reps1_linear_seed42_test_snr_cleandB"": true, ""fixed_q5_n70_snr_clean_zz_reps1_linear_seed42_training"": true, ""fixed_q5_n70_snr_clean_zz_reps1_linear_seed42_validation"": true, ""unregistered"": false}",/Users/srikarreddy/Documents/hackathon/hackathon3/QSky-Mizzou-Quantum-Hackathon/models/quantum_ideal/fixed_qsvc_q5_n70_clean_seed42.joblib,0.0,,[],0.0,3654.0,/Users/srikarreddy/Documents/hackathon/hackathon3/QSky-Mizzou-Quantum-Hackathon/results/quantum/kernels/fixed_q5_n70_snr_clean_zz_reps1_linear_seed42_training.npy,/Users/srikarreddy/Documents/hackathon/hackathon3/QSky-Mizzou-Quantum-Hackathon/results/quantum/kernels/fixed_q5_n70_snr_clean_zz_reps1_linear_seed42_validation.npy,/Users/srikarreddy/Documents/hackathon/hackathon3/QSky-Mizzou-Quantum-Hackathon/results/quantum/kernels/fixed_q5_n70_snr_clean_zz_reps1_linear_seed42_test_snr_20dB.npy
fixed_qsvc,matched_sample_clean_model_robustness,ideal_statevector_fidelity,5,5,70,70,clean,10,test,b4738a0e925c1c03ecfd4f680ea9777e823c2b07f03e8a7425378b68bc46d466,2973665665e08fe9c86d7ac59912610933130a1432d9ff533a90a6d2aae893ec,122fca9c88c1665437c95b09c1dd5c91b36a1c407a12253311ff02d6d842e4f0,0.5125,0.23404255319148937,0.7857142857142857,0.36065573770491804,0.6320346320346321,0.6201298701298701,0.7857142857142857,0.45454545454545453,0.3979591836734694,0.09433962264150944,0.3125,0.14492753623188406,0.34908536585365857,0.36356707317073167,0.3125,0.4146341463414634,"[[34, 48], [11, 5]]",zz_reps1_linear,1,14,8,42315,4900,4.61923879099777,0.0068721249990630895,4.620127250003861,0.0045338750060182065,0.004803707997780293,"{""fixed_q5_n70_snr_clean_zz_reps1_linear_seed42_test_snr_0dB"": true, ""fixed_q5_n70_snr_clean_zz_reps1_linear_seed42_test_snr_10dB"": true, ""fixed_q5_n70_snr_clean_zz_reps1_linear_seed42_test_snr_20dB"": true, ""fixed_q5_n70_snr_clean_zz_reps1_linear_seed42_test_snr_5dB"": true, ""fixed_q5_n70_snr_clean_zz_reps1_linear_seed42_test_snr_cleandB"": true, ""fixed_q5_n70_snr_clean_zz_reps1_linear_seed42_training"": true, ""fixed_q5_n70_snr_clean_zz_reps1_linear_seed42_validation"": true, ""unregistered"": false}",/Users/srikarreddy/Documents/hackathon/hackathon3/QSky-Mizzou-Quantum-Hackathon/models/quantum_ideal/fixed_qsvc_q5_n70_clean_seed42.joblib,0.0,,[],0.0,3654.0,/Users/srikarreddy/Documents/hackathon/hackathon3/QSky-Mizzou-Quantum-Hackathon/results/quantum/kernels/fixed_q5_n70_snr_clean_zz_reps1_linear_seed42_training.npy,/Users/srikarreddy/Documents/hackathon/hackathon3/QSky-Mizzou-Quantum-Hackathon/results/quantum/kernels/fixed_q5_n70_snr_clean_zz_reps1_linear_seed42_validation.npy,/Users/srikarreddy/Documents/hackathon/hackathon3/QSky-Mizzou-Quantum-Hackathon/results/quantum/kernels/fixed_q5_n70_snr_clean_zz_reps1_linear_seed42_test_snr_10dB.npy
fixed_qsvc,matched_sample_clean_model_robustness,ideal_statevector_fidelity,5,5,70,70,clean,5,test,b4738a0e925c1c03ecfd4f680ea9777e823c2b07f03e8a7425378b68bc46d466,2973665665e08fe9c86d7ac59912610933130a1432d9ff533a90a6d2aae893ec,122fca9c88c1665437c95b09c1dd5c91b36a1c407a12253311ff02d6d842e4f0,0.5125,0.23404255319148937,0.7857142857142857,0.36065573770491804,0.6320346320346321,0.6201298701298701,0.7857142857142857,0.45454545454545453,0.40816326530612246,0.125,0.4375,0.19444444444444445,0.36509146341463417,0.41996951219512196,0.4375,0.4024390243902439,"[[33, 49], [9, 7]]",zz_reps1_linear,1,14,8,42315,4900,4.61923879099777,0.0068721249990630895,4.620127250003861,0.004646207991754636,0.004803707997780293,"{""fixed_q5_n70_snr_clean_zz_reps1_linear_seed42_test_snr_0dB"": true, ""fixed_q5_n70_snr_clean_zz_reps1_linear_seed42_test_snr_10dB"": true, ""fixed_q5_n70_snr_clean_zz_reps1_linear_seed42_test_snr_20dB"": true, ""fixed_q5_n70_snr_clean_zz_reps1_linear_seed42_test_snr_5dB"": true, ""fixed_q5_n70_snr_clean_zz_reps1_linear_seed42_test_snr_cleandB"": true, ""fixed_q5_n70_snr_clean_zz_reps1_linear_seed42_training"": true, ""fixed_q5_n70_snr_clean_zz_reps1_linear_seed42_validation"": true, ""unregistered"": false}",/Users/srikarreddy/Documents/hackathon/hackathon3/QSky-Mizzou-Quantum-Hackathon/models/quantum_ideal/fixed_qsvc_q5_n70_clean_seed42.joblib,0.0,,[],0.0,3654.0,/Users/srikarreddy/Documents/hackathon/hackathon3/QSky-Mizzou-Quantum-Hackathon/results/quantum/kernels/fixed_q5_n70_snr_clean_zz_reps1_linear_seed42_training.npy,/Users/srikarreddy/Documents/hackathon/hackathon3/QSky-Mizzou-Quantum-Hackathon/results/quantum/kernels/fixed_q5_n70_snr_clean_zz_reps1_linear_seed42_validation.npy,/Users/srikarreddy/Documents/hackathon/hackathon3/QSky-Mizzou-Quantum-Hackathon/results/quantum/kernels/fixed_q5_n70_snr_clean_zz_reps1_linear_seed42_test_snr_5dB.npy
fixed_qsvc,matched_sample_clean_model_robustness,ideal_statevector_fidelity,5,5,70,70,clean,0,test,b4738a0e925c1c03ecfd4f680ea9777e823c2b07f03e8a7425378b68bc46d466,2973665665e08fe9c86d7ac59912610933130a1432d9ff533a90a6d2aae893ec,122fca9c88c1665437c95b09c1dd5c91b36a1c407a12253311ff02d6d842e4f0,0.5125,0.23404255319148937,0.7857142857142857,0.36065573770491804,0.6320346320346321,0.6201298701298701,0.7857142857142857,0.45454545454545453,0.30612244897959184,0.09375,0.375,0.15,0.3620426829268293,0.33384146341463417,0.375,0.2926829268292683,"[[24, 58], [10, 6]]",zz_reps1_linear,1,14,8,42315,4900,4.61923879099777,0.0068721249990630895,4.620127250003861,0.004509750026045367,0.004803707997780293,"{""fixed_q5_n70_snr_clean_zz_reps1_linear_seed42_test_snr_0dB"": true, ""fixed_q5_n70_snr_clean_zz_reps1_linear_seed42_test_snr_10dB"": true, ""fixed_q5_n70_snr_clean_zz_reps1_linear_seed42_test_snr_20dB"": true, ""fixed_q5_n70_snr_clean_zz_reps1_linear_seed42_test_snr_5dB"": true, ""fixed_q5_n70_snr_clean_zz_reps1_linear_seed42_test_snr_cleandB"": true, ""fixed_q5_n70_snr_clean_zz_reps1_linear_seed42_training"": true, ""fixed_q5_n70_snr_clean_zz_reps1_linear_seed42_validation"": true, ""unregistered"": false}",/Users/srikarreddy/Documents/hackathon/hackathon3/QSky-Mizzou-Quantum-Hackathon/models/quantum_ideal/fixed_qsvc_q5_n70_clean_seed42.joblib,0.0,,[],0.0,3654.0,/Users/srikarreddy/Documents/hackathon/hackathon3/QSky-Mizzou-Quantum-Hackathon/results/quantum/kernels/fixed_q5_n70_snr_clean_zz_reps1_linear_seed42_training.npy,/Users/srikarreddy/Documents/hackathon/hackathon3/QSky-Mizzou-Quantum-Hackathon/results/quantum/kernels/fixed_q5_n70_snr_clean_zz_reps1_linear_seed42_validation.npy,/Users/srikarreddy/Documents/hackathon/hackathon3/QSky-Mizzou-Quantum-Hackathon/results/quantum/kernels/fixed_q5_n70_snr_clean_zz_reps1_linear_seed42_test_snr_0dB.npy
rbf_svm,matched_sample_clean_model_robustness,classical_cpu,5,0,70,70,clean,clean,test,b4738a0e925c1c03ecfd4f680ea9777e823c2b07f03e8a7425378b68bc46d466,2973665665e08fe9c86d7ac59912610933130a1432d9ff533a90a6d2aae893ec,122fca9c88c1665437c95b09c1dd5c91b36a1c407a12253311ff02d6d842e4f0,0.6,0.23529411764705882,0.5714285714285714,0.3333333333333333,0.6742424242424243,0.5887445887445888,0.5714285714285714,0.6060606060606061,0.6836734693877551,0.3170731707317073,0.8125,0.45614035087719296,0.8071646341463414,0.7355182926829269,0.8125,0.6585365853658537,"[[54, 28], [3, 13]]",none,0,0,0,0,0,0.0,0.0,0.0007052499859128147,0.005048792023444548,0.0,{},/Users/srikarreddy/Documents/hackathon/hackathon3/QSky-Mizzou-Quantum-Hackathon/models/quantum_ideal/rbf_svm_q5_n70_clean_aggregated_seed42.joblib,0.0,,[],0.0,,,,
rbf_svm,matched_sample_clean_model_robustness,classical_cpu,5,0,70,70,clean,20,test,b4738a0e925c1c03ecfd4f680ea9777e823c2b07f03e8a7425378b68bc46d466,2973665665e08fe9c86d7ac59912610933130a1432d9ff533a90a6d2aae893ec,122fca9c88c1665437c95b09c1dd5c91b36a1c407a12253311ff02d6d842e4f0,0.6,0.23529411764705882,0.5714285714285714,0.3333333333333333,0.6742424242424243,0.5887445887445888,0.5714285714285714,0.6060606060606061,0.7346938775510204,0.34375,0.6875,0.4583333333333333,0.7827743902439024,0.7157012195121951,0.6875,0.7439024390243902,"[[61, 21], [5, 11]]",none,0,0,0,0,0,0.0,0.0,0.0007052499859128147,0.004291457997169346,0.0,{},/Users/srikarreddy/Documents/hackathon/hackathon3/QSky-Mizzou-Quantum-Hackathon/models/quantum_ideal/rbf_svm_q5_n70_clean_aggregated_seed42.joblib,0.0,,[],0.0,,,,
rbf_svm,matched_sample_clean_model_robustness,classical_cpu,5,0,70,70,clean,10,test,b4738a0e925c1c03ecfd4f680ea9777e823c2b07f03e8a7425378b68bc46d466,2973665665e08fe9c86d7ac59912610933130a1432d9ff533a90a6d2aae893ec,122fca9c88c1665437c95b09c1dd5c91b36a1c407a12253311ff02d6d842e4f0,0.6,0.23529411764705882,0.5714285714285714,0.3333333333333333,0.6742424242424243,0.5887445887445888,0.5714285714285714,0.6060606060606061,0.7346938775510204,0.2916666666666667,0.4375,0.35,0.7682926829268293,0.6150914634146342,0.4375,0.7926829268292683,"[[65, 17], [9, 7]]",none,0,0,0,0,0,0.0,0.0,0.0007052499859128147,0.004482958000153303,0.0,{},/Users/srikarreddy/Documents/hackathon/hackathon3/QSky-Mizzou-Quantum-Hackathon/models/quantum_ideal/rbf_svm_q5_n70_clean_aggregated_seed42.joblib,0.0,,[],0.0,,,,
rbf_svm,matched_sample_clean_model_robustness,classical_cpu,5,0,70,70,clean,5,test,b4738a0e925c1c03ecfd4f680ea9777e823c2b07f03e8a7425378b68bc46d466,2973665665e08fe9c86d7ac59912610933130a1432d9ff533a90a6d2aae893ec,122fca9c88c1665437c95b09c1dd5c91b36a1c407a12253311ff02d6d842e4f0,0.6,0.23529411764705882,0.5714285714285714,0.3333333333333333,0.6742424242424243,0.5887445887445888,0.5714285714285714,0.6060606060606061,0.7346938775510204,0.25,0.3125,0.2777777777777778,0.7560975609756098,0.5647865853658536,0.3125,0.8170731707317073,"[[67, 15], [11, 5]]",none,0,0,0,0,0,0.0,0.0,0.0007052499859128147,0.0045773329911753535,0.0,{},/Users/srikarreddy/Documents/hackathon/hackathon3/QSky-Mizzou-Quantum-Hackathon/models/quantum_ideal/rbf_svm_q5_n70_clean_aggregated_seed42.joblib,0.0,,[],0.0,,,,
rbf_svm,matched_sample_clean_model_robustness,classical_cpu,5,0,70,70,clean,0,test,b4738a0e925c1c03ecfd4f680ea9777e823c2b07f03e8a7425378b68bc46d466,2973665665e08fe9c86d7ac59912610933130a1432d9ff533a90a6d2aae893ec,122fca9c88c1665437c95b09c1dd5c91b36a1c407a12253311ff02d6d842e4f0,0.6,0.23529411764705882,0.5714285714285714,0.3333333333333333,0.6742424242424243,0.5887445887445888,0.5714285714285714,0.6060606060606061,0.7346938775510204,0.25,0.3125,0.2777777777777778,0.7408536585365854,0.5647865853658536,0.3125,0.8170731707317073,"[[67, 15], [11, 5]]",none,0,0,0,0,0,0.0,0.0,0.0007052499859128147,0.004504084005020559,0.0,{},/Users/srikarreddy/Documents/hackathon/hackathon3/QSky-Mizzou-Quantum-Hackathon/models/quantum_ideal/rbf_svm_q5_n70_clean_aggregated_seed42.joblib,0.0,,[],0.0,,,,
small_mlp,matched_sample_clean_model_robustness,classical_cpu,5,0,70,70,clean,clean,test,b4738a0e925c1c03ecfd4f680ea9777e823c2b07f03e8a7425378b68bc46d466,2973665665e08fe9c86d7ac59912610933130a1432d9ff533a90a6d2aae893ec,122fca9c88c1665437c95b09c1dd5c91b36a1c407a12253311ff02d6d842e4f0,0.525,0.2692307692307692,1.0,0.42424242424242425,0.658008658008658,0.7121212121212122,1.0,0.42424242424242425,0.6224489795918368,0.29411764705882354,0.9375,0.44776119402985076,0.7736280487804879,0.7492378048780488,0.9375,0.5609756097560976,"[[46, 36], [1, 15]]",none,0,0,0,0,0,0.0,0.0,0.51239849999547,0.004202625015750527,0.0,{},/Users/srikarreddy/Documents/hackathon/hackathon3/QSky-Mizzou-Quantum-Hackathon/models/quantum_ideal/small_mlp_q5_n70_clean_aggregated_seed42.joblib,0.0,,[],0.0,,,,
small_mlp,matched_sample_clean_model_robustness,classical_cpu,5,0,70,70,clean,20,test,b4738a0e925c1c03ecfd4f680ea9777e823c2b07f03e8a7425378b68bc46d466,2973665665e08fe9c86d7ac59912610933130a1432d9ff533a90a6d2aae893ec,122fca9c88c1665437c95b09c1dd5c91b36a1c407a12253311ff02d6d842e4f0,0.525,0.2692307692307692,1.0,0.42424242424242425,0.658008658008658,0.7121212121212122,1.0,0.42424242424242425,0.6224489795918368,0.29411764705882354,0.9375,0.44776119402985076,0.7842987804878049,0.7492378048780488,0.9375,0.5609756097560976,"[[46, 36], [1, 15]]",none,0,0,0,0,0,0.0,0.0,0.51239849999547,0.0040554160077590495,0.0,{},/Users/srikarreddy/Documents/hackathon/hackathon3/QSky-Mizzou-Quantum-Hackathon/models/quantum_ideal/small_mlp_q5_n70_clean_aggregated_seed42.joblib,0.0,,[],0.0,,,,
small_mlp,matched_sample_clean_model_robustness,classical_cpu,5,0,70,70,clean,10,test,b4738a0e925c1c03ecfd4f680ea9777e823c2b07f03e8a7425378b68bc46d466,2973665665e08fe9c86d7ac59912610933130a1432d9ff533a90a6d2aae893ec,122fca9c88c1665437c95b09c1dd5c91b36a1c407a12253311ff02d6d842e4f0,0.525,0.2692307692307692,1.0,0.42424242424242425,0.658008658008658,0.7121212121212122,1.0,0.42424242424242425,0.6122448979591837,0.28,0.875,0.42424242424242425,0.7728658536585366,0.7179878048780488,0.875,0.5609756097560976,"[[46, 36], [2, 14]]",none,0,0,0,0,0,0.0,0.0,0.51239849999547,0.0041759580199141055,0.0,{},/Users/srikarreddy/Documents/hackathon/hackathon3/QSky-Mizzou-Quantum-Hackathon/models/quantum_ideal/small_mlp_q5_n70_clean_aggregated_seed42.joblib,0.0,,[],0.0,,,,
small_mlp,matched_sample_clean_model_robustness,classical_cpu,5,0,70,70,clean,5,test,b4738a0e925c1c03ecfd4f680ea9777e823c2b07f03e8a7425378b68bc46d466,2973665665e08fe9c86d7ac59912610933130a1432d9ff533a90a6d2aae893ec,122fca9c88c1665437c95b09c1dd5c91b36a1c407a12253311ff02d6d842e4f0,0.525,0.2692307692307692,1.0,0.42424242424242425,0.658008658008658,0.7121212121212122,1.0,0.42424242424242425,0.6122448979591837,0.28,0.875,0.42424242424242425,0.7721036585365855,0.7179878048780488,0.875,0.5609756097560976,"[[46, 36], [2, 14]]",none,0,0,0,0,0,0.0,0.0,0.51239849999547,0.003931000013835728,0.0,{},/Users/srikarreddy/Documents/hackathon/hackathon3/QSky-Mizzou-Quantum-Hackathon/models/quantum_ideal/small_mlp_q5_n70_clean_aggregated_seed42.joblib,0.0,,[],0.0,,,,
small_mlp,matched_sample_clean_model_robustness,classical_cpu,5,0,70,70,clean,0,test,b4738a0e925c1c03ecfd4f680ea9777e823c2b07f03e8a7425378b68bc46d466,2973665665e08fe9c86d7ac59912610933130a1432d9ff533a90a6d2aae893ec,122fca9c88c1665437c95b09c1dd5c91b36a1c407a12253311ff02d6d842e4f0,0.525,0.2692307692307692,1.0,0.42424242424242425,0.658008658008658,0.7121212121212122,1.0,0.42424242424242425,0.6224489795918368,0.3018867924528302,1.0,0.463768115942029,0.7896341463414634,0.774390243902439,1.0,0.5487804878048781,"[[45, 37], [0, 16]]",none,0,0,0,0,0,0.0,0.0,0.51239849999547,0.003895708010531962,0.0,{},/Users/srikarreddy/Documents/hackathon/hackathon3/QSky-Mizzou-Quantum-Hackathon/models/quantum_ideal/small_mlp_q5_n70_clean_aggregated_seed42.joblib,0.0,,[],0.0,,,,
fixed_qsvc,matched_sample_clean_model_robustness,ideal_statevector_fidelity,6,6,24,24,clean,clean,test,6d930e716ad04b90cfec0976b6b155bd0105aefdd2cacd2f769d0fb1cfff78f2,2973665665e08fe9c86d7ac59912610933130a1432d9ff533a90a6d2aae893ec,122fca9c88c1665437c95b09c1dd5c91b36a1c407a12253311ff02d6d842e4f0,0.6625,0.3142857142857143,0.7857142857142857,0.4489795918367347,0.7207792207792207,0.711038961038961,0.7857142857142857,0.6363636363636364,0.4387755102040816,0.14545454545454545,0.5,0.22535211267605634,0.46189024390243905,0.46341463414634143,0.5,0.4268292682926829,"[[35, 47], [8, 8]]",zz_reps1_linear,1,17,10,13956,576,0.8540478329814505,0.004349208000348881,0.8547330000146758,0.004089207999641076,0.005128833989147097,"{""fixed_q6_n24_snr_clean_zz_reps1_linear_seed42_test_snr_0dB"": true, ""fixed_q6_n24_snr_clean_zz_reps1_linear_seed42_test_snr_10dB"": true, ""fixed_q6_n24_snr_clean_zz_reps1_linear_seed42_test_snr_20dB"": true, ""fixed_q6_n24_snr_clean_zz_reps1_linear_seed42_test_snr_5dB"": true, ""fixed_q6_n24_snr_clean_zz_reps1_linear_seed42_test_snr_cleandB"": true, ""fixed_q6_n24_snr_clean_zz_reps1_linear_seed42_training"": true, ""fixed_q6_n24_snr_clean_zz_reps1_linear_seed42_validation"": true, ""unregistered"": false}",/Users/srikarreddy/Documents/hackathon/hackathon3/QSky-Mizzou-Quantum-Hackathon/models/quantum_ideal/fixed_qsvc_q6_n24_clean_seed42.joblib,0.0,,[],0.0,1058.0,/Users/srikarreddy/Documents/hackathon/hackathon3/QSky-Mizzou-Quantum-Hackathon/results/quantum/kernels/fixed_q6_n24_snr_clean_zz_reps1_linear_seed42_training.npy,/Users/srikarreddy/Documents/hackathon/hackathon3/QSky-Mizzou-Quantum-Hackathon/results/quantum/kernels/fixed_q6_n24_snr_clean_zz_reps1_linear_seed42_validation.npy,/Users/srikarreddy/Documents/hackathon/hackathon3/QSky-Mizzou-Quantum-Hackathon/results/quantum/kernels/fixed_q6_n24_snr_clean_zz_reps1_linear_seed42_test_snr_cleandB.npy
fixed_qsvc,matched_sample_clean_model_robustness,ideal_statevector_fidelity,6,6,24,24,clean,20,test,6d930e716ad04b90cfec0976b6b155bd0105aefdd2cacd2f769d0fb1cfff78f2,2973665665e08fe9c86d7ac59912610933130a1432d9ff533a90a6d2aae893ec,122fca9c88c1665437c95b09c1dd5c91b36a1c407a12253311ff02d6d842e4f0,0.6625,0.3142857142857143,0.7857142857142857,0.4489795918367347,0.7207792207792207,0.711038961038961,0.7857142857142857,0.6363636363636364,0.46938775510204084,0.14,0.4375,0.21212121212121213,0.46341463414634143,0.4565548780487805,0.4375,0.47560975609756095,"[[39, 43], [9, 7]]",zz_reps1_linear,1,17,10,13956,576,0.8540478329814505,0.004349208000348881,0.8547330000146758,0.004515209002420306,0.005128833989147097,"{""fixed_q6_n24_snr_clean_zz_reps1_linear_seed42_test_snr_0dB"": true, ""fixed_q6_n24_snr_clean_zz_reps1_linear_seed42_test_snr_10dB"": true, ""fixed_q6_n24_snr_clean_zz_reps1_linear_seed42_test_snr_20dB"": true, ""fixed_q6_n24_snr_clean_zz_reps1_linear_seed42_test_snr_5dB"": true, ""fixed_q6_n24_snr_clean_zz_reps1_linear_seed42_test_snr_cleandB"": true, ""fixed_q6_n24_snr_clean_zz_reps1_linear_seed42_training"": true, ""fixed_q6_n24_snr_clean_zz_reps1_linear_seed42_validation"": true, ""unregistered"": false}",/Users/srikarreddy/Documents/hackathon/hackathon3/QSky-Mizzou-Quantum-Hackathon/models/quantum_ideal/fixed_qsvc_q6_n24_clean_seed42.joblib,0.0,,[],0.0,1058.0,/Users/srikarreddy/Documents/hackathon/hackathon3/QSky-Mizzou-Quantum-Hackathon/results/quantum/kernels/fixed_q6_n24_snr_clean_zz_reps1_linear_seed42_training.npy,/Users/srikarreddy/Documents/hackathon/hackathon3/QSky-Mizzou-Quantum-Hackathon/results/quantum/kernels/fixed_q6_n24_snr_clean_zz_reps1_linear_seed42_validation.npy,/Users/srikarreddy/Documents/hackathon/hackathon3/QSky-Mizzou-Quantum-Hackathon/results/quantum/kernels/fixed_q6_n24_snr_clean_zz_reps1_linear_seed42_test_snr_20dB.npy
fixed_qsvc,matched_sample_clean_model_robustness,ideal_statevector_fidelity,6,6,24,24,clean,10,test,6d930e716ad04b90cfec0976b6b155bd0105aefdd2cacd2f769d0fb1cfff78f2,2973665665e08fe9c86d7ac59912610933130a1432d9ff533a90a6d2aae893ec,122fca9c88c1665437c95b09c1dd5c91b36a1c407a12253311ff02d6d842e4f0,0.6625,0.3142857142857143,0.7857142857142857,0.4489795918367347,0.7207792207792207,0.711038961038961,0.7857142857142857,0.6363636363636364,0.5306122448979592,0.17391304347826086,0.5,0.25806451612903225,0.4176829268292683,0.5182926829268293,0.5,0.5365853658536586,"[[44, 38], [8, 8]]",zz_reps1_linear,1,17,10,13956,576,0.8540478329814505,0.004349208000348881,0.8547330000146758,0.003989042015746236,0.005128833989147097,"{""fixed_q6_n24_snr_clean_zz_reps1_linear_seed42_test_snr_0dB"": true, ""fixed_q6_n24_snr_clean_zz_reps1_linear_seed42_test_snr_10dB"": true, ""fixed_q6_n24_snr_clean_zz_reps1_linear_seed42_test_snr_20dB"": true, ""fixed_q6_n24_snr_clean_zz_reps1_linear_seed42_test_snr_5dB"": true, ""fixed_q6_n24_snr_clean_zz_reps1_linear_seed42_test_snr_cleandB"": true, ""fixed_q6_n24_snr_clean_zz_reps1_linear_seed42_training"": true, ""fixed_q6_n24_snr_clean_zz_reps1_linear_seed42_validation"": true, ""unregistered"": false}",/Users/srikarreddy/Documents/hackathon/hackathon3/QSky-Mizzou-Quantum-Hackathon/models/quantum_ideal/fixed_qsvc_q6_n24_clean_seed42.joblib,0.0,,[],0.0,1058.0,/Users/srikarreddy/Documents/hackathon/hackathon3/QSky-Mizzou-Quantum-Hackathon/results/quantum/kernels/fixed_q6_n24_snr_clean_zz_reps1_linear_seed42_training.npy,/Users/srikarreddy/Documents/hackathon/hackathon3/QSky-Mizzou-Quantum-Hackathon/results/quantum/kernels/fixed_q6_n24_snr_clean_zz_reps1_linear_seed42_validation.npy,/Users/srikarreddy/Documents/hackathon/hackathon3/QSky-Mizzou-Quantum-Hackathon/results/quantum/kernels/fixed_q6_n24_snr_clean_zz_reps1_linear_seed42_test_snr_10dB.npy
fixed_qsvc,matched_sample_clean_model_robustness,ideal_statevector_fidelity,6,6,24,24,clean,5,test,6d930e716ad04b90cfec0976b6b155bd0105aefdd2cacd2f769d0fb1cfff78f2,2973665665e08fe9c86d7ac59912610933130a1432d9ff533a90a6d2aae893ec,122fca9c88c1665437c95b09c1dd5c91b36a1c407a12253311ff02d6d842e4f0,0.6625,0.3142857142857143,0.7857142857142857,0.4489795918367347,0.7207792207792207,0.711038961038961,0.7857142857142857,0.6363636363636364,0.5204081632653061,0.1702127659574468,0.5,0.25396825396825395,0.47027439024390244,0.5121951219512195,0.5,0.524390243902439,"[[43, 39], [8, 8]]",zz_reps1_linear,1,17,10,13956,576,0.8540478329814505,0.004349208000348881,0.8547330000146758,0.0042769160063471645,0.005128833989147097,"{""fixed_q6_n24_snr_clean_zz_reps1_linear_seed42_test_snr_0dB"": true, ""fixed_q6_n24_snr_clean_zz_reps1_linear_seed42_test_snr_10dB"": true, ""fixed_q6_n24_snr_clean_zz_reps1_linear_seed42_test_snr_20dB"": true, ""fixed_q6_n24_snr_clean_zz_reps1_linear_seed42_test_snr_5dB"": true, ""fixed_q6_n24_snr_clean_zz_reps1_linear_seed42_test_snr_cleandB"": true, ""fixed_q6_n24_snr_clean_zz_reps1_linear_seed42_training"": true, ""fixed_q6_n24_snr_clean_zz_reps1_linear_seed42_validation"": true, ""unregistered"": false}",/Users/srikarreddy/Documents/hackathon/hackathon3/QSky-Mizzou-Quantum-Hackathon/models/quantum_ideal/fixed_qsvc_q6_n24_clean_seed42.joblib,0.0,,[],0.0,1058.0,/Users/srikarreddy/Documents/hackathon/hackathon3/QSky-Mizzou-Quantum-Hackathon/results/quantum/kernels/fixed_q6_n24_snr_clean_zz_reps1_linear_seed42_training.npy,/Users/srikarreddy/Documents/hackathon/hackathon3/QSky-Mizzou-Quantum-Hackathon/results/quantum/kernels/fixed_q6_n24_snr_clean_zz_reps1_linear_seed42_validation.npy,/Users/srikarreddy/Documents/hackathon/hackathon3/QSky-Mizzou-Quantum-Hackathon/results/quantum/kernels/fixed_q6_n24_snr_clean_zz_reps1_linear_seed42_test_snr_5dB.npy
fixed_qsvc,matched_sample_clean_model_robustness,ideal_statevector_fidelity,6,6,24,24,clean,0,test,6d930e716ad04b90cfec0976b6b155bd0105aefdd2cacd2f769d0fb1cfff78f2,2973665665e08fe9c86d7ac59912610933130a1432d9ff533a90a6d2aae893ec,122fca9c88c1665437c95b09c1dd5c91b36a1c407a12253311ff02d6d842e4f0,0.6625,0.3142857142857143,0.7857142857142857,0.4489795918367347,0.7207792207792207,0.711038961038961,0.7857142857142857,0.6363636363636364,0.47959183673469385,0.18181818181818182,0.625,0.28169014084507044,0.5335365853658537,0.538109756097561,0.625,0.45121951219512196,"[[37, 45], [6, 10]]",zz_reps1_linear,1,17,10,13956,576,0.8540478329814505,0.004349208000348881,0.8547330000146758,0.003973041020799428,0.005128833989147097,"{""fixed_q6_n24_snr_clean_zz_reps1_linear_seed42_test_snr_0dB"": true, ""fixed_q6_n24_snr_clean_zz_reps1_linear_seed42_test_snr_10dB"": true, ""fixed_q6_n24_snr_clean_zz_reps1_linear_seed42_test_snr_20dB"": true, ""fixed_q6_n24_snr_clean_zz_reps1_linear_seed42_test_snr_5dB"": true, ""fixed_q6_n24_snr_clean_zz_reps1_linear_seed42_test_snr_cleandB"": true, ""fixed_q6_n24_snr_clean_zz_reps1_linear_seed42_training"": true, ""fixed_q6_n24_snr_clean_zz_reps1_linear_seed42_validation"": true, ""unregistered"": false}",/Users/srikarreddy/Documents/hackathon/hackathon3/QSky-Mizzou-Quantum-Hackathon/models/quantum_ideal/fixed_qsvc_q6_n24_clean_seed42.joblib,0.0,,[],0.0,1058.0,/Users/srikarreddy/Documents/hackathon/hackathon3/QSky-Mizzou-Quantum-Hackathon/results/quantum/kernels/fixed_q6_n24_snr_clean_zz_reps1_linear_seed42_training.npy,/Users/srikarreddy/Documents/hackathon/hackathon3/QSky-Mizzou-Quantum-Hackathon/results/quantum/kernels/fixed_q6_n24_snr_clean_zz_reps1_linear_seed42_validation.npy,/Users/srikarreddy/Documents/hackathon/hackathon3/QSky-Mizzou-Quantum-Hackathon/results/quantum/kernels/fixed_q6_n24_snr_clean_zz_reps1_linear_seed42_test_snr_0dB.npy
rbf_svm,matched_sample_clean_model_robustness,classical_cpu,6,0,24,24,clean,clean,test,6d930e716ad04b90cfec0976b6b155bd0105aefdd2cacd2f769d0fb1cfff78f2,2973665665e08fe9c86d7ac59912610933130a1432d9ff533a90a6d2aae893ec,122fca9c88c1665437c95b09c1dd5c91b36a1c407a12253311ff02d6d842e4f0,0.675,0.3125,0.7142857142857143,0.43478260869565216,0.6948051948051948,0.6904761904761905,0.7142857142857143,0.6666666666666666,0.7244897959183674,0.36585365853658536,0.9375,0.5263157894736842,0.823170731707317,0.8102134146341464,0.9375,0.6829268292682927,"[[56, 26], [1, 15]]",none,0,0,0,0,0,0.0,0.0,0.0007197079830802977,0.004345791996456683,0.0,{},/Users/srikarreddy/Documents/hackathon/hackathon3/QSky-Mizzou-Quantum-Hackathon/models/quantum_ideal/rbf_svm_q6_n24_clean_aggregated_seed42.joblib,0.0,,[],0.0,,,,
rbf_svm,matched_sample_clean_model_robustness,classical_cpu,6,0,24,24,clean,20,test,6d930e716ad04b90cfec0976b6b155bd0105aefdd2cacd2f769d0fb1cfff78f2,2973665665e08fe9c86d7ac59912610933130a1432d9ff533a90a6d2aae893ec,122fca9c88c1665437c95b09c1dd5c91b36a1c407a12253311ff02d6d842e4f0,0.675,0.3125,0.7142857142857143,0.43478260869565216,0.6948051948051948,0.6904761904761905,0.7142857142857143,0.6666666666666666,0.7448979591836735,0.3783783783783784,0.875,0.5283018867924528,0.8025914634146342,0.7972560975609756,0.875,0.7195121951219512,"[[59, 23], [2, 14]]",none,0,0,0,0,0,0.0,0.0,0.0007197079830802977,0.004235542000969872,0.0,{},/Users/srikarreddy/Documents/hackathon/hackathon3/QSky-Mizzou-Quantum-Hackathon/models/quantum_ideal/rbf_svm_q6_n24_clean_aggregated_seed42.joblib,0.0,,[],0.0,,,,
rbf_svm,matched_sample_clean_model_robustness,classical_cpu,6,0,24,24,clean,10,test,6d930e716ad04b90cfec0976b6b155bd0105aefdd2cacd2f769d0fb1cfff78f2,2973665665e08fe9c86d7ac59912610933130a1432d9ff533a90a6d2aae893ec,122fca9c88c1665437c95b09c1dd5c91b36a1c407a12253311ff02d6d842e4f0,0.675,0.3125,0.7142857142857143,0.43478260869565216,0.6948051948051948,0.6904761904761905,0.7142857142857143,0.6666666666666666,0.7142857142857143,0.3,0.5625,0.391304347826087,0.7759146341463414,0.6532012195121951,0.5625,0.7439024390243902,"[[61, 21], [7, 9]]",none,0,0,0,0,0,0.0,0.0,0.0007197079830802977,0.004183250013738871,0.0,{},/Users/srikarreddy/Documents/hackathon/hackathon3/QSky-Mizzou-Quantum-Hackathon/models/quantum_ideal/rbf_svm_q6_n24_clean_aggregated_seed42.joblib,0.0,,[],0.0,,,,
rbf_svm,matched_sample_clean_model_robustness,classical_cpu,6,0,24,24,clean,5,test,6d930e716ad04b90cfec0976b6b155bd0105aefdd2cacd2f769d0fb1cfff78f2,2973665665e08fe9c86d7ac59912610933130a1432d9ff533a90a6d2aae893ec,122fca9c88c1665437c95b09c1dd5c91b36a1c407a12253311ff02d6d842e4f0,0.675,0.3125,0.7142857142857143,0.43478260869565216,0.6948051948051948,0.6904761904761905,0.7142857142857143,0.6666666666666666,0.7448979591836735,0.2857142857142857,0.375,0.32432432432432434,0.7721036585365854,0.5960365853658536,0.375,0.8170731707317073,"[[67, 15], [10, 6]]",none,0,0,0,0,0,0.0,0.0,0.0007197079830802977,0.004232500010402873,0.0,{},/Users/srikarreddy/Documents/hackathon/hackathon3/QSky-Mizzou-Quantum-Hackathon/models/quantum_ideal/rbf_svm_q6_n24_clean_aggregated_seed42.joblib,0.0,,[],0.0,,,,
rbf_svm,matched_sample_clean_model_robustness,classical_cpu,6,0,24,24,clean,0,test,6d930e716ad04b90cfec0976b6b155bd0105aefdd2cacd2f769d0fb1cfff78f2,2973665665e08fe9c86d7ac59912610933130a1432d9ff533a90a6d2aae893ec,122fca9c88c1665437c95b09c1dd5c91b36a1c407a12253311ff02d6d842e4f0,0.675,0.3125,0.7142857142857143,0.43478260869565216,0.6948051948051948,0.6904761904761905,0.7142857142857143,0.6666666666666666,0.7448979591836735,0.2631578947368421,0.3125,0.2857142857142857,0.7682926829268293,0.5708841463414633,0.3125,0.8292682926829268,"[[68, 14], [11, 5]]",none,0,0,0,0,0,0.0,0.0,0.0007197079830802977,0.004043207998620346,0.0,{},/Users/srikarreddy/Documents/hackathon/hackathon3/QSky-Mizzou-Quantum-Hackathon/models/quantum_ideal/rbf_svm_q6_n24_clean_aggregated_seed42.joblib,0.0,,[],0.0,,,,
small_mlp,matched_sample_clean_model_robustness,classical_cpu,6,0,24,24,clean,clean,test,6d930e716ad04b90cfec0976b6b155bd0105aefdd2cacd2f769d0fb1cfff78f2,2973665665e08fe9c86d7ac59912610933130a1432d9ff533a90a6d2aae893ec,122fca9c88c1665437c95b09c1dd5c91b36a1c407a12253311ff02d6d842e4f0,0.725,0.3333333333333333,0.5714285714285714,0.42105263157894735,0.696969696969697,0.6645021645021645,0.5714285714285714,0.7575757575757576,0.7653061224489796,0.37037037037037035,0.625,0.46511627906976744,0.8163109756097561,0.7088414634146342,0.625,0.7926829268292683,"[[65, 17], [6, 10]]",none,0,0,0,0,0,0.0,0.0,1.1861268329957966,0.003813250019447878,0.0,{},/Users/srikarreddy/Documents/hackathon/hackathon3/QSky-Mizzou-Quantum-Hackathon/models/quantum_ideal/small_mlp_q6_n24_clean_aggregated_seed42.joblib,0.0,,[],0.0,,,,
small_mlp,matched_sample_clean_model_robustness,classical_cpu,6,0,24,24,clean,20,test,6d930e716ad04b90cfec0976b6b155bd0105aefdd2cacd2f769d0fb1cfff78f2,2973665665e08fe9c86d7ac59912610933130a1432d9ff533a90a6d2aae893ec,122fca9c88c1665437c95b09c1dd5c91b36a1c407a12253311ff02d6d842e4f0,0.725,0.3333333333333333,0.5714285714285714,0.42105263157894735,0.696969696969697,0.6645021645021645,0.5714285714285714,0.7575757575757576,0.7244897959183674,0.2962962962962963,0.5,0.37209302325581395,0.7919207317073171,0.6341463414634146,0.5,0.7682926829268293,"[[63, 19], [8, 8]]",none,0,0,0,0,0,0.0,0.0,1.1861268329957966,0.004273667000234127,0.0,{},/Users/srikarreddy/Documents/hackathon/hackathon3/QSky-Mizzou-Quantum-Hackathon/models/quantum_ideal/small_mlp_q6_n24_clean_aggregated_seed42.joblib,0.0,,[],0.0,,,,
small_mlp,matched_sample_clean_model_robustness,classical_cpu,6,0,24,24,clean,10,test,6d930e716ad04b90cfec0976b6b155bd0105aefdd2cacd2f769d0fb1cfff78f2,2973665665e08fe9c86d7ac59912610933130a1432d9ff533a90a6d2aae893ec,122fca9c88c1665437c95b09c1dd5c91b36a1c407a12253311ff02d6d842e4f0,0.725,0.3333333333333333,0.5714285714285714,0.42105263157894735,0.696969696969697,0.6645021645021645,0.5714285714285714,0.7575757575757576,0.7142857142857143,0.2,0.25,0.2222222222222222,0.7782012195121951,0.5274390243902439,0.25,0.8048780487804879,"[[66, 16], [12, 4]]",none,0,0,0,0,0,0.0,0.0,1.1861268329957966,0.0038572079793084413,0.0,{},/Users/srikarreddy/Documents/hackathon/hackathon3/QSky-Mizzou-Quantum-Hackathon/models/quantum_ideal/small_mlp_q6_n24_clean_aggregated_seed42.joblib,0.0,,[],0.0,,,,
small_mlp,matched_sample_clean_model_robustness,classical_cpu,6,0,24,24,clean,5,test,6d930e716ad04b90cfec0976b6b155bd0105aefdd2cacd2f769d0fb1cfff78f2,2973665665e08fe9c86d7ac59912610933130a1432d9ff533a90a6d2aae893ec,122fca9c88c1665437c95b09c1dd5c91b36a1c407a12253311ff02d6d842e4f0,0.725,0.3333333333333333,0.5714285714285714,0.42105263157894735,0.696969696969697,0.6645021645021645,0.5714285714285714,0.7575757575757576,0.7346938775510204,0.2222222222222222,0.25,0.23529411764705882,0.7728658536585367,0.5396341463414633,0.25,0.8292682926829268,"[[68, 14], [12, 4]]",none,0,0,0,0,0,0.0,0.0,1.1861268329957966,0.004146291990764439,0.0,{},/Users/srikarreddy/Documents/hackathon/hackathon3/QSky-Mizzou-Quantum-Hackathon/models/quantum_ideal/small_mlp_q6_n24_clean_aggregated_seed42.joblib,0.0,,[],0.0,,,,
small_mlp,matched_sample_clean_model_robustness,classical_cpu,6,0,24,24,clean,0,test,6d930e716ad04b90cfec0976b6b155bd0105aefdd2cacd2f769d0fb1cfff78f2,2973665665e08fe9c86d7ac59912610933130a1432d9ff533a90a6d2aae893ec,122fca9c88c1665437c95b09c1dd5c91b36a1c407a12253311ff02d6d842e4f0,0.725,0.3333333333333333,0.5714285714285714,0.42105263157894735,0.696969696969697,0.6645021645021645,0.5714285714285714,0.7575757575757576,0.7448979591836735,0.23529411764705882,0.25,0.24242424242424243,0.7644817073170732,0.5457317073170731,0.25,0.8414634146341463,"[[69, 13], [12, 4]]",none,0,0,0,0,0,0.0,0.0,1.1861268329957966,0.003878499992424622,0.0,{},/Users/srikarreddy/Documents/hackathon/hackathon3/QSky-Mizzou-Quantum-Hackathon/models/quantum_ideal/small_mlp_q6_n24_clean_aggregated_seed42.joblib,0.0,,[],0.0,,,,
fixed_qsvc,matched_sample_clean_model_robustness,ideal_statevector_fidelity,6,6,50,50,clean,clean,test,9a07b0b7f852e290ff6715427dae458fd4dded6b97a84e86758e4420e90f7c0c,2973665665e08fe9c86d7ac59912610933130a1432d9ff533a90a6d2aae893ec,122fca9c88c1665437c95b09c1dd5c91b36a1c407a12253311ff02d6d842e4f0,0.65,0.20833333333333334,0.35714285714285715,0.2631578947368421,0.5248917748917749,0.5346320346320347,0.35714285714285715,0.7121212121212122,0.6020408163265306,0.12903225806451613,0.25,0.1702127659574468,0.4855182926829268,0.4603658536585366,0.25,0.6707317073170732,"[[55, 27], [12, 4]]",zz_reps1_linear,1,17,10,29725,2500,3.7707164169987664,0.007501832995330915,3.7714144160272554,0.004503000003751367,0.004626624984666705,"{""fixed_q6_n50_snr_clean_zz_reps1_linear_seed42_test_snr_0dB"": true, ""fixed_q6_n50_snr_clean_zz_reps1_linear_seed42_test_snr_10dB"": true, ""fixed_q6_n50_snr_clean_zz_reps1_linear_seed42_test_snr_20dB"": true, ""fixed_q6_n50_snr_clean_zz_reps1_linear_seed42_test_snr_5dB"": true, ""fixed_q6_n50_snr_clean_zz_reps1_linear_seed42_test_snr_cleandB"": true, ""fixed_q6_n50_snr_clean_zz_reps1_linear_seed42_training"": true, ""fixed_q6_n50_snr_clean_zz_reps1_linear_seed42_validation"": true, ""unregistered"": false}",/Users/srikarreddy/Documents/hackathon/hackathon3/QSky-Mizzou-Quantum-Hackathon/models/quantum_ideal/fixed_qsvc_q6_n50_clean_seed42.joblib,0.0,,[],0.0,2426.0,/Users/srikarreddy/Documents/hackathon/hackathon3/QSky-Mizzou-Quantum-Hackathon/results/quantum/kernels/fixed_q6_n50_snr_clean_zz_reps1_linear_seed42_training.npy,/Users/srikarreddy/Documents/hackathon/hackathon3/QSky-Mizzou-Quantum-Hackathon/results/quantum/kernels/fixed_q6_n50_snr_clean_zz_reps1_linear_seed42_validation.npy,/Users/srikarreddy/Documents/hackathon/hackathon3/QSky-Mizzou-Quantum-Hackathon/results/quantum/kernels/fixed_q6_n50_snr_clean_zz_reps1_linear_seed42_test_snr_cleandB.npy
fixed_qsvc,matched_sample_clean_model_robustness,ideal_statevector_fidelity,6,6,50,50,clean,20,test,9a07b0b7f852e290ff6715427dae458fd4dded6b97a84e86758e4420e90f7c0c,2973665665e08fe9c86d7ac59912610933130a1432d9ff533a90a6d2aae893ec,122fca9c88c1665437c95b09c1dd5c91b36a1c407a12253311ff02d6d842e4f0,0.65,0.20833333333333334,0.35714285714285715,0.2631578947368421,0.5248917748917749,0.5346320346320347,0.35714285714285715,0.7121212121212122,0.6020408163265306,0.15151515151515152,0.3125,0.20408163265306123,0.5853658536585366,0.48551829268292684,0.3125,0.6585365853658537,"[[54, 28], [11, 5]]",zz_reps1_linear,1,17,10,29725,2500,3.7707164169987664,0.007501832995330915,3.7714144160272554,0.004598916013492271,0.004626624984666705,"{""fixed_q6_n50_snr_clean_zz_reps1_linear_seed42_test_snr_0dB"": true, ""fixed_q6_n50_snr_clean_zz_reps1_linear_seed42_test_snr_10dB"": true, ""fixed_q6_n50_snr_clean_zz_reps1_linear_seed42_test_snr_20dB"": true, ""fixed_q6_n50_snr_clean_zz_reps1_linear_seed42_test_snr_5dB"": true, ""fixed_q6_n50_snr_clean_zz_reps1_linear_seed42_test_snr_cleandB"": true, ""fixed_q6_n50_snr_clean_zz_reps1_linear_seed42_training"": true, ""fixed_q6_n50_snr_clean_zz_reps1_linear_seed42_validation"": true, ""unregistered"": false}",/Users/srikarreddy/Documents/hackathon/hackathon3/QSky-Mizzou-Quantum-Hackathon/models/quantum_ideal/fixed_qsvc_q6_n50_clean_seed42.joblib,0.0,,[],0.0,2426.0,/Users/srikarreddy/Documents/hackathon/hackathon3/QSky-Mizzou-Quantum-Hackathon/results/quantum/kernels/fixed_q6_n50_snr_clean_zz_reps1_linear_seed42_training.npy,/Users/srikarreddy/Documents/hackathon/hackathon3/QSky-Mizzou-Quantum-Hackathon/results/quantum/kernels/fixed_q6_n50_snr_clean_zz_reps1_linear_seed42_validation.npy,/Users/srikarreddy/Documents/hackathon/hackathon3/QSky-Mizzou-Quantum-Hackathon/results/quantum/kernels/fixed_q6_n50_snr_clean_zz_reps1_linear_seed42_test_snr_20dB.npy
fixed_qsvc,matched_sample_clean_model_robustness,ideal_statevector_fidelity,6,6,50,50,clean,10,test,9a07b0b7f852e290ff6715427dae458fd4dded6b97a84e86758e4420e90f7c0c,2973665665e08fe9c86d7ac59912610933130a1432d9ff533a90a6d2aae893ec,122fca9c88c1665437c95b09c1dd5c91b36a1c407a12253311ff02d6d842e4f0,0.65,0.20833333333333334,0.35714285714285715,0.2631578947368421,0.5248917748917749,0.5346320346320347,0.35714285714285715,0.7121212121212122,0.5816326530612245,0.1794871794871795,0.4375,0.2545454545454545,0.5282012195121951,0.5236280487804879,0.4375,0.6097560975609756,"[[50, 32], [9, 7]]",zz_reps1_linear,1,17,10,29725,2500,3.7707164169987664,0.007501832995330915,3.7714144160272554,0.004384416009997949,0.004626624984666705,"{""fixed_q6_n50_snr_clean_zz_reps1_linear_seed42_test_snr_0dB"": true, ""fixed_q6_n50_snr_clean_zz_reps1_linear_seed42_test_snr_10dB"": true, ""fixed_q6_n50_snr_clean_zz_reps1_linear_seed42_test_snr_20dB"": true, ""fixed_q6_n50_snr_clean_zz_reps1_linear_seed42_test_snr_5dB"": true, ""fixed_q6_n50_snr_clean_zz_reps1_linear_seed42_test_snr_cleandB"": true, ""fixed_q6_n50_snr_clean_zz_reps1_linear_seed42_training"": true, ""fixed_q6_n50_snr_clean_zz_reps1_linear_seed42_validation"": true, ""unregistered"": false}",/Users/srikarreddy/Documents/hackathon/hackathon3/QSky-Mizzou-Quantum-Hackathon/models/quantum_ideal/fixed_qsvc_q6_n50_clean_seed42.joblib,0.0,,[],0.0,2426.0,/Users/srikarreddy/Documents/hackathon/hackathon3/QSky-Mizzou-Quantum-Hackathon/results/quantum/kernels/fixed_q6_n50_snr_clean_zz_reps1_linear_seed42_training.npy,/Users/srikarreddy/Documents/hackathon/hackathon3/QSky-Mizzou-Quantum-Hackathon/results/quantum/kernels/fixed_q6_n50_snr_clean_zz_reps1_linear_seed42_validation.npy,/Users/srikarreddy/Documents/hackathon/hackathon3/QSky-Mizzou-Quantum-Hackathon/results/quantum/kernels/fixed_q6_n50_snr_clean_zz_reps1_linear_seed42_test_snr_10dB.npy
fixed_qsvc,matched_sample_clean_model_robustness,ideal_statevector_fidelity,6,6,50,50,clean,5,test,9a07b0b7f852e290ff6715427dae458fd4dded6b97a84e86758e4420e90f7c0c,2973665665e08fe9c86d7ac59912610933130a1432d9ff533a90a6d2aae893ec,122fca9c88c1665437c95b09c1dd5c91b36a1c407a12253311ff02d6d842e4f0,0.65,0.20833333333333334,0.35714285714285715,0.2631578947368421,0.5248917748917749,0.5346320346320347,0.35714285714285715,0.7121212121212122,0.6224489795918368,0.1111111111111111,0.1875,0.13953488372093023,0.5434451219512195,0.44740853658536583,0.1875,0.7073170731707317,"[[58, 24], [13, 3]]",zz_reps1_linear,1,17,10,29725,2500,3.7707164169987664,0.007501832995330915,3.7714144160272554,0.004307833005441353,0.004626624984666705,"{""fixed_q6_n50_snr_clean_zz_reps1_linear_seed42_test_snr_0dB"": true, ""fixed_q6_n50_snr_clean_zz_reps1_linear_seed42_test_snr_10dB"": true, ""fixed_q6_n50_snr_clean_zz_reps1_linear_seed42_test_snr_20dB"": true, ""fixed_q6_n50_snr_clean_zz_reps1_linear_seed42_test_snr_5dB"": true, ""fixed_q6_n50_snr_clean_zz_reps1_linear_seed42_test_snr_cleandB"": true, ""fixed_q6_n50_snr_clean_zz_reps1_linear_seed42_training"": true, ""fixed_q6_n50_snr_clean_zz_reps1_linear_seed42_validation"": true, ""unregistered"": false}",/Users/srikarreddy/Documents/hackathon/hackathon3/QSky-Mizzou-Quantum-Hackathon/models/quantum_ideal/fixed_qsvc_q6_n50_clean_seed42.joblib,0.0,,[],0.0,2426.0,/Users/srikarreddy/Documents/hackathon/hackathon3/QSky-Mizzou-Quantum-Hackathon/results/quantum/kernels/fixed_q6_n50_snr_clean_zz_reps1_linear_seed42_training.npy,/Users/srikarreddy/Documents/hackathon/hackathon3/QSky-Mizzou-Quantum-Hackathon/results/quantum/kernels/fixed_q6_n50_snr_clean_zz_reps1_linear_seed42_validation.npy,/Users/srikarreddy/Documents/hackathon/hackathon3/QSky-Mizzou-Quantum-Hackathon/results/quantum/kernels/fixed_q6_n50_snr_clean_zz_reps1_linear_seed42_test_snr_5dB.npy
fixed_qsvc,matched_sample_clean_model_robustness,ideal_statevector_fidelity,6,6,50,50,clean,0,test,9a07b0b7f852e290ff6715427dae458fd4dded6b97a84e86758e4420e90f7c0c,2973665665e08fe9c86d7ac59912610933130a1432d9ff533a90a6d2aae893ec,122fca9c88c1665437c95b09c1dd5c91b36a1c407a12253311ff02d6d842e4f0,0.65,0.20833333333333334,0.35714285714285715,0.2631578947368421,0.5248917748917749,0.5346320346320347,0.35714285714285715,0.7121212121212122,0.5918367346938775,0.2,0.5,0.2857142857142857,0.5495426829268293,0.5548780487804879,0.5,0.6097560975609756,"[[50, 32], [8, 8]]",zz_reps1_linear,1,17,10,29725,2500,3.7707164169987664,0.007501832995330915,3.7714144160272554,0.004364000022178516,0.004626624984666705,"{""fixed_q6_n50_snr_clean_zz_reps1_linear_seed42_test_snr_0dB"": true, ""fixed_q6_n50_snr_clean_zz_reps1_linear_seed42_test_snr_10dB"": true, ""fixed_q6_n50_snr_clean_zz_reps1_linear_seed42_test_snr_20dB"": true, ""fixed_q6_n50_snr_clean_zz_reps1_linear_seed42_test_snr_5dB"": true, ""fixed_q6_n50_snr_clean_zz_reps1_linear_seed42_test_snr_cleandB"": true, ""fixed_q6_n50_snr_clean_zz_reps1_linear_seed42_training"": true, ""fixed_q6_n50_snr_clean_zz_reps1_linear_seed42_validation"": true, ""unregistered"": false}",/Users/srikarreddy/Documents/hackathon/hackathon3/QSky-Mizzou-Quantum-Hackathon/models/quantum_ideal/fixed_qsvc_q6_n50_clean_seed42.joblib,0.0,,[],0.0,2426.0,/Users/srikarreddy/Documents/hackathon/hackathon3/QSky-Mizzou-Quantum-Hackathon/results/quantum/kernels/fixed_q6_n50_snr_clean_zz_reps1_linear_seed42_training.npy,/Users/srikarreddy/Documents/hackathon/hackathon3/QSky-Mizzou-Quantum-Hackathon/results/quantum/kernels/fixed_q6_n50_snr_clean_zz_reps1_linear_seed42_validation.npy,/Users/srikarreddy/Documents/hackathon/hackathon3/QSky-Mizzou-Quantum-Hackathon/results/quantum/kernels/fixed_q6_n50_snr_clean_zz_reps1_linear_seed42_test_snr_0dB.npy
rbf_svm,matched_sample_clean_model_robustness,classical_cpu,6,0,50,50,clean,clean,test,9a07b0b7f852e290ff6715427dae458fd4dded6b97a84e86758e4420e90f7c0c,2973665665e08fe9c86d7ac59912610933130a1432d9ff533a90a6d2aae893ec,122fca9c88c1665437c95b09c1dd5c91b36a1c407a12253311ff02d6d842e4f0,0.7,0.3076923076923077,0.5714285714285714,0.4,0.7294372294372294,0.6493506493506493,0.5714285714285714,0.7272727272727273,0.7857142857142857,0.41935483870967744,0.8125,0.5531914893617021,0.8277439024390244,0.7964939024390244,0.8125,0.7804878048780488,"[[64, 18], [3, 13]]",none,0,0,0,0,0,0.0,0.0,0.0007321249868255109,0.004553250008029863,0.0,{},/Users/srikarreddy/Documents/hackathon/hackathon3/QSky-Mizzou-Quantum-Hackathon/models/quantum_ideal/rbf_svm_q6_n50_clean_aggregated_seed42.joblib,0.0,,[],0.0,,,,
rbf_svm,matched_sample_clean_model_robustness,classical_cpu,6,0,50,50,clean,20,test,9a07b0b7f852e290ff6715427dae458fd4dded6b97a84e86758e4420e90f7c0c,2973665665e08fe9c86d7ac59912610933130a1432d9ff533a90a6d2aae893ec,122fca9c88c1665437c95b09c1dd5c91b36a1c407a12253311ff02d6d842e4f0,0.7,0.3076923076923077,0.5714285714285714,0.4,0.7294372294372294,0.6493506493506493,0.5714285714285714,0.7272727272727273,0.7755102040816326,0.375,0.5625,0.45,0.8064024390243902,0.6897865853658536,0.5625,0.8170731707317073,"[[67, 15], [7, 9]]",none,0,0,0,0,0,0.0,0.0,0.0007321249868255109,0.004193041007965803,0.0,{},/Users/srikarreddy/Documents/hackathon/hackathon3/QSky-Mizzou-Quantum-Hackathon/models/quantum_ideal/rbf_svm_q6_n50_clean_aggregated_seed42.joblib,0.0,,[],0.0,,,,
rbf_svm,matched_sample_clean_model_robustness,classical_cpu,6,0,50,50,clean,10,test,9a07b0b7f852e290ff6715427dae458fd4dded6b97a84e86758e4420e90f7c0c,2973665665e08fe9c86d7ac59912610933130a1432d9ff533a90a6d2aae893ec,122fca9c88c1665437c95b09c1dd5c91b36a1c407a12253311ff02d6d842e4f0,0.7,0.3076923076923077,0.5714285714285714,0.4,0.7294372294372294,0.6493506493506493,0.5714285714285714,0.7272727272727273,0.7653061224489796,0.29411764705882354,0.3125,0.30303030303030304,0.7820121951219513,0.5830792682926829,0.3125,0.8536585365853658,"[[70, 12], [11, 5]]",none,0,0,0,0,0,0.0,0.0,0.0007321249868255109,0.0044064999965485185,0.0,{},/Users/srikarreddy/Documents/hackathon/hackathon3/QSky-Mizzou-Quantum-Hackathon/models/quantum_ideal/rbf_svm_q6_n50_clean_aggregated_seed42.joblib,0.0,,[],0.0,,,,
rbf_svm,matched_sample_clean_model_robustness,classical_cpu,6,0,50,50,clean,5,test,9a07b0b7f852e290ff6715427dae458fd4dded6b97a84e86758e4420e90f7c0c,2973665665e08fe9c86d7ac59912610933130a1432d9ff533a90a6d2aae893ec,122fca9c88c1665437c95b09c1dd5c91b36a1c407a12253311ff02d6d842e4f0,0.7,0.3076923076923077,0.5714285714285714,0.4,0.7294372294372294,0.6493506493506493,0.5714285714285714,0.7272727272727273,0.7551020408163265,0.2777777777777778,0.3125,0.29411764705882354,0.7652439024390245,0.5769817073170731,0.3125,0.8414634146341463,"[[69, 13], [11, 5]]",none,0,0,0,0,0,0.0,0.0,0.0007321249868255109,0.00416533398674801,0.0,{},/Users/srikarreddy/Documents/hackathon/hackathon3/QSky-Mizzou-Quantum-Hackathon/models/quantum_ideal/rbf_svm_q6_n50_clean_aggregated_seed42.joblib,0.0,,[],0.0,,,,
rbf_svm,matched_sample_clean_model_robustness,classical_cpu,6,0,50,50,clean,0,test,9a07b0b7f852e290ff6715427dae458fd4dded6b97a84e86758e4420e90f7c0c,2973665665e08fe9c86d7ac59912610933130a1432d9ff533a90a6d2aae893ec,122fca9c88c1665437c95b09c1dd5c91b36a1c407a12253311ff02d6d842e4f0,0.7,0.3076923076923077,0.5714285714285714,0.4,0.7294372294372294,0.6493506493506493,0.5714285714285714,0.7272727272727273,0.7653061224489796,0.29411764705882354,0.3125,0.30303030303030304,0.7385670731707317,0.5830792682926829,0.3125,0.8536585365853658,"[[70, 12], [11, 5]]",none,0,0,0,0,0,0.0,0.0,0.0007321249868255109,0.004335000005085021,0.0,{},/Users/srikarreddy/Documents/hackathon/hackathon3/QSky-Mizzou-Quantum-Hackathon/models/quantum_ideal/rbf_svm_q6_n50_clean_aggregated_seed42.joblib,0.0,,[],0.0,,,,
small_mlp,matched_sample_clean_model_robustness,classical_cpu,6,0,50,50,clean,clean,test,9a07b0b7f852e290ff6715427dae458fd4dded6b97a84e86758e4420e90f7c0c,2973665665e08fe9c86d7ac59912610933130a1432d9ff533a90a6d2aae893ec,122fca9c88c1665437c95b09c1dd5c91b36a1c407a12253311ff02d6d842e4f0,0.775,0.4230769230769231,0.7857142857142857,0.55,0.8257575757575758,0.7792207792207793,0.7857142857142857,0.7727272727272727,0.7653061224489796,0.4,0.875,0.5490196078431373,0.8727134146341463,0.8094512195121951,0.875,0.7439024390243902,"[[61, 21], [2, 14]]",none,0,0,0,0,0,0.0,0.0,0.743709125003079,0.004017875005956739,0.0,{},/Users/srikarreddy/Documents/hackathon/hackathon3/QSky-Mizzou-Quantum-Hackathon/models/quantum_ideal/small_mlp_q6_n50_clean_aggregated_seed42.joblib,0.0,,[],0.0,,,,
small_mlp,matched_sample_clean_model_robustness,classical_cpu,6,0,50,50,clean,20,test,9a07b0b7f852e290ff6715427dae458fd4dded6b97a84e86758e4420e90f7c0c,2973665665e08fe9c86d7ac59912610933130a1432d9ff533a90a6d2aae893ec,122fca9c88c1665437c95b09c1dd5c91b36a1c407a12253311ff02d6d842e4f0,0.775,0.4230769230769231,0.7857142857142857,0.55,0.8257575757575758,0.7792207792207793,0.7857142857142857,0.7727272727272727,0.7755102040816326,0.40625,0.8125,0.5416666666666666,0.8391768292682926,0.7903963414634146,0.8125,0.7682926829268293,"[[63, 19], [3, 13]]",none,0,0,0,0,0,0.0,0.0,0.743709125003079,0.0038673329981975257,0.0,{},/Users/srikarreddy/Documents/hackathon/hackathon3/QSky-Mizzou-Quantum-Hackathon/models/quantum_ideal/small_mlp_q6_n50_clean_aggregated_seed42.joblib,0.0,,[],0.0,,,,
small_mlp,matched_sample_clean_model_robustness,classical_cpu,6,0,50,50,clean,10,test,9a07b0b7f852e290ff6715427dae458fd4dded6b97a84e86758e4420e90f7c0c,2973665665e08fe9c86d7ac59912610933130a1432d9ff533a90a6d2aae893ec,122fca9c88c1665437c95b09c1dd5c91b36a1c407a12253311ff02d6d842e4f0,0.775,0.4230769230769231,0.7857142857142857,0.55,0.8257575757575758,0.7792207792207793,0.7857142857142857,0.7727272727272727,0.7448979591836735,0.3448275862068966,0.625,0.4444444444444444,0.819359756097561,0.6966463414634146,0.625,0.7682926829268293,"[[63, 19], [6, 10]]",none,0,0,0,0,0,0.0,0.0,0.743709125003079,0.0040926669898908585,0.0,{},/Users/srikarreddy/Documents/hackathon/hackathon3/QSky-Mizzou-Quantum-Hackathon/models/quantum_ideal/small_mlp_q6_n50_clean_aggregated_seed42.joblib,0.0,,[],0.0,,,,
small_mlp,matched_sample_clean_model_robustness,classical_cpu,6,0,50,50,clean,5,test,9a07b0b7f852e290ff6715427dae458fd4dded6b97a84e86758e4420e90f7c0c,2973665665e08fe9c86d7ac59912610933130a1432d9ff533a90a6d2aae893ec,122fca9c88c1665437c95b09c1dd5c91b36a1c407a12253311ff02d6d842e4f0,0.775,0.4230769230769231,0.7857142857142857,0.55,0.8257575757575758,0.7792207792207793,0.7857142857142857,0.7727272727272727,0.6938775510204082,0.25,0.4375,0.3181818181818182,0.7972560975609756,0.5907012195121951,0.4375,0.7439024390243902,"[[61, 21], [9, 7]]",none,0,0,0,0,0,0.0,0.0,0.743709125003079,0.003799792000791058,0.0,{},/Users/srikarreddy/Documents/hackathon/hackathon3/QSky-Mizzou-Quantum-Hackathon/models/quantum_ideal/small_mlp_q6_n50_clean_aggregated_seed42.joblib,0.0,,[],0.0,,,,
small_mlp,matched_sample_clean_model_robustness,classical_cpu,6,0,50,50,clean,0,test,9a07b0b7f852e290ff6715427dae458fd4dded6b97a84e86758e4420e90f7c0c,2973665665e08fe9c86d7ac59912610933130a1432d9ff533a90a6d2aae893ec,122fca9c88c1665437c95b09c1dd5c91b36a1c407a12253311ff02d6d842e4f0,0.775,0.4230769230769231,0.7857142857142857,0.55,0.8257575757575758,0.7792207792207793,0.7857142857142857,0.7727272727272727,0.7448979591836735,0.32,0.5,0.3902439024390244,0.7576219512195121,0.6463414634146342,0.5,0.7926829268292683,"[[65, 17], [8, 8]]",none,0,0,0,0,0,0.0,0.0,0.743709125003079,0.00437112498912029,0.0,{},/Users/srikarreddy/Documents/hackathon/hackathon3/QSky-Mizzou-Quantum-Hackathon/models/quantum_ideal/small_mlp_q6_n50_clean_aggregated_seed42.joblib,0.0,,[],0.0,,,,
fixed_qsvc,matched_sample_clean_model_robustness,ideal_statevector_fidelity,6,6,70,70,clean,clean,test,b4738a0e925c1c03ecfd4f680ea9777e823c2b07f03e8a7425378b68bc46d466,2973665665e08fe9c86d7ac59912610933130a1432d9ff533a90a6d2aae893ec,122fca9c88c1665437c95b09c1dd5c91b36a1c407a12253311ff02d6d842e4f0,0.575,0.2222222222222222,0.5714285714285714,0.32,0.5573593073593073,0.5735930735930737,0.5714285714285714,0.5757575757575758,0.47959183673469385,0.1276595744680851,0.375,0.19047619047619047,0.40625,0.4375,0.375,0.5,"[[41, 41], [10, 6]]",zz_reps1_linear,1,17,10,42315,4900,7.403718375018798,0.00744595899595879,7.404469208995579,0.004479291004827246,0.004642624990083277,"{""fixed_q6_n70_snr_clean_zz_reps1_linear_seed42_test_snr_0dB"": true, ""fixed_q6_n70_snr_clean_zz_reps1_linear_seed42_test_snr_10dB"": true, ""fixed_q6_n70_snr_clean_zz_reps1_linear_seed42_test_snr_20dB"": true, ""fixed_q6_n70_snr_clean_zz_reps1_linear_seed42_test_snr_5dB"": true, ""fixed_q6_n70_snr_clean_zz_reps1_linear_seed42_test_snr_cleandB"": true, ""fixed_q6_n70_snr_clean_zz_reps1_linear_seed42_training"": true, ""fixed_q6_n70_snr_clean_zz_reps1_linear_seed42_validation"": true, ""unregistered"": false}",/Users/srikarreddy/Documents/hackathon/hackathon3/QSky-Mizzou-Quantum-Hackathon/models/quantum_ideal/fixed_qsvc_q6_n70_clean_seed42.joblib,0.0,,[],0.0,3654.0,/Users/srikarreddy/Documents/hackathon/hackathon3/QSky-Mizzou-Quantum-Hackathon/results/quantum/kernels/fixed_q6_n70_snr_clean_zz_reps1_linear_seed42_training.npy,/Users/srikarreddy/Documents/hackathon/hackathon3/QSky-Mizzou-Quantum-Hackathon/results/quantum/kernels/fixed_q6_n70_snr_clean_zz_reps1_linear_seed42_validation.npy,/Users/srikarreddy/Documents/hackathon/hackathon3/QSky-Mizzou-Quantum-Hackathon/results/quantum/kernels/fixed_q6_n70_snr_clean_zz_reps1_linear_seed42_test_snr_cleandB.npy
fixed_qsvc,matched_sample_clean_model_robustness,ideal_statevector_fidelity,6,6,70,70,clean,20,test,b4738a0e925c1c03ecfd4f680ea9777e823c2b07f03e8a7425378b68bc46d466,2973665665e08fe9c86d7ac59912610933130a1432d9ff533a90a6d2aae893ec,122fca9c88c1665437c95b09c1dd5c91b36a1c407a12253311ff02d6d842e4f0,0.575,0.2222222222222222,0.5714285714285714,0.32,0.5573593073593073,0.5735930735930737,0.5714285714285714,0.5757575757575758,0.5714285714285714,0.20454545454545456,0.5625,0.3,0.5838414634146342,0.5678353658536586,0.5625,0.573170731707317,"[[47, 35], [7, 9]]",zz_reps1_linear,1,17,10,42315,4900,7.403718375018798,0.00744595899595879,7.404469208995579,0.004524749994743615,0.004642624990083277,"{""fixed_q6_n70_snr_clean_zz_reps1_linear_seed42_test_snr_0dB"": true, ""fixed_q6_n70_snr_clean_zz_reps1_linear_seed42_test_snr_10dB"": true, ""fixed_q6_n70_snr_clean_zz_reps1_linear_seed42_test_snr_20dB"": true, ""fixed_q6_n70_snr_clean_zz_reps1_linear_seed42_test_snr_5dB"": true, ""fixed_q6_n70_snr_clean_zz_reps1_linear_seed42_test_snr_cleandB"": true, ""fixed_q6_n70_snr_clean_zz_reps1_linear_seed42_training"": true, ""fixed_q6_n70_snr_clean_zz_reps1_linear_seed42_validation"": true, ""unregistered"": false}",/Users/srikarreddy/Documents/hackathon/hackathon3/QSky-Mizzou-Quantum-Hackathon/models/quantum_ideal/fixed_qsvc_q6_n70_clean_seed42.joblib,0.0,,[],0.0,3654.0,/Users/srikarreddy/Documents/hackathon/hackathon3/QSky-Mizzou-Quantum-Hackathon/results/quantum/kernels/fixed_q6_n70_snr_clean_zz_reps1_linear_seed42_training.npy,/Users/srikarreddy/Documents/hackathon/hackathon3/QSky-Mizzou-Quantum-Hackathon/results/quantum/kernels/fixed_q6_n70_snr_clean_zz_reps1_linear_seed42_validation.npy,/Users/srikarreddy/Documents/hackathon/hackathon3/QSky-Mizzou-Quantum-Hackathon/results/quantum/kernels/fixed_q6_n70_snr_clean_zz_reps1_linear_seed42_test_snr_20dB.npy
fixed_qsvc,matched_sample_clean_model_robustness,ideal_statevector_fidelity,6,6,70,70,clean,10,test,b4738a0e925c1c03ecfd4f680ea9777e823c2b07f03e8a7425378b68bc46d466,2973665665e08fe9c86d7ac59912610933130a1432d9ff533a90a6d2aae893ec,122fca9c88c1665437c95b09c1dd5c91b36a1c407a12253311ff02d6d842e4f0,0.575,0.2222222222222222,0.5714285714285714,0.32,0.5573593073593073,0.5735930735930737,0.5714285714285714,0.5757575757575758,0.5306122448979592,0.14285714285714285,0.375,0.20689655172413793,0.45807926829268286,0.4679878048780488,0.375,0.5609756097560976,"[[46, 36], [10, 6]]",zz_reps1_linear,1,17,10,42315,4900,7.403718375018798,0.00744595899595879,7.404469208995579,0.004459457995835692,0.004642624990083277,"{""fixed_q6_n70_snr_clean_zz_reps1_linear_seed42_test_snr_0dB"": true, ""fixed_q6_n70_snr_clean_zz_reps1_linear_seed42_test_snr_10dB"": true, ""fixed_q6_n70_snr_clean_zz_reps1_linear_seed42_test_snr_20dB"": true, ""fixed_q6_n70_snr_clean_zz_reps1_linear_seed42_test_snr_5dB"": true, ""fixed_q6_n70_snr_clean_zz_reps1_linear_seed42_test_snr_cleandB"": true, ""fixed_q6_n70_snr_clean_zz_reps1_linear_seed42_training"": true, ""fixed_q6_n70_snr_clean_zz_reps1_linear_seed42_validation"": true, ""unregistered"": false}",/Users/srikarreddy/Documents/hackathon/hackathon3/QSky-Mizzou-Quantum-Hackathon/models/quantum_ideal/fixed_qsvc_q6_n70_clean_seed42.joblib,0.0,,[],0.0,3654.0,/Users/srikarreddy/Documents/hackathon/hackathon3/QSky-Mizzou-Quantum-Hackathon/results/quantum/kernels/fixed_q6_n70_snr_clean_zz_reps1_linear_seed42_training.npy,/Users/srikarreddy/Documents/hackathon/hackathon3/QSky-Mizzou-Quantum-Hackathon/results/quantum/kernels/fixed_q6_n70_snr_clean_zz_reps1_linear_seed42_validation.npy,/Users/srikarreddy/Documents/hackathon/hackathon3/QSky-Mizzou-Quantum-Hackathon/results/quantum/kernels/fixed_q6_n70_snr_clean_zz_reps1_linear_seed42_test_snr_10dB.npy
fixed_qsvc,matched_sample_clean_model_robustness,ideal_statevector_fidelity,6,6,70,70,clean,5,test,b4738a0e925c1c03ecfd4f680ea9777e823c2b07f03e8a7425378b68bc46d466,2973665665e08fe9c86d7ac59912610933130a1432d9ff533a90a6d2aae893ec,122fca9c88c1665437c95b09c1dd5c91b36a1c407a12253311ff02d6d842e4f0,0.575,0.2222222222222222,0.5714285714285714,0.32,0.5573593073593073,0.5735930735930737,0.5714285714285714,0.5757575757575758,0.5408163265306123,0.1282051282051282,0.3125,0.18181818181818182,0.5106707317073171,0.4489329268292683,0.3125,0.5853658536585366,"[[48, 34], [11, 5]]",zz_reps1_linear,1,17,10,42315,4900,7.403718375018798,0.00744595899595879,7.404469208995579,0.004616499994881451,0.004642624990083277,"{""fixed_q6_n70_snr_clean_zz_reps1_linear_seed42_test_snr_0dB"": true, ""fixed_q6_n70_snr_clean_zz_reps1_linear_seed42_test_snr_10dB"": true, ""fixed_q6_n70_snr_clean_zz_reps1_linear_seed42_test_snr_20dB"": true, ""fixed_q6_n70_snr_clean_zz_reps1_linear_seed42_test_snr_5dB"": true, ""fixed_q6_n70_snr_clean_zz_reps1_linear_seed42_test_snr_cleandB"": true, ""fixed_q6_n70_snr_clean_zz_reps1_linear_seed42_training"": true, ""fixed_q6_n70_snr_clean_zz_reps1_linear_seed42_validation"": true, ""unregistered"": false}",/Users/srikarreddy/Documents/hackathon/hackathon3/QSky-Mizzou-Quantum-Hackathon/models/quantum_ideal/fixed_qsvc_q6_n70_clean_seed42.joblib,0.0,,[],0.0,3654.0,/Users/srikarreddy/Documents/hackathon/hackathon3/QSky-Mizzou-Quantum-Hackathon/results/quantum/kernels/fixed_q6_n70_snr_clean_zz_reps1_linear_seed42_training.npy,/Users/srikarreddy/Documents/hackathon/hackathon3/QSky-Mizzou-Quantum-Hackathon/results/quantum/kernels/fixed_q6_n70_snr_clean_zz_reps1_linear_seed42_validation.npy,/Users/srikarreddy/Documents/hackathon/hackathon3/QSky-Mizzou-Quantum-Hackathon/results/quantum/kernels/fixed_q6_n70_snr_clean_zz_reps1_linear_seed42_test_snr_5dB.npy
fixed_qsvc,matched_sample_clean_model_robustness,ideal_statevector_fidelity,6,6,70,70,clean,0,test,b4738a0e925c1c03ecfd4f680ea9777e823c2b07f03e8a7425378b68bc46d466,2973665665e08fe9c86d7ac59912610933130a1432d9ff533a90a6d2aae893ec,122fca9c88c1665437c95b09c1dd5c91b36a1c407a12253311ff02d6d842e4f0,0.575,0.2222222222222222,0.5714285714285714,0.32,0.5573593073593073,0.5735930735930737,0.5714285714285714,0.5757575757575758,0.5714285714285714,0.15789473684210525,0.375,0.2222222222222222,0.47789634146341464,0.4923780487804878,0.375,0.6097560975609756,"[[50, 32], [10, 6]]",zz_reps1_linear,1,17,10,42315,4900,7.403718375018798,0.00744595899595879,7.404469208995579,0.004423250007675961,0.004642624990083277,"{""fixed_q6_n70_snr_clean_zz_reps1_linear_seed42_test_snr_0dB"": true, ""fixed_q6_n70_snr_clean_zz_reps1_linear_seed42_test_snr_10dB"": true, ""fixed_q6_n70_snr_clean_zz_reps1_linear_seed42_test_snr_20dB"": true, ""fixed_q6_n70_snr_clean_zz_reps1_linear_seed42_test_snr_5dB"": true, ""fixed_q6_n70_snr_clean_zz_reps1_linear_seed42_test_snr_cleandB"": true, ""fixed_q6_n70_snr_clean_zz_reps1_linear_seed42_training"": true, ""fixed_q6_n70_snr_clean_zz_reps1_linear_seed42_validation"": true, ""unregistered"": false}",/Users/srikarreddy/Documents/hackathon/hackathon3/QSky-Mizzou-Quantum-Hackathon/models/quantum_ideal/fixed_qsvc_q6_n70_clean_seed42.joblib,0.0,,[],0.0,3654.0,/Users/srikarreddy/Documents/hackathon/hackathon3/QSky-Mizzou-Quantum-Hackathon/results/quantum/kernels/fixed_q6_n70_snr_clean_zz_reps1_linear_seed42_training.npy,/Users/srikarreddy/Documents/hackathon/hackathon3/QSky-Mizzou-Quantum-Hackathon/results/quantum/kernels/fixed_q6_n70_snr_clean_zz_reps1_linear_seed42_validation.npy,/Users/srikarreddy/Documents/hackathon/hackathon3/QSky-Mizzou-Quantum-Hackathon/results/quantum/kernels/fixed_q6_n70_snr_clean_zz_reps1_linear_seed42_test_snr_0dB.npy
rbf_svm,matched_sample_clean_model_robustness,classical_cpu,6,0,70,70,clean,clean,test,b4738a0e925c1c03ecfd4f680ea9777e823c2b07f03e8a7425378b68bc46d466,2973665665e08fe9c86d7ac59912610933130a1432d9ff533a90a6d2aae893ec,122fca9c88c1665437c95b09c1dd5c91b36a1c407a12253311ff02d6d842e4f0,0.675,0.3125,0.7142857142857143,0.43478260869565216,0.722943722943723,0.6904761904761905,0.7142857142857143,0.6666666666666666,0.7551020408163265,0.39473684210526316,0.9375,0.5555555555555556,0.8300304878048781,0.8285060975609756,0.9375,0.7195121951219512,"[[59, 23], [1, 15]]",none,0,0,0,0,0,0.0,0.0,0.000713042012648657,0.00439520800136961,0.0,{},/Users/srikarreddy/Documents/hackathon/hackathon3/QSky-Mizzou-Quantum-Hackathon/models/quantum_ideal/rbf_svm_q6_n70_clean_aggregated_seed42.joblib,0.0,,[],0.0,,,,
rbf_svm,matched_sample_clean_model_robustness,classical_cpu,6,0,70,70,clean,20,test,b4738a0e925c1c03ecfd4f680ea9777e823c2b07f03e8a7425378b68bc46d466,2973665665e08fe9c86d7ac59912610933130a1432d9ff533a90a6d2aae893ec,122fca9c88c1665437c95b09c1dd5c91b36a1c407a12253311ff02d6d842e4f0,0.675,0.3125,0.7142857142857143,0.43478260869565216,0.722943722943723,0.6904761904761905,0.7142857142857143,0.6666666666666666,0.7755102040816326,0.40625,0.8125,0.5416666666666666,0.8109756097560976,0.7903963414634146,0.8125,0.7682926829268293,"[[63, 19], [3, 13]]",none,0,0,0,0,0,0.0,0.0,0.000713042012648657,0.004774000000907108,0.0,{},/Users/srikarreddy/Documents/hackathon/hackathon3/QSky-Mizzou-Quantum-Hackathon/models/quantum_ideal/rbf_svm_q6_n70_clean_aggregated_seed42.joblib,0.0,,[],0.0,,,,
rbf_svm,matched_sample_clean_model_robustness,classical_cpu,6,0,70,70,clean,10,test,b4738a0e925c1c03ecfd4f680ea9777e823c2b07f03e8a7425378b68bc46d466,2973665665e08fe9c86d7ac59912610933130a1432d9ff533a90a6d2aae893ec,122fca9c88c1665437c95b09c1dd5c91b36a1c407a12253311ff02d6d842e4f0,0.675,0.3125,0.7142857142857143,0.43478260869565216,0.722943722943723,0.6904761904761905,0.7142857142857143,0.6666666666666666,0.7551020408163265,0.34615384615384615,0.5625,0.42857142857142855,0.7903963414634146,0.6775914634146342,0.5625,0.7926829268292683,"[[65, 17], [7, 9]]",none,0,0,0,0,0,0.0,0.0,0.000713042012648657,0.00432587499381043,0.0,{},/Users/srikarreddy/Documents/hackathon/hackathon3/QSky-Mizzou-Quantum-Hackathon/models/quantum_ideal/rbf_svm_q6_n70_clean_aggregated_seed42.joblib,0.0,,[],0.0,,,,
rbf_svm,matched_sample_clean_model_robustness,classical_cpu,6,0,70,70,clean,5,test,b4738a0e925c1c03ecfd4f680ea9777e823c2b07f03e8a7425378b68bc46d466,2973665665e08fe9c86d7ac59912610933130a1432d9ff533a90a6d2aae893ec,122fca9c88c1665437c95b09c1dd5c91b36a1c407a12253311ff02d6d842e4f0,0.675,0.3125,0.7142857142857143,0.43478260869565216,0.722943722943723,0.6904761904761905,0.7142857142857143,0.6666666666666666,0.7448979591836735,0.2631578947368421,0.3125,0.2857142857142857,0.7774390243902439,0.5708841463414633,0.3125,0.8292682926829268,"[[68, 14], [11, 5]]",none,0,0,0,0,0,0.0,0.0,0.000713042012648657,0.005097750021377578,0.0,{},/Users/srikarreddy/Documents/hackathon/hackathon3/QSky-Mizzou-Quantum-Hackathon/models/quantum_ideal/rbf_svm_q6_n70_clean_aggregated_seed42.joblib,0.0,,[],0.0,,,,
rbf_svm,matched_sample_clean_model_robustness,classical_cpu,6,0,70,70,clean,0,test,b4738a0e925c1c03ecfd4f680ea9777e823c2b07f03e8a7425378b68bc46d466,2973665665e08fe9c86d7ac59912610933130a1432d9ff533a90a6d2aae893ec,122fca9c88c1665437c95b09c1dd5c91b36a1c407a12253311ff02d6d842e4f0,0.675,0.3125,0.7142857142857143,0.43478260869565216,0.722943722943723,0.6904761904761905,0.7142857142857143,0.6666666666666666,0.7551020408163265,0.2777777777777778,0.3125,0.29411764705882354,0.7721036585365855,0.5769817073170731,0.3125,0.8414634146341463,"[[69, 13], [11, 5]]",none,0,0,0,0,0,0.0,0.0,0.000713042012648657,0.004281792003894225,0.0,{},/Users/srikarreddy/Documents/hackathon/hackathon3/QSky-Mizzou-Quantum-Hackathon/models/quantum_ideal/rbf_svm_q6_n70_clean_aggregated_seed42.joblib,0.0,,[],0.0,,,,
small_mlp,matched_sample_clean_model_robustness,classical_cpu,6,0,70,70,clean,clean,test,b4738a0e925c1c03ecfd4f680ea9777e823c2b07f03e8a7425378b68bc46d466,2973665665e08fe9c86d7ac59912610933130a1432d9ff533a90a6d2aae893ec,122fca9c88c1665437c95b09c1dd5c91b36a1c407a12253311ff02d6d842e4f0,0.625,0.30952380952380953,0.9285714285714286,0.4642857142857143,0.6991341991341992,0.7445887445887446,0.9285714285714286,0.5606060606060606,0.6836734693877551,0.32558139534883723,0.875,0.4745762711864407,0.8102134146341464,0.7606707317073171,0.875,0.6463414634146342,"[[53, 29], [2, 14]]",none,0,0,0,0,0,0.0,0.0,0.5147130409895908,0.00414754098164849,0.0,{},/Users/srikarreddy/Documents/hackathon/hackathon3/QSky-Mizzou-Quantum-Hackathon/models/quantum_ideal/small_mlp_q6_n70_clean_aggregated_seed42.joblib,0.0,,[],0.0,,,,
small_mlp,matched_sample_clean_model_robustness,classical_cpu,6,0,70,70,clean,20,test,b4738a0e925c1c03ecfd4f680ea9777e823c2b07f03e8a7425378b68bc46d466,2973665665e08fe9c86d7ac59912610933130a1432d9ff533a90a6d2aae893ec,122fca9c88c1665437c95b09c1dd5c91b36a1c407a12253311ff02d6d842e4f0,0.625,0.30952380952380953,0.9285714285714286,0.4642857142857143,0.6991341991341992,0.7445887445887446,0.9285714285714286,0.5606060606060606,0.6530612244897959,0.30434782608695654,0.875,0.45161290322580644,0.7926829268292683,0.7423780487804879,0.875,0.6097560975609756,"[[50, 32], [2, 14]]",none,0,0,0,0,0,0.0,0.0,0.5147130409895908,0.003862457990180701,0.0,{},/Users/srikarreddy/Documents/hackathon/hackathon3/QSky-Mizzou-Quantum-Hackathon/models/quantum_ideal/small_mlp_q6_n70_clean_aggregated_seed42.joblib,0.0,,[],0.0,,,,
small_mlp,matched_sample_clean_model_robustness,classical_cpu,6,0,70,70,clean,10,test,b4738a0e925c1c03ecfd4f680ea9777e823c2b07f03e8a7425378b68bc46d466,2973665665e08fe9c86d7ac59912610933130a1432d9ff533a90a6d2aae893ec,122fca9c88c1665437c95b09c1dd5c91b36a1c407a12253311ff02d6d842e4f0,0.625,0.30952380952380953,0.9285714285714286,0.4642857142857143,0.6991341991341992,0.7445887445887446,0.9285714285714286,0.5606060606060606,0.6530612244897959,0.30434782608695654,0.875,0.45161290322580644,0.7873475609756098,0.7423780487804879,0.875,0.6097560975609756,"[[50, 32], [2, 14]]",none,0,0,0,0,0,0.0,0.0,0.5147130409895908,0.0038659999845549464,0.0,{},/Users/srikarreddy/Documents/hackathon/hackathon3/QSky-Mizzou-Quantum-Hackathon/models/quantum_ideal/small_mlp_q6_n70_clean_aggregated_seed42.joblib,0.0,,[],0.0,,,,
small_mlp,matched_sample_clean_model_robustness,classical_cpu,6,0,70,70,clean,5,test,b4738a0e925c1c03ecfd4f680ea9777e823c2b07f03e8a7425378b68bc46d466,2973665665e08fe9c86d7ac59912610933130a1432d9ff533a90a6d2aae893ec,122fca9c88c1665437c95b09c1dd5c91b36a1c407a12253311ff02d6d842e4f0,0.625,0.30952380952380953,0.9285714285714286,0.4642857142857143,0.6991341991341992,0.7445887445887446,0.9285714285714286,0.5606060606060606,0.673469387755102,0.3181818181818182,0.875,0.4666666666666667,0.7827743902439025,0.7545731707317074,0.875,0.6341463414634146,"[[52, 30], [2, 14]]",none,0,0,0,0,0,0.0,0.0,0.5147130409895908,0.004304875008529052,0.0,{},/Users/srikarreddy/Documents/hackathon/hackathon3/QSky-Mizzou-Quantum-Hackathon/models/quantum_ideal/small_mlp_q6_n70_clean_aggregated_seed42.joblib,0.0,,[],0.0,,,,
small_mlp,matched_sample_clean_model_robustness,classical_cpu,6,0,70,70,clean,0,test,b4738a0e925c1c03ecfd4f680ea9777e823c2b07f03e8a7425378b68bc46d466,2973665665e08fe9c86d7ac59912610933130a1432d9ff533a90a6d2aae893ec,122fca9c88c1665437c95b09c1dd5c91b36a1c407a12253311ff02d6d842e4f0,0.625,0.30952380952380953,0.9285714285714286,0.4642857142857143,0.6991341991341992,0.7445887445887446,0.9285714285714286,0.5606060606060606,0.6836734693877551,0.3333333333333333,0.9375,0.4918032786885246,0.7606707317073171,0.7858231707317074,0.9375,0.6341463414634146,"[[52, 30], [1, 15]]",none,0,0,0,0,0,0.0,0.0,0.5147130409895908,0.004053874989040196,0.0,{},/Users/srikarreddy/Documents/hackathon/hackathon3/QSky-Mizzou-Quantum-Hackathon/models/quantum_ideal/small_mlp_q6_n70_clean_aggregated_seed42.joblib,0.0,,[],0.0,,,,
