requested_recordings,actual_recordings,recording_id,sample_id,binary_label
25,24,a19effb29fc4c84477c1,a19effb29fc4c84477c1__bc6845ca__clean__seg0000,1.0
25,24,a19effb29fc4c84477c1,a19effb29fc4c84477c1__bc6845ca__clean__seg0001,1.0
25,24,a19effb29fc4c84477c1,a19effb29fc4c84477c1__bc6845ca__clean__seg0002,1.0
25,24,a19effb29fc4c84477c1,a19effb29fc4c84477c1__bc6845ca__clean__seg0003,1.0
25,24,a19effb29fc4c84477c1,a19effb29fc4c84477c1__bc6845ca__clean__seg0004,1.0
25,24,a19effb29fc4c84477c1,a19effb29fc4c84477c1__bc6845ca__clean__seg0005,1.0
25,24,a19effb29fc4c84477c1,a19effb29fc4c84477c1__bc6845ca__clean__seg0006,1.0
25,24,a19effb29fc4c84477c1,a19effb29fc4c84477c1__bc6845ca__clean__seg0007,1.0
25,24,a19effb29fc4c84477c1,a19effb29fc4c84477c1__bc6845ca__clean__seg0008,1.0
25,24,a19effb29fc4c84477c1,a19effb29fc4c84477c1__bc6845ca__clean__seg0009,1.0
25,24,1b7b94479c9af0d5c7e1,1b7b94479c9af0d5c7e1__0140ff29__clean__seg0000,1.0
25,24,1b7b94479c9af0d5c7e1,1b7b94479c9af0d5c7e1__0140ff29__clean__seg0001,1.0
25,24,1b7b94479c9af0d5c7e1,1b7b94479c9af0d5c7e1__0140ff29__clean__seg0002,1.0
25,24,1b7b94479c9af0d5c7e1,1b7b94479c9af0d5c7e1__0140ff29__clean__seg0003,1.0
25,24,1b7b94479c9af0d5c7e1,1b7b94479c9af0d5c7e1__0140ff29__clean__seg0004,1.0
25,24,1b7b94479c9af0d5c7e1,1b7b94479c9af0d5c7e1__0140ff29__clean__seg0005,1.0
25,24,1b7b94479c9af0d5c7e1,1b7b94479c9af0d5c7e1__0140ff29__clean__seg0006,1.0
25,24,1b7b94479c9af0d5c7e1,1b7b94479c9af0d5c7e1__0140ff29__clean__seg0007,1.0
25,24,1b7b94479c9af0d5c7e1,1b7b94479c9af0d5c7e1__0140ff29__clean__seg0008,1.0
25,24,1b7b94479c9af0d5c7e1,1b7b94479c9af0d5c7e1__0140ff29__clean__seg0009,1.0
25,24,60b2305f8ea1ec1e33af,60b2305f8ea1ec1e33af__a5b9cb8b__clean__seg0000,1.0
25,24,60b2305f8ea1ec1e33af,60b2305f8ea1ec1e33af__a5b9cb8b__clean__seg0001,1.0
25,24,60b2305f8ea1ec1e33af,60b2305f8ea1ec1e33af__a5b9cb8b__clean__seg0002,1.0
25,24,60b2305f8ea1ec1e33af,60b2305f8ea1ec1e33af__a5b9cb8b__clean__seg0003,1.0
25,24,60b2305f8ea1ec1e33af,60b2305f8ea1ec1e33af__a5b9cb8b__clean__seg0004,1.0
25,24,60b2305f8ea1ec1e33af,60b2305f8ea1ec1e33af__a5b9cb8b__clean__seg0005,1.0
25,24,60b2305f8ea1ec1e33af,60b2305f8ea1ec1e33af__a5b9cb8b__clean__seg0006,1.0
25,24,60b2305f8ea1ec1e33af,60b2305f8ea1ec1e33af__a5b9cb8b__clean__seg0007,1.0
25,24,60b2305f8ea1ec1e33af,60b2305f8ea1ec1e33af__a5b9cb8b__clean__seg0008,1.0
25,24,60b2305f8ea1ec1e33af,60b2305f8ea1ec1e33af__a5b9cb8b__clean__seg0009,1.0
25,24,44a955ea3f047ba395ee,44a955ea3f047ba395ee__f152756b__clean__seg0000,1.0
25,24,44a955ea3f047ba395ee,44a955ea3f047ba395ee__f152756b__clean__seg0001,1.0
25,24,44a955ea3f047ba395ee,44a955ea3f047ba395ee__f152756b__clean__seg0002,1.0
25,24,44a955ea3f047ba395ee,44a955ea3f047ba395ee__f152756b__clean__seg0003,1.0
25,24,44a955ea3f047ba395ee,44a955ea3f047ba395ee__f152756b__clean__seg0004,1.0
25,24,44a955ea3f047ba395ee,44a955ea3f047ba395ee__f152756b__clean__seg0005,1.0
25,24,44a955ea3f047ba395ee,44a955ea3f047ba395ee__f152756b__clean__seg0006,1.0
25,24,44a955ea3f047ba395ee,44a955ea3f047ba395ee__f152756b__clean__seg0007,1.0
25,24,44a955ea3f047ba395ee,44a955ea3f047ba395ee__f152756b__clean__seg0008,1.0
25,24,44a955ea3f047ba395ee,44a955ea3f047ba395ee__f152756b__clean__seg0009,1.0
25,24,2eaee8b72ce7f20c6a36,2eaee8b72ce7f20c6a36__fe428183__clean__seg0000,1.0
25,24,2eaee8b72ce7f20c6a36,2eaee8b72ce7f20c6a36__fe428183__clean__seg0001,1.0
25,24,2eaee8b72ce7f20c6a36,2eaee8b72ce7f20c6a36__fe428183__clean__seg0002,1.0
25,24,2eaee8b72ce7f20c6a36,2eaee8b72ce7f20c6a36__fe428183__clean__seg0003,1.0
25,24,2eaee8b72ce7f20c6a36,2eaee8b72ce7f20c6a36__fe428183__clean__seg0004,1.0
25,24,2eaee8b72ce7f20c6a36,2eaee8b72ce7f20c6a36__fe428183__clean__seg0005,1.0
25,24,2eaee8b72ce7f20c6a36,2eaee8b72ce7f20c6a36__fe428183__clean__seg0006,1.0
25,24,2eaee8b72ce7f20c6a36,2eaee8b72ce7f20c6a36__fe428183__clean__seg0007,1.0
25,24,2eaee8b72ce7f20c6a36,2eaee8b72ce7f20c6a36__fe428183__clean__seg0008,1.0
25,24,2eaee8b72ce7f20c6a36,2eaee8b72ce7f20c6a36__fe428183__clean__seg0009,1.0
25,24,5b778003dd76fcaedc50,5b778003dd76fcaedc50__4609adf8__clean__seg0000,1.0
25,24,5b778003dd76fcaedc50,5b778003dd76fcaedc50__4609adf8__clean__seg0001,1.0
25,24,5b778003dd76fcaedc50,5b778003dd76fcaedc50__4609adf8__clean__seg0002,1.0
25,24,5b778003dd76fcaedc50,5b778003dd76fcaedc50__4609adf8__clean__seg0003,1.0
25,24,5b778003dd76fcaedc50,5b778003dd76fcaedc50__4609adf8__clean__seg0004,1.0
25,24,5b778003dd76fcaedc50,5b778003dd76fcaedc50__4609adf8__clean__seg0005,1.0
25,24,5b778003dd76fcaedc50,5b778003dd76fcaedc50__4609adf8__clean__seg0006,1.0
25,24,5b778003dd76fcaedc50,5b778003dd76fcaedc50__4609adf8__clean__seg0007,1.0
25,24,5b778003dd76fcaedc50,5b778003dd76fcaedc50__4609adf8__clean__seg0008,1.0
25,24,5b778003dd76fcaedc50,5b778003dd76fcaedc50__4609adf8__clean__seg0009,1.0
25,24,de63da796aabec8cce0e,de63da796aabec8cce0e__41c2a9ed__clean__seg0000,1.0
25,24,de63da796aabec8cce0e,de63da796aabec8cce0e__41c2a9ed__clean__seg0001,1.0
25,24,de63da796aabec8cce0e,de63da796aabec8cce0e__41c2a9ed__clean__seg0002,1.0
25,24,de63da796aabec8cce0e,de63da796aabec8cce0e__41c2a9ed__clean__seg0003,1.0
25,24,de63da796aabec8cce0e,de63da796aabec8cce0e__41c2a9ed__clean__seg0004,1.0
25,24,de63da796aabec8cce0e,de63da796aabec8cce0e__41c2a9ed__clean__seg0005,1.0
25,24,de63da796aabec8cce0e,de63da796aabec8cce0e__41c2a9ed__clean__seg0006,1.0
25,24,de63da796aabec8cce0e,de63da796aabec8cce0e__41c2a9ed__clean__seg0007,1.0
25,24,de63da796aabec8cce0e,de63da796aabec8cce0e__41c2a9ed__clean__seg0008,1.0
25,24,de63da796aabec8cce0e,de63da796aabec8cce0e__41c2a9ed__clean__seg0009,1.0
25,24,23e4f8f73326c31d97e7,23e4f8f73326c31d97e7__cc158a9e__clean__seg0000,0.0
25,24,23e4f8f73326c31d97e7,23e4f8f73326c31d97e7__cc158a9e__clean__seg0001,0.0
25,24,23e4f8f73326c31d97e7,23e4f8f73326c31d97e7__cc158a9e__clean__seg0002,0.0
25,24,23e4f8f73326c31d97e7,23e4f8f73326c31d97e7__cc158a9e__clean__seg0003,0.0
25,24,23e4f8f73326c31d97e7,23e4f8f73326c31d97e7__cc158a9e__clean__seg0004,0.0
25,24,23e4f8f73326c31d97e7,23e4f8f73326c31d97e7__cc158a9e__clean__seg0005,0.0
25,24,23e4f8f73326c31d97e7,23e4f8f73326c31d97e7__cc158a9e__clean__seg0006,0.0
25,24,23e4f8f73326c31d97e7,23e4f8f73326c31d97e7__cc158a9e__clean__seg0007,0.0
25,24,23e4f8f73326c31d97e7,23e4f8f73326c31d97e7__cc158a9e__clean__seg0008,0.0
25,24,23e4f8f73326c31d97e7,23e4f8f73326c31d97e7__cc158a9e__clean__seg0009,0.0
25,24,33a9557ba88fc751535b,33a9557ba88fc751535b__b55b2cbe__clean__seg0000,0.0
25,24,33a9557ba88fc751535b,33a9557ba88fc751535b__b55b2cbe__clean__seg0001,0.0
25,24,33a9557ba88fc751535b,33a9557ba88fc751535b__b55b2cbe__clean__seg0002,0.0
25,24,33a9557ba88fc751535b,33a9557ba88fc751535b__b55b2cbe__clean__seg0003,0.0
25,24,33a9557ba88fc751535b,33a9557ba88fc751535b__b55b2cbe__clean__seg0004,0.0
25,24,33a9557ba88fc751535b,33a9557ba88fc751535b__b55b2cbe__clean__seg0005,0.0
25,24,33a9557ba88fc751535b,33a9557ba88fc751535b__b55b2cbe__clean__seg0006,0.0
25,24,33a9557ba88fc751535b,33a9557ba88fc751535b__b55b2cbe__clean__seg0007,0.0
25,24,33a9557ba88fc751535b,33a9557ba88fc751535b__b55b2cbe__clean__seg0008,0.0
25,24,33a9557ba88fc751535b,33a9557ba88fc751535b__b55b2cbe__clean__seg0009,0.0
25,24,9163f4a28ab9b4058366,9163f4a28ab9b4058366__120d5624__clean__seg0000,1.0
25,24,6d1dd9a8826e57f5f69c,6d1dd9a8826e57f5f69c__abea11be__clean__seg0000,1.0
25,24,6d1dd9a8826e57f5f69c,6d1dd9a8826e57f5f69c__998a8d20__clean__seg0000,1.0
25,24,6d1dd9a8826e57f5f69c,6d1dd9a8826e57f5f69c__7db5fd28__clean__seg0000,1.0
25,24,6d1dd9a8826e57f5f69c,6d1dd9a8826e57f5f69c__79eb1648__clean__seg0000,1.0
25,24,6d1dd9a8826e57f5f69c,6d1dd9a8826e57f5f69c__52d949cf__clean__seg0000,1.0
25,24,6d1dd9a8826e57f5f69c,6d1dd9a8826e57f5f69c__0f70889b__clean__seg0000,1.0
25,24,6d1dd9a8826e57f5f69c,6d1dd9a8826e57f5f69c__6b67237c__clean__seg0000,1.0
25,24,6d1dd9a8826e57f5f69c,6d1dd9a8826e57f5f69c__63a18402__clean__seg0000,1.0
25,24,6d1dd9a8826e57f5f69c,6d1dd9a8826e57f5f69c__ebd5dbdf__clean__seg0000,1.0
25,24,6d1dd9a8826e57f5f69c,6d1dd9a8826e57f5f69c__fef0b145__clean__seg0000,1.0
25,24,6d1dd9a8826e57f5f69c,6d1dd9a8826e57f5f69c__2f1e9f62__clean__seg0000,1.0
25,24,6d1dd9a8826e57f5f69c,6d1dd9a8826e57f5f69c__66d9a167__clean__seg0000,1.0
25,24,6d1dd9a8826e57f5f69c,6d1dd9a8826e57f5f69c__b9fbe86f__clean__seg0000,1.0
25,24,6d1dd9a8826e57f5f69c,6d1dd9a8826e57f5f69c__998fcfae__clean__seg0000,1.0
25,24,6d1dd9a8826e57f5f69c,6d1dd9a8826e57f5f69c__53cdcd4c__clean__seg0000,1.0
25,24,6d1dd9a8826e57f5f69c,6d1dd9a8826e57f5f69c__4daaff2a__clean__seg0000,1.0
25,24,6d1dd9a8826e57f5f69c,6d1dd9a8826e57f5f69c__defd885d__clean__seg0000,1.0
25,24,6d1dd9a8826e57f5f69c,6d1dd9a8826e57f5f69c__5cae14ad__clean__seg0000,1.0
25,24,6d1dd9a8826e57f5f69c,6d1dd9a8826e57f5f69c__88e2c2e8__clean__seg0000,1.0
25,24,6d1dd9a8826e57f5f69c,6d1dd9a8826e57f5f69c__85828052__clean__seg0000,1.0
25,24,6d1dd9a8826e57f5f69c,6d1dd9a8826e57f5f69c__5e5da51c__clean__seg0000,1.0
25,24,6d1dd9a8826e57f5f69c,6d1dd9a8826e57f5f69c__f1f6883f__clean__seg0000,1.0
25,24,6d1dd9a8826e57f5f69c,6d1dd9a8826e57f5f69c__511ef402__clean__seg0000,1.0
25,24,6d1dd9a8826e57f5f69c,6d1dd9a8826e57f5f69c__8bab4f5a__clean__seg0000,1.0
25,24,6d1dd9a8826e57f5f69c,6d1dd9a8826e57f5f69c__34b0cf56__clean__seg0000,1.0
25,24,6d1dd9a8826e57f5f69c,6d1dd9a8826e57f5f69c__36f7b9d8__clean__seg0000,1.0
25,24,6d1dd9a8826e57f5f69c,6d1dd9a8826e57f5f69c__788cc879__clean__seg0000,1.0
25,24,6d1dd9a8826e57f5f69c,6d1dd9a8826e57f5f69c__2be9201c__clean__seg0000,1.0
25,24,6d1dd9a8826e57f5f69c,6d1dd9a8826e57f5f69c__38edbe3e__clean__seg0000,1.0
25,24,6d1dd9a8826e57f5f69c,6d1dd9a8826e57f5f69c__527764d5__clean__seg0000,1.0
25,24,6d1dd9a8826e57f5f69c,6d1dd9a8826e57f5f69c__767646ce__clean__seg0000,1.0
25,24,6d1dd9a8826e57f5f69c,6d1dd9a8826e57f5f69c__c0423937__clean__seg0000,1.0
25,24,6d1dd9a8826e57f5f69c,6d1dd9a8826e57f5f69c__ab8d4c19__clean__seg0000,1.0
25,24,6d1dd9a8826e57f5f69c,6d1dd9a8826e57f5f69c__373ea9a2__clean__seg0000,1.0
25,24,6d1dd9a8826e57f5f69c,6d1dd9a8826e57f5f69c__3494cf39__clean__seg0000,1.0
25,24,6d1dd9a8826e57f5f69c,6d1dd9a8826e57f5f69c__db1a5fe1__clean__seg0000,1.0
25,24,6d1dd9a8826e57f5f69c,6d1dd9a8826e57f5f69c__7dc30b69__clean__seg0000,1.0
25,24,6d1dd9a8826e57f5f69c,6d1dd9a8826e57f5f69c__fbd10b28__clean__seg0000,1.0
25,24,6d1dd9a8826e57f5f69c,6d1dd9a8826e57f5f69c__3e641194__clean__seg0000,1.0
25,24,22a24482dc772ce57f1f,22a24482dc772ce57f1f__9510aaa7__clean__seg0000,1.0
25,24,22a24482dc772ce57f1f,22a24482dc772ce57f1f__eff896a0__clean__seg0000,1.0
25,24,22a24482dc772ce57f1f,22a24482dc772ce57f1f__8858ec50__clean__seg0000,1.0
25,24,22a24482dc772ce57f1f,22a24482dc772ce57f1f__637358f4__clean__seg0000,1.0
25,24,22a24482dc772ce57f1f,22a24482dc772ce57f1f__94a22e67__clean__seg0000,1.0
25,24,22a24482dc772ce57f1f,22a24482dc772ce57f1f__d602050d__clean__seg0000,1.0
25,24,22a24482dc772ce57f1f,22a24482dc772ce57f1f__d2b752c5__clean__seg0000,1.0
25,24,22a24482dc772ce57f1f,22a24482dc772ce57f1f__bf38577a__clean__seg0000,1.0
25,24,22a24482dc772ce57f1f,22a24482dc772ce57f1f__12f092a4__clean__seg0000,1.0
25,24,22a24482dc772ce57f1f,22a24482dc772ce57f1f__f558f265__clean__seg0000,1.0
25,24,22a24482dc772ce57f1f,22a24482dc772ce57f1f__149c1e92__clean__seg0000,1.0
25,24,22a24482dc772ce57f1f,22a24482dc772ce57f1f__07e7ed93__clean__seg0000,1.0
25,24,22a24482dc772ce57f1f,22a24482dc772ce57f1f__fb55c3cb__clean__seg0000,1.0
25,24,22a24482dc772ce57f1f,22a24482dc772ce57f1f__08003b74__clean__seg0000,1.0
25,24,22a24482dc772ce57f1f,22a24482dc772ce57f1f__fb63d5f0__clean__seg0000,1.0
25,24,22a24482dc772ce57f1f,22a24482dc772ce57f1f__80191d07__clean__seg0000,1.0
25,24,22a24482dc772ce57f1f,22a24482dc772ce57f1f__1e4474cc__clean__seg0000,1.0
25,24,22a24482dc772ce57f1f,22a24482dc772ce57f1f__83b66013__clean__seg0000,1.0
25,24,22a24482dc772ce57f1f,22a24482dc772ce57f1f__b1ae0e30__clean__seg0000,1.0
25,24,22a24482dc772ce57f1f,22a24482dc772ce57f1f__1a704c63__clean__seg0000,1.0
25,24,22a24482dc772ce57f1f,22a24482dc772ce57f1f__b7ccbf2c__clean__seg0000,1.0
25,24,22a24482dc772ce57f1f,22a24482dc772ce57f1f__a6d0c9fa__clean__seg0000,1.0
25,24,22a24482dc772ce57f1f,22a24482dc772ce57f1f__d0f4a6b9__clean__seg0000,1.0
25,24,22a24482dc772ce57f1f,22a24482dc772ce57f1f__6c515eea__clean__seg0000,1.0
25,24,22a24482dc772ce57f1f,22a24482dc772ce57f1f__8460f1c9__clean__seg0000,1.0
25,24,22a24482dc772ce57f1f,22a24482dc772ce57f1f__39e1dbdc__clean__seg0000,1.0
25,24,22a24482dc772ce57f1f,22a24482dc772ce57f1f__326e8300__clean__seg0000,1.0
25,24,22a24482dc772ce57f1f,22a24482dc772ce57f1f__046306cf__clean__seg0000,1.0
25,24,22a24482dc772ce57f1f,22a24482dc772ce57f1f__ff47b569__clean__seg0000,1.0
25,24,22a24482dc772ce57f1f,22a24482dc772ce57f1f__e14526bb__clean__seg0000,1.0
25,24,22a24482dc772ce57f1f,22a24482dc772ce57f1f__4d76e310__clean__seg0000,1.0
25,24,22a24482dc772ce57f1f,22a24482dc772ce57f1f__d18ba868__clean__seg0000,1.0
25,24,22a24482dc772ce57f1f,22a24482dc772ce57f1f__5bc9396d__clean__seg0000,1.0
25,24,22a24482dc772ce57f1f,22a24482dc772ce57f1f__ed679a10__clean__seg0000,1.0
25,24,22a24482dc772ce57f1f,22a24482dc772ce57f1f__45f799a6__clean__seg0000,1.0
25,24,22a24482dc772ce57f1f,22a24482dc772ce57f1f__7e1af0f2__clean__seg0000,1.0
25,24,22a24482dc772ce57f1f,22a24482dc772ce57f1f__58d3e764__clean__seg0000,1.0
25,24,d5ef23bc7b7ae648d4e0,d5ef23bc7b7ae648d4e0__489b1d1d__clean__seg0000,1.0
25,24,d5ef23bc7b7ae648d4e0,d5ef23bc7b7ae648d4e0__36ac355d__clean__seg0000,1.0
25,24,d5ef23bc7b7ae648d4e0,d5ef23bc7b7ae648d4e0__a7fe7336__clean__seg0000,1.0
25,24,d5ef23bc7b7ae648d4e0,d5ef23bc7b7ae648d4e0__35a6c806__clean__seg0000,1.0
25,24,d5ef23bc7b7ae648d4e0,d5ef23bc7b7ae648d4e0__d3add050__clean__seg0000,1.0
25,24,d5ef23bc7b7ae648d4e0,d5ef23bc7b7ae648d4e0__ac9fdfcb__clean__seg0000,1.0
25,24,d5ef23bc7b7ae648d4e0,d5ef23bc7b7ae648d4e0__2f14084a__clean__seg0000,1.0
25,24,d5ef23bc7b7ae648d4e0,d5ef23bc7b7ae648d4e0__cd5c39e3__clean__seg0000,1.0
25,24,d5ef23bc7b7ae648d4e0,d5ef23bc7b7ae648d4e0__63e2e5ae__clean__seg0000,1.0
25,24,d5ef23bc7b7ae648d4e0,d5ef23bc7b7ae648d4e0__4fa1a1de__clean__seg0000,1.0
25,24,d5ef23bc7b7ae648d4e0,d5ef23bc7b7ae648d4e0__3e354b27__clean__seg0000,1.0
25,24,d5ef23bc7b7ae648d4e0,d5ef23bc7b7ae648d4e0__edf1d88f__clean__seg0000,1.0
25,24,d5ef23bc7b7ae648d4e0,d5ef23bc7b7ae648d4e0__6d5586eb__clean__seg0000,1.0
25,24,d5ef23bc7b7ae648d4e0,d5ef23bc7b7ae648d4e0__e6143950__clean__seg0000,1.0
25,24,d5ef23bc7b7ae648d4e0,d5ef23bc7b7ae648d4e0__5a10c960__clean__seg0000,1.0
25,24,d5ef23bc7b7ae648d4e0,d5ef23bc7b7ae648d4e0__209fc119__clean__seg0000,1.0
25,24,d5ef23bc7b7ae648d4e0,d5ef23bc7b7ae648d4e0__7b928f50__clean__seg0000,1.0
25,24,d5ef23bc7b7ae648d4e0,d5ef23bc7b7ae648d4e0__4d8c33fe__clean__seg0000,1.0
25,24,d5ef23bc7b7ae648d4e0,d5ef23bc7b7ae648d4e0__0fef04f9__clean__seg0000,1.0
25,24,d5ef23bc7b7ae648d4e0,d5ef23bc7b7ae648d4e0__fdf7ce10__clean__seg0000,1.0
25,24,d5ef23bc7b7ae648d4e0,d5ef23bc7b7ae648d4e0__8ba79034__clean__seg0000,1.0
25,24,d5ef23bc7b7ae648d4e0,d5ef23bc7b7ae648d4e0__014d610f__clean__seg0000,1.0
25,24,d5ef23bc7b7ae648d4e0,d5ef23bc7b7ae648d4e0__b520cfd0__clean__seg0000,1.0
25,24,d5ef23bc7b7ae648d4e0,d5ef23bc7b7ae648d4e0__a1171fe1__clean__seg0000,1.0
25,24,d5ef23bc7b7ae648d4e0,d5ef23bc7b7ae648d4e0__07e930f8__clean__seg0000,1.0
25,24,d5ef23bc7b7ae648d4e0,d5ef23bc7b7ae648d4e0__6366c5c3__clean__seg0000,1.0
25,24,d5ef23bc7b7ae648d4e0,d5ef23bc7b7ae648d4e0__d881ccf7__clean__seg0000,1.0
25,24,d5ef23bc7b7ae648d4e0,d5ef23bc7b7ae648d4e0__1079b1a0__clean__seg0000,1.0
25,24,d5ef23bc7b7ae648d4e0,d5ef23bc7b7ae648d4e0__888d6cfb__clean__seg0000,1.0
25,24,d5ef23bc7b7ae648d4e0,d5ef23bc7b7ae648d4e0__8b53d76a__clean__seg0000,1.0
25,24,d5ef23bc7b7ae648d4e0,d5ef23bc7b7ae648d4e0__579ab21b__clean__seg0000,1.0
25,24,d5ef23bc7b7ae648d4e0,d5ef23bc7b7ae648d4e0__3ca71d5d__clean__seg0000,1.0
25,24,d5ef23bc7b7ae648d4e0,d5ef23bc7b7ae648d4e0__60d1d588__clean__seg0000,1.0
25,24,d5ef23bc7b7ae648d4e0,d5ef23bc7b7ae648d4e0__cd999f2a__clean__seg0000,1.0
25,24,d5ef23bc7b7ae648d4e0,d5ef23bc7b7ae648d4e0__4478a18a__clean__seg0000,1.0
25,24,d5ef23bc7b7ae648d4e0,d5ef23bc7b7ae648d4e0__2782ef14__clean__seg0000,1.0
25,24,d5ef23bc7b7ae648d4e0,d5ef23bc7b7ae648d4e0__181a4076__clean__seg0000,1.0
25,24,d5ef23bc7b7ae648d4e0,d5ef23bc7b7ae648d4e0__a5a3202a__clean__seg0000,1.0
25,24,d5ef23bc7b7ae648d4e0,d5ef23bc7b7ae648d4e0__0cadffb5__clean__seg0000,1.0
25,24,d5ef23bc7b7ae648d4e0,d5ef23bc7b7ae648d4e0__69b92703__clean__seg0000,1.0
25,24,d5ef23bc7b7ae648d4e0,d5ef23bc7b7ae648d4e0__7da1a306__clean__seg0000,1.0
25,24,d5ef23bc7b7ae648d4e0,d5ef23bc7b7ae648d4e0__adb631db__clean__seg0000,1.0
25,24,d5ef23bc7b7ae648d4e0,d5ef23bc7b7ae648d4e0__146c30f1__clean__seg0000,1.0
25,24,d5ef23bc7b7ae648d4e0,d5ef23bc7b7ae648d4e0__3b59db03__clean__seg0000,1.0
25,24,d5ef23bc7b7ae648d4e0,d5ef23bc7b7ae648d4e0__c968d485__clean__seg0000,1.0
25,24,d5ef23bc7b7ae648d4e0,d5ef23bc7b7ae648d4e0__d764f3f5__clean__seg0000,1.0
25,24,d5ef23bc7b7ae648d4e0,d5ef23bc7b7ae648d4e0__71618a37__clean__seg0000,1.0
25,24,d5ef23bc7b7ae648d4e0,d5ef23bc7b7ae648d4e0__a51bee87__clean__seg0000,1.0
25,24,d5ef23bc7b7ae648d4e0,d5ef23bc7b7ae648d4e0__1165be1f__clean__seg0000,1.0
25,24,d5ef23bc7b7ae648d4e0,d5ef23bc7b7ae648d4e0__aacc6c05__clean__seg0000,1.0
25,24,d5ef23bc7b7ae648d4e0,d5ef23bc7b7ae648d4e0__b5a90527__clean__seg0000,1.0
25,24,d5ef23bc7b7ae648d4e0,d5ef23bc7b7ae648d4e0__30ae1ac1__clean__seg0000,1.0
25,24,d5ef23bc7b7ae648d4e0,d5ef23bc7b7ae648d4e0__e980ed0f__clean__seg0000,1.0
25,24,d5ef23bc7b7ae648d4e0,d5ef23bc7b7ae648d4e0__a94d9ecc__clean__seg0000,1.0
25,24,d5ef23bc7b7ae648d4e0,d5ef23bc7b7ae648d4e0__a57656db__clean__seg0000,1.0
25,24,d5ef23bc7b7ae648d4e0,d5ef23bc7b7ae648d4e0__7de3c024__clean__seg0000,1.0
25,24,d5ef23bc7b7ae648d4e0,d5ef23bc7b7ae648d4e0__080232ba__clean__seg0000,1.0
25,24,d5ef23bc7b7ae648d4e0,d5ef23bc7b7ae648d4e0__9e894ce4__clean__seg0000,1.0
25,24,d5ef23bc7b7ae648d4e0,d5ef23bc7b7ae648d4e0__9ad676ff__clean__seg0000,1.0
25,24,d5ef23bc7b7ae648d4e0,d5ef23bc7b7ae648d4e0__67f05f09__clean__seg0000,1.0
25,24,d5ef23bc7b7ae648d4e0,d5ef23bc7b7ae648d4e0__3d99d3a4__clean__seg0000,1.0
25,24,d5ef23bc7b7ae648d4e0,d5ef23bc7b7ae648d4e0__d35f3d83__clean__seg0000,1.0
25,24,d5ef23bc7b7ae648d4e0,d5ef23bc7b7ae648d4e0__04632b56__clean__seg0000,1.0
25,24,d5ef23bc7b7ae648d4e0,d5ef23bc7b7ae648d4e0__a7a5964e__clean__seg0000,1.0
25,24,d5ef23bc7b7ae648d4e0,d5ef23bc7b7ae648d4e0__b6d9f865__clean__seg0000,1.0
25,24,d5ef23bc7b7ae648d4e0,d5ef23bc7b7ae648d4e0__7fea728d__clean__seg0000,1.0
25,24,d5ef23bc7b7ae648d4e0,d5ef23bc7b7ae648d4e0__440f3b99__clean__seg0000,1.0
25,24,d5ef23bc7b7ae648d4e0,d5ef23bc7b7ae648d4e0__bb73c806__clean__seg0000,1.0
25,24,d5ef23bc7b7ae648d4e0,d5ef23bc7b7ae648d4e0__eaf49cec__clean__seg0000,1.0
25,24,d5ef23bc7b7ae648d4e0,d5ef23bc7b7ae648d4e0__c3eff6fb__clean__seg0000,1.0
25,24,d5ef23bc7b7ae648d4e0,d5ef23bc7b7ae648d4e0__59603a5d__clean__seg0000,1.0
25,24,d5ef23bc7b7ae648d4e0,d5ef23bc7b7ae648d4e0__1a70162b__clean__seg0000,1.0
25,24,d5ef23bc7b7ae648d4e0,d5ef23bc7b7ae648d4e0__56abaa8b__clean__seg0000,1.0
25,24,d5ef23bc7b7ae648d4e0,d5ef23bc7b7ae648d4e0__c9961317__clean__seg0000,1.0
25,24,d5ef23bc7b7ae648d4e0,d5ef23bc7b7ae648d4e0__09373cb2__clean__seg0000,1.0
25,24,d5ef23bc7b7ae648d4e0,d5ef23bc7b7ae648d4e0__4e93e759__clean__seg0000,1.0
25,24,d5ef23bc7b7ae648d4e0,d5ef23bc7b7ae648d4e0__1a4f1dcc__clean__seg0000,1.0
25,24,d5ef23bc7b7ae648d4e0,d5ef23bc7b7ae648d4e0__03fba15d__clean__seg0000,1.0
25,24,d5ef23bc7b7ae648d4e0,d5ef23bc7b7ae648d4e0__08077f5f__clean__seg0000,1.0
25,24,d5ef23bc7b7ae648d4e0,d5ef23bc7b7ae648d4e0__bb76d2e8__clean__seg0000,1.0
25,24,d5ef23bc7b7ae648d4e0,d5ef23bc7b7ae648d4e0__ef6968b2__clean__seg0000,1.0
25,24,d5ef23bc7b7ae648d4e0,d5ef23bc7b7ae648d4e0__31cc38e9__clean__seg0000,1.0
25,24,d5ef23bc7b7ae648d4e0,d5ef23bc7b7ae648d4e0__c2ed2329__clean__seg0000,1.0
25,24,d5ef23bc7b7ae648d4e0,d5ef23bc7b7ae648d4e0__f776572a__clean__seg0000,1.0
25,24,d5ef23bc7b7ae648d4e0,d5ef23bc7b7ae648d4e0__f0d965fa__clean__seg0000,1.0
25,24,d5ef23bc7b7ae648d4e0,d5ef23bc7b7ae648d4e0__b7fd781e__clean__seg0000,1.0
25,24,d5ef23bc7b7ae648d4e0,d5ef23bc7b7ae648d4e0__7be63f74__clean__seg0000,1.0
25,24,d5ef23bc7b7ae648d4e0,d5ef23bc7b7ae648d4e0__6b54f167__clean__seg0000,1.0
25,24,d5ef23bc7b7ae648d4e0,d5ef23bc7b7ae648d4e0__f5813dbf__clean__seg0000,1.0
25,24,d5ef23bc7b7ae648d4e0,d5ef23bc7b7ae648d4e0__7a21f9d6__clean__seg0000,1.0
25,24,d5ef23bc7b7ae648d4e0,d5ef23bc7b7ae648d4e0__09738f95__clean__seg0000,1.0
25,24,d5ef23bc7b7ae648d4e0,d5ef23bc7b7ae648d4e0__6e43d603__clean__seg0000,1.0
25,24,d5ef23bc7b7ae648d4e0,d5ef23bc7b7ae648d4e0__cd26dbaf__clean__seg0000,1.0
25,24,d5ef23bc7b7ae648d4e0,d5ef23bc7b7ae648d4e0__37789b8c__clean__seg0000,1.0
25,24,d5ef23bc7b7ae648d4e0,d5ef23bc7b7ae648d4e0__590ea21d__clean__seg0000,1.0
25,24,d5ef23bc7b7ae648d4e0,d5ef23bc7b7ae648d4e0__81cef0e0__clean__seg0000,1.0
25,24,d5ef23bc7b7ae648d4e0,d5ef23bc7b7ae648d4e0__ea2ddb3f__clean__seg0000,1.0
25,24,d5ef23bc7b7ae648d4e0,d5ef23bc7b7ae648d4e0__3515f8b2__clean__seg0000,1.0
25,24,d5ef23bc7b7ae648d4e0,d5ef23bc7b7ae648d4e0__ee12668e__clean__seg0000,1.0
25,24,d5ef23bc7b7ae648d4e0,d5ef23bc7b7ae648d4e0__93778e44__clean__seg0000,1.0
25,24,d5ef23bc7b7ae648d4e0,d5ef23bc7b7ae648d4e0__e45b37cd__clean__seg0000,1.0
25,24,d5ef23bc7b7ae648d4e0,d5ef23bc7b7ae648d4e0__e17a06c2__clean__seg0000,1.0
25,24,d5ef23bc7b7ae648d4e0,d5ef23bc7b7ae648d4e0__571fce9a__clean__seg0000,1.0
25,24,d5ef23bc7b7ae648d4e0,d5ef23bc7b7ae648d4e0__ad1e1eee__clean__seg0000,1.0
25,24,d5ef23bc7b7ae648d4e0,d5ef23bc7b7ae648d4e0__c130f32e__clean__seg0000,1.0
25,24,d5ef23bc7b7ae648d4e0,d5ef23bc7b7ae648d4e0__da562125__clean__seg0000,1.0
25,24,d5ef23bc7b7ae648d4e0,d5ef23bc7b7ae648d4e0__576ff6ae__clean__seg0000,1.0
25,24,d5ef23bc7b7ae648d4e0,d5ef23bc7b7ae648d4e0__eb6ee0ff__clean__seg0000,1.0
25,24,d5ef23bc7b7ae648d4e0,d5ef23bc7b7ae648d4e0__b49bb052__clean__seg0000,1.0
25,24,d5ef23bc7b7ae648d4e0,d5ef23bc7b7ae648d4e0__3a62fbd6__clean__seg0000,1.0
25,24,d5ef23bc7b7ae648d4e0,d5ef23bc7b7ae648d4e0__725cb50f__clean__seg0000,1.0
25,24,d5ef23bc7b7ae648d4e0,d5ef23bc7b7ae648d4e0__92f02fae__clean__seg0000,1.0
25,24,d5ef23bc7b7ae648d4e0,d5ef23bc7b7ae648d4e0__1f958792__clean__seg0000,1.0
25,24,d5ef23bc7b7ae648d4e0,d5ef23bc7b7ae648d4e0__c7b651d0__clean__seg0000,1.0
25,24,d5ef23bc7b7ae648d4e0,d5ef23bc7b7ae648d4e0__c3fef55f__clean__seg0000,1.0
25,24,d5ef23bc7b7ae648d4e0,d5ef23bc7b7ae648d4e0__e64ed6a0__clean__seg0000,1.0
25,24,d5ef23bc7b7ae648d4e0,d5ef23bc7b7ae648d4e0__72a0eb41__clean__seg0000,1.0
25,24,d5ef23bc7b7ae648d4e0,d5ef23bc7b7ae648d4e0__fce7f3ea__clean__seg0000,1.0
25,24,d5ef23bc7b7ae648d4e0,d5ef23bc7b7ae648d4e0__0fc4bac4__clean__seg0000,1.0
25,24,d5ef23bc7b7ae648d4e0,d5ef23bc7b7ae648d4e0__033d03c4__clean__seg0000,1.0
25,24,d5ef23bc7b7ae648d4e0,d5ef23bc7b7ae648d4e0__47a31a5c__clean__seg0000,1.0
25,24,d5ef23bc7b7ae648d4e0,d5ef23bc7b7ae648d4e0__9a9d0337__clean__seg0000,1.0
25,24,d5ef23bc7b7ae648d4e0,d5ef23bc7b7ae648d4e0__23a8e086__clean__seg0000,1.0
25,24,d5ef23bc7b7ae648d4e0,d5ef23bc7b7ae648d4e0__0a0580d8__clean__seg0000,1.0
25,24,d5ef23bc7b7ae648d4e0,d5ef23bc7b7ae648d4e0__5f46b2c4__clean__seg0000,1.0
25,24,d5ef23bc7b7ae648d4e0,d5ef23bc7b7ae648d4e0__8ae6ebd0__clean__seg0000,1.0
25,24,d5ef23bc7b7ae648d4e0,d5ef23bc7b7ae648d4e0__74ea04b3__clean__seg0000,1.0
25,24,d5ef23bc7b7ae648d4e0,d5ef23bc7b7ae648d4e0__e2e425ce__clean__seg0000,1.0
25,24,d5ef23bc7b7ae648d4e0,d5ef23bc7b7ae648d4e0__13923ae4__clean__seg0000,1.0
25,24,d5ef23bc7b7ae648d4e0,d5ef23bc7b7ae648d4e0__61d3ba44__clean__seg0000,1.0
25,24,d5ef23bc7b7ae648d4e0,d5ef23bc7b7ae648d4e0__fd57457b__clean__seg0000,1.0
25,24,d5ef23bc7b7ae648d4e0,d5ef23bc7b7ae648d4e0__05c1fd49__clean__seg0000,1.0
25,24,d5ef23bc7b7ae648d4e0,d5ef23bc7b7ae648d4e0__33da2644__clean__seg0000,1.0
25,24,d5ef23bc7b7ae648d4e0,d5ef23bc7b7ae648d4e0__19e9ad0c__clean__seg0000,1.0
25,24,d5ef23bc7b7ae648d4e0,d5ef23bc7b7ae648d4e0__86a8747b__clean__seg0000,1.0
25,24,d5ef23bc7b7ae648d4e0,d5ef23bc7b7ae648d4e0__1c76da1f__clean__seg0000,1.0
25,24,d5ef23bc7b7ae648d4e0,d5ef23bc7b7ae648d4e0__cd427190__clean__seg0000,1.0
25,24,d5ef23bc7b7ae648d4e0,d5ef23bc7b7ae648d4e0__20464327__clean__seg0000,1.0
25,24,d5ef23bc7b7ae648d4e0,d5ef23bc7b7ae648d4e0__2d0a28e6__clean__seg0000,1.0
25,24,d5ef23bc7b7ae648d4e0,d5ef23bc7b7ae648d4e0__5c1f3609__clean__seg0000,1.0
25,24,d5ef23bc7b7ae648d4e0,d5ef23bc7b7ae648d4e0__a21d65ee__clean__seg0000,1.0
25,24,d5ef23bc7b7ae648d4e0,d5ef23bc7b7ae648d4e0__74dcf494__clean__seg0000,1.0
25,24,d5ef23bc7b7ae648d4e0,d5ef23bc7b7ae648d4e0__fa434a17__clean__seg0000,1.0
25,24,d5ef23bc7b7ae648d4e0,d5ef23bc7b7ae648d4e0__6a6673d0__clean__seg0000,1.0
25,24,d5ef23bc7b7ae648d4e0,d5ef23bc7b7ae648d4e0__0f76a2fd__clean__seg0000,1.0
25,24,d5ef23bc7b7ae648d4e0,d5ef23bc7b7ae648d4e0__c9924417__clean__seg0000,1.0
25,24,d5ef23bc7b7ae648d4e0,d5ef23bc7b7ae648d4e0__19d81c66__clean__seg0000,1.0
25,24,d5ef23bc7b7ae648d4e0,d5ef23bc7b7ae648d4e0__e33339cd__clean__seg0000,1.0
25,24,d5ef23bc7b7ae648d4e0,d5ef23bc7b7ae648d4e0__58a45f6a__clean__seg0000,1.0
25,24,d5ef23bc7b7ae648d4e0,d5ef23bc7b7ae648d4e0__38a9f947__clean__seg0000,1.0
25,24,d5ef23bc7b7ae648d4e0,d5ef23bc7b7ae648d4e0__170dd47b__clean__seg0000,1.0
25,24,d5ef23bc7b7ae648d4e0,d5ef23bc7b7ae648d4e0__4540bee4__clean__seg0000,1.0
25,24,d5ef23bc7b7ae648d4e0,d5ef23bc7b7ae648d4e0__41a3cd12__clean__seg0000,1.0
25,24,d5ef23bc7b7ae648d4e0,d5ef23bc7b7ae648d4e0__5b6e60e1__clean__seg0000,1.0
25,24,d5ef23bc7b7ae648d4e0,d5ef23bc7b7ae648d4e0__4437096f__clean__seg0000,1.0
25,24,d5ef23bc7b7ae648d4e0,d5ef23bc7b7ae648d4e0__6bf9a6d1__clean__seg0000,1.0
25,24,d5ef23bc7b7ae648d4e0,d5ef23bc7b7ae648d4e0__0c657bd1__clean__seg0000,1.0
25,24,d5ef23bc7b7ae648d4e0,d5ef23bc7b7ae648d4e0__afa0826c__clean__seg0000,1.0
25,24,d5ef23bc7b7ae648d4e0,d5ef23bc7b7ae648d4e0__ea506fb0__clean__seg0000,1.0
25,24,d5ef23bc7b7ae648d4e0,d5ef23bc7b7ae648d4e0__67c844f8__clean__seg0000,1.0
25,24,d5ef23bc7b7ae648d4e0,d5ef23bc7b7ae648d4e0__04483ef0__clean__seg0000,1.0
25,24,d5ef23bc7b7ae648d4e0,d5ef23bc7b7ae648d4e0__abb031f1__clean__seg0000,1.0
25,24,d5ef23bc7b7ae648d4e0,d5ef23bc7b7ae648d4e0__93c387ba__clean__seg0000,1.0
25,24,d5ef23bc7b7ae648d4e0,d5ef23bc7b7ae648d4e0__f795d274__clean__seg0000,1.0
25,24,d5ef23bc7b7ae648d4e0,d5ef23bc7b7ae648d4e0__8912f93b__clean__seg0000,1.0
25,24,d5ef23bc7b7ae648d4e0,d5ef23bc7b7ae648d4e0__9801c1a3__clean__seg0000,1.0
25,24,d5ef23bc7b7ae648d4e0,d5ef23bc7b7ae648d4e0__7396a449__clean__seg0000,1.0
25,24,d5ef23bc7b7ae648d4e0,d5ef23bc7b7ae648d4e0__cd3063d8__clean__seg0000,1.0
25,24,d5ef23bc7b7ae648d4e0,d5ef23bc7b7ae648d4e0__60ca222f__clean__seg0000,1.0
25,24,d5ef23bc7b7ae648d4e0,d5ef23bc7b7ae648d4e0__0ab745e9__clean__seg0000,1.0
25,24,d5ef23bc7b7ae648d4e0,d5ef23bc7b7ae648d4e0__b3d7e15c__clean__seg0000,1.0
25,24,d5ef23bc7b7ae648d4e0,d5ef23bc7b7ae648d4e0__d5eef207__clean__seg0000,1.0
25,24,d5ef23bc7b7ae648d4e0,d5ef23bc7b7ae648d4e0__7cb8eefd__clean__seg0000,1.0
25,24,d5ef23bc7b7ae648d4e0,d5ef23bc7b7ae648d4e0__90bc15fe__clean__seg0000,1.0
25,24,d5ef23bc7b7ae648d4e0,d5ef23bc7b7ae648d4e0__69547b60__clean__seg0000,1.0
25,24,d5ef23bc7b7ae648d4e0,d5ef23bc7b7ae648d4e0__4e717d2d__clean__seg0000,1.0
25,24,d5ef23bc7b7ae648d4e0,d5ef23bc7b7ae648d4e0__f0223de3__clean__seg0000,1.0
25,24,d5ef23bc7b7ae648d4e0,d5ef23bc7b7ae648d4e0__d122ecbf__clean__seg0000,1.0
25,24,d5ef23bc7b7ae648d4e0,d5ef23bc7b7ae648d4e0__f885a6ae__clean__seg0000,1.0
25,24,d5ef23bc7b7ae648d4e0,d5ef23bc7b7ae648d4e0__ae1354cd__clean__seg0000,1.0
25,24,d5ef23bc7b7ae648d4e0,d5ef23bc7b7ae648d4e0__544c71b3__clean__seg0000,1.0
25,24,d5ef23bc7b7ae648d4e0,d5ef23bc7b7ae648d4e0__b47db6e6__clean__seg0000,1.0
25,24,d5ef23bc7b7ae648d4e0,d5ef23bc7b7ae648d4e0__b5a8b1d4__clean__seg0000,1.0
25,24,d5ef23bc7b7ae648d4e0,d5ef23bc7b7ae648d4e0__3c9bd9a7__clean__seg0000,1.0
25,24,d5ef23bc7b7ae648d4e0,d5ef23bc7b7ae648d4e0__bdd6ff89__clean__seg0000,1.0
25,24,d5ef23bc7b7ae648d4e0,d5ef23bc7b7ae648d4e0__ab2bac61__clean__seg0000,1.0
25,24,d5ef23bc7b7ae648d4e0,d5ef23bc7b7ae648d4e0__b1e8a4fa__clean__seg0000,1.0
25,24,d5ef23bc7b7ae648d4e0,d5ef23bc7b7ae648d4e0__79a727e5__clean__seg0000,1.0
25,24,d5ef23bc7b7ae648d4e0,d5ef23bc7b7ae648d4e0__169ad8f4__clean__seg0000,1.0
25,24,d5ef23bc7b7ae648d4e0,d5ef23bc7b7ae648d4e0__ccc788c2__clean__seg0000,1.0
25,24,d5ef23bc7b7ae648d4e0,d5ef23bc7b7ae648d4e0__e8848f1c__clean__seg0000,1.0
25,24,d5ef23bc7b7ae648d4e0,d5ef23bc7b7ae648d4e0__ed544618__clean__seg0000,1.0
25,24,d5ef23bc7b7ae648d4e0,d5ef23bc7b7ae648d4e0__6b5a9e98__clean__seg0000,1.0
25,24,d5ef23bc7b7ae648d4e0,d5ef23bc7b7ae648d4e0__1ce0c084__clean__seg0000,1.0
25,24,d5ef23bc7b7ae648d4e0,d5ef23bc7b7ae648d4e0__25d4c1d9__clean__seg0000,1.0
25,24,d5ef23bc7b7ae648d4e0,d5ef23bc7b7ae648d4e0__2e1acc5f__clean__seg0000,1.0
25,24,d5ef23bc7b7ae648d4e0,d5ef23bc7b7ae648d4e0__3e48fb3e__clean__seg0000,1.0
25,24,d5ef23bc7b7ae648d4e0,d5ef23bc7b7ae648d4e0__db188f54__clean__seg0000,1.0
25,24,d5ef23bc7b7ae648d4e0,d5ef23bc7b7ae648d4e0__3dbfdcd3__clean__seg0000,1.0
25,24,d5ef23bc7b7ae648d4e0,d5ef23bc7b7ae648d4e0__8cdead8e__clean__seg0000,1.0
25,24,d5ef23bc7b7ae648d4e0,d5ef23bc7b7ae648d4e0__e6f3c5d4__clean__seg0000,1.0
25,24,d5ef23bc7b7ae648d4e0,d5ef23bc7b7ae648d4e0__c0da87a5__clean__seg0000,1.0
25,24,d5ef23bc7b7ae648d4e0,d5ef23bc7b7ae648d4e0__f6d7359c__clean__seg0000,1.0
25,24,d5ef23bc7b7ae648d4e0,d5ef23bc7b7ae648d4e0__646151e2__clean__seg0000,1.0
25,24,d5ef23bc7b7ae648d4e0,d5ef23bc7b7ae648d4e0__744443db__clean__seg0000,1.0
25,24,d5ef23bc7b7ae648d4e0,d5ef23bc7b7ae648d4e0__701ac5b3__clean__seg0000,1.0
25,24,d5ef23bc7b7ae648d4e0,d5ef23bc7b7ae648d4e0__093653d8__clean__seg0000,1.0
25,24,d5ef23bc7b7ae648d4e0,d5ef23bc7b7ae648d4e0__68b6c6ee__clean__seg0000,1.0
25,24,d5ef23bc7b7ae648d4e0,d5ef23bc7b7ae648d4e0__0326b05b__clean__seg0000,1.0
25,24,d5ef23bc7b7ae648d4e0,d5ef23bc7b7ae648d4e0__d46c21f3__clean__seg0000,1.0
25,24,d5ef23bc7b7ae648d4e0,d5ef23bc7b7ae648d4e0__79298382__clean__seg0000,1.0
25,24,d5ef23bc7b7ae648d4e0,d5ef23bc7b7ae648d4e0__60a83297__clean__seg0000,1.0
25,24,d5ef23bc7b7ae648d4e0,d5ef23bc7b7ae648d4e0__71727cbf__clean__seg0000,1.0
25,24,d5ef23bc7b7ae648d4e0,d5ef23bc7b7ae648d4e0__23100d3e__clean__seg0000,1.0
25,24,d5ef23bc7b7ae648d4e0,d5ef23bc7b7ae648d4e0__aea5fe34__clean__seg0000,1.0
25,24,d5ef23bc7b7ae648d4e0,d5ef23bc7b7ae648d4e0__931acbeb__clean__seg0000,1.0
25,24,d5ef23bc7b7ae648d4e0,d5ef23bc7b7ae648d4e0__8e5ad606__clean__seg0000,1.0
25,24,d5ef23bc7b7ae648d4e0,d5ef23bc7b7ae648d4e0__26ee0f19__clean__seg0000,1.0
25,24,d5ef23bc7b7ae648d4e0,d5ef23bc7b7ae648d4e0__a584f155__clean__seg0000,1.0
25,24,d5ef23bc7b7ae648d4e0,d5ef23bc7b7ae648d4e0__e65882e2__clean__seg0000,1.0
25,24,d5ef23bc7b7ae648d4e0,d5ef23bc7b7ae648d4e0__f6c6806a__clean__seg0000,1.0
25,24,d5ef23bc7b7ae648d4e0,d5ef23bc7b7ae648d4e0__de691524__clean__seg0000,1.0
25,24,d5ef23bc7b7ae648d4e0,d5ef23bc7b7ae648d4e0__9d266ba8__clean__seg0000,1.0
25,24,d5ef23bc7b7ae648d4e0,d5ef23bc7b7ae648d4e0__c549e15f__clean__seg0000,1.0
25,24,d5ef23bc7b7ae648d4e0,d5ef23bc7b7ae648d4e0__07f57fbe__clean__seg0000,1.0
25,24,d5ef23bc7b7ae648d4e0,d5ef23bc7b7ae648d4e0__3f14a74c__clean__seg0000,1.0
25,24,d5ef23bc7b7ae648d4e0,d5ef23bc7b7ae648d4e0__0fc9fdb9__clean__seg0000,1.0
25,24,d5ef23bc7b7ae648d4e0,d5ef23bc7b7ae648d4e0__4c72e17f__clean__seg0000,1.0
25,24,d5ef23bc7b7ae648d4e0,d5ef23bc7b7ae648d4e0__0663198e__clean__seg0000,1.0
25,24,d5ef23bc7b7ae648d4e0,d5ef23bc7b7ae648d4e0__8be8e1cd__clean__seg0000,1.0
25,24,d5ef23bc7b7ae648d4e0,d5ef23bc7b7ae648d4e0__19de38f5__clean__seg0000,1.0
25,24,d5ef23bc7b7ae648d4e0,d5ef23bc7b7ae648d4e0__36222e0b__clean__seg0000,1.0
25,24,d5ef23bc7b7ae648d4e0,d5ef23bc7b7ae648d4e0__9c4d35ce__clean__seg0000,1.0
25,24,d5ef23bc7b7ae648d4e0,d5ef23bc7b7ae648d4e0__d641c955__clean__seg0000,1.0
25,24,d5ef23bc7b7ae648d4e0,d5ef23bc7b7ae648d4e0__784e91f9__clean__seg0000,1.0
25,24,d5ef23bc7b7ae648d4e0,d5ef23bc7b7ae648d4e0__ca42a754__clean__seg0000,1.0
25,24,d5ef23bc7b7ae648d4e0,d5ef23bc7b7ae648d4e0__55aa0b2d__clean__seg0000,1.0
25,24,d5ef23bc7b7ae648d4e0,d5ef23bc7b7ae648d4e0__0854376b__clean__seg0000,1.0
25,24,d5ef23bc7b7ae648d4e0,d5ef23bc7b7ae648d4e0__9f714982__clean__seg0000,1.0
25,24,d5ef23bc7b7ae648d4e0,d5ef23bc7b7ae648d4e0__f0d857ae__clean__seg0000,1.0
25,24,d5ef23bc7b7ae648d4e0,d5ef23bc7b7ae648d4e0__100577c0__clean__seg0000,1.0
25,24,d5ef23bc7b7ae648d4e0,d5ef23bc7b7ae648d4e0__a5264518__clean__seg0000,1.0
25,24,d5ef23bc7b7ae648d4e0,d5ef23bc7b7ae648d4e0__42866335__clean__seg0000,1.0
25,24,d5ef23bc7b7ae648d4e0,d5ef23bc7b7ae648d4e0__c6c6d4dc__clean__seg0000,1.0
25,24,d5ef23bc7b7ae648d4e0,d5ef23bc7b7ae648d4e0__4d7540cd__clean__seg0000,1.0
25,24,d5ef23bc7b7ae648d4e0,d5ef23bc7b7ae648d4e0__f7718b76__clean__seg0000,1.0
25,24,d5ef23bc7b7ae648d4e0,d5ef23bc7b7ae648d4e0__6d203740__clean__seg0000,1.0
25,24,d5ef23bc7b7ae648d4e0,d5ef23bc7b7ae648d4e0__fb1a34ca__clean__seg0000,1.0
25,24,d5ef23bc7b7ae648d4e0,d5ef23bc7b7ae648d4e0__ab89a980__clean__seg0000,1.0
25,24,d5ef23bc7b7ae648d4e0,d5ef23bc7b7ae648d4e0__c3593bd4__clean__seg0000,1.0
25,24,d5ef23bc7b7ae648d4e0,d5ef23bc7b7ae648d4e0__aae14f1d__clean__seg0000,1.0
25,24,d5ef23bc7b7ae648d4e0,d5ef23bc7b7ae648d4e0__4d34d7f8__clean__seg0000,1.0
25,24,d5ef23bc7b7ae648d4e0,d5ef23bc7b7ae648d4e0__5149915c__clean__seg0000,1.0
25,24,d5ef23bc7b7ae648d4e0,d5ef23bc7b7ae648d4e0__84361d28__clean__seg0000,1.0
25,24,d5ef23bc7b7ae648d4e0,d5ef23bc7b7ae648d4e0__7fe1964e__clean__seg0000,1.0
25,24,d5ef23bc7b7ae648d4e0,d5ef23bc7b7ae648d4e0__25df2d9e__clean__seg0000,1.0
25,24,d5ef23bc7b7ae648d4e0,d5ef23bc7b7ae648d4e0__bb7217eb__clean__seg0000,1.0
25,24,d5ef23bc7b7ae648d4e0,d5ef23bc7b7ae648d4e0__35de8214__clean__seg0000,1.0
25,24,d5ef23bc7b7ae648d4e0,d5ef23bc7b7ae648d4e0__b5e89b92__clean__seg0000,1.0
25,24,d5ef23bc7b7ae648d4e0,d5ef23bc7b7ae648d4e0__76af3d34__clean__seg0000,1.0
25,24,d5ef23bc7b7ae648d4e0,d5ef23bc7b7ae648d4e0__9a8850ef__clean__seg0000,1.0
25,24,d5ef23bc7b7ae648d4e0,d5ef23bc7b7ae648d4e0__3a58ab81__clean__seg0000,1.0
25,24,d5ef23bc7b7ae648d4e0,d5ef23bc7b7ae648d4e0__12cfa90e__clean__seg0000,1.0
25,24,d5ef23bc7b7ae648d4e0,d5ef23bc7b7ae648d4e0__5babf76d__clean__seg0000,1.0
25,24,d5ef23bc7b7ae648d4e0,d5ef23bc7b7ae648d4e0__fc19c035__clean__seg0000,1.0
25,24,d5ef23bc7b7ae648d4e0,d5ef23bc7b7ae648d4e0__85df97b2__clean__seg0000,1.0
25,24,d5ef23bc7b7ae648d4e0,d5ef23bc7b7ae648d4e0__16678e0f__clean__seg0000,1.0
25,24,d5ef23bc7b7ae648d4e0,d5ef23bc7b7ae648d4e0__6c75c259__clean__seg0000,1.0
25,24,d5ef23bc7b7ae648d4e0,d5ef23bc7b7ae648d4e0__c3b50aa9__clean__seg0000,1.0
25,24,d5ef23bc7b7ae648d4e0,d5ef23bc7b7ae648d4e0__9331e397__clean__seg0000,1.0
25,24,d5ef23bc7b7ae648d4e0,d5ef23bc7b7ae648d4e0__bc6b33ae__clean__seg0000,1.0
25,24,d5ef23bc7b7ae648d4e0,d5ef23bc7b7ae648d4e0__567a6105__clean__seg0000,1.0
25,24,d5ef23bc7b7ae648d4e0,d5ef23bc7b7ae648d4e0__9918c29c__clean__seg0000,1.0
25,24,d5ef23bc7b7ae648d4e0,d5ef23bc7b7ae648d4e0__c75ae4cd__clean__seg0000,1.0
25,24,d5ef23bc7b7ae648d4e0,d5ef23bc7b7ae648d4e0__64f27685__clean__seg0000,1.0
25,24,d5ef23bc7b7ae648d4e0,d5ef23bc7b7ae648d4e0__4506006c__clean__seg0000,1.0
25,24,d5ef23bc7b7ae648d4e0,d5ef23bc7b7ae648d4e0__bc8921b5__clean__seg0000,1.0
25,24,d5ef23bc7b7ae648d4e0,d5ef23bc7b7ae648d4e0__7b3e3dd7__clean__seg0000,1.0
25,24,d5ef23bc7b7ae648d4e0,d5ef23bc7b7ae648d4e0__47544e67__clean__seg0000,1.0
25,24,d5ef23bc7b7ae648d4e0,d5ef23bc7b7ae648d4e0__0eb18f20__clean__seg0000,1.0
25,24,d5ef23bc7b7ae648d4e0,d5ef23bc7b7ae648d4e0__7bb7d075__clean__seg0000,1.0
25,24,d5ef23bc7b7ae648d4e0,d5ef23bc7b7ae648d4e0__a7e4b422__clean__seg0000,1.0
25,24,d5ef23bc7b7ae648d4e0,d5ef23bc7b7ae648d4e0__7f12d59e__clean__seg0000,1.0
25,24,d5ef23bc7b7ae648d4e0,d5ef23bc7b7ae648d4e0__f39b6799__clean__seg0000,1.0
25,24,d5ef23bc7b7ae648d4e0,d5ef23bc7b7ae648d4e0__62ca1949__clean__seg0000,1.0
25,24,d5ef23bc7b7ae648d4e0,d5ef23bc7b7ae648d4e0__2d6f2b70__clean__seg0000,1.0
25,24,d5ef23bc7b7ae648d4e0,d5ef23bc7b7ae648d4e0__cb50570c__clean__seg0000,1.0
25,24,d5ef23bc7b7ae648d4e0,d5ef23bc7b7ae648d4e0__5b2f4f9a__clean__seg0000,1.0
25,24,d5ef23bc7b7ae648d4e0,d5ef23bc7b7ae648d4e0__45bfae9a__clean__seg0000,1.0
25,24,d5ef23bc7b7ae648d4e0,d5ef23bc7b7ae648d4e0__94cc9542__clean__seg0000,1.0
25,24,d5ef23bc7b7ae648d4e0,d5ef23bc7b7ae648d4e0__e66ef3cb__clean__seg0000,1.0
25,24,d5ef23bc7b7ae648d4e0,d5ef23bc7b7ae648d4e0__863a6a30__clean__seg0000,1.0
25,24,d5ef23bc7b7ae648d4e0,d5ef23bc7b7ae648d4e0__c5f63a4f__clean__seg0000,1.0
25,24,d5ef23bc7b7ae648d4e0,d5ef23bc7b7ae648d4e0__cdede782__clean__seg0000,1.0
25,24,d5ef23bc7b7ae648d4e0,d5ef23bc7b7ae648d4e0__28a45371__clean__seg0000,1.0
25,24,d5ef23bc7b7ae648d4e0,d5ef23bc7b7ae648d4e0__3ba5e612__clean__seg0000,1.0
25,24,d5ef23bc7b7ae648d4e0,d5ef23bc7b7ae648d4e0__2e47a764__clean__seg0000,1.0
25,24,d5ef23bc7b7ae648d4e0,d5ef23bc7b7ae648d4e0__065abd93__clean__seg0000,1.0
25,24,d5ef23bc7b7ae648d4e0,d5ef23bc7b7ae648d4e0__4a051a7d__clean__seg0000,1.0
25,24,d5ef23bc7b7ae648d4e0,d5ef23bc7b7ae648d4e0__f69f7220__clean__seg0000,1.0
25,24,d5ef23bc7b7ae648d4e0,d5ef23bc7b7ae648d4e0__d35d653e__clean__seg0000,1.0
25,24,d5ef23bc7b7ae648d4e0,d5ef23bc7b7ae648d4e0__20730490__clean__seg0000,1.0
25,24,d5ef23bc7b7ae648d4e0,d5ef23bc7b7ae648d4e0__b2978236__clean__seg0000,1.0
25,24,d5ef23bc7b7ae648d4e0,d5ef23bc7b7ae648d4e0__900ff92c__clean__seg0000,1.0
25,24,d5ef23bc7b7ae648d4e0,d5ef23bc7b7ae648d4e0__4ee18e78__clean__seg0000,1.0
25,24,d5ef23bc7b7ae648d4e0,d5ef23bc7b7ae648d4e0__f4e08324__clean__seg0000,1.0
25,24,d5ef23bc7b7ae648d4e0,d5ef23bc7b7ae648d4e0__79279d42__clean__seg0000,1.0
25,24,d5ef23bc7b7ae648d4e0,d5ef23bc7b7ae648d4e0__77a2613c__clean__seg0000,1.0
25,24,d5ef23bc7b7ae648d4e0,d5ef23bc7b7ae648d4e0__4e3d6e8a__clean__seg0000,1.0
25,24,d5ef23bc7b7ae648d4e0,d5ef23bc7b7ae648d4e0__c29566af__clean__seg0000,1.0
25,24,d5ef23bc7b7ae648d4e0,d5ef23bc7b7ae648d4e0__8ba0974b__clean__seg0000,1.0
25,24,d5ef23bc7b7ae648d4e0,d5ef23bc7b7ae648d4e0__076077c3__clean__seg0000,1.0
25,24,d5ef23bc7b7ae648d4e0,d5ef23bc7b7ae648d4e0__57cd7379__clean__seg0000,1.0
25,24,d5ef23bc7b7ae648d4e0,d5ef23bc7b7ae648d4e0__4d03135c__clean__seg0000,1.0
25,24,d5ef23bc7b7ae648d4e0,d5ef23bc7b7ae648d4e0__ac72e2c5__clean__seg0000,1.0
25,24,d5ef23bc7b7ae648d4e0,d5ef23bc7b7ae648d4e0__29cf513a__clean__seg0000,1.0
25,24,d5ef23bc7b7ae648d4e0,d5ef23bc7b7ae648d4e0__57469f01__clean__seg0000,1.0
25,24,d5ef23bc7b7ae648d4e0,d5ef23bc7b7ae648d4e0__6c77292b__clean__seg0000,1.0
25,24,d5ef23bc7b7ae648d4e0,d5ef23bc7b7ae648d4e0__fb594a27__clean__seg0000,1.0
25,24,d5ef23bc7b7ae648d4e0,d5ef23bc7b7ae648d4e0__64230c6b__clean__seg0000,1.0
25,24,d5ef23bc7b7ae648d4e0,d5ef23bc7b7ae648d4e0__286f03f4__clean__seg0000,1.0
25,24,d5ef23bc7b7ae648d4e0,d5ef23bc7b7ae648d4e0__81c1f928__clean__seg0000,1.0
25,24,d5ef23bc7b7ae648d4e0,d5ef23bc7b7ae648d4e0__7185a2c1__clean__seg0000,1.0
25,24,d5ef23bc7b7ae648d4e0,d5ef23bc7b7ae648d4e0__8f1c232b__clean__seg0000,1.0
25,24,d5ef23bc7b7ae648d4e0,d5ef23bc7b7ae648d4e0__8b62977e__clean__seg0000,1.0
25,24,d5ef23bc7b7ae648d4e0,d5ef23bc7b7ae648d4e0__90bd6a30__clean__seg0000,1.0
25,24,d5ef23bc7b7ae648d4e0,d5ef23bc7b7ae648d4e0__b393ff28__clean__seg0000,1.0
25,24,d5ef23bc7b7ae648d4e0,d5ef23bc7b7ae648d4e0__edf7503d__clean__seg0000,1.0
25,24,d5ef23bc7b7ae648d4e0,d5ef23bc7b7ae648d4e0__cdeb1dd0__clean__seg0000,1.0
25,24,d5ef23bc7b7ae648d4e0,d5ef23bc7b7ae648d4e0__2758a70c__clean__seg0000,1.0
25,24,d5ef23bc7b7ae648d4e0,d5ef23bc7b7ae648d4e0__43546474__clean__seg0000,1.0
25,24,d5ef23bc7b7ae648d4e0,d5ef23bc7b7ae648d4e0__93103a74__clean__seg0000,1.0
25,24,d5ef23bc7b7ae648d4e0,d5ef23bc7b7ae648d4e0__8dc4bbb9__clean__seg0000,1.0
25,24,d5ef23bc7b7ae648d4e0,d5ef23bc7b7ae648d4e0__dc027e9d__clean__seg0000,1.0
25,24,d5ef23bc7b7ae648d4e0,d5ef23bc7b7ae648d4e0__4be2fb78__clean__seg0000,1.0
25,24,d5ef23bc7b7ae648d4e0,d5ef23bc7b7ae648d4e0__45bdbf4e__clean__seg0000,1.0
25,24,d5ef23bc7b7ae648d4e0,d5ef23bc7b7ae648d4e0__3eae1842__clean__seg0000,1.0
25,24,d5ef23bc7b7ae648d4e0,d5ef23bc7b7ae648d4e0__36334aca__clean__seg0000,1.0
25,24,d5ef23bc7b7ae648d4e0,d5ef23bc7b7ae648d4e0__f56d7eb4__clean__seg0000,1.0
25,24,d5ef23bc7b7ae648d4e0,d5ef23bc7b7ae648d4e0__caeddf86__clean__seg0000,1.0
25,24,d5ef23bc7b7ae648d4e0,d5ef23bc7b7ae648d4e0__9a7d7a48__clean__seg0000,1.0
25,24,d5ef23bc7b7ae648d4e0,d5ef23bc7b7ae648d4e0__ffc034a9__clean__seg0000,1.0
25,24,d5ef23bc7b7ae648d4e0,d5ef23bc7b7ae648d4e0__fd58a0fa__clean__seg0000,1.0
25,24,d5ef23bc7b7ae648d4e0,d5ef23bc7b7ae648d4e0__55843a6f__clean__seg0000,1.0
25,24,d5ef23bc7b7ae648d4e0,d5ef23bc7b7ae648d4e0__17b02629__clean__seg0000,1.0
25,24,d5ef23bc7b7ae648d4e0,d5ef23bc7b7ae648d4e0__4bb054cc__clean__seg0000,1.0
25,24,d5ef23bc7b7ae648d4e0,d5ef23bc7b7ae648d4e0__ec3f4fac__clean__seg0000,1.0
25,24,d5ef23bc7b7ae648d4e0,d5ef23bc7b7ae648d4e0__dbcd1fba__clean__seg0000,1.0
25,24,d5ef23bc7b7ae648d4e0,d5ef23bc7b7ae648d4e0__ff702a9b__clean__seg0000,1.0
25,24,d5ef23bc7b7ae648d4e0,d5ef23bc7b7ae648d4e0__e0833190__clean__seg0000,1.0
25,24,d5ef23bc7b7ae648d4e0,d5ef23bc7b7ae648d4e0__e54b437a__clean__seg0000,1.0
25,24,d5ef23bc7b7ae648d4e0,d5ef23bc7b7ae648d4e0__289ddd26__clean__seg0000,1.0
25,24,d5ef23bc7b7ae648d4e0,d5ef23bc7b7ae648d4e0__9dd7bc7f__clean__seg0000,1.0
25,24,d5ef23bc7b7ae648d4e0,d5ef23bc7b7ae648d4e0__d6047044__clean__seg0000,1.0
25,24,d5ef23bc7b7ae648d4e0,d5ef23bc7b7ae648d4e0__4b95ff95__clean__seg0000,1.0
25,24,59afc338d05a30b5a700,59afc338d05a30b5a700__5ce6da0e__clean__seg0000,1.0
25,24,59afc338d05a30b5a700,59afc338d05a30b5a700__ad1dd0bc__clean__seg0000,1.0
25,24,59afc338d05a30b5a700,59afc338d05a30b5a700__670a52c9__clean__seg0000,1.0
25,24,59afc338d05a30b5a700,59afc338d05a30b5a700__2feb271b__clean__seg0000,1.0
25,24,59afc338d05a30b5a700,59afc338d05a30b5a700__7f4ae085__clean__seg0000,1.0
25,24,59afc338d05a30b5a700,59afc338d05a30b5a700__5953aef9__clean__seg0000,1.0
25,24,59afc338d05a30b5a700,59afc338d05a30b5a700__d5b7f2bc__clean__seg0000,1.0
25,24,59afc338d05a30b5a700,59afc338d05a30b5a700__6a33b21f__clean__seg0000,1.0
25,24,59afc338d05a30b5a700,59afc338d05a30b5a700__9aed68c5__clean__seg0000,1.0
25,24,59afc338d05a30b5a700,59afc338d05a30b5a700__76919255__clean__seg0000,1.0
25,24,59afc338d05a30b5a700,59afc338d05a30b5a700__4a045e75__clean__seg0000,1.0
25,24,59afc338d05a30b5a700,59afc338d05a30b5a700__9b21cd7e__clean__seg0000,1.0
25,24,59afc338d05a30b5a700,59afc338d05a30b5a700__279769e7__clean__seg0000,1.0
25,24,59afc338d05a30b5a700,59afc338d05a30b5a700__de822f1e__clean__seg0000,1.0
25,24,59afc338d05a30b5a700,59afc338d05a30b5a700__3d093994__clean__seg0000,1.0
25,24,59afc338d05a30b5a700,59afc338d05a30b5a700__e18b87eb__clean__seg0000,1.0
25,24,59afc338d05a30b5a700,59afc338d05a30b5a700__d0d7aa5a__clean__seg0000,1.0
25,24,59afc338d05a30b5a700,59afc338d05a30b5a700__47d9e6b1__clean__seg0000,1.0
25,24,59afc338d05a30b5a700,59afc338d05a30b5a700__58e85441__clean__seg0000,1.0
25,24,59afc338d05a30b5a700,59afc338d05a30b5a700__20810ca1__clean__seg0000,1.0
25,24,59afc338d05a30b5a700,59afc338d05a30b5a700__86a674d1__clean__seg0000,1.0
25,24,59afc338d05a30b5a700,59afc338d05a30b5a700__1c8b0fb7__clean__seg0000,1.0
25,24,59afc338d05a30b5a700,59afc338d05a30b5a700__b8dbf617__clean__seg0000,1.0
25,24,59afc338d05a30b5a700,59afc338d05a30b5a700__c83de957__clean__seg0000,1.0
25,24,59afc338d05a30b5a700,59afc338d05a30b5a700__3a0b6ab9__clean__seg0000,1.0
25,24,59afc338d05a30b5a700,59afc338d05a30b5a700__de190549__clean__seg0000,1.0
25,24,59afc338d05a30b5a700,59afc338d05a30b5a700__61ab38e9__clean__seg0000,1.0
25,24,59afc338d05a30b5a700,59afc338d05a30b5a700__8eb6bf62__clean__seg0000,1.0
25,24,59afc338d05a30b5a700,59afc338d05a30b5a700__4c5c810e__clean__seg0000,1.0
25,24,59afc338d05a30b5a700,59afc338d05a30b5a700__caae4201__clean__seg0000,1.0
25,24,59afc338d05a30b5a700,59afc338d05a30b5a700__803bac88__clean__seg0000,1.0
25,24,59afc338d05a30b5a700,59afc338d05a30b5a700__bc2748d6__clean__seg0000,1.0
25,24,59afc338d05a30b5a700,59afc338d05a30b5a700__d41720d0__clean__seg0000,1.0
25,24,59afc338d05a30b5a700,59afc338d05a30b5a700__fbf617ff__clean__seg0000,1.0
25,24,59afc338d05a30b5a700,59afc338d05a30b5a700__a5f5dc61__clean__seg0000,1.0
25,24,59afc338d05a30b5a700,59afc338d05a30b5a700__587d7a6f__clean__seg0000,1.0
25,24,59afc338d05a30b5a700,59afc338d05a30b5a700__5f92b617__clean__seg0000,1.0
25,24,59afc338d05a30b5a700,59afc338d05a30b5a700__c23105d6__clean__seg0000,1.0
25,24,59afc338d05a30b5a700,59afc338d05a30b5a700__d48cb12e__clean__seg0000,1.0
25,24,59afc338d05a30b5a700,59afc338d05a30b5a700__cd8a96e3__clean__seg0000,1.0
25,24,59afc338d05a30b5a700,59afc338d05a30b5a700__52857c7b__clean__seg0000,1.0
25,24,59afc338d05a30b5a700,59afc338d05a30b5a700__cabfd54f__clean__seg0000,1.0
25,24,59afc338d05a30b5a700,59afc338d05a30b5a700__196fcb61__clean__seg0000,1.0
25,24,59afc338d05a30b5a700,59afc338d05a30b5a700__f82296ca__clean__seg0000,1.0
25,24,59afc338d05a30b5a700,59afc338d05a30b5a700__62775df0__clean__seg0000,1.0
25,24,59afc338d05a30b5a700,59afc338d05a30b5a700__10434463__clean__seg0000,1.0
25,24,59afc338d05a30b5a700,59afc338d05a30b5a700__388f907f__clean__seg0000,1.0
25,24,59afc338d05a30b5a700,59afc338d05a30b5a700__be0e1aa8__clean__seg0000,1.0
25,24,59afc338d05a30b5a700,59afc338d05a30b5a700__0edea9ff__clean__seg0000,1.0
25,24,59afc338d05a30b5a700,59afc338d05a30b5a700__2f5f332b__clean__seg0000,1.0
25,24,59afc338d05a30b5a700,59afc338d05a30b5a700__6df5ab9c__clean__seg0000,1.0
25,24,59afc338d05a30b5a700,59afc338d05a30b5a700__7c36e220__clean__seg0000,1.0
25,24,59afc338d05a30b5a700,59afc338d05a30b5a700__0c3a0a94__clean__seg0000,1.0
25,24,59afc338d05a30b5a700,59afc338d05a30b5a700__40b8ce91__clean__seg0000,1.0
25,24,59afc338d05a30b5a700,59afc338d05a30b5a700__70049f65__clean__seg0000,1.0
25,24,59afc338d05a30b5a700,59afc338d05a30b5a700__46130098__clean__seg0000,1.0
25,24,59afc338d05a30b5a700,59afc338d05a30b5a700__24dd7ca3__clean__seg0000,1.0
25,24,59afc338d05a30b5a700,59afc338d05a30b5a700__3ddd04b3__clean__seg0000,1.0
25,24,59afc338d05a30b5a700,59afc338d05a30b5a700__669b3aee__clean__seg0000,1.0
25,24,59afc338d05a30b5a700,59afc338d05a30b5a700__8ee541e0__clean__seg0000,1.0
25,24,59afc338d05a30b5a700,59afc338d05a30b5a700__e7cf5cbd__clean__seg0000,1.0
25,24,59afc338d05a30b5a700,59afc338d05a30b5a700__69226906__clean__seg0000,1.0
25,24,59afc338d05a30b5a700,59afc338d05a30b5a700__6efc91e5__clean__seg0000,1.0
25,24,59afc338d05a30b5a700,59afc338d05a30b5a700__807f4f7b__clean__seg0000,1.0
25,24,59afc338d05a30b5a700,59afc338d05a30b5a700__78219eb7__clean__seg0000,1.0
25,24,59afc338d05a30b5a700,59afc338d05a30b5a700__998054f8__clean__seg0000,1.0
25,24,59afc338d05a30b5a700,59afc338d05a30b5a700__f94d863b__clean__seg0000,1.0
25,24,59afc338d05a30b5a700,59afc338d05a30b5a700__17a1a0f1__clean__seg0000,1.0
25,24,59afc338d05a30b5a700,59afc338d05a30b5a700__0e483443__clean__seg0000,1.0
25,24,59afc338d05a30b5a700,59afc338d05a30b5a700__4d249382__clean__seg0000,1.0
25,24,59afc338d05a30b5a700,59afc338d05a30b5a700__dfc429cb__clean__seg0000,1.0
25,24,59afc338d05a30b5a700,59afc338d05a30b5a700__b7e10649__clean__seg0000,1.0
25,24,59afc338d05a30b5a700,59afc338d05a30b5a700__a7b58dc2__clean__seg0000,1.0
25,24,59afc338d05a30b5a700,59afc338d05a30b5a700__403a7d46__clean__seg0000,1.0
25,24,59afc338d05a30b5a700,59afc338d05a30b5a700__86264bc3__clean__seg0000,1.0
25,24,59afc338d05a30b5a700,59afc338d05a30b5a700__c097ab2a__clean__seg0000,1.0
25,24,59afc338d05a30b5a700,59afc338d05a30b5a700__1e326fd0__clean__seg0000,1.0
25,24,59afc338d05a30b5a700,59afc338d05a30b5a700__85fb6b15__clean__seg0000,1.0
25,24,59afc338d05a30b5a700,59afc338d05a30b5a700__754ea587__clean__seg0000,1.0
25,24,59afc338d05a30b5a700,59afc338d05a30b5a700__cadd2746__clean__seg0000,1.0
25,24,59afc338d05a30b5a700,59afc338d05a30b5a700__49b913c6__clean__seg0000,1.0
25,24,59afc338d05a30b5a700,59afc338d05a30b5a700__db6d9268__clean__seg0000,1.0
25,24,59afc338d05a30b5a700,59afc338d05a30b5a700__1a87d7bc__clean__seg0000,1.0
25,24,59afc338d05a30b5a700,59afc338d05a30b5a700__225ee768__clean__seg0000,1.0
25,24,59afc338d05a30b5a700,59afc338d05a30b5a700__66c22b8d__clean__seg0000,1.0
25,24,59afc338d05a30b5a700,59afc338d05a30b5a700__0e98205d__clean__seg0000,1.0
25,24,59afc338d05a30b5a700,59afc338d05a30b5a700__db4f7d1e__clean__seg0000,1.0
25,24,59afc338d05a30b5a700,59afc338d05a30b5a700__af0c8a6f__clean__seg0000,1.0
25,24,59afc338d05a30b5a700,59afc338d05a30b5a700__f21ea8f7__clean__seg0000,1.0
25,24,59afc338d05a30b5a700,59afc338d05a30b5a700__c093193f__clean__seg0000,1.0
25,24,59afc338d05a30b5a700,59afc338d05a30b5a700__bf02beb0__clean__seg0000,1.0
25,24,59afc338d05a30b5a700,59afc338d05a30b5a700__6af32690__clean__seg0000,1.0
25,24,59afc338d05a30b5a700,59afc338d05a30b5a700__84b53794__clean__seg0000,1.0
25,24,59afc338d05a30b5a700,59afc338d05a30b5a700__ff0cccbe__clean__seg0000,1.0
25,24,59afc338d05a30b5a700,59afc338d05a30b5a700__d3e24ad1__clean__seg0000,1.0
25,24,59afc338d05a30b5a700,59afc338d05a30b5a700__e968223e__clean__seg0000,1.0
25,24,59afc338d05a30b5a700,59afc338d05a30b5a700__6dbb873a__clean__seg0000,1.0
25,24,59afc338d05a30b5a700,59afc338d05a30b5a700__eea03378__clean__seg0000,1.0
25,24,59afc338d05a30b5a700,59afc338d05a30b5a700__478071ee__clean__seg0000,1.0
25,24,59afc338d05a30b5a700,59afc338d05a30b5a700__aec013ca__clean__seg0000,1.0
25,24,59afc338d05a30b5a700,59afc338d05a30b5a700__377a56ea__clean__seg0000,1.0
25,24,59afc338d05a30b5a700,59afc338d05a30b5a700__0a9a56c7__clean__seg0000,1.0
25,24,59afc338d05a30b5a700,59afc338d05a30b5a700__11bea9c2__clean__seg0000,1.0
25,24,59afc338d05a30b5a700,59afc338d05a30b5a700__0c08d040__clean__seg0000,1.0
25,24,59afc338d05a30b5a700,59afc338d05a30b5a700__b1c290df__clean__seg0000,1.0
25,24,59afc338d05a30b5a700,59afc338d05a30b5a700__36997589__clean__seg0000,1.0
25,24,59afc338d05a30b5a700,59afc338d05a30b5a700__0e03374f__clean__seg0000,1.0
25,24,59afc338d05a30b5a700,59afc338d05a30b5a700__a27516a4__clean__seg0000,1.0
25,24,59afc338d05a30b5a700,59afc338d05a30b5a700__cb47bafd__clean__seg0000,1.0
25,24,59afc338d05a30b5a700,59afc338d05a30b5a700__c71b4837__clean__seg0000,1.0
25,24,59afc338d05a30b5a700,59afc338d05a30b5a700__bf156e3e__clean__seg0000,1.0
25,24,59afc338d05a30b5a700,59afc338d05a30b5a700__734d8f42__clean__seg0000,1.0
25,24,59afc338d05a30b5a700,59afc338d05a30b5a700__053211ce__clean__seg0000,1.0
25,24,59afc338d05a30b5a700,59afc338d05a30b5a700__8f70b939__clean__seg0000,1.0
25,24,59afc338d05a30b5a700,59afc338d05a30b5a700__f5608b86__clean__seg0000,1.0
25,24,59afc338d05a30b5a700,59afc338d05a30b5a700__bcb10484__clean__seg0000,1.0
25,24,59afc338d05a30b5a700,59afc338d05a30b5a700__778ad0d3__clean__seg0000,1.0
25,24,59afc338d05a30b5a700,59afc338d05a30b5a700__b7aa42f8__clean__seg0000,1.0
25,24,59afc338d05a30b5a700,59afc338d05a30b5a700__1ee2bb31__clean__seg0000,1.0
25,24,59afc338d05a30b5a700,59afc338d05a30b5a700__b00f5ecb__clean__seg0000,1.0
25,24,59afc338d05a30b5a700,59afc338d05a30b5a700__4fe64071__clean__seg0000,1.0
25,24,59afc338d05a30b5a700,59afc338d05a30b5a700__1ea4f83d__clean__seg0000,1.0
25,24,59afc338d05a30b5a700,59afc338d05a30b5a700__3806e7f7__clean__seg0000,1.0
25,24,59afc338d05a30b5a700,59afc338d05a30b5a700__266aa55e__clean__seg0000,1.0
25,24,59afc338d05a30b5a700,59afc338d05a30b5a700__b2b32080__clean__seg0000,1.0
25,24,59afc338d05a30b5a700,59afc338d05a30b5a700__9d7cf06d__clean__seg0000,1.0
25,24,59afc338d05a30b5a700,59afc338d05a30b5a700__c2ea0891__clean__seg0000,1.0
25,24,59afc338d05a30b5a700,59afc338d05a30b5a700__5fc82d61__clean__seg0000,1.0
25,24,59afc338d05a30b5a700,59afc338d05a30b5a700__e60934ba__clean__seg0000,1.0
25,24,59afc338d05a30b5a700,59afc338d05a30b5a700__15275c2b__clean__seg0000,1.0
25,24,59afc338d05a30b5a700,59afc338d05a30b5a700__4e7847f0__clean__seg0000,1.0
25,24,59afc338d05a30b5a700,59afc338d05a30b5a700__87da8a2c__clean__seg0000,1.0
25,24,59afc338d05a30b5a700,59afc338d05a30b5a700__2f9ed095__clean__seg0000,1.0
25,24,59afc338d05a30b5a700,59afc338d05a30b5a700__5ce85f12__clean__seg0000,1.0
25,24,59afc338d05a30b5a700,59afc338d05a30b5a700__cf4e6bff__clean__seg0000,1.0
25,24,59afc338d05a30b5a700,59afc338d05a30b5a700__bbe09b6d__clean__seg0000,1.0
25,24,59afc338d05a30b5a700,59afc338d05a30b5a700__6b1d5397__clean__seg0000,1.0
25,24,59afc338d05a30b5a700,59afc338d05a30b5a700__56034677__clean__seg0000,1.0
25,24,59afc338d05a30b5a700,59afc338d05a30b5a700__61f2d6df__clean__seg0000,1.0
25,24,59afc338d05a30b5a700,59afc338d05a30b5a700__866d6469__clean__seg0000,1.0
25,24,59afc338d05a30b5a700,59afc338d05a30b5a700__e3783d84__clean__seg0000,1.0
25,24,59afc338d05a30b5a700,59afc338d05a30b5a700__23221ec8__clean__seg0000,1.0
25,24,59afc338d05a30b5a700,59afc338d05a30b5a700__7f7976ca__clean__seg0000,1.0
25,24,59afc338d05a30b5a700,59afc338d05a30b5a700__4e98f481__clean__seg0000,1.0
25,24,59afc338d05a30b5a700,59afc338d05a30b5a700__787a6afe__clean__seg0000,1.0
25,24,59afc338d05a30b5a700,59afc338d05a30b5a700__70b9ebdc__clean__seg0000,1.0
25,24,59afc338d05a30b5a700,59afc338d05a30b5a700__0417a82f__clean__seg0000,1.0
25,24,59afc338d05a30b5a700,59afc338d05a30b5a700__48ece3ab__clean__seg0000,1.0
25,24,59afc338d05a30b5a700,59afc338d05a30b5a700__8e9a8570__clean__seg0000,1.0
25,24,59afc338d05a30b5a700,59afc338d05a30b5a700__871fc31f__clean__seg0000,1.0
25,24,59afc338d05a30b5a700,59afc338d05a30b5a700__6ee7a14f__clean__seg0000,1.0
25,24,59afc338d05a30b5a700,59afc338d05a30b5a700__9edf584e__clean__seg0000,1.0
25,24,59afc338d05a30b5a700,59afc338d05a30b5a700__783c3853__clean__seg0000,1.0
25,24,59afc338d05a30b5a700,59afc338d05a30b5a700__33381a95__clean__seg0000,1.0
25,24,59afc338d05a30b5a700,59afc338d05a30b5a700__2dc4e9ba__clean__seg0000,1.0
25,24,59afc338d05a30b5a700,59afc338d05a30b5a700__317150f6__clean__seg0000,1.0
25,24,59afc338d05a30b5a700,59afc338d05a30b5a700__a242ea95__clean__seg0000,1.0
25,24,59afc338d05a30b5a700,59afc338d05a30b5a700__9747b934__clean__seg0000,1.0
25,24,59afc338d05a30b5a700,59afc338d05a30b5a700__dbd652ed__clean__seg0000,1.0
25,24,59afc338d05a30b5a700,59afc338d05a30b5a700__1dae71d0__clean__seg0000,1.0
25,24,59afc338d05a30b5a700,59afc338d05a30b5a700__5e4bd6d3__clean__seg0000,1.0
25,24,59afc338d05a30b5a700,59afc338d05a30b5a700__c2776819__clean__seg0000,1.0
25,24,59afc338d05a30b5a700,59afc338d05a30b5a700__06769082__clean__seg0000,1.0
25,24,59afc338d05a30b5a700,59afc338d05a30b5a700__294476b8__clean__seg0000,1.0
25,24,59afc338d05a30b5a700,59afc338d05a30b5a700__785eea4f__clean__seg0000,1.0
25,24,59afc338d05a30b5a700,59afc338d05a30b5a700__a11ae928__clean__seg0000,1.0
25,24,59afc338d05a30b5a700,59afc338d05a30b5a700__2dc1aa6c__clean__seg0000,1.0
25,24,59afc338d05a30b5a700,59afc338d05a30b5a700__2f06110e__clean__seg0000,1.0
25,24,59afc338d05a30b5a700,59afc338d05a30b5a700__b8e5588d__clean__seg0000,1.0
25,24,59afc338d05a30b5a700,59afc338d05a30b5a700__87d18a5b__clean__seg0000,1.0
25,24,59afc338d05a30b5a700,59afc338d05a30b5a700__3b860137__clean__seg0000,1.0
25,24,59afc338d05a30b5a700,59afc338d05a30b5a700__ac9632c3__clean__seg0000,1.0
25,24,59afc338d05a30b5a700,59afc338d05a30b5a700__f9e16ae9__clean__seg0000,1.0
25,24,59afc338d05a30b5a700,59afc338d05a30b5a700__c4c3596c__clean__seg0000,1.0
25,24,59afc338d05a30b5a700,59afc338d05a30b5a700__2448ba1f__clean__seg0000,1.0
25,24,59afc338d05a30b5a700,59afc338d05a30b5a700__be94866e__clean__seg0000,1.0
25,24,59afc338d05a30b5a700,59afc338d05a30b5a700__52e72cd3__clean__seg0000,1.0
25,24,59afc338d05a30b5a700,59afc338d05a30b5a700__28ad2ac6__clean__seg0000,1.0
25,24,59afc338d05a30b5a700,59afc338d05a30b5a700__85128755__clean__seg0000,1.0
25,24,59afc338d05a30b5a700,59afc338d05a30b5a700__26484df5__clean__seg0000,1.0
25,24,59afc338d05a30b5a700,59afc338d05a30b5a700__a215c764__clean__seg0000,1.0
25,24,59afc338d05a30b5a700,59afc338d05a30b5a700__3e9d34ec__clean__seg0000,1.0
25,24,59afc338d05a30b5a700,59afc338d05a30b5a700__845668f3__clean__seg0000,1.0
25,24,59afc338d05a30b5a700,59afc338d05a30b5a700__c3d3fc0c__clean__seg0000,1.0
25,24,59afc338d05a30b5a700,59afc338d05a30b5a700__f71df358__clean__seg0000,1.0
25,24,59afc338d05a30b5a700,59afc338d05a30b5a700__b72670eb__clean__seg0000,1.0
25,24,59afc338d05a30b5a700,59afc338d05a30b5a700__76fe4f75__clean__seg0000,1.0
25,24,59afc338d05a30b5a700,59afc338d05a30b5a700__6d21972f__clean__seg0000,1.0
25,24,59afc338d05a30b5a700,59afc338d05a30b5a700__65a88dc0__clean__seg0000,1.0
25,24,59afc338d05a30b5a700,59afc338d05a30b5a700__93454b41__clean__seg0000,1.0
25,24,59afc338d05a30b5a700,59afc338d05a30b5a700__6b7d7df2__clean__seg0000,1.0
25,24,59afc338d05a30b5a700,59afc338d05a30b5a700__137ef6e7__clean__seg0000,1.0
25,24,59afc338d05a30b5a700,59afc338d05a30b5a700__d1c26de1__clean__seg0000,1.0
25,24,59afc338d05a30b5a700,59afc338d05a30b5a700__8c42660e__clean__seg0000,1.0
25,24,59afc338d05a30b5a700,59afc338d05a30b5a700__16d5d532__clean__seg0000,1.0
25,24,59afc338d05a30b5a700,59afc338d05a30b5a700__f6b59f1d__clean__seg0000,1.0
25,24,59afc338d05a30b5a700,59afc338d05a30b5a700__e919aee7__clean__seg0000,1.0
25,24,59afc338d05a30b5a700,59afc338d05a30b5a700__50ba2684__clean__seg0000,1.0
25,24,59afc338d05a30b5a700,59afc338d05a30b5a700__7bf0872b__clean__seg0000,1.0
25,24,59afc338d05a30b5a700,59afc338d05a30b5a700__5ff5337d__clean__seg0000,1.0
25,24,59afc338d05a30b5a700,59afc338d05a30b5a700__6d6f92bf__clean__seg0000,1.0
25,24,59afc338d05a30b5a700,59afc338d05a30b5a700__ef43f609__clean__seg0000,1.0
25,24,59afc338d05a30b5a700,59afc338d05a30b5a700__5ff42995__clean__seg0000,1.0
25,24,59afc338d05a30b5a700,59afc338d05a30b5a700__52eb7d2a__clean__seg0000,1.0
25,24,59afc338d05a30b5a700,59afc338d05a30b5a700__dab77337__clean__seg0000,1.0
25,24,59afc338d05a30b5a700,59afc338d05a30b5a700__27fe5303__clean__seg0000,1.0
25,24,59afc338d05a30b5a700,59afc338d05a30b5a700__b2bce729__clean__seg0000,1.0
25,24,59afc338d05a30b5a700,59afc338d05a30b5a700__c13a509a__clean__seg0000,1.0
25,24,59afc338d05a30b5a700,59afc338d05a30b5a700__b082f385__clean__seg0000,1.0
25,24,59afc338d05a30b5a700,59afc338d05a30b5a700__6254450d__clean__seg0000,1.0
25,24,59afc338d05a30b5a700,59afc338d05a30b5a700__5b991465__clean__seg0000,1.0
25,24,59afc338d05a30b5a700,59afc338d05a30b5a700__67008f9e__clean__seg0000,1.0
25,24,59afc338d05a30b5a700,59afc338d05a30b5a700__1ac7059f__clean__seg0000,1.0
25,24,59afc338d05a30b5a700,59afc338d05a30b5a700__81a56108__clean__seg0000,1.0
25,24,59afc338d05a30b5a700,59afc338d05a30b5a700__26e00544__clean__seg0000,1.0
25,24,59afc338d05a30b5a700,59afc338d05a30b5a700__1efbad43__clean__seg0000,1.0
25,24,59afc338d05a30b5a700,59afc338d05a30b5a700__eb6aa23d__clean__seg0000,1.0
25,24,59afc338d05a30b5a700,59afc338d05a30b5a700__f12dab09__clean__seg0000,1.0
25,24,59afc338d05a30b5a700,59afc338d05a30b5a700__1e90670b__clean__seg0000,1.0
25,24,59afc338d05a30b5a700,59afc338d05a30b5a700__a69231a5__clean__seg0000,1.0
25,24,59afc338d05a30b5a700,59afc338d05a30b5a700__0b0dc304__clean__seg0000,1.0
25,24,59afc338d05a30b5a700,59afc338d05a30b5a700__1141c8a2__clean__seg0000,1.0
25,24,59afc338d05a30b5a700,59afc338d05a30b5a700__d462a723__clean__seg0000,1.0
25,24,59afc338d05a30b5a700,59afc338d05a30b5a700__ffb669a4__clean__seg0000,1.0
25,24,59afc338d05a30b5a700,59afc338d05a30b5a700__44d16ac2__clean__seg0000,1.0
25,24,59afc338d05a30b5a700,59afc338d05a30b5a700__d2b4854e__clean__seg0000,1.0
25,24,59afc338d05a30b5a700,59afc338d05a30b5a700__325f4609__clean__seg0000,1.0
25,24,59afc338d05a30b5a700,59afc338d05a30b5a700__1d0cd04b__clean__seg0000,1.0
25,24,59afc338d05a30b5a700,59afc338d05a30b5a700__f79adf0b__clean__seg0000,1.0
25,24,59afc338d05a30b5a700,59afc338d05a30b5a700__b555ff63__clean__seg0000,1.0
25,24,59afc338d05a30b5a700,59afc338d05a30b5a700__97d1858d__clean__seg0000,1.0
25,24,59afc338d05a30b5a700,59afc338d05a30b5a700__1a379060__clean__seg0000,1.0
25,24,59afc338d05a30b5a700,59afc338d05a30b5a700__f5f0741d__clean__seg0000,1.0
25,24,59afc338d05a30b5a700,59afc338d05a30b5a700__06f1c888__clean__seg0000,1.0
25,24,59afc338d05a30b5a700,59afc338d05a30b5a700__83656734__clean__seg0000,1.0
25,24,59afc338d05a30b5a700,59afc338d05a30b5a700__6a3d3f98__clean__seg0000,1.0
25,24,59afc338d05a30b5a700,59afc338d05a30b5a700__22c66d0e__clean__seg0000,1.0
25,24,59afc338d05a30b5a700,59afc338d05a30b5a700__25f10180__clean__seg0000,1.0
25,24,59afc338d05a30b5a700,59afc338d05a30b5a700__7c13c763__clean__seg0000,1.0
25,24,59afc338d05a30b5a700,59afc338d05a30b5a700__9961d689__clean__seg0000,1.0
25,24,59afc338d05a30b5a700,59afc338d05a30b5a700__6d445001__clean__seg0000,1.0
25,24,59afc338d05a30b5a700,59afc338d05a30b5a700__bf22ae42__clean__seg0000,1.0
25,24,59afc338d05a30b5a700,59afc338d05a30b5a700__5a045ae4__clean__seg0000,1.0
25,24,59afc338d05a30b5a700,59afc338d05a30b5a700__f816d797__clean__seg0000,1.0
25,24,59afc338d05a30b5a700,59afc338d05a30b5a700__20e739d5__clean__seg0000,1.0
25,24,59afc338d05a30b5a700,59afc338d05a30b5a700__fcac5644__clean__seg0000,1.0
25,24,59afc338d05a30b5a700,59afc338d05a30b5a700__d656bc41__clean__seg0000,1.0
25,24,59afc338d05a30b5a700,59afc338d05a30b5a700__8e75e03f__clean__seg0000,1.0
25,24,59afc338d05a30b5a700,59afc338d05a30b5a700__a2da54bb__clean__seg0000,1.0
25,24,59afc338d05a30b5a700,59afc338d05a30b5a700__b2a439c2__clean__seg0000,1.0
25,24,59afc338d05a30b5a700,59afc338d05a30b5a700__2f0161dd__clean__seg0000,1.0
25,24,59afc338d05a30b5a700,59afc338d05a30b5a700__44719148__clean__seg0000,1.0
25,24,59afc338d05a30b5a700,59afc338d05a30b5a700__a5086776__clean__seg0000,1.0
25,24,59afc338d05a30b5a700,59afc338d05a30b5a700__e3814483__clean__seg0000,1.0
25,24,59afc338d05a30b5a700,59afc338d05a30b5a700__9e4ab51b__clean__seg0000,1.0
25,24,59afc338d05a30b5a700,59afc338d05a30b5a700__2b6896ec__clean__seg0000,1.0
25,24,59afc338d05a30b5a700,59afc338d05a30b5a700__37f8a9bc__clean__seg0000,1.0
25,24,59afc338d05a30b5a700,59afc338d05a30b5a700__5ff9d39a__clean__seg0000,1.0
25,24,59afc338d05a30b5a700,59afc338d05a30b5a700__4a547e2a__clean__seg0000,1.0
25,24,59afc338d05a30b5a700,59afc338d05a30b5a700__62518113__clean__seg0000,1.0
25,24,59afc338d05a30b5a700,59afc338d05a30b5a700__602f74f4__clean__seg0000,1.0
25,24,59afc338d05a30b5a700,59afc338d05a30b5a700__f14723b6__clean__seg0000,1.0
25,24,59afc338d05a30b5a700,59afc338d05a30b5a700__5e67f7bc__clean__seg0000,1.0
25,24,59afc338d05a30b5a700,59afc338d05a30b5a700__26fc586c__clean__seg0000,1.0
25,24,59afc338d05a30b5a700,59afc338d05a30b5a700__23764019__clean__seg0000,1.0
25,24,59afc338d05a30b5a700,59afc338d05a30b5a700__cec5c815__clean__seg0000,1.0
25,24,59afc338d05a30b5a700,59afc338d05a30b5a700__ca7a16ea__clean__seg0000,1.0
25,24,59afc338d05a30b5a700,59afc338d05a30b5a700__cf616d6e__clean__seg0000,1.0
25,24,59afc338d05a30b5a700,59afc338d05a30b5a700__45046b3c__clean__seg0000,1.0
25,24,59afc338d05a30b5a700,59afc338d05a30b5a700__f888cd4e__clean__seg0000,1.0
25,24,59afc338d05a30b5a700,59afc338d05a30b5a700__601c743c__clean__seg0000,1.0
25,24,59afc338d05a30b5a700,59afc338d05a30b5a700__87586e49__clean__seg0000,1.0
25,24,59afc338d05a30b5a700,59afc338d05a30b5a700__3368fb51__clean__seg0000,1.0
25,24,59afc338d05a30b5a700,59afc338d05a30b5a700__c12fa879__clean__seg0000,1.0
25,24,59afc338d05a30b5a700,59afc338d05a30b5a700__8ef02ae1__clean__seg0000,1.0
25,24,59afc338d05a30b5a700,59afc338d05a30b5a700__d154410a__clean__seg0000,1.0
25,24,59afc338d05a30b5a700,59afc338d05a30b5a700__68e88343__clean__seg0000,1.0
25,24,59afc338d05a30b5a700,59afc338d05a30b5a700__5e6bf56f__clean__seg0000,1.0
25,24,59afc338d05a30b5a700,59afc338d05a30b5a700__d27aaf5a__clean__seg0000,1.0
25,24,59afc338d05a30b5a700,59afc338d05a30b5a700__906523b6__clean__seg0000,1.0
25,24,59afc338d05a30b5a700,59afc338d05a30b5a700__d4f6cd8f__clean__seg0000,1.0
25,24,59afc338d05a30b5a700,59afc338d05a30b5a700__6cda8620__clean__seg0000,1.0
25,24,59afc338d05a30b5a700,59afc338d05a30b5a700__7ae76b52__clean__seg0000,1.0
25,24,59afc338d05a30b5a700,59afc338d05a30b5a700__582d9f9c__clean__seg0000,1.0
25,24,59afc338d05a30b5a700,59afc338d05a30b5a700__6e19c11e__clean__seg0000,1.0
25,24,59afc338d05a30b5a700,59afc338d05a30b5a700__f4aac7f8__clean__seg0000,1.0
25,24,59afc338d05a30b5a700,59afc338d05a30b5a700__a9f92566__clean__seg0000,1.0
25,24,59afc338d05a30b5a700,59afc338d05a30b5a700__bb8eb12b__clean__seg0000,1.0
25,24,59afc338d05a30b5a700,59afc338d05a30b5a700__67541692__clean__seg0000,1.0
25,24,59afc338d05a30b5a700,59afc338d05a30b5a700__9615c919__clean__seg0000,1.0
25,24,59afc338d05a30b5a700,59afc338d05a30b5a700__b6591d79__clean__seg0000,1.0
25,24,59afc338d05a30b5a700,59afc338d05a30b5a700__b139f43b__clean__seg0000,1.0
25,24,59afc338d05a30b5a700,59afc338d05a30b5a700__60e06fcb__clean__seg0000,1.0
25,24,59afc338d05a30b5a700,59afc338d05a30b5a700__2d2987f3__clean__seg0000,1.0
25,24,59afc338d05a30b5a700,59afc338d05a30b5a700__dd3e1350__clean__seg0000,1.0
25,24,59afc338d05a30b5a700,59afc338d05a30b5a700__c71c5177__clean__seg0000,1.0
25,24,59afc338d05a30b5a700,59afc338d05a30b5a700__a91e1d62__clean__seg0000,1.0
25,24,59afc338d05a30b5a700,59afc338d05a30b5a700__c52fa0ed__clean__seg0000,1.0
25,24,59afc338d05a30b5a700,59afc338d05a30b5a700__55d17c1e__clean__seg0000,1.0
25,24,59afc338d05a30b5a700,59afc338d05a30b5a700__bbc3ee8d__clean__seg0000,1.0
25,24,59afc338d05a30b5a700,59afc338d05a30b5a700__1096c8b8__clean__seg0000,1.0
25,24,59afc338d05a30b5a700,59afc338d05a30b5a700__d5543aa6__clean__seg0000,1.0
25,24,59afc338d05a30b5a700,59afc338d05a30b5a700__685b78d5__clean__seg0000,1.0
25,24,59afc338d05a30b5a700,59afc338d05a30b5a700__2c3926ca__clean__seg0000,1.0
25,24,59afc338d05a30b5a700,59afc338d05a30b5a700__45f23391__clean__seg0000,1.0
25,24,59afc338d05a30b5a700,59afc338d05a30b5a700__1ee6ffce__clean__seg0000,1.0
25,24,59afc338d05a30b5a700,59afc338d05a30b5a700__be7356eb__clean__seg0000,1.0
25,24,59afc338d05a30b5a700,59afc338d05a30b5a700__7ea74807__clean__seg0000,1.0
25,24,59afc338d05a30b5a700,59afc338d05a30b5a700__2415b9b7__clean__seg0000,1.0
25,24,59afc338d05a30b5a700,59afc338d05a30b5a700__4361015d__clean__seg0000,1.0
25,24,59afc338d05a30b5a700,59afc338d05a30b5a700__ba9564c2__clean__seg0000,1.0
25,24,59afc338d05a30b5a700,59afc338d05a30b5a700__f1056fcb__clean__seg0000,1.0
25,24,59afc338d05a30b5a700,59afc338d05a30b5a700__0ab4d097__clean__seg0000,1.0
25,24,59afc338d05a30b5a700,59afc338d05a30b5a700__70a7aec7__clean__seg0000,1.0
25,24,59afc338d05a30b5a700,59afc338d05a30b5a700__ba9ceb8a__clean__seg0000,1.0
25,24,59afc338d05a30b5a700,59afc338d05a30b5a700__81c33a20__clean__seg0000,1.0
25,24,59afc338d05a30b5a700,59afc338d05a30b5a700__34dfb139__clean__seg0000,1.0
25,24,59afc338d05a30b5a700,59afc338d05a30b5a700__d80db286__clean__seg0000,1.0
25,24,59afc338d05a30b5a700,59afc338d05a30b5a700__22fadd30__clean__seg0000,1.0
25,24,59afc338d05a30b5a700,59afc338d05a30b5a700__2097383b__clean__seg0000,1.0
25,24,59afc338d05a30b5a700,59afc338d05a30b5a700__ef5b59a6__clean__seg0000,1.0
25,24,59afc338d05a30b5a700,59afc338d05a30b5a700__ea94fda4__clean__seg0000,1.0
25,24,59afc338d05a30b5a700,59afc338d05a30b5a700__2c7b55cd__clean__seg0000,1.0
25,24,59afc338d05a30b5a700,59afc338d05a30b5a700__b02c9a71__clean__seg0000,1.0
25,24,59afc338d05a30b5a700,59afc338d05a30b5a700__a82f864a__clean__seg0000,1.0
25,24,59afc338d05a30b5a700,59afc338d05a30b5a700__e9b4d152__clean__seg0000,1.0
25,24,59afc338d05a30b5a700,59afc338d05a30b5a700__82c3b5fe__clean__seg0000,1.0
25,24,59afc338d05a30b5a700,59afc338d05a30b5a700__63a0cd6d__clean__seg0000,1.0
25,24,59afc338d05a30b5a700,59afc338d05a30b5a700__7c7eea97__clean__seg0000,1.0
25,24,59afc338d05a30b5a700,59afc338d05a30b5a700__2cb50298__clean__seg0000,1.0
25,24,59afc338d05a30b5a700,59afc338d05a30b5a700__89c7ce26__clean__seg0000,1.0
25,24,59afc338d05a30b5a700,59afc338d05a30b5a700__7d17dda3__clean__seg0000,1.0
25,24,59afc338d05a30b5a700,59afc338d05a30b5a700__a5d20f6f__clean__seg0000,1.0
25,24,59afc338d05a30b5a700,59afc338d05a30b5a700__ca91bb2e__clean__seg0000,1.0
25,24,59afc338d05a30b5a700,59afc338d05a30b5a700__bcdeca78__clean__seg0000,1.0
25,24,59afc338d05a30b5a700,59afc338d05a30b5a700__6aad25f4__clean__seg0000,1.0
25,24,59afc338d05a30b5a700,59afc338d05a30b5a700__0cb85555__clean__seg0000,1.0
25,24,59afc338d05a30b5a700,59afc338d05a30b5a700__05137fb9__clean__seg0000,1.0
25,24,59afc338d05a30b5a700,59afc338d05a30b5a700__895e672f__clean__seg0000,1.0
25,24,59afc338d05a30b5a700,59afc338d05a30b5a700__9404d35e__clean__seg0000,1.0
25,24,59afc338d05a30b5a700,59afc338d05a30b5a700__05440825__clean__seg0000,1.0
25,24,59afc338d05a30b5a700,59afc338d05a30b5a700__70a61ddc__clean__seg0000,1.0
25,24,59afc338d05a30b5a700,59afc338d05a30b5a700__186a5a42__clean__seg0000,1.0
25,24,59afc338d05a30b5a700,59afc338d05a30b5a700__6d1b2baa__clean__seg0000,1.0
25,24,59afc338d05a30b5a700,59afc338d05a30b5a700__8f468165__clean__seg0000,1.0
25,24,59afc338d05a30b5a700,59afc338d05a30b5a700__e828877e__clean__seg0000,1.0
25,24,59afc338d05a30b5a700,59afc338d05a30b5a700__9380d041__clean__seg0000,1.0
25,24,59afc338d05a30b5a700,59afc338d05a30b5a700__31de0820__clean__seg0000,1.0
25,24,59afc338d05a30b5a700,59afc338d05a30b5a700__a2b16d3f__clean__seg0000,1.0
25,24,59afc338d05a30b5a700,59afc338d05a30b5a700__29acc11e__clean__seg0000,1.0
25,24,59afc338d05a30b5a700,59afc338d05a30b5a700__86be0362__clean__seg0000,1.0
25,24,59afc338d05a30b5a700,59afc338d05a30b5a700__36774af8__clean__seg0000,1.0
25,24,59afc338d05a30b5a700,59afc338d05a30b5a700__3062a781__clean__seg0000,1.0
25,24,59afc338d05a30b5a700,59afc338d05a30b5a700__b74152f3__clean__seg0000,1.0
25,24,59afc338d05a30b5a700,59afc338d05a30b5a700__c92a6acd__clean__seg0000,1.0
25,24,59afc338d05a30b5a700,59afc338d05a30b5a700__13d988ef__clean__seg0000,1.0
25,24,59afc338d05a30b5a700,59afc338d05a30b5a700__d2b8204c__clean__seg0000,1.0
25,24,59afc338d05a30b5a700,59afc338d05a30b5a700__c14970fe__clean__seg0000,1.0
25,24,59afc338d05a30b5a700,59afc338d05a30b5a700__a851541b__clean__seg0000,1.0
25,24,59afc338d05a30b5a700,59afc338d05a30b5a700__398a555f__clean__seg0000,1.0
25,24,59afc338d05a30b5a700,59afc338d05a30b5a700__b7b1581e__clean__seg0000,1.0
25,24,59afc338d05a30b5a700,59afc338d05a30b5a700__3c032404__clean__seg0000,1.0
25,24,59afc338d05a30b5a700,59afc338d05a30b5a700__70afde18__clean__seg0000,1.0
25,24,59afc338d05a30b5a700,59afc338d05a30b5a700__8d6f93bb__clean__seg0000,1.0
25,24,59afc338d05a30b5a700,59afc338d05a30b5a700__40ab2de4__clean__seg0000,1.0
25,24,59afc338d05a30b5a700,59afc338d05a30b5a700__08dfc536__clean__seg0000,1.0
25,24,59afc338d05a30b5a700,59afc338d05a30b5a700__f351f4f5__clean__seg0000,1.0
25,24,59afc338d05a30b5a700,59afc338d05a30b5a700__acfbb094__clean__seg0000,1.0
25,24,59afc338d05a30b5a700,59afc338d05a30b5a700__126d2205__clean__seg0000,1.0
25,24,59afc338d05a30b5a700,59afc338d05a30b5a700__a957e7aa__clean__seg0000,1.0
25,24,59afc338d05a30b5a700,59afc338d05a30b5a700__4ae49c5c__clean__seg0000,1.0
25,24,59afc338d05a30b5a700,59afc338d05a30b5a700__cbdec4fe__clean__seg0000,1.0
25,24,59afc338d05a30b5a700,59afc338d05a30b5a700__86f31da6__clean__seg0000,1.0
25,24,59afc338d05a30b5a700,59afc338d05a30b5a700__9bd43ebd__clean__seg0000,1.0
25,24,59afc338d05a30b5a700,59afc338d05a30b5a700__a39f1735__clean__seg0000,1.0
25,24,59afc338d05a30b5a700,59afc338d05a30b5a700__f9ef1f75__clean__seg0000,1.0
25,24,59afc338d05a30b5a700,59afc338d05a30b5a700__dace7207__clean__seg0000,1.0
25,24,59afc338d05a30b5a700,59afc338d05a30b5a700__ea74ffc1__clean__seg0000,1.0
25,24,59afc338d05a30b5a700,59afc338d05a30b5a700__addb35b7__clean__seg0000,1.0
25,24,59afc338d05a30b5a700,59afc338d05a30b5a700__a94a3d16__clean__seg0000,1.0
25,24,59afc338d05a30b5a700,59afc338d05a30b5a700__b1162c9c__clean__seg0000,1.0
25,24,59afc338d05a30b5a700,59afc338d05a30b5a700__13de9ade__clean__seg0000,1.0
25,24,59afc338d05a30b5a700,59afc338d05a30b5a700__9980ddba__clean__seg0000,1.0
25,24,59afc338d05a30b5a700,59afc338d05a30b5a700__16aefb38__clean__seg0000,1.0
25,24,59afc338d05a30b5a700,59afc338d05a30b5a700__7126d662__clean__seg0000,1.0
25,24,59afc338d05a30b5a700,59afc338d05a30b5a700__05c9a1b9__clean__seg0000,1.0
25,24,59afc338d05a30b5a700,59afc338d05a30b5a700__3ffa6ee7__clean__seg0000,1.0
25,24,59afc338d05a30b5a700,59afc338d05a30b5a700__474d910c__clean__seg0000,1.0
25,24,59afc338d05a30b5a700,59afc338d05a30b5a700__ca04eea7__clean__seg0000,1.0
25,24,59afc338d05a30b5a700,59afc338d05a30b5a700__5903988b__clean__seg0000,1.0
25,24,59afc338d05a30b5a700,59afc338d05a30b5a700__3dc07d93__clean__seg0000,1.0
25,24,59afc338d05a30b5a700,59afc338d05a30b5a700__99dbcd9b__clean__seg0000,1.0
25,24,59afc338d05a30b5a700,59afc338d05a30b5a700__4eb426a3__clean__seg0000,1.0
25,24,59afc338d05a30b5a700,59afc338d05a30b5a700__fb983c1d__clean__seg0000,1.0
25,24,59afc338d05a30b5a700,59afc338d05a30b5a700__74929918__clean__seg0000,1.0
25,24,59afc338d05a30b5a700,59afc338d05a30b5a700__1fe2097e__clean__seg0000,1.0
25,24,59afc338d05a30b5a700,59afc338d05a30b5a700__8047596c__clean__seg0000,1.0
25,24,59afc338d05a30b5a700,59afc338d05a30b5a700__3cb0add8__clean__seg0000,1.0
25,24,59afc338d05a30b5a700,59afc338d05a30b5a700__2f3bc3fb__clean__seg0000,1.0
25,24,59afc338d05a30b5a700,59afc338d05a30b5a700__132d4443__clean__seg0000,1.0
25,24,59afc338d05a30b5a700,59afc338d05a30b5a700__a9e29176__clean__seg0000,1.0
25,24,59afc338d05a30b5a700,59afc338d05a30b5a700__f46321e8__clean__seg0000,1.0
25,24,59afc338d05a30b5a700,59afc338d05a30b5a700__330d10b5__clean__seg0000,1.0
25,24,59afc338d05a30b5a700,59afc338d05a30b5a700__9f3f5da2__clean__seg0000,1.0
25,24,59afc338d05a30b5a700,59afc338d05a30b5a700__a73caf13__clean__seg0000,1.0
25,24,59afc338d05a30b5a700,59afc338d05a30b5a700__26726fa8__clean__seg0000,1.0
25,24,59afc338d05a30b5a700,59afc338d05a30b5a700__8e064373__clean__seg0000,1.0
25,24,59afc338d05a30b5a700,59afc338d05a30b5a700__c8548dce__clean__seg0000,1.0
25,24,59afc338d05a30b5a700,59afc338d05a30b5a700__8a253ece__clean__seg0000,1.0
25,24,59afc338d05a30b5a700,59afc338d05a30b5a700__f49edb0c__clean__seg0000,1.0
25,24,59afc338d05a30b5a700,59afc338d05a30b5a700__876b3c94__clean__seg0000,1.0
25,24,59afc338d05a30b5a700,59afc338d05a30b5a700__82305d36__clean__seg0000,1.0
25,24,59afc338d05a30b5a700,59afc338d05a30b5a700__23544855__clean__seg0000,1.0
25,24,59afc338d05a30b5a700,59afc338d05a30b5a700__160a1b13__clean__seg0000,1.0
25,24,59afc338d05a30b5a700,59afc338d05a30b5a700__b4e151b4__clean__seg0000,1.0
25,24,59afc338d05a30b5a700,59afc338d05a30b5a700__39b413ba__clean__seg0000,1.0
25,24,59afc338d05a30b5a700,59afc338d05a30b5a700__e334901f__clean__seg0000,1.0
25,24,59afc338d05a30b5a700,59afc338d05a30b5a700__6735a02b__clean__seg0000,1.0
25,24,59afc338d05a30b5a700,59afc338d05a30b5a700__1aff25e7__clean__seg0000,1.0
25,24,59afc338d05a30b5a700,59afc338d05a30b5a700__faa861c2__clean__seg0000,1.0
25,24,59afc338d05a30b5a700,59afc338d05a30b5a700__e8f549bf__clean__seg0000,1.0
25,24,59afc338d05a30b5a700,59afc338d05a30b5a700__2e4ac529__clean__seg0000,1.0
25,24,59afc338d05a30b5a700,59afc338d05a30b5a700__5b83d65a__clean__seg0000,1.0
25,24,59afc338d05a30b5a700,59afc338d05a30b5a700__7420ad37__clean__seg0000,1.0
25,24,59afc338d05a30b5a700,59afc338d05a30b5a700__720f6e45__clean__seg0000,1.0
25,24,59afc338d05a30b5a700,59afc338d05a30b5a700__38c9eb12__clean__seg0000,1.0
25,24,59afc338d05a30b5a700,59afc338d05a30b5a700__a52cd07c__clean__seg0000,1.0
25,24,59afc338d05a30b5a700,59afc338d05a30b5a700__6fefa413__clean__seg0000,1.0
25,24,59afc338d05a30b5a700,59afc338d05a30b5a700__6c649250__clean__seg0000,1.0
25,24,59afc338d05a30b5a700,59afc338d05a30b5a700__e83d2838__clean__seg0000,1.0
25,24,59afc338d05a30b5a700,59afc338d05a30b5a700__8e6353cb__clean__seg0000,1.0
25,24,a981f15ee66ea0e3405e,a981f15ee66ea0e3405e__7db454a5__clean__seg0000,0.0
25,24,a981f15ee66ea0e3405e,a981f15ee66ea0e3405e__5f099ec6__clean__seg0000,0.0
25,24,a981f15ee66ea0e3405e,a981f15ee66ea0e3405e__4bbb836b__clean__seg0000,0.0
25,24,a981f15ee66ea0e3405e,a981f15ee66ea0e3405e__0575cc1f__clean__seg0000,0.0
25,24,a981f15ee66ea0e3405e,a981f15ee66ea0e3405e__0f818c28__clean__seg0000,0.0
25,24,a981f15ee66ea0e3405e,a981f15ee66ea0e3405e__d8e4852a__clean__seg0000,0.0
25,24,a981f15ee66ea0e3405e,a981f15ee66ea0e3405e__1bb636a6__clean__seg0000,0.0
25,24,a981f15ee66ea0e3405e,a981f15ee66ea0e3405e__91c64163__clean__seg0000,0.0
25,24,a981f15ee66ea0e3405e,a981f15ee66ea0e3405e__5da5865c__clean__seg0000,0.0
25,24,a981f15ee66ea0e3405e,a981f15ee66ea0e3405e__08cd89bf__clean__seg0000,0.0
25,24,a981f15ee66ea0e3405e,a981f15ee66ea0e3405e__2d687382__clean__seg0000,0.0
25,24,a981f15ee66ea0e3405e,a981f15ee66ea0e3405e__7f3bb07d__clean__seg0000,0.0
25,24,a981f15ee66ea0e3405e,a981f15ee66ea0e3405e__2d87d2d9__clean__seg0000,0.0
25,24,a981f15ee66ea0e3405e,a981f15ee66ea0e3405e__abb70088__clean__seg0000,0.0
25,24,a981f15ee66ea0e3405e,a981f15ee66ea0e3405e__b3ba0f72__clean__seg0000,0.0
25,24,a981f15ee66ea0e3405e,a981f15ee66ea0e3405e__7855dc20__clean__seg0000,0.0
25,24,a981f15ee66ea0e3405e,a981f15ee66ea0e3405e__44a4a9f6__clean__seg0000,0.0
25,24,a981f15ee66ea0e3405e,a981f15ee66ea0e3405e__ef50df18__clean__seg0000,0.0
25,24,a981f15ee66ea0e3405e,a981f15ee66ea0e3405e__00189ae6__clean__seg0000,0.0
25,24,a981f15ee66ea0e3405e,a981f15ee66ea0e3405e__83b4049e__clean__seg0000,0.0
25,24,a981f15ee66ea0e3405e,a981f15ee66ea0e3405e__8c4355c3__clean__seg0000,0.0
25,24,a981f15ee66ea0e3405e,a981f15ee66ea0e3405e__e967ced1__clean__seg0000,0.0
25,24,a981f15ee66ea0e3405e,a981f15ee66ea0e3405e__c0cf4009__clean__seg0000,0.0
25,24,a981f15ee66ea0e3405e,a981f15ee66ea0e3405e__dbbbbc1b__clean__seg0000,0.0
25,24,a981f15ee66ea0e3405e,a981f15ee66ea0e3405e__8de02f02__clean__seg0000,0.0
25,24,a981f15ee66ea0e3405e,a981f15ee66ea0e3405e__8492d3d4__clean__seg0000,0.0
25,24,a981f15ee66ea0e3405e,a981f15ee66ea0e3405e__1c209c4c__clean__seg0000,0.0
25,24,a981f15ee66ea0e3405e,a981f15ee66ea0e3405e__e62ec0d1__clean__seg0000,0.0
25,24,a981f15ee66ea0e3405e,a981f15ee66ea0e3405e__743aa6f4__clean__seg0000,0.0
25,24,a981f15ee66ea0e3405e,a981f15ee66ea0e3405e__c056d3d3__clean__seg0000,0.0
25,24,a981f15ee66ea0e3405e,a981f15ee66ea0e3405e__66dcac88__clean__seg0000,0.0
25,24,a981f15ee66ea0e3405e,a981f15ee66ea0e3405e__b1a11045__clean__seg0000,0.0
25,24,a981f15ee66ea0e3405e,a981f15ee66ea0e3405e__46a680c4__clean__seg0000,0.0
25,24,a981f15ee66ea0e3405e,a981f15ee66ea0e3405e__1baf4304__clean__seg0000,0.0
25,24,a981f15ee66ea0e3405e,a981f15ee66ea0e3405e__fec4458e__clean__seg0000,0.0
25,24,a981f15ee66ea0e3405e,a981f15ee66ea0e3405e__ef6c7385__clean__seg0000,0.0
25,24,a981f15ee66ea0e3405e,a981f15ee66ea0e3405e__ff15b0ee__clean__seg0000,0.0
25,24,a981f15ee66ea0e3405e,a981f15ee66ea0e3405e__bf433760__clean__seg0000,0.0
25,24,a981f15ee66ea0e3405e,a981f15ee66ea0e3405e__64e4a06c__clean__seg0000,0.0
25,24,a981f15ee66ea0e3405e,a981f15ee66ea0e3405e__b156bcc1__clean__seg0000,0.0
25,24,a981f15ee66ea0e3405e,a981f15ee66ea0e3405e__4954585e__clean__seg0000,0.0
25,24,a981f15ee66ea0e3405e,a981f15ee66ea0e3405e__5acf6dc6__clean__seg0000,0.0
25,24,a981f15ee66ea0e3405e,a981f15ee66ea0e3405e__d0f943d7__clean__seg0000,0.0
25,24,a981f15ee66ea0e3405e,a981f15ee66ea0e3405e__1492eca6__clean__seg0000,0.0
25,24,a981f15ee66ea0e3405e,a981f15ee66ea0e3405e__7b84772c__clean__seg0000,0.0
25,24,a981f15ee66ea0e3405e,a981f15ee66ea0e3405e__dd2cd124__clean__seg0000,0.0
25,24,a981f15ee66ea0e3405e,a981f15ee66ea0e3405e__6f4676f7__clean__seg0000,0.0
25,24,a981f15ee66ea0e3405e,a981f15ee66ea0e3405e__77eae2d2__clean__seg0000,0.0
25,24,a981f15ee66ea0e3405e,a981f15ee66ea0e3405e__8e6f32d0__clean__seg0000,0.0
25,24,a981f15ee66ea0e3405e,a981f15ee66ea0e3405e__4b856be3__clean__seg0000,0.0
25,24,c4ada69e2e1c242ffde1,c4ada69e2e1c242ffde1__2b0b6d92__clean__seg0000,0.0
25,24,c4ada69e2e1c242ffde1,c4ada69e2e1c242ffde1__2b0b6d92__clean__seg0001,0.0
25,24,c4ada69e2e1c242ffde1,c4ada69e2e1c242ffde1__2b0b6d92__clean__seg0002,0.0
25,24,c4ada69e2e1c242ffde1,c4ada69e2e1c242ffde1__2b0b6d92__clean__seg0003,0.0
25,24,c4ada69e2e1c242ffde1,c4ada69e2e1c242ffde1__2b0b6d92__clean__seg0004,0.0
25,24,694d0e63f6288262abe2,694d0e63f6288262abe2__dddea2a3__clean__seg0000,0.0
25,24,694d0e63f6288262abe2,694d0e63f6288262abe2__dddea2a3__clean__seg0001,0.0
25,24,694d0e63f6288262abe2,694d0e63f6288262abe2__dddea2a3__clean__seg0002,0.0
25,24,694d0e63f6288262abe2,694d0e63f6288262abe2__dddea2a3__clean__seg0003,0.0
25,24,694d0e63f6288262abe2,694d0e63f6288262abe2__dddea2a3__clean__seg0004,0.0
25,24,a4b9d8cfa81b71379780,a4b9d8cfa81b71379780__81e63a7b__clean__seg0000,0.0
25,24,a4b9d8cfa81b71379780,a4b9d8cfa81b71379780__81e63a7b__clean__seg0001,0.0
25,24,a4b9d8cfa81b71379780,a4b9d8cfa81b71379780__81e63a7b__clean__seg0002,0.0
25,24,a4b9d8cfa81b71379780,a4b9d8cfa81b71379780__81e63a7b__clean__seg0003,0.0
25,24,a4b9d8cfa81b71379780,a4b9d8cfa81b71379780__81e63a7b__clean__seg0004,0.0
25,24,a4b9d8cfa81b71379780,a4b9d8cfa81b71379780__493e8dd2__clean__seg0000,0.0
25,24,a4b9d8cfa81b71379780,a4b9d8cfa81b71379780__493e8dd2__clean__seg0001,0.0
25,24,a4b9d8cfa81b71379780,a4b9d8cfa81b71379780__493e8dd2__clean__seg0002,0.0
25,24,a4b9d8cfa81b71379780,a4b9d8cfa81b71379780__493e8dd2__clean__seg0003,0.0
25,24,a4b9d8cfa81b71379780,a4b9d8cfa81b71379780__493e8dd2__clean__seg0004,0.0
25,24,a4b9d8cfa81b71379780,a4b9d8cfa81b71379780__51bc88e6__clean__seg0000,0.0
25,24,a4b9d8cfa81b71379780,a4b9d8cfa81b71379780__51bc88e6__clean__seg0001,0.0
25,24,a4b9d8cfa81b71379780,a4b9d8cfa81b71379780__51bc88e6__clean__seg0002,0.0
25,24,a4b9d8cfa81b71379780,a4b9d8cfa81b71379780__51bc88e6__clean__seg0003,0.0
25,24,a4b9d8cfa81b71379780,a4b9d8cfa81b71379780__51bc88e6__clean__seg0004,0.0
25,24,a9a1895075cc0fceeb54,a9a1895075cc0fceeb54__ac2b7431__clean__seg0000,0.0
25,24,a9a1895075cc0fceeb54,a9a1895075cc0fceeb54__ac2b7431__clean__seg0001,0.0
25,24,a9a1895075cc0fceeb54,a9a1895075cc0fceeb54__ac2b7431__clean__seg0002,0.0
25,24,a9a1895075cc0fceeb54,a9a1895075cc0fceeb54__ac2b7431__clean__seg0003,0.0
25,24,a9a1895075cc0fceeb54,a9a1895075cc0fceeb54__ac2b7431__clean__seg0004,0.0
25,24,bddaaf3656ae2aec7197,bddaaf3656ae2aec7197__97020fea__clean__seg0000,0.0
25,24,bddaaf3656ae2aec7197,bddaaf3656ae2aec7197__97020fea__clean__seg0001,0.0
25,24,bddaaf3656ae2aec7197,bddaaf3656ae2aec7197__97020fea__clean__seg0002,0.0
25,24,bddaaf3656ae2aec7197,bddaaf3656ae2aec7197__97020fea__clean__seg0003,0.0
25,24,bddaaf3656ae2aec7197,bddaaf3656ae2aec7197__97020fea__clean__seg0004,0.0
25,24,92cdd45513f9c27c3e26,92cdd45513f9c27c3e26__3e006b1e__clean__seg0000,0.0
25,24,92cdd45513f9c27c3e26,92cdd45513f9c27c3e26__3e006b1e__clean__seg0001,0.0
25,24,92cdd45513f9c27c3e26,92cdd45513f9c27c3e26__3e006b1e__clean__seg0002,0.0
25,24,92cdd45513f9c27c3e26,92cdd45513f9c27c3e26__3e006b1e__clean__seg0003,0.0
25,24,92cdd45513f9c27c3e26,92cdd45513f9c27c3e26__3e006b1e__clean__seg0004,0.0
25,24,25a125898ca1bfe351d7,25a125898ca1bfe351d7__1e388dc4__clean__seg0000,0.0
25,24,25a125898ca1bfe351d7,25a125898ca1bfe351d7__1e388dc4__clean__seg0001,0.0
25,24,25a125898ca1bfe351d7,25a125898ca1bfe351d7__1e388dc4__clean__seg0002,0.0
25,24,25a125898ca1bfe351d7,25a125898ca1bfe351d7__1e388dc4__clean__seg0003,0.0
25,24,25a125898ca1bfe351d7,25a125898ca1bfe351d7__1e388dc4__clean__seg0004,0.0
25,24,d3609b1094e0729f14a9,d3609b1094e0729f14a9__4b6701cb__clean__seg0000,0.0
25,24,d3609b1094e0729f14a9,d3609b1094e0729f14a9__4b6701cb__clean__seg0001,0.0
25,24,d3609b1094e0729f14a9,d3609b1094e0729f14a9__4b6701cb__clean__seg0002,0.0
25,24,d3609b1094e0729f14a9,d3609b1094e0729f14a9__4b6701cb__clean__seg0003,0.0
25,24,d3609b1094e0729f14a9,d3609b1094e0729f14a9__4b6701cb__clean__seg0004,0.0
25,24,6ff321467b0c6ad6d971,6ff321467b0c6ad6d971__dda91665__clean__seg0000,0.0
25,24,6ff321467b0c6ad6d971,6ff321467b0c6ad6d971__dda91665__clean__seg0001,0.0
25,24,6ff321467b0c6ad6d971,6ff321467b0c6ad6d971__dda91665__clean__seg0002,0.0
25,24,6ff321467b0c6ad6d971,6ff321467b0c6ad6d971__dda91665__clean__seg0003,0.0
25,24,6ff321467b0c6ad6d971,6ff321467b0c6ad6d971__dda91665__clean__seg0004,0.0
25,24,a19effb29fc4c84477c1,a19effb29fc4c84477c1__bc6845ca__clean__seg0000__snr20,1.0
25,24,a19effb29fc4c84477c1,a19effb29fc4c84477c1__bc6845ca__clean__seg0000__snr10,1.0
25,24,a19effb29fc4c84477c1,a19effb29fc4c84477c1__bc6845ca__clean__seg0000__snr5,1.0
25,24,a19effb29fc4c84477c1,a19effb29fc4c84477c1__bc6845ca__clean__seg0000__snr0,1.0
25,24,a19effb29fc4c84477c1,a19effb29fc4c84477c1__bc6845ca__clean__seg0001__snr20,1.0
25,24,a19effb29fc4c84477c1,a19effb29fc4c84477c1__bc6845ca__clean__seg0001__snr10,1.0
25,24,a19effb29fc4c84477c1,a19effb29fc4c84477c1__bc6845ca__clean__seg0001__snr5,1.0
25,24,a19effb29fc4c84477c1,a19effb29fc4c84477c1__bc6845ca__clean__seg0001__snr0,1.0
25,24,a19effb29fc4c84477c1,a19effb29fc4c84477c1__bc6845ca__clean__seg0002__snr20,1.0
25,24,a19effb29fc4c84477c1,a19effb29fc4c84477c1__bc6845ca__clean__seg0002__snr10,1.0
25,24,a19effb29fc4c84477c1,a19effb29fc4c84477c1__bc6845ca__clean__seg0002__snr5,1.0
25,24,a19effb29fc4c84477c1,a19effb29fc4c84477c1__bc6845ca__clean__seg0002__snr0,1.0
25,24,a19effb29fc4c84477c1,a19effb29fc4c84477c1__bc6845ca__clean__seg0003__snr20,1.0
25,24,a19effb29fc4c84477c1,a19effb29fc4c84477c1__bc6845ca__clean__seg0003__snr10,1.0
25,24,a19effb29fc4c84477c1,a19effb29fc4c84477c1__bc6845ca__clean__seg0003__snr5,1.0
25,24,a19effb29fc4c84477c1,a19effb29fc4c84477c1__bc6845ca__clean__seg0003__snr0,1.0
25,24,a19effb29fc4c84477c1,a19effb29fc4c84477c1__bc6845ca__clean__seg0004__snr20,1.0
25,24,a19effb29fc4c84477c1,a19effb29fc4c84477c1__bc6845ca__clean__seg0004__snr10,1.0
25,24,a19effb29fc4c84477c1,a19effb29fc4c84477c1__bc6845ca__clean__seg0004__snr5,1.0
25,24,a19effb29fc4c84477c1,a19effb29fc4c84477c1__bc6845ca__clean__seg0004__snr0,1.0
25,24,a19effb29fc4c84477c1,a19effb29fc4c84477c1__bc6845ca__clean__seg0005__snr20,1.0
25,24,a19effb29fc4c84477c1,a19effb29fc4c84477c1__bc6845ca__clean__seg0005__snr10,1.0
25,24,a19effb29fc4c84477c1,a19effb29fc4c84477c1__bc6845ca__clean__seg0005__snr5,1.0
25,24,a19effb29fc4c84477c1,a19effb29fc4c84477c1__bc6845ca__clean__seg0005__snr0,1.0
25,24,a19effb29fc4c84477c1,a19effb29fc4c84477c1__bc6845ca__clean__seg0006__snr20,1.0
25,24,a19effb29fc4c84477c1,a19effb29fc4c84477c1__bc6845ca__clean__seg0006__snr10,1.0
25,24,a19effb29fc4c84477c1,a19effb29fc4c84477c1__bc6845ca__clean__seg0006__snr5,1.0
25,24,a19effb29fc4c84477c1,a19effb29fc4c84477c1__bc6845ca__clean__seg0006__snr0,1.0
25,24,a19effb29fc4c84477c1,a19effb29fc4c84477c1__bc6845ca__clean__seg0007__snr20,1.0
25,24,a19effb29fc4c84477c1,a19effb29fc4c84477c1__bc6845ca__clean__seg0007__snr10,1.0
25,24,a19effb29fc4c84477c1,a19effb29fc4c84477c1__bc6845ca__clean__seg0007__snr5,1.0
25,24,a19effb29fc4c84477c1,a19effb29fc4c84477c1__bc6845ca__clean__seg0007__snr0,1.0
25,24,a19effb29fc4c84477c1,a19effb29fc4c84477c1__bc6845ca__clean__seg0008__snr20,1.0
25,24,a19effb29fc4c84477c1,a19effb29fc4c84477c1__bc6845ca__clean__seg0008__snr10,1.0
25,24,a19effb29fc4c84477c1,a19effb29fc4c84477c1__bc6845ca__clean__seg0008__snr5,1.0
25,24,a19effb29fc4c84477c1,a19effb29fc4c84477c1__bc6845ca__clean__seg0008__snr0,1.0
25,24,a19effb29fc4c84477c1,a19effb29fc4c84477c1__bc6845ca__clean__seg0009__snr20,1.0
25,24,a19effb29fc4c84477c1,a19effb29fc4c84477c1__bc6845ca__clean__seg0009__snr10,1.0
25,24,a19effb29fc4c84477c1,a19effb29fc4c84477c1__bc6845ca__clean__seg0009__snr5,1.0
25,24,a19effb29fc4c84477c1,a19effb29fc4c84477c1__bc6845ca__clean__seg0009__snr0,1.0
25,24,1b7b94479c9af0d5c7e1,1b7b94479c9af0d5c7e1__0140ff29__clean__seg0000__snr20,1.0
25,24,1b7b94479c9af0d5c7e1,1b7b94479c9af0d5c7e1__0140ff29__clean__seg0000__snr10,1.0
25,24,1b7b94479c9af0d5c7e1,1b7b94479c9af0d5c7e1__0140ff29__clean__seg0000__snr5,1.0
25,24,1b7b94479c9af0d5c7e1,1b7b94479c9af0d5c7e1__0140ff29__clean__seg0000__snr0,1.0
25,24,1b7b94479c9af0d5c7e1,1b7b94479c9af0d5c7e1__0140ff29__clean__seg0001__snr20,1.0
25,24,1b7b94479c9af0d5c7e1,1b7b94479c9af0d5c7e1__0140ff29__clean__seg0001__snr10,1.0
25,24,1b7b94479c9af0d5c7e1,1b7b94479c9af0d5c7e1__0140ff29__clean__seg0001__snr5,1.0
25,24,1b7b94479c9af0d5c7e1,1b7b94479c9af0d5c7e1__0140ff29__clean__seg0001__snr0,1.0
25,24,1b7b94479c9af0d5c7e1,1b7b94479c9af0d5c7e1__0140ff29__clean__seg0002__snr20,1.0
25,24,1b7b94479c9af0d5c7e1,1b7b94479c9af0d5c7e1__0140ff29__clean__seg0002__snr10,1.0
25,24,1b7b94479c9af0d5c7e1,1b7b94479c9af0d5c7e1__0140ff29__clean__seg0002__snr5,1.0
25,24,1b7b94479c9af0d5c7e1,1b7b94479c9af0d5c7e1__0140ff29__clean__seg0002__snr0,1.0
25,24,1b7b94479c9af0d5c7e1,1b7b94479c9af0d5c7e1__0140ff29__clean__seg0003__snr20,1.0
25,24,1b7b94479c9af0d5c7e1,1b7b94479c9af0d5c7e1__0140ff29__clean__seg0003__snr10,1.0
25,24,1b7b94479c9af0d5c7e1,1b7b94479c9af0d5c7e1__0140ff29__clean__seg0003__snr5,1.0
25,24,1b7b94479c9af0d5c7e1,1b7b94479c9af0d5c7e1__0140ff29__clean__seg0003__snr0,1.0
25,24,1b7b94479c9af0d5c7e1,1b7b94479c9af0d5c7e1__0140ff29__clean__seg0004__snr20,1.0
25,24,1b7b94479c9af0d5c7e1,1b7b94479c9af0d5c7e1__0140ff29__clean__seg0004__snr10,1.0
25,24,1b7b94479c9af0d5c7e1,1b7b94479c9af0d5c7e1__0140ff29__clean__seg0004__snr5,1.0
25,24,1b7b94479c9af0d5c7e1,1b7b94479c9af0d5c7e1__0140ff29__clean__seg0004__snr0,1.0
25,24,1b7b94479c9af0d5c7e1,1b7b94479c9af0d5c7e1__0140ff29__clean__seg0005__snr20,1.0
25,24,1b7b94479c9af0d5c7e1,1b7b94479c9af0d5c7e1__0140ff29__clean__seg0005__snr10,1.0
25,24,1b7b94479c9af0d5c7e1,1b7b94479c9af0d5c7e1__0140ff29__clean__seg0005__snr5,1.0
25,24,1b7b94479c9af0d5c7e1,1b7b94479c9af0d5c7e1__0140ff29__clean__seg0005__snr0,1.0
25,24,1b7b94479c9af0d5c7e1,1b7b94479c9af0d5c7e1__0140ff29__clean__seg0006__snr20,1.0
25,24,1b7b94479c9af0d5c7e1,1b7b94479c9af0d5c7e1__0140ff29__clean__seg0006__snr10,1.0
25,24,1b7b94479c9af0d5c7e1,1b7b94479c9af0d5c7e1__0140ff29__clean__seg0006__snr5,1.0
25,24,1b7b94479c9af0d5c7e1,1b7b94479c9af0d5c7e1__0140ff29__clean__seg0006__snr0,1.0
25,24,1b7b94479c9af0d5c7e1,1b7b94479c9af0d5c7e1__0140ff29__clean__seg0007__snr20,1.0
25,24,1b7b94479c9af0d5c7e1,1b7b94479c9af0d5c7e1__0140ff29__clean__seg0007__snr10,1.0
25,24,1b7b94479c9af0d5c7e1,1b7b94479c9af0d5c7e1__0140ff29__clean__seg0007__snr5,1.0
25,24,1b7b94479c9af0d5c7e1,1b7b94479c9af0d5c7e1__0140ff29__clean__seg0007__snr0,1.0
25,24,1b7b94479c9af0d5c7e1,1b7b94479c9af0d5c7e1__0140ff29__clean__seg0008__snr20,1.0
25,24,1b7b94479c9af0d5c7e1,1b7b94479c9af0d5c7e1__0140ff29__clean__seg0008__snr10,1.0
25,24,1b7b94479c9af0d5c7e1,1b7b94479c9af0d5c7e1__0140ff29__clean__seg0008__snr5,1.0
25,24,1b7b94479c9af0d5c7e1,1b7b94479c9af0d5c7e1__0140ff29__clean__seg0008__snr0,1.0
25,24,1b7b94479c9af0d5c7e1,1b7b94479c9af0d5c7e1__0140ff29__clean__seg0009__snr20,1.0
25,24,1b7b94479c9af0d5c7e1,1b7b94479c9af0d5c7e1__0140ff29__clean__seg0009__snr10,1.0
25,24,1b7b94479c9af0d5c7e1,1b7b94479c9af0d5c7e1__0140ff29__clean__seg0009__snr5,1.0
25,24,1b7b94479c9af0d5c7e1,1b7b94479c9af0d5c7e1__0140ff29__clean__seg0009__snr0,1.0
25,24,60b2305f8ea1ec1e33af,60b2305f8ea1ec1e33af__a5b9cb8b__clean__seg0000__snr20,1.0
25,24,60b2305f8ea1ec1e33af,60b2305f8ea1ec1e33af__a5b9cb8b__clean__seg0000__snr10,1.0
25,24,60b2305f8ea1ec1e33af,60b2305f8ea1ec1e33af__a5b9cb8b__clean__seg0000__snr5,1.0
25,24,60b2305f8ea1ec1e33af,60b2305f8ea1ec1e33af__a5b9cb8b__clean__seg0000__snr0,1.0
25,24,60b2305f8ea1ec1e33af,60b2305f8ea1ec1e33af__a5b9cb8b__clean__seg0001__snr20,1.0
25,24,60b2305f8ea1ec1e33af,60b2305f8ea1ec1e33af__a5b9cb8b__clean__seg0001__snr10,1.0
25,24,60b2305f8ea1ec1e33af,60b2305f8ea1ec1e33af__a5b9cb8b__clean__seg0001__snr5,1.0
25,24,60b2305f8ea1ec1e33af,60b2305f8ea1ec1e33af__a5b9cb8b__clean__seg0001__snr0,1.0
25,24,60b2305f8ea1ec1e33af,60b2305f8ea1ec1e33af__a5b9cb8b__clean__seg0002__snr20,1.0
25,24,60b2305f8ea1ec1e33af,60b2305f8ea1ec1e33af__a5b9cb8b__clean__seg0002__snr10,1.0
25,24,60b2305f8ea1ec1e33af,60b2305f8ea1ec1e33af__a5b9cb8b__clean__seg0002__snr5,1.0
25,24,60b2305f8ea1ec1e33af,60b2305f8ea1ec1e33af__a5b9cb8b__clean__seg0002__snr0,1.0
25,24,60b2305f8ea1ec1e33af,60b2305f8ea1ec1e33af__a5b9cb8b__clean__seg0003__snr20,1.0
25,24,60b2305f8ea1ec1e33af,60b2305f8ea1ec1e33af__a5b9cb8b__clean__seg0003__snr10,1.0
25,24,60b2305f8ea1ec1e33af,60b2305f8ea1ec1e33af__a5b9cb8b__clean__seg0003__snr5,1.0
25,24,60b2305f8ea1ec1e33af,60b2305f8ea1ec1e33af__a5b9cb8b__clean__seg0003__snr0,1.0
25,24,60b2305f8ea1ec1e33af,60b2305f8ea1ec1e33af__a5b9cb8b__clean__seg0004__snr20,1.0
25,24,60b2305f8ea1ec1e33af,60b2305f8ea1ec1e33af__a5b9cb8b__clean__seg0004__snr10,1.0
25,24,60b2305f8ea1ec1e33af,60b2305f8ea1ec1e33af__a5b9cb8b__clean__seg0004__snr5,1.0
25,24,60b2305f8ea1ec1e33af,60b2305f8ea1ec1e33af__a5b9cb8b__clean__seg0004__snr0,1.0
25,24,60b2305f8ea1ec1e33af,60b2305f8ea1ec1e33af__a5b9cb8b__clean__seg0005__snr20,1.0
25,24,60b2305f8ea1ec1e33af,60b2305f8ea1ec1e33af__a5b9cb8b__clean__seg0005__snr10,1.0
25,24,60b2305f8ea1ec1e33af,60b2305f8ea1ec1e33af__a5b9cb8b__clean__seg0005__snr5,1.0
25,24,60b2305f8ea1ec1e33af,60b2305f8ea1ec1e33af__a5b9cb8b__clean__seg0005__snr0,1.0
25,24,60b2305f8ea1ec1e33af,60b2305f8ea1ec1e33af__a5b9cb8b__clean__seg0006__snr20,1.0
25,24,60b2305f8ea1ec1e33af,60b2305f8ea1ec1e33af__a5b9cb8b__clean__seg0006__snr10,1.0
25,24,60b2305f8ea1ec1e33af,60b2305f8ea1ec1e33af__a5b9cb8b__clean__seg0006__snr5,1.0
25,24,60b2305f8ea1ec1e33af,60b2305f8ea1ec1e33af__a5b9cb8b__clean__seg0006__snr0,1.0
25,24,60b2305f8ea1ec1e33af,60b2305f8ea1ec1e33af__a5b9cb8b__clean__seg0007__snr20,1.0
25,24,60b2305f8ea1ec1e33af,60b2305f8ea1ec1e33af__a5b9cb8b__clean__seg0007__snr10,1.0
25,24,60b2305f8ea1ec1e33af,60b2305f8ea1ec1e33af__a5b9cb8b__clean__seg0007__snr5,1.0
25,24,60b2305f8ea1ec1e33af,60b2305f8ea1ec1e33af__a5b9cb8b__clean__seg0007__snr0,1.0
25,24,60b2305f8ea1ec1e33af,60b2305f8ea1ec1e33af__a5b9cb8b__clean__seg0008__snr20,1.0
25,24,60b2305f8ea1ec1e33af,60b2305f8ea1ec1e33af__a5b9cb8b__clean__seg0008__snr10,1.0
25,24,60b2305f8ea1ec1e33af,60b2305f8ea1ec1e33af__a5b9cb8b__clean__seg0008__snr5,1.0
25,24,60b2305f8ea1ec1e33af,60b2305f8ea1ec1e33af__a5b9cb8b__clean__seg0008__snr0,1.0
25,24,60b2305f8ea1ec1e33af,60b2305f8ea1ec1e33af__a5b9cb8b__clean__seg0009__snr20,1.0
25,24,60b2305f8ea1ec1e33af,60b2305f8ea1ec1e33af__a5b9cb8b__clean__seg0009__snr10,1.0
25,24,60b2305f8ea1ec1e33af,60b2305f8ea1ec1e33af__a5b9cb8b__clean__seg0009__snr5,1.0
25,24,60b2305f8ea1ec1e33af,60b2305f8ea1ec1e33af__a5b9cb8b__clean__seg0009__snr0,1.0
25,24,44a955ea3f047ba395ee,44a955ea3f047ba395ee__f152756b__clean__seg0000__snr20,1.0
25,24,44a955ea3f047ba395ee,44a955ea3f047ba395ee__f152756b__clean__seg0000__snr10,1.0
25,24,44a955ea3f047ba395ee,44a955ea3f047ba395ee__f152756b__clean__seg0000__snr5,1.0
25,24,44a955ea3f047ba395ee,44a955ea3f047ba395ee__f152756b__clean__seg0000__snr0,1.0
25,24,44a955ea3f047ba395ee,44a955ea3f047ba395ee__f152756b__clean__seg0001__snr20,1.0
25,24,44a955ea3f047ba395ee,44a955ea3f047ba395ee__f152756b__clean__seg0001__snr10,1.0
25,24,44a955ea3f047ba395ee,44a955ea3f047ba395ee__f152756b__clean__seg0001__snr5,1.0
25,24,44a955ea3f047ba395ee,44a955ea3f047ba395ee__f152756b__clean__seg0001__snr0,1.0
25,24,44a955ea3f047ba395ee,44a955ea3f047ba395ee__f152756b__clean__seg0002__snr20,1.0
25,24,44a955ea3f047ba395ee,44a955ea3f047ba395ee__f152756b__clean__seg0002__snr10,1.0
25,24,44a955ea3f047ba395ee,44a955ea3f047ba395ee__f152756b__clean__seg0002__snr5,1.0
25,24,44a955ea3f047ba395ee,44a955ea3f047ba395ee__f152756b__clean__seg0002__snr0,1.0
25,24,44a955ea3f047ba395ee,44a955ea3f047ba395ee__f152756b__clean__seg0003__snr20,1.0
25,24,44a955ea3f047ba395ee,44a955ea3f047ba395ee__f152756b__clean__seg0003__snr10,1.0
25,24,44a955ea3f047ba395ee,44a955ea3f047ba395ee__f152756b__clean__seg0003__snr5,1.0
25,24,44a955ea3f047ba395ee,44a955ea3f047ba395ee__f152756b__clean__seg0003__snr0,1.0
25,24,44a955ea3f047ba395ee,44a955ea3f047ba395ee__f152756b__clean__seg0004__snr20,1.0
25,24,44a955ea3f047ba395ee,44a955ea3f047ba395ee__f152756b__clean__seg0004__snr10,1.0
25,24,44a955ea3f047ba395ee,44a955ea3f047ba395ee__f152756b__clean__seg0004__snr5,1.0
25,24,44a955ea3f047ba395ee,44a955ea3f047ba395ee__f152756b__clean__seg0004__snr0,1.0
25,24,44a955ea3f047ba395ee,44a955ea3f047ba395ee__f152756b__clean__seg0005__snr20,1.0
25,24,44a955ea3f047ba395ee,44a955ea3f047ba395ee__f152756b__clean__seg0005__snr10,1.0
25,24,44a955ea3f047ba395ee,44a955ea3f047ba395ee__f152756b__clean__seg0005__snr5,1.0
25,24,44a955ea3f047ba395ee,44a955ea3f047ba395ee__f152756b__clean__seg0005__snr0,1.0
25,24,44a955ea3f047ba395ee,44a955ea3f047ba395ee__f152756b__clean__seg0006__snr20,1.0
25,24,44a955ea3f047ba395ee,44a955ea3f047ba395ee__f152756b__clean__seg0006__snr10,1.0
25,24,44a955ea3f047ba395ee,44a955ea3f047ba395ee__f152756b__clean__seg0006__snr5,1.0
25,24,44a955ea3f047ba395ee,44a955ea3f047ba395ee__f152756b__clean__seg0006__snr0,1.0
25,24,44a955ea3f047ba395ee,44a955ea3f047ba395ee__f152756b__clean__seg0007__snr20,1.0
25,24,44a955ea3f047ba395ee,44a955ea3f047ba395ee__f152756b__clean__seg0007__snr10,1.0
25,24,44a955ea3f047ba395ee,44a955ea3f047ba395ee__f152756b__clean__seg0007__snr5,1.0
25,24,44a955ea3f047ba395ee,44a955ea3f047ba395ee__f152756b__clean__seg0007__snr0,1.0
25,24,44a955ea3f047ba395ee,44a955ea3f047ba395ee__f152756b__clean__seg0008__snr20,1.0
25,24,44a955ea3f047ba395ee,44a955ea3f047ba395ee__f152756b__clean__seg0008__snr10,1.0
25,24,44a955ea3f047ba395ee,44a955ea3f047ba395ee__f152756b__clean__seg0008__snr5,1.0
25,24,44a955ea3f047ba395ee,44a955ea3f047ba395ee__f152756b__clean__seg0008__snr0,1.0
25,24,44a955ea3f047ba395ee,44a955ea3f047ba395ee__f152756b__clean__seg0009__snr20,1.0
25,24,44a955ea3f047ba395ee,44a955ea3f047ba395ee__f152756b__clean__seg0009__snr10,1.0
25,24,44a955ea3f047ba395ee,44a955ea3f047ba395ee__f152756b__clean__seg0009__snr5,1.0
25,24,44a955ea3f047ba395ee,44a955ea3f047ba395ee__f152756b__clean__seg0009__snr0,1.0
25,24,2eaee8b72ce7f20c6a36,2eaee8b72ce7f20c6a36__fe428183__clean__seg0000__snr20,1.0
25,24,2eaee8b72ce7f20c6a36,2eaee8b72ce7f20c6a36__fe428183__clean__seg0000__snr10,1.0
25,24,2eaee8b72ce7f20c6a36,2eaee8b72ce7f20c6a36__fe428183__clean__seg0000__snr5,1.0
25,24,2eaee8b72ce7f20c6a36,2eaee8b72ce7f20c6a36__fe428183__clean__seg0000__snr0,1.0
25,24,2eaee8b72ce7f20c6a36,2eaee8b72ce7f20c6a36__fe428183__clean__seg0001__snr20,1.0
25,24,2eaee8b72ce7f20c6a36,2eaee8b72ce7f20c6a36__fe428183__clean__seg0001__snr10,1.0
25,24,2eaee8b72ce7f20c6a36,2eaee8b72ce7f20c6a36__fe428183__clean__seg0001__snr5,1.0
25,24,2eaee8b72ce7f20c6a36,2eaee8b72ce7f20c6a36__fe428183__clean__seg0001__snr0,1.0
25,24,2eaee8b72ce7f20c6a36,2eaee8b72ce7f20c6a36__fe428183__clean__seg0002__snr20,1.0
25,24,2eaee8b72ce7f20c6a36,2eaee8b72ce7f20c6a36__fe428183__clean__seg0002__snr10,1.0
25,24,2eaee8b72ce7f20c6a36,2eaee8b72ce7f20c6a36__fe428183__clean__seg0002__snr5,1.0
25,24,2eaee8b72ce7f20c6a36,2eaee8b72ce7f20c6a36__fe428183__clean__seg0002__snr0,1.0
25,24,2eaee8b72ce7f20c6a36,2eaee8b72ce7f20c6a36__fe428183__clean__seg0003__snr20,1.0
25,24,2eaee8b72ce7f20c6a36,2eaee8b72ce7f20c6a36__fe428183__clean__seg0003__snr10,1.0
25,24,2eaee8b72ce7f20c6a36,2eaee8b72ce7f20c6a36__fe428183__clean__seg0003__snr5,1.0
25,24,2eaee8b72ce7f20c6a36,2eaee8b72ce7f20c6a36__fe428183__clean__seg0003__snr0,1.0
25,24,2eaee8b72ce7f20c6a36,2eaee8b72ce7f20c6a36__fe428183__clean__seg0004__snr20,1.0
25,24,2eaee8b72ce7f20c6a36,2eaee8b72ce7f20c6a36__fe428183__clean__seg0004__snr10,1.0
25,24,2eaee8b72ce7f20c6a36,2eaee8b72ce7f20c6a36__fe428183__clean__seg0004__snr5,1.0
25,24,2eaee8b72ce7f20c6a36,2eaee8b72ce7f20c6a36__fe428183__clean__seg0004__snr0,1.0
25,24,2eaee8b72ce7f20c6a36,2eaee8b72ce7f20c6a36__fe428183__clean__seg0005__snr20,1.0
25,24,2eaee8b72ce7f20c6a36,2eaee8b72ce7f20c6a36__fe428183__clean__seg0005__snr10,1.0
25,24,2eaee8b72ce7f20c6a36,2eaee8b72ce7f20c6a36__fe428183__clean__seg0005__snr5,1.0
25,24,2eaee8b72ce7f20c6a36,2eaee8b72ce7f20c6a36__fe428183__clean__seg0005__snr0,1.0
25,24,2eaee8b72ce7f20c6a36,2eaee8b72ce7f20c6a36__fe428183__clean__seg0006__snr20,1.0
25,24,2eaee8b72ce7f20c6a36,2eaee8b72ce7f20c6a36__fe428183__clean__seg0006__snr10,1.0
25,24,2eaee8b72ce7f20c6a36,2eaee8b72ce7f20c6a36__fe428183__clean__seg0006__snr5,1.0
25,24,2eaee8b72ce7f20c6a36,2eaee8b72ce7f20c6a36__fe428183__clean__seg0006__snr0,1.0
25,24,2eaee8b72ce7f20c6a36,2eaee8b72ce7f20c6a36__fe428183__clean__seg0007__snr20,1.0
25,24,2eaee8b72ce7f20c6a36,2eaee8b72ce7f20c6a36__fe428183__clean__seg0007__snr10,1.0
25,24,2eaee8b72ce7f20c6a36,2eaee8b72ce7f20c6a36__fe428183__clean__seg0007__snr5,1.0
25,24,2eaee8b72ce7f20c6a36,2eaee8b72ce7f20c6a36__fe428183__clean__seg0007__snr0,1.0
25,24,2eaee8b72ce7f20c6a36,2eaee8b72ce7f20c6a36__fe428183__clean__seg0008__snr20,1.0
25,24,2eaee8b72ce7f20c6a36,2eaee8b72ce7f20c6a36__fe428183__clean__seg0008__snr10,1.0
25,24,2eaee8b72ce7f20c6a36,2eaee8b72ce7f20c6a36__fe428183__clean__seg0008__snr5,1.0
25,24,2eaee8b72ce7f20c6a36,2eaee8b72ce7f20c6a36__fe428183__clean__seg0008__snr0,1.0
25,24,2eaee8b72ce7f20c6a36,2eaee8b72ce7f20c6a36__fe428183__clean__seg0009__snr20,1.0
25,24,2eaee8b72ce7f20c6a36,2eaee8b72ce7f20c6a36__fe428183__clean__seg0009__snr10,1.0
25,24,2eaee8b72ce7f20c6a36,2eaee8b72ce7f20c6a36__fe428183__clean__seg0009__snr5,1.0
25,24,2eaee8b72ce7f20c6a36,2eaee8b72ce7f20c6a36__fe428183__clean__seg0009__snr0,1.0
25,24,5b778003dd76fcaedc50,5b778003dd76fcaedc50__4609adf8__clean__seg0000__snr20,1.0
25,24,5b778003dd76fcaedc50,5b778003dd76fcaedc50__4609adf8__clean__seg0000__snr10,1.0
25,24,5b778003dd76fcaedc50,5b778003dd76fcaedc50__4609adf8__clean__seg0000__snr5,1.0
25,24,5b778003dd76fcaedc50,5b778003dd76fcaedc50__4609adf8__clean__seg0000__snr0,1.0
25,24,5b778003dd76fcaedc50,5b778003dd76fcaedc50__4609adf8__clean__seg0001__snr20,1.0
25,24,5b778003dd76fcaedc50,5b778003dd76fcaedc50__4609adf8__clean__seg0001__snr10,1.0
25,24,5b778003dd76fcaedc50,5b778003dd76fcaedc50__4609adf8__clean__seg0001__snr5,1.0
25,24,5b778003dd76fcaedc50,5b778003dd76fcaedc50__4609adf8__clean__seg0001__snr0,1.0
25,24,5b778003dd76fcaedc50,5b778003dd76fcaedc50__4609adf8__clean__seg0002__snr20,1.0
25,24,5b778003dd76fcaedc50,5b778003dd76fcaedc50__4609adf8__clean__seg0002__snr10,1.0
25,24,5b778003dd76fcaedc50,5b778003dd76fcaedc50__4609adf8__clean__seg0002__snr5,1.0
25,24,5b778003dd76fcaedc50,5b778003dd76fcaedc50__4609adf8__clean__seg0002__snr0,1.0
25,24,5b778003dd76fcaedc50,5b778003dd76fcaedc50__4609adf8__clean__seg0003__snr20,1.0
25,24,5b778003dd76fcaedc50,5b778003dd76fcaedc50__4609adf8__clean__seg0003__snr10,1.0
25,24,5b778003dd76fcaedc50,5b778003dd76fcaedc50__4609adf8__clean__seg0003__snr5,1.0
25,24,5b778003dd76fcaedc50,5b778003dd76fcaedc50__4609adf8__clean__seg0003__snr0,1.0
25,24,5b778003dd76fcaedc50,5b778003dd76fcaedc50__4609adf8__clean__seg0004__snr20,1.0
25,24,5b778003dd76fcaedc50,5b778003dd76fcaedc50__4609adf8__clean__seg0004__snr10,1.0
25,24,5b778003dd76fcaedc50,5b778003dd76fcaedc50__4609adf8__clean__seg0004__snr5,1.0
25,24,5b778003dd76fcaedc50,5b778003dd76fcaedc50__4609adf8__clean__seg0004__snr0,1.0
25,24,5b778003dd76fcaedc50,5b778003dd76fcaedc50__4609adf8__clean__seg0005__snr20,1.0
25,24,5b778003dd76fcaedc50,5b778003dd76fcaedc50__4609adf8__clean__seg0005__snr10,1.0
25,24,5b778003dd76fcaedc50,5b778003dd76fcaedc50__4609adf8__clean__seg0005__snr5,1.0
25,24,5b778003dd76fcaedc50,5b778003dd76fcaedc50__4609adf8__clean__seg0005__snr0,1.0
25,24,5b778003dd76fcaedc50,5b778003dd76fcaedc50__4609adf8__clean__seg0006__snr20,1.0
25,24,5b778003dd76fcaedc50,5b778003dd76fcaedc50__4609adf8__clean__seg0006__snr10,1.0
25,24,5b778003dd76fcaedc50,5b778003dd76fcaedc50__4609adf8__clean__seg0006__snr5,1.0
25,24,5b778003dd76fcaedc50,5b778003dd76fcaedc50__4609adf8__clean__seg0006__snr0,1.0
25,24,5b778003dd76fcaedc50,5b778003dd76fcaedc50__4609adf8__clean__seg0007__snr20,1.0
25,24,5b778003dd76fcaedc50,5b778003dd76fcaedc50__4609adf8__clean__seg0007__snr10,1.0
25,24,5b778003dd76fcaedc50,5b778003dd76fcaedc50__4609adf8__clean__seg0007__snr5,1.0
25,24,5b778003dd76fcaedc50,5b778003dd76fcaedc50__4609adf8__clean__seg0007__snr0,1.0
25,24,5b778003dd76fcaedc50,5b778003dd76fcaedc50__4609adf8__clean__seg0008__snr20,1.0
25,24,5b778003dd76fcaedc50,5b778003dd76fcaedc50__4609adf8__clean__seg0008__snr10,1.0
25,24,5b778003dd76fcaedc50,5b778003dd76fcaedc50__4609adf8__clean__seg0008__snr5,1.0
25,24,5b778003dd76fcaedc50,5b778003dd76fcaedc50__4609adf8__clean__seg0008__snr0,1.0
25,24,5b778003dd76fcaedc50,5b778003dd76fcaedc50__4609adf8__clean__seg0009__snr20,1.0
25,24,5b778003dd76fcaedc50,5b778003dd76fcaedc50__4609adf8__clean__seg0009__snr10,1.0
25,24,5b778003dd76fcaedc50,5b778003dd76fcaedc50__4609adf8__clean__seg0009__snr5,1.0
25,24,5b778003dd76fcaedc50,5b778003dd76fcaedc50__4609adf8__clean__seg0009__snr0,1.0
25,24,de63da796aabec8cce0e,de63da796aabec8cce0e__41c2a9ed__clean__seg0000__snr20,1.0
25,24,de63da796aabec8cce0e,de63da796aabec8cce0e__41c2a9ed__clean__seg0000__snr10,1.0
25,24,de63da796aabec8cce0e,de63da796aabec8cce0e__41c2a9ed__clean__seg0000__snr5,1.0
25,24,de63da796aabec8cce0e,de63da796aabec8cce0e__41c2a9ed__clean__seg0000__snr0,1.0
25,24,de63da796aabec8cce0e,de63da796aabec8cce0e__41c2a9ed__clean__seg0001__snr20,1.0
25,24,de63da796aabec8cce0e,de63da796aabec8cce0e__41c2a9ed__clean__seg0001__snr10,1.0
25,24,de63da796aabec8cce0e,de63da796aabec8cce0e__41c2a9ed__clean__seg0001__snr5,1.0
25,24,de63da796aabec8cce0e,de63da796aabec8cce0e__41c2a9ed__clean__seg0001__snr0,1.0
25,24,de63da796aabec8cce0e,de63da796aabec8cce0e__41c2a9ed__clean__seg0002__snr20,1.0
25,24,de63da796aabec8cce0e,de63da796aabec8cce0e__41c2a9ed__clean__seg0002__snr10,1.0
25,24,de63da796aabec8cce0e,de63da796aabec8cce0e__41c2a9ed__clean__seg0002__snr5,1.0
25,24,de63da796aabec8cce0e,de63da796aabec8cce0e__41c2a9ed__clean__seg0002__snr0,1.0
25,24,de63da796aabec8cce0e,de63da796aabec8cce0e__41c2a9ed__clean__seg0003__snr20,1.0
25,24,de63da796aabec8cce0e,de63da796aabec8cce0e__41c2a9ed__clean__seg0003__snr10,1.0
25,24,de63da796aabec8cce0e,de63da796aabec8cce0e__41c2a9ed__clean__seg0003__snr5,1.0
25,24,de63da796aabec8cce0e,de63da796aabec8cce0e__41c2a9ed__clean__seg0003__snr0,1.0
25,24,de63da796aabec8cce0e,de63da796aabec8cce0e__41c2a9ed__clean__seg0004__snr20,1.0
25,24,de63da796aabec8cce0e,de63da796aabec8cce0e__41c2a9ed__clean__seg0004__snr10,1.0
25,24,de63da796aabec8cce0e,de63da796aabec8cce0e__41c2a9ed__clean__seg0004__snr5,1.0
25,24,de63da796aabec8cce0e,de63da796aabec8cce0e__41c2a9ed__clean__seg0004__snr0,1.0
25,24,de63da796aabec8cce0e,de63da796aabec8cce0e__41c2a9ed__clean__seg0005__snr20,1.0
25,24,de63da796aabec8cce0e,de63da796aabec8cce0e__41c2a9ed__clean__seg0005__snr10,1.0
25,24,de63da796aabec8cce0e,de63da796aabec8cce0e__41c2a9ed__clean__seg0005__snr5,1.0
25,24,de63da796aabec8cce0e,de63da796aabec8cce0e__41c2a9ed__clean__seg0005__snr0,1.0
25,24,de63da796aabec8cce0e,de63da796aabec8cce0e__41c2a9ed__clean__seg0006__snr20,1.0
25,24,de63da796aabec8cce0e,de63da796aabec8cce0e__41c2a9ed__clean__seg0006__snr10,1.0
25,24,de63da796aabec8cce0e,de63da796aabec8cce0e__41c2a9ed__clean__seg0006__snr5,1.0
25,24,de63da796aabec8cce0e,de63da796aabec8cce0e__41c2a9ed__clean__seg0006__snr0,1.0
25,24,de63da796aabec8cce0e,de63da796aabec8cce0e__41c2a9ed__clean__seg0007__snr20,1.0
25,24,de63da796aabec8cce0e,de63da796aabec8cce0e__41c2a9ed__clean__seg0007__snr10,1.0
25,24,de63da796aabec8cce0e,de63da796aabec8cce0e__41c2a9ed__clean__seg0007__snr5,1.0
25,24,de63da796aabec8cce0e,de63da796aabec8cce0e__41c2a9ed__clean__seg0007__snr0,1.0
25,24,de63da796aabec8cce0e,de63da796aabec8cce0e__41c2a9ed__clean__seg0008__snr20,1.0
25,24,de63da796aabec8cce0e,de63da796aabec8cce0e__41c2a9ed__clean__seg0008__snr10,1.0
25,24,de63da796aabec8cce0e,de63da796aabec8cce0e__41c2a9ed__clean__seg0008__snr5,1.0
25,24,de63da796aabec8cce0e,de63da796aabec8cce0e__41c2a9ed__clean__seg0008__snr0,1.0
25,24,de63da796aabec8cce0e,de63da796aabec8cce0e__41c2a9ed__clean__seg0009__snr20,1.0
25,24,de63da796aabec8cce0e,de63da796aabec8cce0e__41c2a9ed__clean__seg0009__snr10,1.0
25,24,de63da796aabec8cce0e,de63da796aabec8cce0e__41c2a9ed__clean__seg0009__snr5,1.0
25,24,de63da796aabec8cce0e,de63da796aabec8cce0e__41c2a9ed__clean__seg0009__snr0,1.0
25,24,23e4f8f73326c31d97e7,23e4f8f73326c31d97e7__cc158a9e__clean__seg0000__snr20,0.0
25,24,23e4f8f73326c31d97e7,23e4f8f73326c31d97e7__cc158a9e__clean__seg0000__snr10,0.0
25,24,23e4f8f73326c31d97e7,23e4f8f73326c31d97e7__cc158a9e__clean__seg0000__snr5,0.0
25,24,23e4f8f73326c31d97e7,23e4f8f73326c31d97e7__cc158a9e__clean__seg0000__snr0,0.0
25,24,23e4f8f73326c31d97e7,23e4f8f73326c31d97e7__cc158a9e__clean__seg0001__snr20,0.0
25,24,23e4f8f73326c31d97e7,23e4f8f73326c31d97e7__cc158a9e__clean__seg0001__snr10,0.0
25,24,23e4f8f73326c31d97e7,23e4f8f73326c31d97e7__cc158a9e__clean__seg0001__snr5,0.0
25,24,23e4f8f73326c31d97e7,23e4f8f73326c31d97e7__cc158a9e__clean__seg0001__snr0,0.0
25,24,23e4f8f73326c31d97e7,23e4f8f73326c31d97e7__cc158a9e__clean__seg0002__snr20,0.0
25,24,23e4f8f73326c31d97e7,23e4f8f73326c31d97e7__cc158a9e__clean__seg0002__snr10,0.0
25,24,23e4f8f73326c31d97e7,23e4f8f73326c31d97e7__cc158a9e__clean__seg0002__snr5,0.0
25,24,23e4f8f73326c31d97e7,23e4f8f73326c31d97e7__cc158a9e__clean__seg0002__snr0,0.0
25,24,23e4f8f73326c31d97e7,23e4f8f73326c31d97e7__cc158a9e__clean__seg0003__snr20,0.0
25,24,23e4f8f73326c31d97e7,23e4f8f73326c31d97e7__cc158a9e__clean__seg0003__snr10,0.0
25,24,23e4f8f73326c31d97e7,23e4f8f73326c31d97e7__cc158a9e__clean__seg0003__snr5,0.0
25,24,23e4f8f73326c31d97e7,23e4f8f73326c31d97e7__cc158a9e__clean__seg0003__snr0,0.0
25,24,23e4f8f73326c31d97e7,23e4f8f73326c31d97e7__cc158a9e__clean__seg0004__snr20,0.0
25,24,23e4f8f73326c31d97e7,23e4f8f73326c31d97e7__cc158a9e__clean__seg0004__snr10,0.0
25,24,23e4f8f73326c31d97e7,23e4f8f73326c31d97e7__cc158a9e__clean__seg0004__snr5,0.0
25,24,23e4f8f73326c31d97e7,23e4f8f73326c31d97e7__cc158a9e__clean__seg0004__snr0,0.0
25,24,23e4f8f73326c31d97e7,23e4f8f73326c31d97e7__cc158a9e__clean__seg0005__snr20,0.0
25,24,23e4f8f73326c31d97e7,23e4f8f73326c31d97e7__cc158a9e__clean__seg0005__snr10,0.0
25,24,23e4f8f73326c31d97e7,23e4f8f73326c31d97e7__cc158a9e__clean__seg0005__snr5,0.0
25,24,23e4f8f73326c31d97e7,23e4f8f73326c31d97e7__cc158a9e__clean__seg0005__snr0,0.0
25,24,23e4f8f73326c31d97e7,23e4f8f73326c31d97e7__cc158a9e__clean__seg0006__snr20,0.0
25,24,23e4f8f73326c31d97e7,23e4f8f73326c31d97e7__cc158a9e__clean__seg0006__snr10,0.0
25,24,23e4f8f73326c31d97e7,23e4f8f73326c31d97e7__cc158a9e__clean__seg0006__snr5,0.0
25,24,23e4f8f73326c31d97e7,23e4f8f73326c31d97e7__cc158a9e__clean__seg0006__snr0,0.0
25,24,23e4f8f73326c31d97e7,23e4f8f73326c31d97e7__cc158a9e__clean__seg0007__snr20,0.0
25,24,23e4f8f73326c31d97e7,23e4f8f73326c31d97e7__cc158a9e__clean__seg0007__snr10,0.0
25,24,23e4f8f73326c31d97e7,23e4f8f73326c31d97e7__cc158a9e__clean__seg0007__snr5,0.0
25,24,23e4f8f73326c31d97e7,23e4f8f73326c31d97e7__cc158a9e__clean__seg0007__snr0,0.0
25,24,23e4f8f73326c31d97e7,23e4f8f73326c31d97e7__cc158a9e__clean__seg0008__snr20,0.0
25,24,23e4f8f73326c31d97e7,23e4f8f73326c31d97e7__cc158a9e__clean__seg0008__snr10,0.0
25,24,23e4f8f73326c31d97e7,23e4f8f73326c31d97e7__cc158a9e__clean__seg0008__snr5,0.0
25,24,23e4f8f73326c31d97e7,23e4f8f73326c31d97e7__cc158a9e__clean__seg0008__snr0,0.0
25,24,23e4f8f73326c31d97e7,23e4f8f73326c31d97e7__cc158a9e__clean__seg0009__snr20,0.0
25,24,23e4f8f73326c31d97e7,23e4f8f73326c31d97e7__cc158a9e__clean__seg0009__snr10,0.0
25,24,23e4f8f73326c31d97e7,23e4f8f73326c31d97e7__cc158a9e__clean__seg0009__snr5,0.0
25,24,23e4f8f73326c31d97e7,23e4f8f73326c31d97e7__cc158a9e__clean__seg0009__snr0,0.0
25,24,33a9557ba88fc751535b,33a9557ba88fc751535b__b55b2cbe__clean__seg0000__snr20,0.0
25,24,33a9557ba88fc751535b,33a9557ba88fc751535b__b55b2cbe__clean__seg0000__snr10,0.0
25,24,33a9557ba88fc751535b,33a9557ba88fc751535b__b55b2cbe__clean__seg0000__snr5,0.0
25,24,33a9557ba88fc751535b,33a9557ba88fc751535b__b55b2cbe__clean__seg0000__snr0,0.0
25,24,33a9557ba88fc751535b,33a9557ba88fc751535b__b55b2cbe__clean__seg0001__snr20,0.0
25,24,33a9557ba88fc751535b,33a9557ba88fc751535b__b55b2cbe__clean__seg0001__snr10,0.0
25,24,33a9557ba88fc751535b,33a9557ba88fc751535b__b55b2cbe__clean__seg0001__snr5,0.0
25,24,33a9557ba88fc751535b,33a9557ba88fc751535b__b55b2cbe__clean__seg0001__snr0,0.0
25,24,33a9557ba88fc751535b,33a9557ba88fc751535b__b55b2cbe__clean__seg0002__snr20,0.0
25,24,33a9557ba88fc751535b,33a9557ba88fc751535b__b55b2cbe__clean__seg0002__snr10,0.0
25,24,33a9557ba88fc751535b,33a9557ba88fc751535b__b55b2cbe__clean__seg0002__snr5,0.0
25,24,33a9557ba88fc751535b,33a9557ba88fc751535b__b55b2cbe__clean__seg0002__snr0,0.0
25,24,33a9557ba88fc751535b,33a9557ba88fc751535b__b55b2cbe__clean__seg0003__snr20,0.0
25,24,33a9557ba88fc751535b,33a9557ba88fc751535b__b55b2cbe__clean__seg0003__snr10,0.0
25,24,33a9557ba88fc751535b,33a9557ba88fc751535b__b55b2cbe__clean__seg0003__snr5,0.0
25,24,33a9557ba88fc751535b,33a9557ba88fc751535b__b55b2cbe__clean__seg0003__snr0,0.0
25,24,33a9557ba88fc751535b,33a9557ba88fc751535b__b55b2cbe__clean__seg0004__snr20,0.0
25,24,33a9557ba88fc751535b,33a9557ba88fc751535b__b55b2cbe__clean__seg0004__snr10,0.0
25,24,33a9557ba88fc751535b,33a9557ba88fc751535b__b55b2cbe__clean__seg0004__snr5,0.0
25,24,33a9557ba88fc751535b,33a9557ba88fc751535b__b55b2cbe__clean__seg0004__snr0,0.0
25,24,33a9557ba88fc751535b,33a9557ba88fc751535b__b55b2cbe__clean__seg0005__snr20,0.0
25,24,33a9557ba88fc751535b,33a9557ba88fc751535b__b55b2cbe__clean__seg0005__snr10,0.0
25,24,33a9557ba88fc751535b,33a9557ba88fc751535b__b55b2cbe__clean__seg0005__snr5,0.0
25,24,33a9557ba88fc751535b,33a9557ba88fc751535b__b55b2cbe__clean__seg0005__snr0,0.0
25,24,33a9557ba88fc751535b,33a9557ba88fc751535b__b55b2cbe__clean__seg0006__snr20,0.0
25,24,33a9557ba88fc751535b,33a9557ba88fc751535b__b55b2cbe__clean__seg0006__snr10,0.0
25,24,33a9557ba88fc751535b,33a9557ba88fc751535b__b55b2cbe__clean__seg0006__snr5,0.0
25,24,33a9557ba88fc751535b,33a9557ba88fc751535b__b55b2cbe__clean__seg0006__snr0,0.0
25,24,33a9557ba88fc751535b,33a9557ba88fc751535b__b55b2cbe__clean__seg0007__snr20,0.0
25,24,33a9557ba88fc751535b,33a9557ba88fc751535b__b55b2cbe__clean__seg0007__snr10,0.0
25,24,33a9557ba88fc751535b,33a9557ba88fc751535b__b55b2cbe__clean__seg0007__snr5,0.0
25,24,33a9557ba88fc751535b,33a9557ba88fc751535b__b55b2cbe__clean__seg0007__snr0,0.0
25,24,33a9557ba88fc751535b,33a9557ba88fc751535b__b55b2cbe__clean__seg0008__snr20,0.0
25,24,33a9557ba88fc751535b,33a9557ba88fc751535b__b55b2cbe__clean__seg0008__snr10,0.0
25,24,33a9557ba88fc751535b,33a9557ba88fc751535b__b55b2cbe__clean__seg0008__snr5,0.0
25,24,33a9557ba88fc751535b,33a9557ba88fc751535b__b55b2cbe__clean__seg0008__snr0,0.0
25,24,33a9557ba88fc751535b,33a9557ba88fc751535b__b55b2cbe__clean__seg0009__snr20,0.0
25,24,33a9557ba88fc751535b,33a9557ba88fc751535b__b55b2cbe__clean__seg0009__snr10,0.0
25,24,33a9557ba88fc751535b,33a9557ba88fc751535b__b55b2cbe__clean__seg0009__snr5,0.0
25,24,33a9557ba88fc751535b,33a9557ba88fc751535b__b55b2cbe__clean__seg0009__snr0,0.0
25,24,9163f4a28ab9b4058366,9163f4a28ab9b4058366__120d5624__clean__seg0000__snr20,1.0
25,24,9163f4a28ab9b4058366,9163f4a28ab9b4058366__120d5624__clean__seg0000__snr10,1.0
25,24,9163f4a28ab9b4058366,9163f4a28ab9b4058366__120d5624__clean__seg0000__snr5,1.0
25,24,9163f4a28ab9b4058366,9163f4a28ab9b4058366__120d5624__clean__seg0000__snr0,1.0
25,24,6d1dd9a8826e57f5f69c,6d1dd9a8826e57f5f69c__abea11be__clean__seg0000__snr20,1.0
25,24,6d1dd9a8826e57f5f69c,6d1dd9a8826e57f5f69c__abea11be__clean__seg0000__snr10,1.0
25,24,6d1dd9a8826e57f5f69c,6d1dd9a8826e57f5f69c__abea11be__clean__seg0000__snr5,1.0
25,24,6d1dd9a8826e57f5f69c,6d1dd9a8826e57f5f69c__abea11be__clean__seg0000__snr0,1.0
25,24,6d1dd9a8826e57f5f69c,6d1dd9a8826e57f5f69c__998a8d20__clean__seg0000__snr20,1.0
25,24,6d1dd9a8826e57f5f69c,6d1dd9a8826e57f5f69c__998a8d20__clean__seg0000__snr10,1.0
25,24,6d1dd9a8826e57f5f69c,6d1dd9a8826e57f5f69c__998a8d20__clean__seg0000__snr5,1.0
25,24,6d1dd9a8826e57f5f69c,6d1dd9a8826e57f5f69c__998a8d20__clean__seg0000__snr0,1.0
25,24,6d1dd9a8826e57f5f69c,6d1dd9a8826e57f5f69c__7db5fd28__clean__seg0000__snr20,1.0
25,24,6d1dd9a8826e57f5f69c,6d1dd9a8826e57f5f69c__7db5fd28__clean__seg0000__snr10,1.0
25,24,6d1dd9a8826e57f5f69c,6d1dd9a8826e57f5f69c__7db5fd28__clean__seg0000__snr5,1.0
25,24,6d1dd9a8826e57f5f69c,6d1dd9a8826e57f5f69c__7db5fd28__clean__seg0000__snr0,1.0
25,24,6d1dd9a8826e57f5f69c,6d1dd9a8826e57f5f69c__79eb1648__clean__seg0000__snr20,1.0
25,24,6d1dd9a8826e57f5f69c,6d1dd9a8826e57f5f69c__79eb1648__clean__seg0000__snr10,1.0
25,24,6d1dd9a8826e57f5f69c,6d1dd9a8826e57f5f69c__79eb1648__clean__seg0000__snr5,1.0
25,24,6d1dd9a8826e57f5f69c,6d1dd9a8826e57f5f69c__79eb1648__clean__seg0000__snr0,1.0
25,24,6d1dd9a8826e57f5f69c,6d1dd9a8826e57f5f69c__52d949cf__clean__seg0000__snr20,1.0
25,24,6d1dd9a8826e57f5f69c,6d1dd9a8826e57f5f69c__52d949cf__clean__seg0000__snr10,1.0
25,24,6d1dd9a8826e57f5f69c,6d1dd9a8826e57f5f69c__52d949cf__clean__seg0000__snr5,1.0
25,24,6d1dd9a8826e57f5f69c,6d1dd9a8826e57f5f69c__52d949cf__clean__seg0000__snr0,1.0
25,24,6d1dd9a8826e57f5f69c,6d1dd9a8826e57f5f69c__0f70889b__clean__seg0000__snr20,1.0
25,24,6d1dd9a8826e57f5f69c,6d1dd9a8826e57f5f69c__0f70889b__clean__seg0000__snr10,1.0
25,24,6d1dd9a8826e57f5f69c,6d1dd9a8826e57f5f69c__0f70889b__clean__seg0000__snr5,1.0
25,24,6d1dd9a8826e57f5f69c,6d1dd9a8826e57f5f69c__0f70889b__clean__seg0000__snr0,1.0
25,24,6d1dd9a8826e57f5f69c,6d1dd9a8826e57f5f69c__6b67237c__clean__seg0000__snr20,1.0
25,24,6d1dd9a8826e57f5f69c,6d1dd9a8826e57f5f69c__6b67237c__clean__seg0000__snr10,1.0
25,24,6d1dd9a8826e57f5f69c,6d1dd9a8826e57f5f69c__6b67237c__clean__seg0000__snr5,1.0
25,24,6d1dd9a8826e57f5f69c,6d1dd9a8826e57f5f69c__6b67237c__clean__seg0000__snr0,1.0
25,24,6d1dd9a8826e57f5f69c,6d1dd9a8826e57f5f69c__63a18402__clean__seg0000__snr20,1.0
25,24,6d1dd9a8826e57f5f69c,6d1dd9a8826e57f5f69c__63a18402__clean__seg0000__snr10,1.0
25,24,6d1dd9a8826e57f5f69c,6d1dd9a8826e57f5f69c__63a18402__clean__seg0000__snr5,1.0
25,24,6d1dd9a8826e57f5f69c,6d1dd9a8826e57f5f69c__63a18402__clean__seg0000__snr0,1.0
25,24,6d1dd9a8826e57f5f69c,6d1dd9a8826e57f5f69c__ebd5dbdf__clean__seg0000__snr20,1.0
25,24,6d1dd9a8826e57f5f69c,6d1dd9a8826e57f5f69c__ebd5dbdf__clean__seg0000__snr10,1.0
25,24,6d1dd9a8826e57f5f69c,6d1dd9a8826e57f5f69c__ebd5dbdf__clean__seg0000__snr5,1.0
25,24,6d1dd9a8826e57f5f69c,6d1dd9a8826e57f5f69c__ebd5dbdf__clean__seg0000__snr0,1.0
25,24,6d1dd9a8826e57f5f69c,6d1dd9a8826e57f5f69c__fef0b145__clean__seg0000__snr20,1.0
25,24,6d1dd9a8826e57f5f69c,6d1dd9a8826e57f5f69c__fef0b145__clean__seg0000__snr10,1.0
25,24,6d1dd9a8826e57f5f69c,6d1dd9a8826e57f5f69c__fef0b145__clean__seg0000__snr5,1.0
25,24,6d1dd9a8826e57f5f69c,6d1dd9a8826e57f5f69c__fef0b145__clean__seg0000__snr0,1.0
25,24,6d1dd9a8826e57f5f69c,6d1dd9a8826e57f5f69c__2f1e9f62__clean__seg0000__snr20,1.0
25,24,6d1dd9a8826e57f5f69c,6d1dd9a8826e57f5f69c__2f1e9f62__clean__seg0000__snr10,1.0
25,24,6d1dd9a8826e57f5f69c,6d1dd9a8826e57f5f69c__2f1e9f62__clean__seg0000__snr5,1.0
25,24,6d1dd9a8826e57f5f69c,6d1dd9a8826e57f5f69c__2f1e9f62__clean__seg0000__snr0,1.0
25,24,6d1dd9a8826e57f5f69c,6d1dd9a8826e57f5f69c__66d9a167__clean__seg0000__snr20,1.0
25,24,6d1dd9a8826e57f5f69c,6d1dd9a8826e57f5f69c__66d9a167__clean__seg0000__snr10,1.0
25,24,6d1dd9a8826e57f5f69c,6d1dd9a8826e57f5f69c__66d9a167__clean__seg0000__snr5,1.0
25,24,6d1dd9a8826e57f5f69c,6d1dd9a8826e57f5f69c__66d9a167__clean__seg0000__snr0,1.0
25,24,6d1dd9a8826e57f5f69c,6d1dd9a8826e57f5f69c__b9fbe86f__clean__seg0000__snr20,1.0
25,24,6d1dd9a8826e57f5f69c,6d1dd9a8826e57f5f69c__b9fbe86f__clean__seg0000__snr10,1.0
25,24,6d1dd9a8826e57f5f69c,6d1dd9a8826e57f5f69c__b9fbe86f__clean__seg0000__snr5,1.0
25,24,6d1dd9a8826e57f5f69c,6d1dd9a8826e57f5f69c__b9fbe86f__clean__seg0000__snr0,1.0
25,24,6d1dd9a8826e57f5f69c,6d1dd9a8826e57f5f69c__998fcfae__clean__seg0000__snr20,1.0
25,24,6d1dd9a8826e57f5f69c,6d1dd9a8826e57f5f69c__998fcfae__clean__seg0000__snr10,1.0
25,24,6d1dd9a8826e57f5f69c,6d1dd9a8826e57f5f69c__998fcfae__clean__seg0000__snr5,1.0
25,24,6d1dd9a8826e57f5f69c,6d1dd9a8826e57f5f69c__998fcfae__clean__seg0000__snr0,1.0
25,24,6d1dd9a8826e57f5f69c,6d1dd9a8826e57f5f69c__53cdcd4c__clean__seg0000__snr20,1.0
25,24,6d1dd9a8826e57f5f69c,6d1dd9a8826e57f5f69c__53cdcd4c__clean__seg0000__snr10,1.0
25,24,6d1dd9a8826e57f5f69c,6d1dd9a8826e57f5f69c__53cdcd4c__clean__seg0000__snr5,1.0
25,24,6d1dd9a8826e57f5f69c,6d1dd9a8826e57f5f69c__53cdcd4c__clean__seg0000__snr0,1.0
25,24,6d1dd9a8826e57f5f69c,6d1dd9a8826e57f5f69c__4daaff2a__clean__seg0000__snr20,1.0
25,24,6d1dd9a8826e57f5f69c,6d1dd9a8826e57f5f69c__4daaff2a__clean__seg0000__snr10,1.0
25,24,6d1dd9a8826e57f5f69c,6d1dd9a8826e57f5f69c__4daaff2a__clean__seg0000__snr5,1.0
25,24,6d1dd9a8826e57f5f69c,6d1dd9a8826e57f5f69c__4daaff2a__clean__seg0000__snr0,1.0
25,24,6d1dd9a8826e57f5f69c,6d1dd9a8826e57f5f69c__defd885d__clean__seg0000__snr20,1.0
25,24,6d1dd9a8826e57f5f69c,6d1dd9a8826e57f5f69c__defd885d__clean__seg0000__snr10,1.0
25,24,6d1dd9a8826e57f5f69c,6d1dd9a8826e57f5f69c__defd885d__clean__seg0000__snr5,1.0
25,24,6d1dd9a8826e57f5f69c,6d1dd9a8826e57f5f69c__defd885d__clean__seg0000__snr0,1.0
25,24,6d1dd9a8826e57f5f69c,6d1dd9a8826e57f5f69c__5cae14ad__clean__seg0000__snr20,1.0
25,24,6d1dd9a8826e57f5f69c,6d1dd9a8826e57f5f69c__5cae14ad__clean__seg0000__snr10,1.0
25,24,6d1dd9a8826e57f5f69c,6d1dd9a8826e57f5f69c__5cae14ad__clean__seg0000__snr5,1.0
25,24,6d1dd9a8826e57f5f69c,6d1dd9a8826e57f5f69c__5cae14ad__clean__seg0000__snr0,1.0
25,24,6d1dd9a8826e57f5f69c,6d1dd9a8826e57f5f69c__88e2c2e8__clean__seg0000__snr20,1.0
25,24,6d1dd9a8826e57f5f69c,6d1dd9a8826e57f5f69c__88e2c2e8__clean__seg0000__snr10,1.0
25,24,6d1dd9a8826e57f5f69c,6d1dd9a8826e57f5f69c__88e2c2e8__clean__seg0000__snr5,1.0
25,24,6d1dd9a8826e57f5f69c,6d1dd9a8826e57f5f69c__88e2c2e8__clean__seg0000__snr0,1.0
25,24,6d1dd9a8826e57f5f69c,6d1dd9a8826e57f5f69c__85828052__clean__seg0000__snr20,1.0
25,24,6d1dd9a8826e57f5f69c,6d1dd9a8826e57f5f69c__85828052__clean__seg0000__snr10,1.0
25,24,6d1dd9a8826e57f5f69c,6d1dd9a8826e57f5f69c__85828052__clean__seg0000__snr5,1.0
25,24,6d1dd9a8826e57f5f69c,6d1dd9a8826e57f5f69c__85828052__clean__seg0000__snr0,1.0
25,24,6d1dd9a8826e57f5f69c,6d1dd9a8826e57f5f69c__5e5da51c__clean__seg0000__snr20,1.0
25,24,6d1dd9a8826e57f5f69c,6d1dd9a8826e57f5f69c__5e5da51c__clean__seg0000__snr10,1.0
25,24,6d1dd9a8826e57f5f69c,6d1dd9a8826e57f5f69c__5e5da51c__clean__seg0000__snr5,1.0
25,24,6d1dd9a8826e57f5f69c,6d1dd9a8826e57f5f69c__5e5da51c__clean__seg0000__snr0,1.0
25,24,6d1dd9a8826e57f5f69c,6d1dd9a8826e57f5f69c__f1f6883f__clean__seg0000__snr20,1.0
25,24,6d1dd9a8826e57f5f69c,6d1dd9a8826e57f5f69c__f1f6883f__clean__seg0000__snr10,1.0
25,24,6d1dd9a8826e57f5f69c,6d1dd9a8826e57f5f69c__f1f6883f__clean__seg0000__snr5,1.0
25,24,6d1dd9a8826e57f5f69c,6d1dd9a8826e57f5f69c__f1f6883f__clean__seg0000__snr0,1.0
25,24,6d1dd9a8826e57f5f69c,6d1dd9a8826e57f5f69c__511ef402__clean__seg0000__snr20,1.0
25,24,6d1dd9a8826e57f5f69c,6d1dd9a8826e57f5f69c__511ef402__clean__seg0000__snr10,1.0
25,24,6d1dd9a8826e57f5f69c,6d1dd9a8826e57f5f69c__511ef402__clean__seg0000__snr5,1.0
25,24,6d1dd9a8826e57f5f69c,6d1dd9a8826e57f5f69c__511ef402__clean__seg0000__snr0,1.0
25,24,6d1dd9a8826e57f5f69c,6d1dd9a8826e57f5f69c__8bab4f5a__clean__seg0000__snr20,1.0
25,24,6d1dd9a8826e57f5f69c,6d1dd9a8826e57f5f69c__8bab4f5a__clean__seg0000__snr10,1.0
25,24,6d1dd9a8826e57f5f69c,6d1dd9a8826e57f5f69c__8bab4f5a__clean__seg0000__snr5,1.0
25,24,6d1dd9a8826e57f5f69c,6d1dd9a8826e57f5f69c__8bab4f5a__clean__seg0000__snr0,1.0
25,24,6d1dd9a8826e57f5f69c,6d1dd9a8826e57f5f69c__34b0cf56__clean__seg0000__snr20,1.0
25,24,6d1dd9a8826e57f5f69c,6d1dd9a8826e57f5f69c__34b0cf56__clean__seg0000__snr10,1.0
25,24,6d1dd9a8826e57f5f69c,6d1dd9a8826e57f5f69c__34b0cf56__clean__seg0000__snr5,1.0
25,24,6d1dd9a8826e57f5f69c,6d1dd9a8826e57f5f69c__34b0cf56__clean__seg0000__snr0,1.0
25,24,6d1dd9a8826e57f5f69c,6d1dd9a8826e57f5f69c__36f7b9d8__clean__seg0000__snr20,1.0
25,24,6d1dd9a8826e57f5f69c,6d1dd9a8826e57f5f69c__36f7b9d8__clean__seg0000__snr10,1.0
25,24,6d1dd9a8826e57f5f69c,6d1dd9a8826e57f5f69c__36f7b9d8__clean__seg0000__snr5,1.0
25,24,6d1dd9a8826e57f5f69c,6d1dd9a8826e57f5f69c__36f7b9d8__clean__seg0000__snr0,1.0
25,24,6d1dd9a8826e57f5f69c,6d1dd9a8826e57f5f69c__788cc879__clean__seg0000__snr20,1.0
25,24,6d1dd9a8826e57f5f69c,6d1dd9a8826e57f5f69c__788cc879__clean__seg0000__snr10,1.0
25,24,6d1dd9a8826e57f5f69c,6d1dd9a8826e57f5f69c__788cc879__clean__seg0000__snr5,1.0
25,24,6d1dd9a8826e57f5f69c,6d1dd9a8826e57f5f69c__788cc879__clean__seg0000__snr0,1.0
25,24,6d1dd9a8826e57f5f69c,6d1dd9a8826e57f5f69c__2be9201c__clean__seg0000__snr20,1.0
25,24,6d1dd9a8826e57f5f69c,6d1dd9a8826e57f5f69c__2be9201c__clean__seg0000__snr10,1.0
25,24,6d1dd9a8826e57f5f69c,6d1dd9a8826e57f5f69c__2be9201c__clean__seg0000__snr5,1.0
25,24,6d1dd9a8826e57f5f69c,6d1dd9a8826e57f5f69c__2be9201c__clean__seg0000__snr0,1.0
25,24,6d1dd9a8826e57f5f69c,6d1dd9a8826e57f5f69c__38edbe3e__clean__seg0000__snr20,1.0
25,24,6d1dd9a8826e57f5f69c,6d1dd9a8826e57f5f69c__38edbe3e__clean__seg0000__snr10,1.0
25,24,6d1dd9a8826e57f5f69c,6d1dd9a8826e57f5f69c__38edbe3e__clean__seg0000__snr5,1.0
25,24,6d1dd9a8826e57f5f69c,6d1dd9a8826e57f5f69c__38edbe3e__clean__seg0000__snr0,1.0
25,24,6d1dd9a8826e57f5f69c,6d1dd9a8826e57f5f69c__527764d5__clean__seg0000__snr20,1.0
25,24,6d1dd9a8826e57f5f69c,6d1dd9a8826e57f5f69c__527764d5__clean__seg0000__snr10,1.0
25,24,6d1dd9a8826e57f5f69c,6d1dd9a8826e57f5f69c__527764d5__clean__seg0000__snr5,1.0
25,24,6d1dd9a8826e57f5f69c,6d1dd9a8826e57f5f69c__527764d5__clean__seg0000__snr0,1.0
25,24,6d1dd9a8826e57f5f69c,6d1dd9a8826e57f5f69c__767646ce__clean__seg0000__snr20,1.0
25,24,6d1dd9a8826e57f5f69c,6d1dd9a8826e57f5f69c__767646ce__clean__seg0000__snr10,1.0
25,24,6d1dd9a8826e57f5f69c,6d1dd9a8826e57f5f69c__767646ce__clean__seg0000__snr5,1.0
25,24,6d1dd9a8826e57f5f69c,6d1dd9a8826e57f5f69c__767646ce__clean__seg0000__snr0,1.0
25,24,6d1dd9a8826e57f5f69c,6d1dd9a8826e57f5f69c__c0423937__clean__seg0000__snr20,1.0
25,24,6d1dd9a8826e57f5f69c,6d1dd9a8826e57f5f69c__c0423937__clean__seg0000__snr10,1.0
25,24,6d1dd9a8826e57f5f69c,6d1dd9a8826e57f5f69c__c0423937__clean__seg0000__snr5,1.0
25,24,6d1dd9a8826e57f5f69c,6d1dd9a8826e57f5f69c__c0423937__clean__seg0000__snr0,1.0
25,24,6d1dd9a8826e57f5f69c,6d1dd9a8826e57f5f69c__ab8d4c19__clean__seg0000__snr20,1.0
25,24,6d1dd9a8826e57f5f69c,6d1dd9a8826e57f5f69c__ab8d4c19__clean__seg0000__snr10,1.0
25,24,6d1dd9a8826e57f5f69c,6d1dd9a8826e57f5f69c__ab8d4c19__clean__seg0000__snr5,1.0
25,24,6d1dd9a8826e57f5f69c,6d1dd9a8826e57f5f69c__ab8d4c19__clean__seg0000__snr0,1.0
25,24,6d1dd9a8826e57f5f69c,6d1dd9a8826e57f5f69c__373ea9a2__clean__seg0000__snr20,1.0
25,24,6d1dd9a8826e57f5f69c,6d1dd9a8826e57f5f69c__373ea9a2__clean__seg0000__snr10,1.0
25,24,6d1dd9a8826e57f5f69c,6d1dd9a8826e57f5f69c__373ea9a2__clean__seg0000__snr5,1.0
25,24,6d1dd9a8826e57f5f69c,6d1dd9a8826e57f5f69c__373ea9a2__clean__seg0000__snr0,1.0
25,24,6d1dd9a8826e57f5f69c,6d1dd9a8826e57f5f69c__3494cf39__clean__seg0000__snr20,1.0
25,24,6d1dd9a8826e57f5f69c,6d1dd9a8826e57f5f69c__3494cf39__clean__seg0000__snr10,1.0
25,24,6d1dd9a8826e57f5f69c,6d1dd9a8826e57f5f69c__3494cf39__clean__seg0000__snr5,1.0
25,24,6d1dd9a8826e57f5f69c,6d1dd9a8826e57f5f69c__3494cf39__clean__seg0000__snr0,1.0
25,24,6d1dd9a8826e57f5f69c,6d1dd9a8826e57f5f69c__db1a5fe1__clean__seg0000__snr20,1.0
25,24,6d1dd9a8826e57f5f69c,6d1dd9a8826e57f5f69c__db1a5fe1__clean__seg0000__snr10,1.0
25,24,6d1dd9a8826e57f5f69c,6d1dd9a8826e57f5f69c__db1a5fe1__clean__seg0000__snr5,1.0
25,24,6d1dd9a8826e57f5f69c,6d1dd9a8826e57f5f69c__db1a5fe1__clean__seg0000__snr0,1.0
25,24,6d1dd9a8826e57f5f69c,6d1dd9a8826e57f5f69c__7dc30b69__clean__seg0000__snr20,1.0
25,24,6d1dd9a8826e57f5f69c,6d1dd9a8826e57f5f69c__7dc30b69__clean__seg0000__snr10,1.0
25,24,6d1dd9a8826e57f5f69c,6d1dd9a8826e57f5f69c__7dc30b69__clean__seg0000__snr5,1.0
25,24,6d1dd9a8826e57f5f69c,6d1dd9a8826e57f5f69c__7dc30b69__clean__seg0000__snr0,1.0
25,24,6d1dd9a8826e57f5f69c,6d1dd9a8826e57f5f69c__fbd10b28__clean__seg0000__snr20,1.0
25,24,6d1dd9a8826e57f5f69c,6d1dd9a8826e57f5f69c__fbd10b28__clean__seg0000__snr10,1.0
25,24,6d1dd9a8826e57f5f69c,6d1dd9a8826e57f5f69c__fbd10b28__clean__seg0000__snr5,1.0
25,24,6d1dd9a8826e57f5f69c,6d1dd9a8826e57f5f69c__fbd10b28__clean__seg0000__snr0,1.0
25,24,6d1dd9a8826e57f5f69c,6d1dd9a8826e57f5f69c__3e641194__clean__seg0000__snr20,1.0
25,24,6d1dd9a8826e57f5f69c,6d1dd9a8826e57f5f69c__3e641194__clean__seg0000__snr10,1.0
25,24,6d1dd9a8826e57f5f69c,6d1dd9a8826e57f5f69c__3e641194__clean__seg0000__snr5,1.0
25,24,6d1dd9a8826e57f5f69c,6d1dd9a8826e57f5f69c__3e641194__clean__seg0000__snr0,1.0
25,24,22a24482dc772ce57f1f,22a24482dc772ce57f1f__9510aaa7__clean__seg0000__snr20,1.0
25,24,22a24482dc772ce57f1f,22a24482dc772ce57f1f__9510aaa7__clean__seg0000__snr10,1.0
25,24,22a24482dc772ce57f1f,22a24482dc772ce57f1f__9510aaa7__clean__seg0000__snr5,1.0
25,24,22a24482dc772ce57f1f,22a24482dc772ce57f1f__9510aaa7__clean__seg0000__snr0,1.0
25,24,22a24482dc772ce57f1f,22a24482dc772ce57f1f__eff896a0__clean__seg0000__snr20,1.0
25,24,22a24482dc772ce57f1f,22a24482dc772ce57f1f__eff896a0__clean__seg0000__snr10,1.0
25,24,22a24482dc772ce57f1f,22a24482dc772ce57f1f__eff896a0__clean__seg0000__snr5,1.0
25,24,22a24482dc772ce57f1f,22a24482dc772ce57f1f__eff896a0__clean__seg0000__snr0,1.0
25,24,22a24482dc772ce57f1f,22a24482dc772ce57f1f__8858ec50__clean__seg0000__snr20,1.0
25,24,22a24482dc772ce57f1f,22a24482dc772ce57f1f__8858ec50__clean__seg0000__snr10,1.0
25,24,22a24482dc772ce57f1f,22a24482dc772ce57f1f__8858ec50__clean__seg0000__snr5,1.0
25,24,22a24482dc772ce57f1f,22a24482dc772ce57f1f__8858ec50__clean__seg0000__snr0,1.0
25,24,22a24482dc772ce57f1f,22a24482dc772ce57f1f__637358f4__clean__seg0000__snr20,1.0
25,24,22a24482dc772ce57f1f,22a24482dc772ce57f1f__637358f4__clean__seg0000__snr10,1.0
25,24,22a24482dc772ce57f1f,22a24482dc772ce57f1f__637358f4__clean__seg0000__snr5,1.0
25,24,22a24482dc772ce57f1f,22a24482dc772ce57f1f__637358f4__clean__seg0000__snr0,1.0
25,24,22a24482dc772ce57f1f,22a24482dc772ce57f1f__94a22e67__clean__seg0000__snr20,1.0
25,24,22a24482dc772ce57f1f,22a24482dc772ce57f1f__94a22e67__clean__seg0000__snr10,1.0
25,24,22a24482dc772ce57f1f,22a24482dc772ce57f1f__94a22e67__clean__seg0000__snr5,1.0
25,24,22a24482dc772ce57f1f,22a24482dc772ce57f1f__94a22e67__clean__seg0000__snr0,1.0
25,24,22a24482dc772ce57f1f,22a24482dc772ce57f1f__d602050d__clean__seg0000__snr20,1.0
25,24,22a24482dc772ce57f1f,22a24482dc772ce57f1f__d602050d__clean__seg0000__snr10,1.0
25,24,22a24482dc772ce57f1f,22a24482dc772ce57f1f__d602050d__clean__seg0000__snr5,1.0
25,24,22a24482dc772ce57f1f,22a24482dc772ce57f1f__d602050d__clean__seg0000__snr0,1.0
25,24,22a24482dc772ce57f1f,22a24482dc772ce57f1f__d2b752c5__clean__seg0000__snr20,1.0
25,24,22a24482dc772ce57f1f,22a24482dc772ce57f1f__d2b752c5__clean__seg0000__snr10,1.0
25,24,22a24482dc772ce57f1f,22a24482dc772ce57f1f__d2b752c5__clean__seg0000__snr5,1.0
25,24,22a24482dc772ce57f1f,22a24482dc772ce57f1f__d2b752c5__clean__seg0000__snr0,1.0
25,24,22a24482dc772ce57f1f,22a24482dc772ce57f1f__bf38577a__clean__seg0000__snr20,1.0
25,24,22a24482dc772ce57f1f,22a24482dc772ce57f1f__bf38577a__clean__seg0000__snr10,1.0
25,24,22a24482dc772ce57f1f,22a24482dc772ce57f1f__bf38577a__clean__seg0000__snr5,1.0
25,24,22a24482dc772ce57f1f,22a24482dc772ce57f1f__bf38577a__clean__seg0000__snr0,1.0
25,24,22a24482dc772ce57f1f,22a24482dc772ce57f1f__12f092a4__clean__seg0000__snr20,1.0
25,24,22a24482dc772ce57f1f,22a24482dc772ce57f1f__12f092a4__clean__seg0000__snr10,1.0
25,24,22a24482dc772ce57f1f,22a24482dc772ce57f1f__12f092a4__clean__seg0000__snr5,1.0
25,24,22a24482dc772ce57f1f,22a24482dc772ce57f1f__12f092a4__clean__seg0000__snr0,1.0
25,24,22a24482dc772ce57f1f,22a24482dc772ce57f1f__f558f265__clean__seg0000__snr20,1.0
25,24,22a24482dc772ce57f1f,22a24482dc772ce57f1f__f558f265__clean__seg0000__snr10,1.0
25,24,22a24482dc772ce57f1f,22a24482dc772ce57f1f__f558f265__clean__seg0000__snr5,1.0
25,24,22a24482dc772ce57f1f,22a24482dc772ce57f1f__f558f265__clean__seg0000__snr0,1.0
25,24,22a24482dc772ce57f1f,22a24482dc772ce57f1f__149c1e92__clean__seg0000__snr20,1.0
25,24,22a24482dc772ce57f1f,22a24482dc772ce57f1f__149c1e92__clean__seg0000__snr10,1.0
25,24,22a24482dc772ce57f1f,22a24482dc772ce57f1f__149c1e92__clean__seg0000__snr5,1.0
25,24,22a24482dc772ce57f1f,22a24482dc772ce57f1f__149c1e92__clean__seg0000__snr0,1.0
25,24,22a24482dc772ce57f1f,22a24482dc772ce57f1f__07e7ed93__clean__seg0000__snr20,1.0
25,24,22a24482dc772ce57f1f,22a24482dc772ce57f1f__07e7ed93__clean__seg0000__snr10,1.0
25,24,22a24482dc772ce57f1f,22a24482dc772ce57f1f__07e7ed93__clean__seg0000__snr5,1.0
25,24,22a24482dc772ce57f1f,22a24482dc772ce57f1f__07e7ed93__clean__seg0000__snr0,1.0
25,24,22a24482dc772ce57f1f,22a24482dc772ce57f1f__fb55c3cb__clean__seg0000__snr20,1.0
25,24,22a24482dc772ce57f1f,22a24482dc772ce57f1f__fb55c3cb__clean__seg0000__snr10,1.0
25,24,22a24482dc772ce57f1f,22a24482dc772ce57f1f__fb55c3cb__clean__seg0000__snr5,1.0
25,24,22a24482dc772ce57f1f,22a24482dc772ce57f1f__fb55c3cb__clean__seg0000__snr0,1.0
25,24,22a24482dc772ce57f1f,22a24482dc772ce57f1f__08003b74__clean__seg0000__snr20,1.0
25,24,22a24482dc772ce57f1f,22a24482dc772ce57f1f__08003b74__clean__seg0000__snr10,1.0
25,24,22a24482dc772ce57f1f,22a24482dc772ce57f1f__08003b74__clean__seg0000__snr5,1.0
25,24,22a24482dc772ce57f1f,22a24482dc772ce57f1f__08003b74__clean__seg0000__snr0,1.0
25,24,22a24482dc772ce57f1f,22a24482dc772ce57f1f__fb63d5f0__clean__seg0000__snr20,1.0
25,24,22a24482dc772ce57f1f,22a24482dc772ce57f1f__fb63d5f0__clean__seg0000__snr10,1.0
25,24,22a24482dc772ce57f1f,22a24482dc772ce57f1f__fb63d5f0__clean__seg0000__snr5,1.0
25,24,22a24482dc772ce57f1f,22a24482dc772ce57f1f__fb63d5f0__clean__seg0000__snr0,1.0
25,24,22a24482dc772ce57f1f,22a24482dc772ce57f1f__80191d07__clean__seg0000__snr20,1.0
25,24,22a24482dc772ce57f1f,22a24482dc772ce57f1f__80191d07__clean__seg0000__snr10,1.0
25,24,22a24482dc772ce57f1f,22a24482dc772ce57f1f__80191d07__clean__seg0000__snr5,1.0
25,24,22a24482dc772ce57f1f,22a24482dc772ce57f1f__80191d07__clean__seg0000__snr0,1.0
25,24,22a24482dc772ce57f1f,22a24482dc772ce57f1f__1e4474cc__clean__seg0000__snr20,1.0
25,24,22a24482dc772ce57f1f,22a24482dc772ce57f1f__1e4474cc__clean__seg0000__snr10,1.0
25,24,22a24482dc772ce57f1f,22a24482dc772ce57f1f__1e4474cc__clean__seg0000__snr5,1.0
25,24,22a24482dc772ce57f1f,22a24482dc772ce57f1f__1e4474cc__clean__seg0000__snr0,1.0
25,24,22a24482dc772ce57f1f,22a24482dc772ce57f1f__83b66013__clean__seg0000__snr20,1.0
25,24,22a24482dc772ce57f1f,22a24482dc772ce57f1f__83b66013__clean__seg0000__snr10,1.0
25,24,22a24482dc772ce57f1f,22a24482dc772ce57f1f__83b66013__clean__seg0000__snr5,1.0
25,24,22a24482dc772ce57f1f,22a24482dc772ce57f1f__83b66013__clean__seg0000__snr0,1.0
25,24,22a24482dc772ce57f1f,22a24482dc772ce57f1f__b1ae0e30__clean__seg0000__snr20,1.0
25,24,22a24482dc772ce57f1f,22a24482dc772ce57f1f__b1ae0e30__clean__seg0000__snr10,1.0
25,24,22a24482dc772ce57f1f,22a24482dc772ce57f1f__b1ae0e30__clean__seg0000__snr5,1.0
25,24,22a24482dc772ce57f1f,22a24482dc772ce57f1f__b1ae0e30__clean__seg0000__snr0,1.0
25,24,22a24482dc772ce57f1f,22a24482dc772ce57f1f__1a704c63__clean__seg0000__snr20,1.0
25,24,22a24482dc772ce57f1f,22a24482dc772ce57f1f__1a704c63__clean__seg0000__snr10,1.0
25,24,22a24482dc772ce57f1f,22a24482dc772ce57f1f__1a704c63__clean__seg0000__snr5,1.0
25,24,22a24482dc772ce57f1f,22a24482dc772ce57f1f__1a704c63__clean__seg0000__snr0,1.0
25,24,22a24482dc772ce57f1f,22a24482dc772ce57f1f__b7ccbf2c__clean__seg0000__snr20,1.0
25,24,22a24482dc772ce57f1f,22a24482dc772ce57f1f__b7ccbf2c__clean__seg0000__snr10,1.0
25,24,22a24482dc772ce57f1f,22a24482dc772ce57f1f__b7ccbf2c__clean__seg0000__snr5,1.0
25,24,22a24482dc772ce57f1f,22a24482dc772ce57f1f__b7ccbf2c__clean__seg0000__snr0,1.0
25,24,22a24482dc772ce57f1f,22a24482dc772ce57f1f__a6d0c9fa__clean__seg0000__snr20,1.0
25,24,22a24482dc772ce57f1f,22a24482dc772ce57f1f__a6d0c9fa__clean__seg0000__snr10,1.0
25,24,22a24482dc772ce57f1f,22a24482dc772ce57f1f__a6d0c9fa__clean__seg0000__snr5,1.0
25,24,22a24482dc772ce57f1f,22a24482dc772ce57f1f__a6d0c9fa__clean__seg0000__snr0,1.0
25,24,22a24482dc772ce57f1f,22a24482dc772ce57f1f__d0f4a6b9__clean__seg0000__snr20,1.0
25,24,22a24482dc772ce57f1f,22a24482dc772ce57f1f__d0f4a6b9__clean__seg0000__snr10,1.0
25,24,22a24482dc772ce57f1f,22a24482dc772ce57f1f__d0f4a6b9__clean__seg0000__snr5,1.0
25,24,22a24482dc772ce57f1f,22a24482dc772ce57f1f__d0f4a6b9__clean__seg0000__snr0,1.0
25,24,22a24482dc772ce57f1f,22a24482dc772ce57f1f__6c515eea__clean__seg0000__snr20,1.0
25,24,22a24482dc772ce57f1f,22a24482dc772ce57f1f__6c515eea__clean__seg0000__snr10,1.0
25,24,22a24482dc772ce57f1f,22a24482dc772ce57f1f__6c515eea__clean__seg0000__snr5,1.0
25,24,22a24482dc772ce57f1f,22a24482dc772ce57f1f__6c515eea__clean__seg0000__snr0,1.0
25,24,22a24482dc772ce57f1f,22a24482dc772ce57f1f__8460f1c9__clean__seg0000__snr20,1.0
25,24,22a24482dc772ce57f1f,22a24482dc772ce57f1f__8460f1c9__clean__seg0000__snr10,1.0
25,24,22a24482dc772ce57f1f,22a24482dc772ce57f1f__8460f1c9__clean__seg0000__snr5,1.0
25,24,22a24482dc772ce57f1f,22a24482dc772ce57f1f__8460f1c9__clean__seg0000__snr0,1.0
25,24,22a24482dc772ce57f1f,22a24482dc772ce57f1f__39e1dbdc__clean__seg0000__snr20,1.0
25,24,22a24482dc772ce57f1f,22a24482dc772ce57f1f__39e1dbdc__clean__seg0000__snr10,1.0
25,24,22a24482dc772ce57f1f,22a24482dc772ce57f1f__39e1dbdc__clean__seg0000__snr5,1.0
25,24,22a24482dc772ce57f1f,22a24482dc772ce57f1f__39e1dbdc__clean__seg0000__snr0,1.0
25,24,22a24482dc772ce57f1f,22a24482dc772ce57f1f__326e8300__clean__seg0000__snr20,1.0
25,24,22a24482dc772ce57f1f,22a24482dc772ce57f1f__326e8300__clean__seg0000__snr10,1.0
25,24,22a24482dc772ce57f1f,22a24482dc772ce57f1f__326e8300__clean__seg0000__snr5,1.0
25,24,22a24482dc772ce57f1f,22a24482dc772ce57f1f__326e8300__clean__seg0000__snr0,1.0
25,24,22a24482dc772ce57f1f,22a24482dc772ce57f1f__046306cf__clean__seg0000__snr20,1.0
25,24,22a24482dc772ce57f1f,22a24482dc772ce57f1f__046306cf__clean__seg0000__snr10,1.0
25,24,22a24482dc772ce57f1f,22a24482dc772ce57f1f__046306cf__clean__seg0000__snr5,1.0
25,24,22a24482dc772ce57f1f,22a24482dc772ce57f1f__046306cf__clean__seg0000__snr0,1.0
25,24,22a24482dc772ce57f1f,22a24482dc772ce57f1f__ff47b569__clean__seg0000__snr20,1.0
25,24,22a24482dc772ce57f1f,22a24482dc772ce57f1f__ff47b569__clean__seg0000__snr10,1.0
25,24,22a24482dc772ce57f1f,22a24482dc772ce57f1f__ff47b569__clean__seg0000__snr5,1.0
25,24,22a24482dc772ce57f1f,22a24482dc772ce57f1f__ff47b569__clean__seg0000__snr0,1.0
25,24,22a24482dc772ce57f1f,22a24482dc772ce57f1f__e14526bb__clean__seg0000__snr20,1.0
25,24,22a24482dc772ce57f1f,22a24482dc772ce57f1f__e14526bb__clean__seg0000__snr10,1.0
25,24,22a24482dc772ce57f1f,22a24482dc772ce57f1f__e14526bb__clean__seg0000__snr5,1.0
25,24,22a24482dc772ce57f1f,22a24482dc772ce57f1f__e14526bb__clean__seg0000__snr0,1.0
25,24,22a24482dc772ce57f1f,22a24482dc772ce57f1f__4d76e310__clean__seg0000__snr20,1.0
25,24,22a24482dc772ce57f1f,22a24482dc772ce57f1f__4d76e310__clean__seg0000__snr10,1.0
25,24,22a24482dc772ce57f1f,22a24482dc772ce57f1f__4d76e310__clean__seg0000__snr5,1.0
25,24,22a24482dc772ce57f1f,22a24482dc772ce57f1f__4d76e310__clean__seg0000__snr0,1.0
25,24,22a24482dc772ce57f1f,22a24482dc772ce57f1f__d18ba868__clean__seg0000__snr20,1.0
25,24,22a24482dc772ce57f1f,22a24482dc772ce57f1f__d18ba868__clean__seg0000__snr10,1.0
25,24,22a24482dc772ce57f1f,22a24482dc772ce57f1f__d18ba868__clean__seg0000__snr5,1.0
25,24,22a24482dc772ce57f1f,22a24482dc772ce57f1f__d18ba868__clean__seg0000__snr0,1.0
25,24,22a24482dc772ce57f1f,22a24482dc772ce57f1f__5bc9396d__clean__seg0000__snr20,1.0
25,24,22a24482dc772ce57f1f,22a24482dc772ce57f1f__5bc9396d__clean__seg0000__snr10,1.0
25,24,22a24482dc772ce57f1f,22a24482dc772ce57f1f__5bc9396d__clean__seg0000__snr5,1.0
25,24,22a24482dc772ce57f1f,22a24482dc772ce57f1f__5bc9396d__clean__seg0000__snr0,1.0
25,24,22a24482dc772ce57f1f,22a24482dc772ce57f1f__ed679a10__clean__seg0000__snr20,1.0
25,24,22a24482dc772ce57f1f,22a24482dc772ce57f1f__ed679a10__clean__seg0000__snr10,1.0
25,24,22a24482dc772ce57f1f,22a24482dc772ce57f1f__ed679a10__clean__seg0000__snr5,1.0
25,24,22a24482dc772ce57f1f,22a24482dc772ce57f1f__ed679a10__clean__seg0000__snr0,1.0
25,24,22a24482dc772ce57f1f,22a24482dc772ce57f1f__45f799a6__clean__seg0000__snr20,1.0
25,24,22a24482dc772ce57f1f,22a24482dc772ce57f1f__45f799a6__clean__seg0000__snr10,1.0
25,24,22a24482dc772ce57f1f,22a24482dc772ce57f1f__45f799a6__clean__seg0000__snr5,1.0
25,24,22a24482dc772ce57f1f,22a24482dc772ce57f1f__45f799a6__clean__seg0000__snr0,1.0
25,24,22a24482dc772ce57f1f,22a24482dc772ce57f1f__7e1af0f2__clean__seg0000__snr20,1.0
25,24,22a24482dc772ce57f1f,22a24482dc772ce57f1f__7e1af0f2__clean__seg0000__snr10,1.0
25,24,22a24482dc772ce57f1f,22a24482dc772ce57f1f__7e1af0f2__clean__seg0000__snr5,1.0
25,24,22a24482dc772ce57f1f,22a24482dc772ce57f1f__7e1af0f2__clean__seg0000__snr0,1.0
25,24,22a24482dc772ce57f1f,22a24482dc772ce57f1f__58d3e764__clean__seg0000__snr20,1.0
25,24,22a24482dc772ce57f1f,22a24482dc772ce57f1f__58d3e764__clean__seg0000__snr10,1.0
25,24,22a24482dc772ce57f1f,22a24482dc772ce57f1f__58d3e764__clean__seg0000__snr5,1.0
25,24,22a24482dc772ce57f1f,22a24482dc772ce57f1f__58d3e764__clean__seg0000__snr0,1.0
25,24,d5ef23bc7b7ae648d4e0,d5ef23bc7b7ae648d4e0__489b1d1d__clean__seg0000__snr20,1.0
25,24,d5ef23bc7b7ae648d4e0,d5ef23bc7b7ae648d4e0__489b1d1d__clean__seg0000__snr10,1.0
25,24,d5ef23bc7b7ae648d4e0,d5ef23bc7b7ae648d4e0__489b1d1d__clean__seg0000__snr5,1.0
25,24,d5ef23bc7b7ae648d4e0,d5ef23bc7b7ae648d4e0__489b1d1d__clean__seg0000__snr0,1.0
25,24,d5ef23bc7b7ae648d4e0,d5ef23bc7b7ae648d4e0__36ac355d__clean__seg0000__snr20,1.0
25,24,d5ef23bc7b7ae648d4e0,d5ef23bc7b7ae648d4e0__36ac355d__clean__seg0000__snr10,1.0
25,24,d5ef23bc7b7ae648d4e0,d5ef23bc7b7ae648d4e0__36ac355d__clean__seg0000__snr5,1.0
25,24,d5ef23bc7b7ae648d4e0,d5ef23bc7b7ae648d4e0__36ac355d__clean__seg0000__snr0,1.0
25,24,d5ef23bc7b7ae648d4e0,d5ef23bc7b7ae648d4e0__a7fe7336__clean__seg0000__snr20,1.0
25,24,d5ef23bc7b7ae648d4e0,d5ef23bc7b7ae648d4e0__a7fe7336__clean__seg0000__snr10,1.0
25,24,d5ef23bc7b7ae648d4e0,d5ef23bc7b7ae648d4e0__a7fe7336__clean__seg0000__snr5,1.0
25,24,d5ef23bc7b7ae648d4e0,d5ef23bc7b7ae648d4e0__a7fe7336__clean__seg0000__snr0,1.0
25,24,d5ef23bc7b7ae648d4e0,d5ef23bc7b7ae648d4e0__35a6c806__clean__seg0000__snr20,1.0
25,24,d5ef23bc7b7ae648d4e0,d5ef23bc7b7ae648d4e0__35a6c806__clean__seg0000__snr10,1.0
25,24,d5ef23bc7b7ae648d4e0,d5ef23bc7b7ae648d4e0__35a6c806__clean__seg0000__snr5,1.0
25,24,d5ef23bc7b7ae648d4e0,d5ef23bc7b7ae648d4e0__35a6c806__clean__seg0000__snr0,1.0
25,24,d5ef23bc7b7ae648d4e0,d5ef23bc7b7ae648d4e0__d3add050__clean__seg0000__snr20,1.0
25,24,d5ef23bc7b7ae648d4e0,d5ef23bc7b7ae648d4e0__d3add050__clean__seg0000__snr10,1.0
25,24,d5ef23bc7b7ae648d4e0,d5ef23bc7b7ae648d4e0__d3add050__clean__seg0000__snr5,1.0
25,24,d5ef23bc7b7ae648d4e0,d5ef23bc7b7ae648d4e0__d3add050__clean__seg0000__snr0,1.0
25,24,d5ef23bc7b7ae648d4e0,d5ef23bc7b7ae648d4e0__ac9fdfcb__clean__seg0000__snr20,1.0
25,24,d5ef23bc7b7ae648d4e0,d5ef23bc7b7ae648d4e0__ac9fdfcb__clean__seg0000__snr10,1.0
25,24,d5ef23bc7b7ae648d4e0,d5ef23bc7b7ae648d4e0__ac9fdfcb__clean__seg0000__snr5,1.0
25,24,d5ef23bc7b7ae648d4e0,d5ef23bc7b7ae648d4e0__ac9fdfcb__clean__seg0000__snr0,1.0
25,24,d5ef23bc7b7ae648d4e0,d5ef23bc7b7ae648d4e0__2f14084a__clean__seg0000__snr20,1.0
25,24,d5ef23bc7b7ae648d4e0,d5ef23bc7b7ae648d4e0__2f14084a__clean__seg0000__snr10,1.0
25,24,d5ef23bc7b7ae648d4e0,d5ef23bc7b7ae648d4e0__2f14084a__clean__seg0000__snr5,1.0
25,24,d5ef23bc7b7ae648d4e0,d5ef23bc7b7ae648d4e0__2f14084a__clean__seg0000__snr0,1.0
25,24,d5ef23bc7b7ae648d4e0,d5ef23bc7b7ae648d4e0__cd5c39e3__clean__seg0000__snr20,1.0
25,24,d5ef23bc7b7ae648d4e0,d5ef23bc7b7ae648d4e0__cd5c39e3__clean__seg0000__snr10,1.0
25,24,d5ef23bc7b7ae648d4e0,d5ef23bc7b7ae648d4e0__cd5c39e3__clean__seg0000__snr5,1.0
25,24,d5ef23bc7b7ae648d4e0,d5ef23bc7b7ae648d4e0__cd5c39e3__clean__seg0000__snr0,1.0
25,24,d5ef23bc7b7ae648d4e0,d5ef23bc7b7ae648d4e0__63e2e5ae__clean__seg0000__snr20,1.0
25,24,d5ef23bc7b7ae648d4e0,d5ef23bc7b7ae648d4e0__63e2e5ae__clean__seg0000__snr10,1.0
25,24,d5ef23bc7b7ae648d4e0,d5ef23bc7b7ae648d4e0__63e2e5ae__clean__seg0000__snr5,1.0
25,24,d5ef23bc7b7ae648d4e0,d5ef23bc7b7ae648d4e0__63e2e5ae__clean__seg0000__snr0,1.0
25,24,d5ef23bc7b7ae648d4e0,d5ef23bc7b7ae648d4e0__4fa1a1de__clean__seg0000__snr20,1.0
25,24,d5ef23bc7b7ae648d4e0,d5ef23bc7b7ae648d4e0__4fa1a1de__clean__seg0000__snr10,1.0
25,24,d5ef23bc7b7ae648d4e0,d5ef23bc7b7ae648d4e0__4fa1a1de__clean__seg0000__snr5,1.0
25,24,d5ef23bc7b7ae648d4e0,d5ef23bc7b7ae648d4e0__4fa1a1de__clean__seg0000__snr0,1.0
25,24,d5ef23bc7b7ae648d4e0,d5ef23bc7b7ae648d4e0__3e354b27__clean__seg0000__snr20,1.0
25,24,d5ef23bc7b7ae648d4e0,d5ef23bc7b7ae648d4e0__3e354b27__clean__seg0000__snr10,1.0
25,24,d5ef23bc7b7ae648d4e0,d5ef23bc7b7ae648d4e0__3e354b27__clean__seg0000__snr5,1.0
25,24,d5ef23bc7b7ae648d4e0,d5ef23bc7b7ae648d4e0__3e354b27__clean__seg0000__snr0,1.0
25,24,d5ef23bc7b7ae648d4e0,d5ef23bc7b7ae648d4e0__edf1d88f__clean__seg0000__snr20,1.0
25,24,d5ef23bc7b7ae648d4e0,d5ef23bc7b7ae648d4e0__edf1d88f__clean__seg0000__snr10,1.0
25,24,d5ef23bc7b7ae648d4e0,d5ef23bc7b7ae648d4e0__edf1d88f__clean__seg0000__snr5,1.0
25,24,d5ef23bc7b7ae648d4e0,d5ef23bc7b7ae648d4e0__edf1d88f__clean__seg0000__snr0,1.0
25,24,d5ef23bc7b7ae648d4e0,d5ef23bc7b7ae648d4e0__6d5586eb__clean__seg0000__snr20,1.0
25,24,d5ef23bc7b7ae648d4e0,d5ef23bc7b7ae648d4e0__6d5586eb__clean__seg0000__snr10,1.0
25,24,d5ef23bc7b7ae648d4e0,d5ef23bc7b7ae648d4e0__6d5586eb__clean__seg0000__snr5,1.0
25,24,d5ef23bc7b7ae648d4e0,d5ef23bc7b7ae648d4e0__6d5586eb__clean__seg0000__snr0,1.0
25,24,d5ef23bc7b7ae648d4e0,d5ef23bc7b7ae648d4e0__e6143950__clean__seg0000__snr20,1.0
25,24,d5ef23bc7b7ae648d4e0,d5ef23bc7b7ae648d4e0__e6143950__clean__seg0000__snr10,1.0
25,24,d5ef23bc7b7ae648d4e0,d5ef23bc7b7ae648d4e0__e6143950__clean__seg0000__snr5,1.0
25,24,d5ef23bc7b7ae648d4e0,d5ef23bc7b7ae648d4e0__e6143950__clean__seg0000__snr0,1.0
25,24,d5ef23bc7b7ae648d4e0,d5ef23bc7b7ae648d4e0__5a10c960__clean__seg0000__snr20,1.0
25,24,d5ef23bc7b7ae648d4e0,d5ef23bc7b7ae648d4e0__5a10c960__clean__seg0000__snr10,1.0
25,24,d5ef23bc7b7ae648d4e0,d5ef23bc7b7ae648d4e0__5a10c960__clean__seg0000__snr5,1.0
25,24,d5ef23bc7b7ae648d4e0,d5ef23bc7b7ae648d4e0__5a10c960__clean__seg0000__snr0,1.0
25,24,d5ef23bc7b7ae648d4e0,d5ef23bc7b7ae648d4e0__209fc119__clean__seg0000__snr20,1.0
25,24,d5ef23bc7b7ae648d4e0,d5ef23bc7b7ae648d4e0__209fc119__clean__seg0000__snr10,1.0
25,24,d5ef23bc7b7ae648d4e0,d5ef23bc7b7ae648d4e0__209fc119__clean__seg0000__snr5,1.0
25,24,d5ef23bc7b7ae648d4e0,d5ef23bc7b7ae648d4e0__209fc119__clean__seg0000__snr0,1.0
25,24,d5ef23bc7b7ae648d4e0,d5ef23bc7b7ae648d4e0__7b928f50__clean__seg0000__snr20,1.0
25,24,d5ef23bc7b7ae648d4e0,d5ef23bc7b7ae648d4e0__7b928f50__clean__seg0000__snr10,1.0
25,24,d5ef23bc7b7ae648d4e0,d5ef23bc7b7ae648d4e0__7b928f50__clean__seg0000__snr5,1.0
25,24,d5ef23bc7b7ae648d4e0,d5ef23bc7b7ae648d4e0__7b928f50__clean__seg0000__snr0,1.0
25,24,d5ef23bc7b7ae648d4e0,d5ef23bc7b7ae648d4e0__4d8c33fe__clean__seg0000__snr20,1.0
25,24,d5ef23bc7b7ae648d4e0,d5ef23bc7b7ae648d4e0__4d8c33fe__clean__seg0000__snr10,1.0
25,24,d5ef23bc7b7ae648d4e0,d5ef23bc7b7ae648d4e0__4d8c33fe__clean__seg0000__snr5,1.0
25,24,d5ef23bc7b7ae648d4e0,d5ef23bc7b7ae648d4e0__4d8c33fe__clean__seg0000__snr0,1.0
25,24,d5ef23bc7b7ae648d4e0,d5ef23bc7b7ae648d4e0__0fef04f9__clean__seg0000__snr20,1.0
25,24,d5ef23bc7b7ae648d4e0,d5ef23bc7b7ae648d4e0__0fef04f9__clean__seg0000__snr10,1.0
25,24,d5ef23bc7b7ae648d4e0,d5ef23bc7b7ae648d4e0__0fef04f9__clean__seg0000__snr5,1.0
25,24,d5ef23bc7b7ae648d4e0,d5ef23bc7b7ae648d4e0__0fef04f9__clean__seg0000__snr0,1.0
25,24,d5ef23bc7b7ae648d4e0,d5ef23bc7b7ae648d4e0__fdf7ce10__clean__seg0000__snr20,1.0
25,24,d5ef23bc7b7ae648d4e0,d5ef23bc7b7ae648d4e0__fdf7ce10__clean__seg0000__snr10,1.0
25,24,d5ef23bc7b7ae648d4e0,d5ef23bc7b7ae648d4e0__fdf7ce10__clean__seg0000__snr5,1.0
25,24,d5ef23bc7b7ae648d4e0,d5ef23bc7b7ae648d4e0__fdf7ce10__clean__seg0000__snr0,1.0
25,24,d5ef23bc7b7ae648d4e0,d5ef23bc7b7ae648d4e0__8ba79034__clean__seg0000__snr20,1.0
25,24,d5ef23bc7b7ae648d4e0,d5ef23bc7b7ae648d4e0__8ba79034__clean__seg0000__snr10,1.0
25,24,d5ef23bc7b7ae648d4e0,d5ef23bc7b7ae648d4e0__8ba79034__clean__seg0000__snr5,1.0
25,24,d5ef23bc7b7ae648d4e0,d5ef23bc7b7ae648d4e0__8ba79034__clean__seg0000__snr0,1.0
25,24,d5ef23bc7b7ae648d4e0,d5ef23bc7b7ae648d4e0__014d610f__clean__seg0000__snr20,1.0
25,24,d5ef23bc7b7ae648d4e0,d5ef23bc7b7ae648d4e0__014d610f__clean__seg0000__snr10,1.0
25,24,d5ef23bc7b7ae648d4e0,d5ef23bc7b7ae648d4e0__014d610f__clean__seg0000__snr5,1.0
25,24,d5ef23bc7b7ae648d4e0,d5ef23bc7b7ae648d4e0__014d610f__clean__seg0000__snr0,1.0
25,24,d5ef23bc7b7ae648d4e0,d5ef23bc7b7ae648d4e0__b520cfd0__clean__seg0000__snr20,1.0
25,24,d5ef23bc7b7ae648d4e0,d5ef23bc7b7ae648d4e0__b520cfd0__clean__seg0000__snr10,1.0
25,24,d5ef23bc7b7ae648d4e0,d5ef23bc7b7ae648d4e0__b520cfd0__clean__seg0000__snr5,1.0
25,24,d5ef23bc7b7ae648d4e0,d5ef23bc7b7ae648d4e0__b520cfd0__clean__seg0000__snr0,1.0
25,24,d5ef23bc7b7ae648d4e0,d5ef23bc7b7ae648d4e0__a1171fe1__clean__seg0000__snr20,1.0
25,24,d5ef23bc7b7ae648d4e0,d5ef23bc7b7ae648d4e0__a1171fe1__clean__seg0000__snr10,1.0
25,24,d5ef23bc7b7ae648d4e0,d5ef23bc7b7ae648d4e0__a1171fe1__clean__seg0000__snr5,1.0
25,24,d5ef23bc7b7ae648d4e0,d5ef23bc7b7ae648d4e0__a1171fe1__clean__seg0000__snr0,1.0
25,24,d5ef23bc7b7ae648d4e0,d5ef23bc7b7ae648d4e0__07e930f8__clean__seg0000__snr20,1.0
25,24,d5ef23bc7b7ae648d4e0,d5ef23bc7b7ae648d4e0__07e930f8__clean__seg0000__snr10,1.0
25,24,d5ef23bc7b7ae648d4e0,d5ef23bc7b7ae648d4e0__07e930f8__clean__seg0000__snr5,1.0
25,24,d5ef23bc7b7ae648d4e0,d5ef23bc7b7ae648d4e0__07e930f8__clean__seg0000__snr0,1.0
25,24,d5ef23bc7b7ae648d4e0,d5ef23bc7b7ae648d4e0__6366c5c3__clean__seg0000__snr20,1.0
25,24,d5ef23bc7b7ae648d4e0,d5ef23bc7b7ae648d4e0__6366c5c3__clean__seg0000__snr10,1.0
25,24,d5ef23bc7b7ae648d4e0,d5ef23bc7b7ae648d4e0__6366c5c3__clean__seg0000__snr5,1.0
25,24,d5ef23bc7b7ae648d4e0,d5ef23bc7b7ae648d4e0__6366c5c3__clean__seg0000__snr0,1.0
25,24,d5ef23bc7b7ae648d4e0,d5ef23bc7b7ae648d4e0__d881ccf7__clean__seg0000__snr20,1.0
25,24,d5ef23bc7b7ae648d4e0,d5ef23bc7b7ae648d4e0__d881ccf7__clean__seg0000__snr10,1.0
25,24,d5ef23bc7b7ae648d4e0,d5ef23bc7b7ae648d4e0__d881ccf7__clean__seg0000__snr5,1.0
25,24,d5ef23bc7b7ae648d4e0,d5ef23bc7b7ae648d4e0__d881ccf7__clean__seg0000__snr0,1.0
25,24,d5ef23bc7b7ae648d4e0,d5ef23bc7b7ae648d4e0__1079b1a0__clean__seg0000__snr20,1.0
25,24,d5ef23bc7b7ae648d4e0,d5ef23bc7b7ae648d4e0__1079b1a0__clean__seg0000__snr10,1.0
25,24,d5ef23bc7b7ae648d4e0,d5ef23bc7b7ae648d4e0__1079b1a0__clean__seg0000__snr5,1.0
25,24,d5ef23bc7b7ae648d4e0,d5ef23bc7b7ae648d4e0__1079b1a0__clean__seg0000__snr0,1.0
25,24,d5ef23bc7b7ae648d4e0,d5ef23bc7b7ae648d4e0__888d6cfb__clean__seg0000__snr20,1.0
25,24,d5ef23bc7b7ae648d4e0,d5ef23bc7b7ae648d4e0__888d6cfb__clean__seg0000__snr10,1.0
25,24,d5ef23bc7b7ae648d4e0,d5ef23bc7b7ae648d4e0__888d6cfb__clean__seg0000__snr5,1.0
25,24,d5ef23bc7b7ae648d4e0,d5ef23bc7b7ae648d4e0__888d6cfb__clean__seg0000__snr0,1.0
25,24,d5ef23bc7b7ae648d4e0,d5ef23bc7b7ae648d4e0__8b53d76a__clean__seg0000__snr20,1.0
25,24,d5ef23bc7b7ae648d4e0,d5ef23bc7b7ae648d4e0__8b53d76a__clean__seg0000__snr10,1.0
25,24,d5ef23bc7b7ae648d4e0,d5ef23bc7b7ae648d4e0__8b53d76a__clean__seg0000__snr5,1.0
25,24,d5ef23bc7b7ae648d4e0,d5ef23bc7b7ae648d4e0__8b53d76a__clean__seg0000__snr0,1.0
25,24,d5ef23bc7b7ae648d4e0,d5ef23bc7b7ae648d4e0__579ab21b__clean__seg0000__snr20,1.0
25,24,d5ef23bc7b7ae648d4e0,d5ef23bc7b7ae648d4e0__579ab21b__clean__seg0000__snr10,1.0
25,24,d5ef23bc7b7ae648d4e0,d5ef23bc7b7ae648d4e0__579ab21b__clean__seg0000__snr5,1.0
25,24,d5ef23bc7b7ae648d4e0,d5ef23bc7b7ae648d4e0__579ab21b__clean__seg0000__snr0,1.0
25,24,d5ef23bc7b7ae648d4e0,d5ef23bc7b7ae648d4e0__3ca71d5d__clean__seg0000__snr20,1.0
25,24,d5ef23bc7b7ae648d4e0,d5ef23bc7b7ae648d4e0__3ca71d5d__clean__seg0000__snr10,1.0
25,24,d5ef23bc7b7ae648d4e0,d5ef23bc7b7ae648d4e0__3ca71d5d__clean__seg0000__snr5,1.0
25,24,d5ef23bc7b7ae648d4e0,d5ef23bc7b7ae648d4e0__3ca71d5d__clean__seg0000__snr0,1.0
25,24,d5ef23bc7b7ae648d4e0,d5ef23bc7b7ae648d4e0__60d1d588__clean__seg0000__snr20,1.0
25,24,d5ef23bc7b7ae648d4e0,d5ef23bc7b7ae648d4e0__60d1d588__clean__seg0000__snr10,1.0
25,24,d5ef23bc7b7ae648d4e0,d5ef23bc7b7ae648d4e0__60d1d588__clean__seg0000__snr5,1.0
25,24,d5ef23bc7b7ae648d4e0,d5ef23bc7b7ae648d4e0__60d1d588__clean__seg0000__snr0,1.0
25,24,d5ef23bc7b7ae648d4e0,d5ef23bc7b7ae648d4e0__cd999f2a__clean__seg0000__snr20,1.0
25,24,d5ef23bc7b7ae648d4e0,d5ef23bc7b7ae648d4e0__cd999f2a__clean__seg0000__snr10,1.0
25,24,d5ef23bc7b7ae648d4e0,d5ef23bc7b7ae648d4e0__cd999f2a__clean__seg0000__snr5,1.0
25,24,d5ef23bc7b7ae648d4e0,d5ef23bc7b7ae648d4e0__cd999f2a__clean__seg0000__snr0,1.0
25,24,d5ef23bc7b7ae648d4e0,d5ef23bc7b7ae648d4e0__4478a18a__clean__seg0000__snr20,1.0
25,24,d5ef23bc7b7ae648d4e0,d5ef23bc7b7ae648d4e0__4478a18a__clean__seg0000__snr10,1.0
25,24,d5ef23bc7b7ae648d4e0,d5ef23bc7b7ae648d4e0__4478a18a__clean__seg0000__snr5,1.0
25,24,d5ef23bc7b7ae648d4e0,d5ef23bc7b7ae648d4e0__4478a18a__clean__seg0000__snr0,1.0
25,24,d5ef23bc7b7ae648d4e0,d5ef23bc7b7ae648d4e0__2782ef14__clean__seg0000__snr20,1.0
25,24,d5ef23bc7b7ae648d4e0,d5ef23bc7b7ae648d4e0__2782ef14__clean__seg0000__snr10,1.0
25,24,d5ef23bc7b7ae648d4e0,d5ef23bc7b7ae648d4e0__2782ef14__clean__seg0000__snr5,1.0
25,24,d5ef23bc7b7ae648d4e0,d5ef23bc7b7ae648d4e0__2782ef14__clean__seg0000__snr0,1.0
25,24,d5ef23bc7b7ae648d4e0,d5ef23bc7b7ae648d4e0__181a4076__clean__seg0000__snr20,1.0
25,24,d5ef23bc7b7ae648d4e0,d5ef23bc7b7ae648d4e0__181a4076__clean__seg0000__snr10,1.0
25,24,d5ef23bc7b7ae648d4e0,d5ef23bc7b7ae648d4e0__181a4076__clean__seg0000__snr5,1.0
25,24,d5ef23bc7b7ae648d4e0,d5ef23bc7b7ae648d4e0__181a4076__clean__seg0000__snr0,1.0
25,24,d5ef23bc7b7ae648d4e0,d5ef23bc7b7ae648d4e0__a5a3202a__clean__seg0000__snr20,1.0
25,24,d5ef23bc7b7ae648d4e0,d5ef23bc7b7ae648d4e0__a5a3202a__clean__seg0000__snr10,1.0
25,24,d5ef23bc7b7ae648d4e0,d5ef23bc7b7ae648d4e0__a5a3202a__clean__seg0000__snr5,1.0
25,24,d5ef23bc7b7ae648d4e0,d5ef23bc7b7ae648d4e0__a5a3202a__clean__seg0000__snr0,1.0
25,24,d5ef23bc7b7ae648d4e0,d5ef23bc7b7ae648d4e0__0cadffb5__clean__seg0000__snr20,1.0
25,24,d5ef23bc7b7ae648d4e0,d5ef23bc7b7ae648d4e0__0cadffb5__clean__seg0000__snr10,1.0
25,24,d5ef23bc7b7ae648d4e0,d5ef23bc7b7ae648d4e0__0cadffb5__clean__seg0000__snr5,1.0
25,24,d5ef23bc7b7ae648d4e0,d5ef23bc7b7ae648d4e0__0cadffb5__clean__seg0000__snr0,1.0
25,24,d5ef23bc7b7ae648d4e0,d5ef23bc7b7ae648d4e0__69b92703__clean__seg0000__snr20,1.0
25,24,d5ef23bc7b7ae648d4e0,d5ef23bc7b7ae648d4e0__69b92703__clean__seg0000__snr10,1.0
25,24,d5ef23bc7b7ae648d4e0,d5ef23bc7b7ae648d4e0__69b92703__clean__seg0000__snr5,1.0
25,24,d5ef23bc7b7ae648d4e0,d5ef23bc7b7ae648d4e0__69b92703__clean__seg0000__snr0,1.0
25,24,d5ef23bc7b7ae648d4e0,d5ef23bc7b7ae648d4e0__7da1a306__clean__seg0000__snr20,1.0
25,24,d5ef23bc7b7ae648d4e0,d5ef23bc7b7ae648d4e0__7da1a306__clean__seg0000__snr10,1.0
25,24,d5ef23bc7b7ae648d4e0,d5ef23bc7b7ae648d4e0__7da1a306__clean__seg0000__snr5,1.0
25,24,d5ef23bc7b7ae648d4e0,d5ef23bc7b7ae648d4e0__7da1a306__clean__seg0000__snr0,1.0
25,24,d5ef23bc7b7ae648d4e0,d5ef23bc7b7ae648d4e0__adb631db__clean__seg0000__snr20,1.0
25,24,d5ef23bc7b7ae648d4e0,d5ef23bc7b7ae648d4e0__adb631db__clean__seg0000__snr10,1.0
25,24,d5ef23bc7b7ae648d4e0,d5ef23bc7b7ae648d4e0__adb631db__clean__seg0000__snr5,1.0
25,24,d5ef23bc7b7ae648d4e0,d5ef23bc7b7ae648d4e0__adb631db__clean__seg0000__snr0,1.0
25,24,d5ef23bc7b7ae648d4e0,d5ef23bc7b7ae648d4e0__146c30f1__clean__seg0000__snr20,1.0
25,24,d5ef23bc7b7ae648d4e0,d5ef23bc7b7ae648d4e0__146c30f1__clean__seg0000__snr10,1.0
25,24,d5ef23bc7b7ae648d4e0,d5ef23bc7b7ae648d4e0__146c30f1__clean__seg0000__snr5,1.0
25,24,d5ef23bc7b7ae648d4e0,d5ef23bc7b7ae648d4e0__146c30f1__clean__seg0000__snr0,1.0
25,24,d5ef23bc7b7ae648d4e0,d5ef23bc7b7ae648d4e0__3b59db03__clean__seg0000__snr20,1.0
25,24,d5ef23bc7b7ae648d4e0,d5ef23bc7b7ae648d4e0__3b59db03__clean__seg0000__snr10,1.0
25,24,d5ef23bc7b7ae648d4e0,d5ef23bc7b7ae648d4e0__3b59db03__clean__seg0000__snr5,1.0
25,24,d5ef23bc7b7ae648d4e0,d5ef23bc7b7ae648d4e0__3b59db03__clean__seg0000__snr0,1.0
25,24,d5ef23bc7b7ae648d4e0,d5ef23bc7b7ae648d4e0__c968d485__clean__seg0000__snr20,1.0
25,24,d5ef23bc7b7ae648d4e0,d5ef23bc7b7ae648d4e0__c968d485__clean__seg0000__snr10,1.0
25,24,d5ef23bc7b7ae648d4e0,d5ef23bc7b7ae648d4e0__c968d485__clean__seg0000__snr5,1.0
25,24,d5ef23bc7b7ae648d4e0,d5ef23bc7b7ae648d4e0__c968d485__clean__seg0000__snr0,1.0
25,24,d5ef23bc7b7ae648d4e0,d5ef23bc7b7ae648d4e0__d764f3f5__clean__seg0000__snr20,1.0
25,24,d5ef23bc7b7ae648d4e0,d5ef23bc7b7ae648d4e0__d764f3f5__clean__seg0000__snr10,1.0
25,24,d5ef23bc7b7ae648d4e0,d5ef23bc7b7ae648d4e0__d764f3f5__clean__seg0000__snr5,1.0
25,24,d5ef23bc7b7ae648d4e0,d5ef23bc7b7ae648d4e0__d764f3f5__clean__seg0000__snr0,1.0
25,24,d5ef23bc7b7ae648d4e0,d5ef23bc7b7ae648d4e0__71618a37__clean__seg0000__snr20,1.0
25,24,d5ef23bc7b7ae648d4e0,d5ef23bc7b7ae648d4e0__71618a37__clean__seg0000__snr10,1.0
25,24,d5ef23bc7b7ae648d4e0,d5ef23bc7b7ae648d4e0__71618a37__clean__seg0000__snr5,1.0
25,24,d5ef23bc7b7ae648d4e0,d5ef23bc7b7ae648d4e0__71618a37__clean__seg0000__snr0,1.0
25,24,d5ef23bc7b7ae648d4e0,d5ef23bc7b7ae648d4e0__a51bee87__clean__seg0000__snr20,1.0
25,24,d5ef23bc7b7ae648d4e0,d5ef23bc7b7ae648d4e0__a51bee87__clean__seg0000__snr10,1.0
25,24,d5ef23bc7b7ae648d4e0,d5ef23bc7b7ae648d4e0__a51bee87__clean__seg0000__snr5,1.0
25,24,d5ef23bc7b7ae648d4e0,d5ef23bc7b7ae648d4e0__a51bee87__clean__seg0000__snr0,1.0
25,24,d5ef23bc7b7ae648d4e0,d5ef23bc7b7ae648d4e0__1165be1f__clean__seg0000__snr20,1.0
25,24,d5ef23bc7b7ae648d4e0,d5ef23bc7b7ae648d4e0__1165be1f__clean__seg0000__snr10,1.0
25,24,d5ef23bc7b7ae648d4e0,d5ef23bc7b7ae648d4e0__1165be1f__clean__seg0000__snr5,1.0
25,24,d5ef23bc7b7ae648d4e0,d5ef23bc7b7ae648d4e0__1165be1f__clean__seg0000__snr0,1.0
25,24,d5ef23bc7b7ae648d4e0,d5ef23bc7b7ae648d4e0__aacc6c05__clean__seg0000__snr20,1.0
25,24,d5ef23bc7b7ae648d4e0,d5ef23bc7b7ae648d4e0__aacc6c05__clean__seg0000__snr10,1.0
25,24,d5ef23bc7b7ae648d4e0,d5ef23bc7b7ae648d4e0__aacc6c05__clean__seg0000__snr5,1.0
25,24,d5ef23bc7b7ae648d4e0,d5ef23bc7b7ae648d4e0__aacc6c05__clean__seg0000__snr0,1.0
25,24,d5ef23bc7b7ae648d4e0,d5ef23bc7b7ae648d4e0__b5a90527__clean__seg0000__snr20,1.0
25,24,d5ef23bc7b7ae648d4e0,d5ef23bc7b7ae648d4e0__b5a90527__clean__seg0000__snr10,1.0
25,24,d5ef23bc7b7ae648d4e0,d5ef23bc7b7ae648d4e0__b5a90527__clean__seg0000__snr5,1.0
25,24,d5ef23bc7b7ae648d4e0,d5ef23bc7b7ae648d4e0__b5a90527__clean__seg0000__snr0,1.0
25,24,d5ef23bc7b7ae648d4e0,d5ef23bc7b7ae648d4e0__30ae1ac1__clean__seg0000__snr20,1.0
25,24,d5ef23bc7b7ae648d4e0,d5ef23bc7b7ae648d4e0__30ae1ac1__clean__seg0000__snr10,1.0
25,24,d5ef23bc7b7ae648d4e0,d5ef23bc7b7ae648d4e0__30ae1ac1__clean__seg0000__snr5,1.0
25,24,d5ef23bc7b7ae648d4e0,d5ef23bc7b7ae648d4e0__30ae1ac1__clean__seg0000__snr0,1.0
25,24,d5ef23bc7b7ae648d4e0,d5ef23bc7b7ae648d4e0__e980ed0f__clean__seg0000__snr20,1.0
25,24,d5ef23bc7b7ae648d4e0,d5ef23bc7b7ae648d4e0__e980ed0f__clean__seg0000__snr10,1.0
25,24,d5ef23bc7b7ae648d4e0,d5ef23bc7b7ae648d4e0__e980ed0f__clean__seg0000__snr5,1.0
25,24,d5ef23bc7b7ae648d4e0,d5ef23bc7b7ae648d4e0__e980ed0f__clean__seg0000__snr0,1.0
25,24,d5ef23bc7b7ae648d4e0,d5ef23bc7b7ae648d4e0__a94d9ecc__clean__seg0000__snr20,1.0
25,24,d5ef23bc7b7ae648d4e0,d5ef23bc7b7ae648d4e0__a94d9ecc__clean__seg0000__snr10,1.0
25,24,d5ef23bc7b7ae648d4e0,d5ef23bc7b7ae648d4e0__a94d9ecc__clean__seg0000__snr5,1.0
25,24,d5ef23bc7b7ae648d4e0,d5ef23bc7b7ae648d4e0__a94d9ecc__clean__seg0000__snr0,1.0
25,24,d5ef23bc7b7ae648d4e0,d5ef23bc7b7ae648d4e0__a57656db__clean__seg0000__snr20,1.0
25,24,d5ef23bc7b7ae648d4e0,d5ef23bc7b7ae648d4e0__a57656db__clean__seg0000__snr10,1.0
25,24,d5ef23bc7b7ae648d4e0,d5ef23bc7b7ae648d4e0__a57656db__clean__seg0000__snr5,1.0
25,24,d5ef23bc7b7ae648d4e0,d5ef23bc7b7ae648d4e0__a57656db__clean__seg0000__snr0,1.0
25,24,d5ef23bc7b7ae648d4e0,d5ef23bc7b7ae648d4e0__7de3c024__clean__seg0000__snr20,1.0
25,24,d5ef23bc7b7ae648d4e0,d5ef23bc7b7ae648d4e0__7de3c024__clean__seg0000__snr10,1.0
25,24,d5ef23bc7b7ae648d4e0,d5ef23bc7b7ae648d4e0__7de3c024__clean__seg0000__snr5,1.0
25,24,d5ef23bc7b7ae648d4e0,d5ef23bc7b7ae648d4e0__7de3c024__clean__seg0000__snr0,1.0
25,24,d5ef23bc7b7ae648d4e0,d5ef23bc7b7ae648d4e0__080232ba__clean__seg0000__snr20,1.0
25,24,d5ef23bc7b7ae648d4e0,d5ef23bc7b7ae648d4e0__080232ba__clean__seg0000__snr10,1.0
25,24,d5ef23bc7b7ae648d4e0,d5ef23bc7b7ae648d4e0__080232ba__clean__seg0000__snr5,1.0
25,24,d5ef23bc7b7ae648d4e0,d5ef23bc7b7ae648d4e0__080232ba__clean__seg0000__snr0,1.0
25,24,d5ef23bc7b7ae648d4e0,d5ef23bc7b7ae648d4e0__9e894ce4__clean__seg0000__snr20,1.0
25,24,d5ef23bc7b7ae648d4e0,d5ef23bc7b7ae648d4e0__9e894ce4__clean__seg0000__snr10,1.0
25,24,d5ef23bc7b7ae648d4e0,d5ef23bc7b7ae648d4e0__9e894ce4__clean__seg0000__snr5,1.0
25,24,d5ef23bc7b7ae648d4e0,d5ef23bc7b7ae648d4e0__9e894ce4__clean__seg0000__snr0,1.0
25,24,d5ef23bc7b7ae648d4e0,d5ef23bc7b7ae648d4e0__9ad676ff__clean__seg0000__snr20,1.0
25,24,d5ef23bc7b7ae648d4e0,d5ef23bc7b7ae648d4e0__9ad676ff__clean__seg0000__snr10,1.0
25,24,d5ef23bc7b7ae648d4e0,d5ef23bc7b7ae648d4e0__9ad676ff__clean__seg0000__snr5,1.0
25,24,d5ef23bc7b7ae648d4e0,d5ef23bc7b7ae648d4e0__9ad676ff__clean__seg0000__snr0,1.0
25,24,d5ef23bc7b7ae648d4e0,d5ef23bc7b7ae648d4e0__67f05f09__clean__seg0000__snr20,1.0
25,24,d5ef23bc7b7ae648d4e0,d5ef23bc7b7ae648d4e0__67f05f09__clean__seg0000__snr10,1.0
25,24,d5ef23bc7b7ae648d4e0,d5ef23bc7b7ae648d4e0__67f05f09__clean__seg0000__snr5,1.0
25,24,d5ef23bc7b7ae648d4e0,d5ef23bc7b7ae648d4e0__67f05f09__clean__seg0000__snr0,1.0
25,24,d5ef23bc7b7ae648d4e0,d5ef23bc7b7ae648d4e0__3d99d3a4__clean__seg0000__snr20,1.0
25,24,d5ef23bc7b7ae648d4e0,d5ef23bc7b7ae648d4e0__3d99d3a4__clean__seg0000__snr10,1.0
25,24,d5ef23bc7b7ae648d4e0,d5ef23bc7b7ae648d4e0__3d99d3a4__clean__seg0000__snr5,1.0
25,24,d5ef23bc7b7ae648d4e0,d5ef23bc7b7ae648d4e0__3d99d3a4__clean__seg0000__snr0,1.0
25,24,d5ef23bc7b7ae648d4e0,d5ef23bc7b7ae648d4e0__d35f3d83__clean__seg0000__snr20,1.0
25,24,d5ef23bc7b7ae648d4e0,d5ef23bc7b7ae648d4e0__d35f3d83__clean__seg0000__snr10,1.0
25,24,d5ef23bc7b7ae648d4e0,d5ef23bc7b7ae648d4e0__d35f3d83__clean__seg0000__snr5,1.0
25,24,d5ef23bc7b7ae648d4e0,d5ef23bc7b7ae648d4e0__d35f3d83__clean__seg0000__snr0,1.0
25,24,d5ef23bc7b7ae648d4e0,d5ef23bc7b7ae648d4e0__04632b56__clean__seg0000__snr20,1.0
25,24,d5ef23bc7b7ae648d4e0,d5ef23bc7b7ae648d4e0__04632b56__clean__seg0000__snr10,1.0
25,24,d5ef23bc7b7ae648d4e0,d5ef23bc7b7ae648d4e0__04632b56__clean__seg0000__snr5,1.0
25,24,d5ef23bc7b7ae648d4e0,d5ef23bc7b7ae648d4e0__04632b56__clean__seg0000__snr0,1.0
25,24,d5ef23bc7b7ae648d4e0,d5ef23bc7b7ae648d4e0__a7a5964e__clean__seg0000__snr20,1.0
25,24,d5ef23bc7b7ae648d4e0,d5ef23bc7b7ae648d4e0__a7a5964e__clean__seg0000__snr10,1.0
25,24,d5ef23bc7b7ae648d4e0,d5ef23bc7b7ae648d4e0__a7a5964e__clean__seg0000__snr5,1.0
25,24,d5ef23bc7b7ae648d4e0,d5ef23bc7b7ae648d4e0__a7a5964e__clean__seg0000__snr0,1.0
25,24,d5ef23bc7b7ae648d4e0,d5ef23bc7b7ae648d4e0__b6d9f865__clean__seg0000__snr20,1.0
25,24,d5ef23bc7b7ae648d4e0,d5ef23bc7b7ae648d4e0__b6d9f865__clean__seg0000__snr10,1.0
25,24,d5ef23bc7b7ae648d4e0,d5ef23bc7b7ae648d4e0__b6d9f865__clean__seg0000__snr5,1.0
25,24,d5ef23bc7b7ae648d4e0,d5ef23bc7b7ae648d4e0__b6d9f865__clean__seg0000__snr0,1.0
25,24,d5ef23bc7b7ae648d4e0,d5ef23bc7b7ae648d4e0__7fea728d__clean__seg0000__snr20,1.0
25,24,d5ef23bc7b7ae648d4e0,d5ef23bc7b7ae648d4e0__7fea728d__clean__seg0000__snr10,1.0
25,24,d5ef23bc7b7ae648d4e0,d5ef23bc7b7ae648d4e0__7fea728d__clean__seg0000__snr5,1.0
25,24,d5ef23bc7b7ae648d4e0,d5ef23bc7b7ae648d4e0__7fea728d__clean__seg0000__snr0,1.0
25,24,d5ef23bc7b7ae648d4e0,d5ef23bc7b7ae648d4e0__440f3b99__clean__seg0000__snr20,1.0
25,24,d5ef23bc7b7ae648d4e0,d5ef23bc7b7ae648d4e0__440f3b99__clean__seg0000__snr10,1.0
25,24,d5ef23bc7b7ae648d4e0,d5ef23bc7b7ae648d4e0__440f3b99__clean__seg0000__snr5,1.0
25,24,d5ef23bc7b7ae648d4e0,d5ef23bc7b7ae648d4e0__440f3b99__clean__seg0000__snr0,1.0
25,24,d5ef23bc7b7ae648d4e0,d5ef23bc7b7ae648d4e0__bb73c806__clean__seg0000__snr20,1.0
25,24,d5ef23bc7b7ae648d4e0,d5ef23bc7b7ae648d4e0__bb73c806__clean__seg0000__snr10,1.0
25,24,d5ef23bc7b7ae648d4e0,d5ef23bc7b7ae648d4e0__bb73c806__clean__seg0000__snr5,1.0
25,24,d5ef23bc7b7ae648d4e0,d5ef23bc7b7ae648d4e0__bb73c806__clean__seg0000__snr0,1.0
25,24,d5ef23bc7b7ae648d4e0,d5ef23bc7b7ae648d4e0__eaf49cec__clean__seg0000__snr20,1.0
25,24,d5ef23bc7b7ae648d4e0,d5ef23bc7b7ae648d4e0__eaf49cec__clean__seg0000__snr10,1.0
25,24,d5ef23bc7b7ae648d4e0,d5ef23bc7b7ae648d4e0__eaf49cec__clean__seg0000__snr5,1.0
25,24,d5ef23bc7b7ae648d4e0,d5ef23bc7b7ae648d4e0__eaf49cec__clean__seg0000__snr0,1.0
25,24,d5ef23bc7b7ae648d4e0,d5ef23bc7b7ae648d4e0__c3eff6fb__clean__seg0000__snr20,1.0
25,24,d5ef23bc7b7ae648d4e0,d5ef23bc7b7ae648d4e0__c3eff6fb__clean__seg0000__snr10,1.0
25,24,d5ef23bc7b7ae648d4e0,d5ef23bc7b7ae648d4e0__c3eff6fb__clean__seg0000__snr5,1.0
25,24,d5ef23bc7b7ae648d4e0,d5ef23bc7b7ae648d4e0__c3eff6fb__clean__seg0000__snr0,1.0
25,24,d5ef23bc7b7ae648d4e0,d5ef23bc7b7ae648d4e0__59603a5d__clean__seg0000__snr20,1.0
25,24,d5ef23bc7b7ae648d4e0,d5ef23bc7b7ae648d4e0__59603a5d__clean__seg0000__snr10,1.0
25,24,d5ef23bc7b7ae648d4e0,d5ef23bc7b7ae648d4e0__59603a5d__clean__seg0000__snr5,1.0
25,24,d5ef23bc7b7ae648d4e0,d5ef23bc7b7ae648d4e0__59603a5d__clean__seg0000__snr0,1.0
25,24,d5ef23bc7b7ae648d4e0,d5ef23bc7b7ae648d4e0__1a70162b__clean__seg0000__snr20,1.0
25,24,d5ef23bc7b7ae648d4e0,d5ef23bc7b7ae648d4e0__1a70162b__clean__seg0000__snr10,1.0
25,24,d5ef23bc7b7ae648d4e0,d5ef23bc7b7ae648d4e0__1a70162b__clean__seg0000__snr5,1.0
25,24,d5ef23bc7b7ae648d4e0,d5ef23bc7b7ae648d4e0__1a70162b__clean__seg0000__snr0,1.0
25,24,d5ef23bc7b7ae648d4e0,d5ef23bc7b7ae648d4e0__56abaa8b__clean__seg0000__snr20,1.0
25,24,d5ef23bc7b7ae648d4e0,d5ef23bc7b7ae648d4e0__56abaa8b__clean__seg0000__snr10,1.0
25,24,d5ef23bc7b7ae648d4e0,d5ef23bc7b7ae648d4e0__56abaa8b__clean__seg0000__snr5,1.0
25,24,d5ef23bc7b7ae648d4e0,d5ef23bc7b7ae648d4e0__56abaa8b__clean__seg0000__snr0,1.0
25,24,d5ef23bc7b7ae648d4e0,d5ef23bc7b7ae648d4e0__c9961317__clean__seg0000__snr20,1.0
25,24,d5ef23bc7b7ae648d4e0,d5ef23bc7b7ae648d4e0__c9961317__clean__seg0000__snr10,1.0
25,24,d5ef23bc7b7ae648d4e0,d5ef23bc7b7ae648d4e0__c9961317__clean__seg0000__snr5,1.0
25,24,d5ef23bc7b7ae648d4e0,d5ef23bc7b7ae648d4e0__c9961317__clean__seg0000__snr0,1.0
25,24,d5ef23bc7b7ae648d4e0,d5ef23bc7b7ae648d4e0__09373cb2__clean__seg0000__snr20,1.0
25,24,d5ef23bc7b7ae648d4e0,d5ef23bc7b7ae648d4e0__09373cb2__clean__seg0000__snr10,1.0
25,24,d5ef23bc7b7ae648d4e0,d5ef23bc7b7ae648d4e0__09373cb2__clean__seg0000__snr5,1.0
25,24,d5ef23bc7b7ae648d4e0,d5ef23bc7b7ae648d4e0__09373cb2__clean__seg0000__snr0,1.0
25,24,d5ef23bc7b7ae648d4e0,d5ef23bc7b7ae648d4e0__4e93e759__clean__seg0000__snr20,1.0
25,24,d5ef23bc7b7ae648d4e0,d5ef23bc7b7ae648d4e0__4e93e759__clean__seg0000__snr10,1.0
25,24,d5ef23bc7b7ae648d4e0,d5ef23bc7b7ae648d4e0__4e93e759__clean__seg0000__snr5,1.0
25,24,d5ef23bc7b7ae648d4e0,d5ef23bc7b7ae648d4e0__4e93e759__clean__seg0000__snr0,1.0
25,24,d5ef23bc7b7ae648d4e0,d5ef23bc7b7ae648d4e0__1a4f1dcc__clean__seg0000__snr20,1.0
25,24,d5ef23bc7b7ae648d4e0,d5ef23bc7b7ae648d4e0__1a4f1dcc__clean__seg0000__snr10,1.0
25,24,d5ef23bc7b7ae648d4e0,d5ef23bc7b7ae648d4e0__1a4f1dcc__clean__seg0000__snr5,1.0
25,24,d5ef23bc7b7ae648d4e0,d5ef23bc7b7ae648d4e0__1a4f1dcc__clean__seg0000__snr0,1.0
25,24,d5ef23bc7b7ae648d4e0,d5ef23bc7b7ae648d4e0__03fba15d__clean__seg0000__snr20,1.0
25,24,d5ef23bc7b7ae648d4e0,d5ef23bc7b7ae648d4e0__03fba15d__clean__seg0000__snr10,1.0
25,24,d5ef23bc7b7ae648d4e0,d5ef23bc7b7ae648d4e0__03fba15d__clean__seg0000__snr5,1.0
25,24,d5ef23bc7b7ae648d4e0,d5ef23bc7b7ae648d4e0__03fba15d__clean__seg0000__snr0,1.0
25,24,d5ef23bc7b7ae648d4e0,d5ef23bc7b7ae648d4e0__08077f5f__clean__seg0000__snr20,1.0
25,24,d5ef23bc7b7ae648d4e0,d5ef23bc7b7ae648d4e0__08077f5f__clean__seg0000__snr10,1.0
25,24,d5ef23bc7b7ae648d4e0,d5ef23bc7b7ae648d4e0__08077f5f__clean__seg0000__snr5,1.0
25,24,d5ef23bc7b7ae648d4e0,d5ef23bc7b7ae648d4e0__08077f5f__clean__seg0000__snr0,1.0
25,24,d5ef23bc7b7ae648d4e0,d5ef23bc7b7ae648d4e0__bb76d2e8__clean__seg0000__snr20,1.0
25,24,d5ef23bc7b7ae648d4e0,d5ef23bc7b7ae648d4e0__bb76d2e8__clean__seg0000__snr10,1.0
25,24,d5ef23bc7b7ae648d4e0,d5ef23bc7b7ae648d4e0__bb76d2e8__clean__seg0000__snr5,1.0
25,24,d5ef23bc7b7ae648d4e0,d5ef23bc7b7ae648d4e0__bb76d2e8__clean__seg0000__snr0,1.0
25,24,d5ef23bc7b7ae648d4e0,d5ef23bc7b7ae648d4e0__ef6968b2__clean__seg0000__snr20,1.0
25,24,d5ef23bc7b7ae648d4e0,d5ef23bc7b7ae648d4e0__ef6968b2__clean__seg0000__snr10,1.0
25,24,d5ef23bc7b7ae648d4e0,d5ef23bc7b7ae648d4e0__ef6968b2__clean__seg0000__snr5,1.0
25,24,d5ef23bc7b7ae648d4e0,d5ef23bc7b7ae648d4e0__ef6968b2__clean__seg0000__snr0,1.0
25,24,d5ef23bc7b7ae648d4e0,d5ef23bc7b7ae648d4e0__31cc38e9__clean__seg0000__snr20,1.0
25,24,d5ef23bc7b7ae648d4e0,d5ef23bc7b7ae648d4e0__31cc38e9__clean__seg0000__snr10,1.0
25,24,d5ef23bc7b7ae648d4e0,d5ef23bc7b7ae648d4e0__31cc38e9__clean__seg0000__snr5,1.0
25,24,d5ef23bc7b7ae648d4e0,d5ef23bc7b7ae648d4e0__31cc38e9__clean__seg0000__snr0,1.0
25,24,d5ef23bc7b7ae648d4e0,d5ef23bc7b7ae648d4e0__c2ed2329__clean__seg0000__snr20,1.0
25,24,d5ef23bc7b7ae648d4e0,d5ef23bc7b7ae648d4e0__c2ed2329__clean__seg0000__snr10,1.0
25,24,d5ef23bc7b7ae648d4e0,d5ef23bc7b7ae648d4e0__c2ed2329__clean__seg0000__snr5,1.0
25,24,d5ef23bc7b7ae648d4e0,d5ef23bc7b7ae648d4e0__c2ed2329__clean__seg0000__snr0,1.0
25,24,d5ef23bc7b7ae648d4e0,d5ef23bc7b7ae648d4e0__f776572a__clean__seg0000__snr20,1.0
25,24,d5ef23bc7b7ae648d4e0,d5ef23bc7b7ae648d4e0__f776572a__clean__seg0000__snr10,1.0
25,24,d5ef23bc7b7ae648d4e0,d5ef23bc7b7ae648d4e0__f776572a__clean__seg0000__snr5,1.0
25,24,d5ef23bc7b7ae648d4e0,d5ef23bc7b7ae648d4e0__f776572a__clean__seg0000__snr0,1.0
25,24,d5ef23bc7b7ae648d4e0,d5ef23bc7b7ae648d4e0__f0d965fa__clean__seg0000__snr20,1.0
25,24,d5ef23bc7b7ae648d4e0,d5ef23bc7b7ae648d4e0__f0d965fa__clean__seg0000__snr10,1.0
25,24,d5ef23bc7b7ae648d4e0,d5ef23bc7b7ae648d4e0__f0d965fa__clean__seg0000__snr5,1.0
25,24,d5ef23bc7b7ae648d4e0,d5ef23bc7b7ae648d4e0__f0d965fa__clean__seg0000__snr0,1.0
25,24,d5ef23bc7b7ae648d4e0,d5ef23bc7b7ae648d4e0__b7fd781e__clean__seg0000__snr20,1.0
25,24,d5ef23bc7b7ae648d4e0,d5ef23bc7b7ae648d4e0__b7fd781e__clean__seg0000__snr10,1.0
25,24,d5ef23bc7b7ae648d4e0,d5ef23bc7b7ae648d4e0__b7fd781e__clean__seg0000__snr5,1.0
25,24,d5ef23bc7b7ae648d4e0,d5ef23bc7b7ae648d4e0__b7fd781e__clean__seg0000__snr0,1.0
25,24,d5ef23bc7b7ae648d4e0,d5ef23bc7b7ae648d4e0__7be63f74__clean__seg0000__snr20,1.0
25,24,d5ef23bc7b7ae648d4e0,d5ef23bc7b7ae648d4e0__7be63f74__clean__seg0000__snr10,1.0
25,24,d5ef23bc7b7ae648d4e0,d5ef23bc7b7ae648d4e0__7be63f74__clean__seg0000__snr5,1.0
25,24,d5ef23bc7b7ae648d4e0,d5ef23bc7b7ae648d4e0__7be63f74__clean__seg0000__snr0,1.0
25,24,d5ef23bc7b7ae648d4e0,d5ef23bc7b7ae648d4e0__6b54f167__clean__seg0000__snr20,1.0
25,24,d5ef23bc7b7ae648d4e0,d5ef23bc7b7ae648d4e0__6b54f167__clean__seg0000__snr10,1.0
25,24,d5ef23bc7b7ae648d4e0,d5ef23bc7b7ae648d4e0__6b54f167__clean__seg0000__snr5,1.0
25,24,d5ef23bc7b7ae648d4e0,d5ef23bc7b7ae648d4e0__6b54f167__clean__seg0000__snr0,1.0
25,24,d5ef23bc7b7ae648d4e0,d5ef23bc7b7ae648d4e0__f5813dbf__clean__seg0000__snr20,1.0
25,24,d5ef23bc7b7ae648d4e0,d5ef23bc7b7ae648d4e0__f5813dbf__clean__seg0000__snr10,1.0
25,24,d5ef23bc7b7ae648d4e0,d5ef23bc7b7ae648d4e0__f5813dbf__clean__seg0000__snr5,1.0
25,24,d5ef23bc7b7ae648d4e0,d5ef23bc7b7ae648d4e0__f5813dbf__clean__seg0000__snr0,1.0
25,24,d5ef23bc7b7ae648d4e0,d5ef23bc7b7ae648d4e0__7a21f9d6__clean__seg0000__snr20,1.0
25,24,d5ef23bc7b7ae648d4e0,d5ef23bc7b7ae648d4e0__7a21f9d6__clean__seg0000__snr10,1.0
25,24,d5ef23bc7b7ae648d4e0,d5ef23bc7b7ae648d4e0__7a21f9d6__clean__seg0000__snr5,1.0
25,24,d5ef23bc7b7ae648d4e0,d5ef23bc7b7ae648d4e0__7a21f9d6__clean__seg0000__snr0,1.0
25,24,d5ef23bc7b7ae648d4e0,d5ef23bc7b7ae648d4e0__09738f95__clean__seg0000__snr20,1.0
25,24,d5ef23bc7b7ae648d4e0,d5ef23bc7b7ae648d4e0__09738f95__clean__seg0000__snr10,1.0
25,24,d5ef23bc7b7ae648d4e0,d5ef23bc7b7ae648d4e0__09738f95__clean__seg0000__snr5,1.0
25,24,d5ef23bc7b7ae648d4e0,d5ef23bc7b7ae648d4e0__09738f95__clean__seg0000__snr0,1.0
25,24,d5ef23bc7b7ae648d4e0,d5ef23bc7b7ae648d4e0__6e43d603__clean__seg0000__snr20,1.0
25,24,d5ef23bc7b7ae648d4e0,d5ef23bc7b7ae648d4e0__6e43d603__clean__seg0000__snr10,1.0
25,24,d5ef23bc7b7ae648d4e0,d5ef23bc7b7ae648d4e0__6e43d603__clean__seg0000__snr5,1.0
25,24,d5ef23bc7b7ae648d4e0,d5ef23bc7b7ae648d4e0__6e43d603__clean__seg0000__snr0,1.0
25,24,d5ef23bc7b7ae648d4e0,d5ef23bc7b7ae648d4e0__cd26dbaf__clean__seg0000__snr20,1.0
25,24,d5ef23bc7b7ae648d4e0,d5ef23bc7b7ae648d4e0__cd26dbaf__clean__seg0000__snr10,1.0
25,24,d5ef23bc7b7ae648d4e0,d5ef23bc7b7ae648d4e0__cd26dbaf__clean__seg0000__snr5,1.0
25,24,d5ef23bc7b7ae648d4e0,d5ef23bc7b7ae648d4e0__cd26dbaf__clean__seg0000__snr0,1.0
25,24,d5ef23bc7b7ae648d4e0,d5ef23bc7b7ae648d4e0__37789b8c__clean__seg0000__snr20,1.0
25,24,d5ef23bc7b7ae648d4e0,d5ef23bc7b7ae648d4e0__37789b8c__clean__seg0000__snr10,1.0
25,24,d5ef23bc7b7ae648d4e0,d5ef23bc7b7ae648d4e0__37789b8c__clean__seg0000__snr5,1.0
25,24,d5ef23bc7b7ae648d4e0,d5ef23bc7b7ae648d4e0__37789b8c__clean__seg0000__snr0,1.0
25,24,d5ef23bc7b7ae648d4e0,d5ef23bc7b7ae648d4e0__590ea21d__clean__seg0000__snr20,1.0
25,24,d5ef23bc7b7ae648d4e0,d5ef23bc7b7ae648d4e0__590ea21d__clean__seg0000__snr10,1.0
25,24,d5ef23bc7b7ae648d4e0,d5ef23bc7b7ae648d4e0__590ea21d__clean__seg0000__snr5,1.0
25,24,d5ef23bc7b7ae648d4e0,d5ef23bc7b7ae648d4e0__590ea21d__clean__seg0000__snr0,1.0
25,24,d5ef23bc7b7ae648d4e0,d5ef23bc7b7ae648d4e0__81cef0e0__clean__seg0000__snr20,1.0
25,24,d5ef23bc7b7ae648d4e0,d5ef23bc7b7ae648d4e0__81cef0e0__clean__seg0000__snr10,1.0
25,24,d5ef23bc7b7ae648d4e0,d5ef23bc7b7ae648d4e0__81cef0e0__clean__seg0000__snr5,1.0
25,24,d5ef23bc7b7ae648d4e0,d5ef23bc7b7ae648d4e0__81cef0e0__clean__seg0000__snr0,1.0
25,24,d5ef23bc7b7ae648d4e0,d5ef23bc7b7ae648d4e0__ea2ddb3f__clean__seg0000__snr20,1.0
25,24,d5ef23bc7b7ae648d4e0,d5ef23bc7b7ae648d4e0__ea2ddb3f__clean__seg0000__snr10,1.0
25,24,d5ef23bc7b7ae648d4e0,d5ef23bc7b7ae648d4e0__ea2ddb3f__clean__seg0000__snr5,1.0
25,24,d5ef23bc7b7ae648d4e0,d5ef23bc7b7ae648d4e0__ea2ddb3f__clean__seg0000__snr0,1.0
25,24,d5ef23bc7b7ae648d4e0,d5ef23bc7b7ae648d4e0__3515f8b2__clean__seg0000__snr20,1.0
25,24,d5ef23bc7b7ae648d4e0,d5ef23bc7b7ae648d4e0__3515f8b2__clean__seg0000__snr10,1.0
25,24,d5ef23bc7b7ae648d4e0,d5ef23bc7b7ae648d4e0__3515f8b2__clean__seg0000__snr5,1.0
25,24,d5ef23bc7b7ae648d4e0,d5ef23bc7b7ae648d4e0__3515f8b2__clean__seg0000__snr0,1.0
25,24,d5ef23bc7b7ae648d4e0,d5ef23bc7b7ae648d4e0__ee12668e__clean__seg0000__snr20,1.0
25,24,d5ef23bc7b7ae648d4e0,d5ef23bc7b7ae648d4e0__ee12668e__clean__seg0000__snr10,1.0
25,24,d5ef23bc7b7ae648d4e0,d5ef23bc7b7ae648d4e0__ee12668e__clean__seg0000__snr5,1.0
25,24,d5ef23bc7b7ae648d4e0,d5ef23bc7b7ae648d4e0__ee12668e__clean__seg0000__snr0,1.0
25,24,d5ef23bc7b7ae648d4e0,d5ef23bc7b7ae648d4e0__93778e44__clean__seg0000__snr20,1.0
25,24,d5ef23bc7b7ae648d4e0,d5ef23bc7b7ae648d4e0__93778e44__clean__seg0000__snr10,1.0
25,24,d5ef23bc7b7ae648d4e0,d5ef23bc7b7ae648d4e0__93778e44__clean__seg0000__snr5,1.0
25,24,d5ef23bc7b7ae648d4e0,d5ef23bc7b7ae648d4e0__93778e44__clean__seg0000__snr0,1.0
25,24,d5ef23bc7b7ae648d4e0,d5ef23bc7b7ae648d4e0__e45b37cd__clean__seg0000__snr20,1.0
25,24,d5ef23bc7b7ae648d4e0,d5ef23bc7b7ae648d4e0__e45b37cd__clean__seg0000__snr10,1.0
25,24,d5ef23bc7b7ae648d4e0,d5ef23bc7b7ae648d4e0__e45b37cd__clean__seg0000__snr5,1.0
25,24,d5ef23bc7b7ae648d4e0,d5ef23bc7b7ae648d4e0__e45b37cd__clean__seg0000__snr0,1.0
25,24,d5ef23bc7b7ae648d4e0,d5ef23bc7b7ae648d4e0__e17a06c2__clean__seg0000__snr20,1.0
25,24,d5ef23bc7b7ae648d4e0,d5ef23bc7b7ae648d4e0__e17a06c2__clean__seg0000__snr10,1.0
25,24,d5ef23bc7b7ae648d4e0,d5ef23bc7b7ae648d4e0__e17a06c2__clean__seg0000__snr5,1.0
25,24,d5ef23bc7b7ae648d4e0,d5ef23bc7b7ae648d4e0__e17a06c2__clean__seg0000__snr0,1.0
25,24,d5ef23bc7b7ae648d4e0,d5ef23bc7b7ae648d4e0__571fce9a__clean__seg0000__snr20,1.0
25,24,d5ef23bc7b7ae648d4e0,d5ef23bc7b7ae648d4e0__571fce9a__clean__seg0000__snr10,1.0
25,24,d5ef23bc7b7ae648d4e0,d5ef23bc7b7ae648d4e0__571fce9a__clean__seg0000__snr5,1.0
25,24,d5ef23bc7b7ae648d4e0,d5ef23bc7b7ae648d4e0__571fce9a__clean__seg0000__snr0,1.0
25,24,d5ef23bc7b7ae648d4e0,d5ef23bc7b7ae648d4e0__ad1e1eee__clean__seg0000__snr20,1.0
25,24,d5ef23bc7b7ae648d4e0,d5ef23bc7b7ae648d4e0__ad1e1eee__clean__seg0000__snr10,1.0
25,24,d5ef23bc7b7ae648d4e0,d5ef23bc7b7ae648d4e0__ad1e1eee__clean__seg0000__snr5,1.0
25,24,d5ef23bc7b7ae648d4e0,d5ef23bc7b7ae648d4e0__ad1e1eee__clean__seg0000__snr0,1.0
25,24,d5ef23bc7b7ae648d4e0,d5ef23bc7b7ae648d4e0__c130f32e__clean__seg0000__snr20,1.0
25,24,d5ef23bc7b7ae648d4e0,d5ef23bc7b7ae648d4e0__c130f32e__clean__seg0000__snr10,1.0
25,24,d5ef23bc7b7ae648d4e0,d5ef23bc7b7ae648d4e0__c130f32e__clean__seg0000__snr5,1.0
25,24,d5ef23bc7b7ae648d4e0,d5ef23bc7b7ae648d4e0__c130f32e__clean__seg0000__snr0,1.0
25,24,d5ef23bc7b7ae648d4e0,d5ef23bc7b7ae648d4e0__da562125__clean__seg0000__snr20,1.0
25,24,d5ef23bc7b7ae648d4e0,d5ef23bc7b7ae648d4e0__da562125__clean__seg0000__snr10,1.0
25,24,d5ef23bc7b7ae648d4e0,d5ef23bc7b7ae648d4e0__da562125__clean__seg0000__snr5,1.0
25,24,d5ef23bc7b7ae648d4e0,d5ef23bc7b7ae648d4e0__da562125__clean__seg0000__snr0,1.0
25,24,d5ef23bc7b7ae648d4e0,d5ef23bc7b7ae648d4e0__576ff6ae__clean__seg0000__snr20,1.0
25,24,d5ef23bc7b7ae648d4e0,d5ef23bc7b7ae648d4e0__576ff6ae__clean__seg0000__snr10,1.0
25,24,d5ef23bc7b7ae648d4e0,d5ef23bc7b7ae648d4e0__576ff6ae__clean__seg0000__snr5,1.0
25,24,d5ef23bc7b7ae648d4e0,d5ef23bc7b7ae648d4e0__576ff6ae__clean__seg0000__snr0,1.0
25,24,d5ef23bc7b7ae648d4e0,d5ef23bc7b7ae648d4e0__eb6ee0ff__clean__seg0000__snr20,1.0
25,24,d5ef23bc7b7ae648d4e0,d5ef23bc7b7ae648d4e0__eb6ee0ff__clean__seg0000__snr10,1.0
25,24,d5ef23bc7b7ae648d4e0,d5ef23bc7b7ae648d4e0__eb6ee0ff__clean__seg0000__snr5,1.0
25,24,d5ef23bc7b7ae648d4e0,d5ef23bc7b7ae648d4e0__eb6ee0ff__clean__seg0000__snr0,1.0
25,24,d5ef23bc7b7ae648d4e0,d5ef23bc7b7ae648d4e0__b49bb052__clean__seg0000__snr20,1.0
25,24,d5ef23bc7b7ae648d4e0,d5ef23bc7b7ae648d4e0__b49bb052__clean__seg0000__snr10,1.0
25,24,d5ef23bc7b7ae648d4e0,d5ef23bc7b7ae648d4e0__b49bb052__clean__seg0000__snr5,1.0
25,24,d5ef23bc7b7ae648d4e0,d5ef23bc7b7ae648d4e0__b49bb052__clean__seg0000__snr0,1.0
25,24,d5ef23bc7b7ae648d4e0,d5ef23bc7b7ae648d4e0__3a62fbd6__clean__seg0000__snr20,1.0
25,24,d5ef23bc7b7ae648d4e0,d5ef23bc7b7ae648d4e0__3a62fbd6__clean__seg0000__snr10,1.0
25,24,d5ef23bc7b7ae648d4e0,d5ef23bc7b7ae648d4e0__3a62fbd6__clean__seg0000__snr5,1.0
25,24,d5ef23bc7b7ae648d4e0,d5ef23bc7b7ae648d4e0__3a62fbd6__clean__seg0000__snr0,1.0
25,24,d5ef23bc7b7ae648d4e0,d5ef23bc7b7ae648d4e0__725cb50f__clean__seg0000__snr20,1.0
25,24,d5ef23bc7b7ae648d4e0,d5ef23bc7b7ae648d4e0__725cb50f__clean__seg0000__snr10,1.0
25,24,d5ef23bc7b7ae648d4e0,d5ef23bc7b7ae648d4e0__725cb50f__clean__seg0000__snr5,1.0
25,24,d5ef23bc7b7ae648d4e0,d5ef23bc7b7ae648d4e0__725cb50f__clean__seg0000__snr0,1.0
25,24,d5ef23bc7b7ae648d4e0,d5ef23bc7b7ae648d4e0__92f02fae__clean__seg0000__snr20,1.0
25,24,d5ef23bc7b7ae648d4e0,d5ef23bc7b7ae648d4e0__92f02fae__clean__seg0000__snr10,1.0
25,24,d5ef23bc7b7ae648d4e0,d5ef23bc7b7ae648d4e0__92f02fae__clean__seg0000__snr5,1.0
25,24,d5ef23bc7b7ae648d4e0,d5ef23bc7b7ae648d4e0__92f02fae__clean__seg0000__snr0,1.0
25,24,d5ef23bc7b7ae648d4e0,d5ef23bc7b7ae648d4e0__1f958792__clean__seg0000__snr20,1.0
25,24,d5ef23bc7b7ae648d4e0,d5ef23bc7b7ae648d4e0__1f958792__clean__seg0000__snr10,1.0
25,24,d5ef23bc7b7ae648d4e0,d5ef23bc7b7ae648d4e0__1f958792__clean__seg0000__snr5,1.0
25,24,d5ef23bc7b7ae648d4e0,d5ef23bc7b7ae648d4e0__1f958792__clean__seg0000__snr0,1.0
25,24,d5ef23bc7b7ae648d4e0,d5ef23bc7b7ae648d4e0__c7b651d0__clean__seg0000__snr20,1.0
25,24,d5ef23bc7b7ae648d4e0,d5ef23bc7b7ae648d4e0__c7b651d0__clean__seg0000__snr10,1.0
25,24,d5ef23bc7b7ae648d4e0,d5ef23bc7b7ae648d4e0__c7b651d0__clean__seg0000__snr5,1.0
25,24,d5ef23bc7b7ae648d4e0,d5ef23bc7b7ae648d4e0__c7b651d0__clean__seg0000__snr0,1.0
25,24,d5ef23bc7b7ae648d4e0,d5ef23bc7b7ae648d4e0__c3fef55f__clean__seg0000__snr20,1.0
25,24,d5ef23bc7b7ae648d4e0,d5ef23bc7b7ae648d4e0__c3fef55f__clean__seg0000__snr10,1.0
25,24,d5ef23bc7b7ae648d4e0,d5ef23bc7b7ae648d4e0__c3fef55f__clean__seg0000__snr5,1.0
25,24,d5ef23bc7b7ae648d4e0,d5ef23bc7b7ae648d4e0__c3fef55f__clean__seg0000__snr0,1.0
25,24,d5ef23bc7b7ae648d4e0,d5ef23bc7b7ae648d4e0__e64ed6a0__clean__seg0000__snr20,1.0
25,24,d5ef23bc7b7ae648d4e0,d5ef23bc7b7ae648d4e0__e64ed6a0__clean__seg0000__snr10,1.0
25,24,d5ef23bc7b7ae648d4e0,d5ef23bc7b7ae648d4e0__e64ed6a0__clean__seg0000__snr5,1.0
25,24,d5ef23bc7b7ae648d4e0,d5ef23bc7b7ae648d4e0__e64ed6a0__clean__seg0000__snr0,1.0
25,24,d5ef23bc7b7ae648d4e0,d5ef23bc7b7ae648d4e0__72a0eb41__clean__seg0000__snr20,1.0
25,24,d5ef23bc7b7ae648d4e0,d5ef23bc7b7ae648d4e0__72a0eb41__clean__seg0000__snr10,1.0
25,24,d5ef23bc7b7ae648d4e0,d5ef23bc7b7ae648d4e0__72a0eb41__clean__seg0000__snr5,1.0
25,24,d5ef23bc7b7ae648d4e0,d5ef23bc7b7ae648d4e0__72a0eb41__clean__seg0000__snr0,1.0
25,24,d5ef23bc7b7ae648d4e0,d5ef23bc7b7ae648d4e0__fce7f3ea__clean__seg0000__snr20,1.0
25,24,d5ef23bc7b7ae648d4e0,d5ef23bc7b7ae648d4e0__fce7f3ea__clean__seg0000__snr10,1.0
25,24,d5ef23bc7b7ae648d4e0,d5ef23bc7b7ae648d4e0__fce7f3ea__clean__seg0000__snr5,1.0
25,24,d5ef23bc7b7ae648d4e0,d5ef23bc7b7ae648d4e0__fce7f3ea__clean__seg0000__snr0,1.0
25,24,d5ef23bc7b7ae648d4e0,d5ef23bc7b7ae648d4e0__0fc4bac4__clean__seg0000__snr20,1.0
25,24,d5ef23bc7b7ae648d4e0,d5ef23bc7b7ae648d4e0__0fc4bac4__clean__seg0000__snr10,1.0
25,24,d5ef23bc7b7ae648d4e0,d5ef23bc7b7ae648d4e0__0fc4bac4__clean__seg0000__snr5,1.0
25,24,d5ef23bc7b7ae648d4e0,d5ef23bc7b7ae648d4e0__0fc4bac4__clean__seg0000__snr0,1.0
25,24,d5ef23bc7b7ae648d4e0,d5ef23bc7b7ae648d4e0__033d03c4__clean__seg0000__snr20,1.0
25,24,d5ef23bc7b7ae648d4e0,d5ef23bc7b7ae648d4e0__033d03c4__clean__seg0000__snr10,1.0
25,24,d5ef23bc7b7ae648d4e0,d5ef23bc7b7ae648d4e0__033d03c4__clean__seg0000__snr5,1.0
25,24,d5ef23bc7b7ae648d4e0,d5ef23bc7b7ae648d4e0__033d03c4__clean__seg0000__snr0,1.0
25,24,d5ef23bc7b7ae648d4e0,d5ef23bc7b7ae648d4e0__47a31a5c__clean__seg0000__snr20,1.0
25,24,d5ef23bc7b7ae648d4e0,d5ef23bc7b7ae648d4e0__47a31a5c__clean__seg0000__snr10,1.0
25,24,d5ef23bc7b7ae648d4e0,d5ef23bc7b7ae648d4e0__47a31a5c__clean__seg0000__snr5,1.0
25,24,d5ef23bc7b7ae648d4e0,d5ef23bc7b7ae648d4e0__47a31a5c__clean__seg0000__snr0,1.0
25,24,d5ef23bc7b7ae648d4e0,d5ef23bc7b7ae648d4e0__9a9d0337__clean__seg0000__snr20,1.0
25,24,d5ef23bc7b7ae648d4e0,d5ef23bc7b7ae648d4e0__9a9d0337__clean__seg0000__snr10,1.0
25,24,d5ef23bc7b7ae648d4e0,d5ef23bc7b7ae648d4e0__9a9d0337__clean__seg0000__snr5,1.0
25,24,d5ef23bc7b7ae648d4e0,d5ef23bc7b7ae648d4e0__9a9d0337__clean__seg0000__snr0,1.0
25,24,d5ef23bc7b7ae648d4e0,d5ef23bc7b7ae648d4e0__23a8e086__clean__seg0000__snr20,1.0
25,24,d5ef23bc7b7ae648d4e0,d5ef23bc7b7ae648d4e0__23a8e086__clean__seg0000__snr10,1.0
25,24,d5ef23bc7b7ae648d4e0,d5ef23bc7b7ae648d4e0__23a8e086__clean__seg0000__snr5,1.0
25,24,d5ef23bc7b7ae648d4e0,d5ef23bc7b7ae648d4e0__23a8e086__clean__seg0000__snr0,1.0
25,24,d5ef23bc7b7ae648d4e0,d5ef23bc7b7ae648d4e0__0a0580d8__clean__seg0000__snr20,1.0
25,24,d5ef23bc7b7ae648d4e0,d5ef23bc7b7ae648d4e0__0a0580d8__clean__seg0000__snr10,1.0
25,24,d5ef23bc7b7ae648d4e0,d5ef23bc7b7ae648d4e0__0a0580d8__clean__seg0000__snr5,1.0
25,24,d5ef23bc7b7ae648d4e0,d5ef23bc7b7ae648d4e0__0a0580d8__clean__seg0000__snr0,1.0
25,24,d5ef23bc7b7ae648d4e0,d5ef23bc7b7ae648d4e0__5f46b2c4__clean__seg0000__snr20,1.0
25,24,d5ef23bc7b7ae648d4e0,d5ef23bc7b7ae648d4e0__5f46b2c4__clean__seg0000__snr10,1.0
25,24,d5ef23bc7b7ae648d4e0,d5ef23bc7b7ae648d4e0__5f46b2c4__clean__seg0000__snr5,1.0
25,24,d5ef23bc7b7ae648d4e0,d5ef23bc7b7ae648d4e0__5f46b2c4__clean__seg0000__snr0,1.0
25,24,d5ef23bc7b7ae648d4e0,d5ef23bc7b7ae648d4e0__8ae6ebd0__clean__seg0000__snr20,1.0
25,24,d5ef23bc7b7ae648d4e0,d5ef23bc7b7ae648d4e0__8ae6ebd0__clean__seg0000__snr10,1.0
25,24,d5ef23bc7b7ae648d4e0,d5ef23bc7b7ae648d4e0__8ae6ebd0__clean__seg0000__snr5,1.0
25,24,d5ef23bc7b7ae648d4e0,d5ef23bc7b7ae648d4e0__8ae6ebd0__clean__seg0000__snr0,1.0
25,24,d5ef23bc7b7ae648d4e0,d5ef23bc7b7ae648d4e0__74ea04b3__clean__seg0000__snr20,1.0
25,24,d5ef23bc7b7ae648d4e0,d5ef23bc7b7ae648d4e0__74ea04b3__clean__seg0000__snr10,1.0
25,24,d5ef23bc7b7ae648d4e0,d5ef23bc7b7ae648d4e0__74ea04b3__clean__seg0000__snr5,1.0
25,24,d5ef23bc7b7ae648d4e0,d5ef23bc7b7ae648d4e0__74ea04b3__clean__seg0000__snr0,1.0
25,24,d5ef23bc7b7ae648d4e0,d5ef23bc7b7ae648d4e0__e2e425ce__clean__seg0000__snr20,1.0
25,24,d5ef23bc7b7ae648d4e0,d5ef23bc7b7ae648d4e0__e2e425ce__clean__seg0000__snr10,1.0
25,24,d5ef23bc7b7ae648d4e0,d5ef23bc7b7ae648d4e0__e2e425ce__clean__seg0000__snr5,1.0
25,24,d5ef23bc7b7ae648d4e0,d5ef23bc7b7ae648d4e0__e2e425ce__clean__seg0000__snr0,1.0
25,24,d5ef23bc7b7ae648d4e0,d5ef23bc7b7ae648d4e0__13923ae4__clean__seg0000__snr20,1.0
25,24,d5ef23bc7b7ae648d4e0,d5ef23bc7b7ae648d4e0__13923ae4__clean__seg0000__snr10,1.0
25,24,d5ef23bc7b7ae648d4e0,d5ef23bc7b7ae648d4e0__13923ae4__clean__seg0000__snr5,1.0
25,24,d5ef23bc7b7ae648d4e0,d5ef23bc7b7ae648d4e0__13923ae4__clean__seg0000__snr0,1.0
25,24,d5ef23bc7b7ae648d4e0,d5ef23bc7b7ae648d4e0__61d3ba44__clean__seg0000__snr20,1.0
25,24,d5ef23bc7b7ae648d4e0,d5ef23bc7b7ae648d4e0__61d3ba44__clean__seg0000__snr10,1.0
25,24,d5ef23bc7b7ae648d4e0,d5ef23bc7b7ae648d4e0__61d3ba44__clean__seg0000__snr5,1.0
25,24,d5ef23bc7b7ae648d4e0,d5ef23bc7b7ae648d4e0__61d3ba44__clean__seg0000__snr0,1.0
25,24,d5ef23bc7b7ae648d4e0,d5ef23bc7b7ae648d4e0__fd57457b__clean__seg0000__snr20,1.0
25,24,d5ef23bc7b7ae648d4e0,d5ef23bc7b7ae648d4e0__fd57457b__clean__seg0000__snr10,1.0
25,24,d5ef23bc7b7ae648d4e0,d5ef23bc7b7ae648d4e0__fd57457b__clean__seg0000__snr5,1.0
25,24,d5ef23bc7b7ae648d4e0,d5ef23bc7b7ae648d4e0__fd57457b__clean__seg0000__snr0,1.0
25,24,d5ef23bc7b7ae648d4e0,d5ef23bc7b7ae648d4e0__05c1fd49__clean__seg0000__snr20,1.0
25,24,d5ef23bc7b7ae648d4e0,d5ef23bc7b7ae648d4e0__05c1fd49__clean__seg0000__snr10,1.0
25,24,d5ef23bc7b7ae648d4e0,d5ef23bc7b7ae648d4e0__05c1fd49__clean__seg0000__snr5,1.0
25,24,d5ef23bc7b7ae648d4e0,d5ef23bc7b7ae648d4e0__05c1fd49__clean__seg0000__snr0,1.0
25,24,d5ef23bc7b7ae648d4e0,d5ef23bc7b7ae648d4e0__33da2644__clean__seg0000__snr20,1.0
25,24,d5ef23bc7b7ae648d4e0,d5ef23bc7b7ae648d4e0__33da2644__clean__seg0000__snr10,1.0
25,24,d5ef23bc7b7ae648d4e0,d5ef23bc7b7ae648d4e0__33da2644__clean__seg0000__snr5,1.0
25,24,d5ef23bc7b7ae648d4e0,d5ef23bc7b7ae648d4e0__33da2644__clean__seg0000__snr0,1.0
25,24,d5ef23bc7b7ae648d4e0,d5ef23bc7b7ae648d4e0__19e9ad0c__clean__seg0000__snr20,1.0
25,24,d5ef23bc7b7ae648d4e0,d5ef23bc7b7ae648d4e0__19e9ad0c__clean__seg0000__snr10,1.0
25,24,d5ef23bc7b7ae648d4e0,d5ef23bc7b7ae648d4e0__19e9ad0c__clean__seg0000__snr5,1.0
25,24,d5ef23bc7b7ae648d4e0,d5ef23bc7b7ae648d4e0__19e9ad0c__clean__seg0000__snr0,1.0
25,24,d5ef23bc7b7ae648d4e0,d5ef23bc7b7ae648d4e0__86a8747b__clean__seg0000__snr20,1.0
25,24,d5ef23bc7b7ae648d4e0,d5ef23bc7b7ae648d4e0__86a8747b__clean__seg0000__snr10,1.0
25,24,d5ef23bc7b7ae648d4e0,d5ef23bc7b7ae648d4e0__86a8747b__clean__seg0000__snr5,1.0
25,24,d5ef23bc7b7ae648d4e0,d5ef23bc7b7ae648d4e0__86a8747b__clean__seg0000__snr0,1.0
25,24,d5ef23bc7b7ae648d4e0,d5ef23bc7b7ae648d4e0__1c76da1f__clean__seg0000__snr20,1.0
25,24,d5ef23bc7b7ae648d4e0,d5ef23bc7b7ae648d4e0__1c76da1f__clean__seg0000__snr10,1.0
25,24,d5ef23bc7b7ae648d4e0,d5ef23bc7b7ae648d4e0__1c76da1f__clean__seg0000__snr5,1.0
25,24,d5ef23bc7b7ae648d4e0,d5ef23bc7b7ae648d4e0__1c76da1f__clean__seg0000__snr0,1.0
25,24,d5ef23bc7b7ae648d4e0,d5ef23bc7b7ae648d4e0__cd427190__clean__seg0000__snr20,1.0
25,24,d5ef23bc7b7ae648d4e0,d5ef23bc7b7ae648d4e0__cd427190__clean__seg0000__snr10,1.0
25,24,d5ef23bc7b7ae648d4e0,d5ef23bc7b7ae648d4e0__cd427190__clean__seg0000__snr5,1.0
25,24,d5ef23bc7b7ae648d4e0,d5ef23bc7b7ae648d4e0__cd427190__clean__seg0000__snr0,1.0
25,24,d5ef23bc7b7ae648d4e0,d5ef23bc7b7ae648d4e0__20464327__clean__seg0000__snr20,1.0
25,24,d5ef23bc7b7ae648d4e0,d5ef23bc7b7ae648d4e0__20464327__clean__seg0000__snr10,1.0
25,24,d5ef23bc7b7ae648d4e0,d5ef23bc7b7ae648d4e0__20464327__clean__seg0000__snr5,1.0
25,24,d5ef23bc7b7ae648d4e0,d5ef23bc7b7ae648d4e0__20464327__clean__seg0000__snr0,1.0
25,24,d5ef23bc7b7ae648d4e0,d5ef23bc7b7ae648d4e0__2d0a28e6__clean__seg0000__snr20,1.0
25,24,d5ef23bc7b7ae648d4e0,d5ef23bc7b7ae648d4e0__2d0a28e6__clean__seg0000__snr10,1.0
25,24,d5ef23bc7b7ae648d4e0,d5ef23bc7b7ae648d4e0__2d0a28e6__clean__seg0000__snr5,1.0
25,24,d5ef23bc7b7ae648d4e0,d5ef23bc7b7ae648d4e0__2d0a28e6__clean__seg0000__snr0,1.0
25,24,d5ef23bc7b7ae648d4e0,d5ef23bc7b7ae648d4e0__5c1f3609__clean__seg0000__snr20,1.0
25,24,d5ef23bc7b7ae648d4e0,d5ef23bc7b7ae648d4e0__5c1f3609__clean__seg0000__snr10,1.0
25,24,d5ef23bc7b7ae648d4e0,d5ef23bc7b7ae648d4e0__5c1f3609__clean__seg0000__snr5,1.0
25,24,d5ef23bc7b7ae648d4e0,d5ef23bc7b7ae648d4e0__5c1f3609__clean__seg0000__snr0,1.0
25,24,d5ef23bc7b7ae648d4e0,d5ef23bc7b7ae648d4e0__a21d65ee__clean__seg0000__snr20,1.0
25,24,d5ef23bc7b7ae648d4e0,d5ef23bc7b7ae648d4e0__a21d65ee__clean__seg0000__snr10,1.0
25,24,d5ef23bc7b7ae648d4e0,d5ef23bc7b7ae648d4e0__a21d65ee__clean__seg0000__snr5,1.0
25,24,d5ef23bc7b7ae648d4e0,d5ef23bc7b7ae648d4e0__a21d65ee__clean__seg0000__snr0,1.0
25,24,d5ef23bc7b7ae648d4e0,d5ef23bc7b7ae648d4e0__74dcf494__clean__seg0000__snr20,1.0
25,24,d5ef23bc7b7ae648d4e0,d5ef23bc7b7ae648d4e0__74dcf494__clean__seg0000__snr10,1.0
25,24,d5ef23bc7b7ae648d4e0,d5ef23bc7b7ae648d4e0__74dcf494__clean__seg0000__snr5,1.0
25,24,d5ef23bc7b7ae648d4e0,d5ef23bc7b7ae648d4e0__74dcf494__clean__seg0000__snr0,1.0
25,24,d5ef23bc7b7ae648d4e0,d5ef23bc7b7ae648d4e0__fa434a17__clean__seg0000__snr20,1.0
25,24,d5ef23bc7b7ae648d4e0,d5ef23bc7b7ae648d4e0__fa434a17__clean__seg0000__snr10,1.0
25,24,d5ef23bc7b7ae648d4e0,d5ef23bc7b7ae648d4e0__fa434a17__clean__seg0000__snr5,1.0
25,24,d5ef23bc7b7ae648d4e0,d5ef23bc7b7ae648d4e0__fa434a17__clean__seg0000__snr0,1.0
25,24,d5ef23bc7b7ae648d4e0,d5ef23bc7b7ae648d4e0__6a6673d0__clean__seg0000__snr20,1.0
25,24,d5ef23bc7b7ae648d4e0,d5ef23bc7b7ae648d4e0__6a6673d0__clean__seg0000__snr10,1.0
25,24,d5ef23bc7b7ae648d4e0,d5ef23bc7b7ae648d4e0__6a6673d0__clean__seg0000__snr5,1.0
25,24,d5ef23bc7b7ae648d4e0,d5ef23bc7b7ae648d4e0__6a6673d0__clean__seg0000__snr0,1.0
25,24,d5ef23bc7b7ae648d4e0,d5ef23bc7b7ae648d4e0__0f76a2fd__clean__seg0000__snr20,1.0
25,24,d5ef23bc7b7ae648d4e0,d5ef23bc7b7ae648d4e0__0f76a2fd__clean__seg0000__snr10,1.0
25,24,d5ef23bc7b7ae648d4e0,d5ef23bc7b7ae648d4e0__0f76a2fd__clean__seg0000__snr5,1.0
25,24,d5ef23bc7b7ae648d4e0,d5ef23bc7b7ae648d4e0__0f76a2fd__clean__seg0000__snr0,1.0
25,24,d5ef23bc7b7ae648d4e0,d5ef23bc7b7ae648d4e0__c9924417__clean__seg0000__snr20,1.0
25,24,d5ef23bc7b7ae648d4e0,d5ef23bc7b7ae648d4e0__c9924417__clean__seg0000__snr10,1.0
25,24,d5ef23bc7b7ae648d4e0,d5ef23bc7b7ae648d4e0__c9924417__clean__seg0000__snr5,1.0
25,24,d5ef23bc7b7ae648d4e0,d5ef23bc7b7ae648d4e0__c9924417__clean__seg0000__snr0,1.0
25,24,d5ef23bc7b7ae648d4e0,d5ef23bc7b7ae648d4e0__19d81c66__clean__seg0000__snr20,1.0
25,24,d5ef23bc7b7ae648d4e0,d5ef23bc7b7ae648d4e0__19d81c66__clean__seg0000__snr10,1.0
25,24,d5ef23bc7b7ae648d4e0,d5ef23bc7b7ae648d4e0__19d81c66__clean__seg0000__snr5,1.0
25,24,d5ef23bc7b7ae648d4e0,d5ef23bc7b7ae648d4e0__19d81c66__clean__seg0000__snr0,1.0
25,24,d5ef23bc7b7ae648d4e0,d5ef23bc7b7ae648d4e0__e33339cd__clean__seg0000__snr20,1.0
25,24,d5ef23bc7b7ae648d4e0,d5ef23bc7b7ae648d4e0__e33339cd__clean__seg0000__snr10,1.0
25,24,d5ef23bc7b7ae648d4e0,d5ef23bc7b7ae648d4e0__e33339cd__clean__seg0000__snr5,1.0
25,24,d5ef23bc7b7ae648d4e0,d5ef23bc7b7ae648d4e0__e33339cd__clean__seg0000__snr0,1.0
25,24,d5ef23bc7b7ae648d4e0,d5ef23bc7b7ae648d4e0__58a45f6a__clean__seg0000__snr20,1.0
25,24,d5ef23bc7b7ae648d4e0,d5ef23bc7b7ae648d4e0__58a45f6a__clean__seg0000__snr10,1.0
25,24,d5ef23bc7b7ae648d4e0,d5ef23bc7b7ae648d4e0__58a45f6a__clean__seg0000__snr5,1.0
25,24,d5ef23bc7b7ae648d4e0,d5ef23bc7b7ae648d4e0__58a45f6a__clean__seg0000__snr0,1.0
25,24,d5ef23bc7b7ae648d4e0,d5ef23bc7b7ae648d4e0__38a9f947__clean__seg0000__snr20,1.0
25,24,d5ef23bc7b7ae648d4e0,d5ef23bc7b7ae648d4e0__38a9f947__clean__seg0000__snr10,1.0
25,24,d5ef23bc7b7ae648d4e0,d5ef23bc7b7ae648d4e0__38a9f947__clean__seg0000__snr5,1.0
25,24,d5ef23bc7b7ae648d4e0,d5ef23bc7b7ae648d4e0__38a9f947__clean__seg0000__snr0,1.0
25,24,d5ef23bc7b7ae648d4e0,d5ef23bc7b7ae648d4e0__170dd47b__clean__seg0000__snr20,1.0
25,24,d5ef23bc7b7ae648d4e0,d5ef23bc7b7ae648d4e0__170dd47b__clean__seg0000__snr10,1.0
25,24,d5ef23bc7b7ae648d4e0,d5ef23bc7b7ae648d4e0__170dd47b__clean__seg0000__snr5,1.0
25,24,d5ef23bc7b7ae648d4e0,d5ef23bc7b7ae648d4e0__170dd47b__clean__seg0000__snr0,1.0
25,24,d5ef23bc7b7ae648d4e0,d5ef23bc7b7ae648d4e0__4540bee4__clean__seg0000__snr20,1.0
25,24,d5ef23bc7b7ae648d4e0,d5ef23bc7b7ae648d4e0__4540bee4__clean__seg0000__snr10,1.0
25,24,d5ef23bc7b7ae648d4e0,d5ef23bc7b7ae648d4e0__4540bee4__clean__seg0000__snr5,1.0
25,24,d5ef23bc7b7ae648d4e0,d5ef23bc7b7ae648d4e0__4540bee4__clean__seg0000__snr0,1.0
25,24,d5ef23bc7b7ae648d4e0,d5ef23bc7b7ae648d4e0__41a3cd12__clean__seg0000__snr20,1.0
25,24,d5ef23bc7b7ae648d4e0,d5ef23bc7b7ae648d4e0__41a3cd12__clean__seg0000__snr10,1.0
25,24,d5ef23bc7b7ae648d4e0,d5ef23bc7b7ae648d4e0__41a3cd12__clean__seg0000__snr5,1.0
25,24,d5ef23bc7b7ae648d4e0,d5ef23bc7b7ae648d4e0__41a3cd12__clean__seg0000__snr0,1.0
25,24,d5ef23bc7b7ae648d4e0,d5ef23bc7b7ae648d4e0__5b6e60e1__clean__seg0000__snr20,1.0
25,24,d5ef23bc7b7ae648d4e0,d5ef23bc7b7ae648d4e0__5b6e60e1__clean__seg0000__snr10,1.0
25,24,d5ef23bc7b7ae648d4e0,d5ef23bc7b7ae648d4e0__5b6e60e1__clean__seg0000__snr5,1.0
25,24,d5ef23bc7b7ae648d4e0,d5ef23bc7b7ae648d4e0__5b6e60e1__clean__seg0000__snr0,1.0
25,24,d5ef23bc7b7ae648d4e0,d5ef23bc7b7ae648d4e0__4437096f__clean__seg0000__snr20,1.0
25,24,d5ef23bc7b7ae648d4e0,d5ef23bc7b7ae648d4e0__4437096f__clean__seg0000__snr10,1.0
25,24,d5ef23bc7b7ae648d4e0,d5ef23bc7b7ae648d4e0__4437096f__clean__seg0000__snr5,1.0
25,24,d5ef23bc7b7ae648d4e0,d5ef23bc7b7ae648d4e0__4437096f__clean__seg0000__snr0,1.0
25,24,d5ef23bc7b7ae648d4e0,d5ef23bc7b7ae648d4e0__6bf9a6d1__clean__seg0000__snr20,1.0
25,24,d5ef23bc7b7ae648d4e0,d5ef23bc7b7ae648d4e0__6bf9a6d1__clean__seg0000__snr10,1.0
25,24,d5ef23bc7b7ae648d4e0,d5ef23bc7b7ae648d4e0__6bf9a6d1__clean__seg0000__snr5,1.0
25,24,d5ef23bc7b7ae648d4e0,d5ef23bc7b7ae648d4e0__6bf9a6d1__clean__seg0000__snr0,1.0
25,24,d5ef23bc7b7ae648d4e0,d5ef23bc7b7ae648d4e0__0c657bd1__clean__seg0000__snr20,1.0
25,24,d5ef23bc7b7ae648d4e0,d5ef23bc7b7ae648d4e0__0c657bd1__clean__seg0000__snr10,1.0
25,24,d5ef23bc7b7ae648d4e0,d5ef23bc7b7ae648d4e0__0c657bd1__clean__seg0000__snr5,1.0
25,24,d5ef23bc7b7ae648d4e0,d5ef23bc7b7ae648d4e0__0c657bd1__clean__seg0000__snr0,1.0
25,24,d5ef23bc7b7ae648d4e0,d5ef23bc7b7ae648d4e0__afa0826c__clean__seg0000__snr20,1.0
25,24,d5ef23bc7b7ae648d4e0,d5ef23bc7b7ae648d4e0__afa0826c__clean__seg0000__snr10,1.0
25,24,d5ef23bc7b7ae648d4e0,d5ef23bc7b7ae648d4e0__afa0826c__clean__seg0000__snr5,1.0
25,24,d5ef23bc7b7ae648d4e0,d5ef23bc7b7ae648d4e0__afa0826c__clean__seg0000__snr0,1.0
25,24,d5ef23bc7b7ae648d4e0,d5ef23bc7b7ae648d4e0__ea506fb0__clean__seg0000__snr20,1.0
25,24,d5ef23bc7b7ae648d4e0,d5ef23bc7b7ae648d4e0__ea506fb0__clean__seg0000__snr10,1.0
25,24,d5ef23bc7b7ae648d4e0,d5ef23bc7b7ae648d4e0__ea506fb0__clean__seg0000__snr5,1.0
25,24,d5ef23bc7b7ae648d4e0,d5ef23bc7b7ae648d4e0__ea506fb0__clean__seg0000__snr0,1.0
25,24,d5ef23bc7b7ae648d4e0,d5ef23bc7b7ae648d4e0__67c844f8__clean__seg0000__snr20,1.0
25,24,d5ef23bc7b7ae648d4e0,d5ef23bc7b7ae648d4e0__67c844f8__clean__seg0000__snr10,1.0
25,24,d5ef23bc7b7ae648d4e0,d5ef23bc7b7ae648d4e0__67c844f8__clean__seg0000__snr5,1.0
25,24,d5ef23bc7b7ae648d4e0,d5ef23bc7b7ae648d4e0__67c844f8__clean__seg0000__snr0,1.0
25,24,d5ef23bc7b7ae648d4e0,d5ef23bc7b7ae648d4e0__04483ef0__clean__seg0000__snr20,1.0
25,24,d5ef23bc7b7ae648d4e0,d5ef23bc7b7ae648d4e0__04483ef0__clean__seg0000__snr10,1.0
25,24,d5ef23bc7b7ae648d4e0,d5ef23bc7b7ae648d4e0__04483ef0__clean__seg0000__snr5,1.0
25,24,d5ef23bc7b7ae648d4e0,d5ef23bc7b7ae648d4e0__04483ef0__clean__seg0000__snr0,1.0
25,24,d5ef23bc7b7ae648d4e0,d5ef23bc7b7ae648d4e0__abb031f1__clean__seg0000__snr20,1.0
25,24,d5ef23bc7b7ae648d4e0,d5ef23bc7b7ae648d4e0__abb031f1__clean__seg0000__snr10,1.0
25,24,d5ef23bc7b7ae648d4e0,d5ef23bc7b7ae648d4e0__abb031f1__clean__seg0000__snr5,1.0
25,24,d5ef23bc7b7ae648d4e0,d5ef23bc7b7ae648d4e0__abb031f1__clean__seg0000__snr0,1.0
25,24,d5ef23bc7b7ae648d4e0,d5ef23bc7b7ae648d4e0__93c387ba__clean__seg0000__snr20,1.0
25,24,d5ef23bc7b7ae648d4e0,d5ef23bc7b7ae648d4e0__93c387ba__clean__seg0000__snr10,1.0
25,24,d5ef23bc7b7ae648d4e0,d5ef23bc7b7ae648d4e0__93c387ba__clean__seg0000__snr5,1.0
25,24,d5ef23bc7b7ae648d4e0,d5ef23bc7b7ae648d4e0__93c387ba__clean__seg0000__snr0,1.0
25,24,d5ef23bc7b7ae648d4e0,d5ef23bc7b7ae648d4e0__f795d274__clean__seg0000__snr20,1.0
25,24,d5ef23bc7b7ae648d4e0,d5ef23bc7b7ae648d4e0__f795d274__clean__seg0000__snr10,1.0
25,24,d5ef23bc7b7ae648d4e0,d5ef23bc7b7ae648d4e0__f795d274__clean__seg0000__snr5,1.0
25,24,d5ef23bc7b7ae648d4e0,d5ef23bc7b7ae648d4e0__f795d274__clean__seg0000__snr0,1.0
25,24,d5ef23bc7b7ae648d4e0,d5ef23bc7b7ae648d4e0__8912f93b__clean__seg0000__snr20,1.0
25,24,d5ef23bc7b7ae648d4e0,d5ef23bc7b7ae648d4e0__8912f93b__clean__seg0000__snr10,1.0
25,24,d5ef23bc7b7ae648d4e0,d5ef23bc7b7ae648d4e0__8912f93b__clean__seg0000__snr5,1.0
25,24,d5ef23bc7b7ae648d4e0,d5ef23bc7b7ae648d4e0__8912f93b__clean__seg0000__snr0,1.0
25,24,d5ef23bc7b7ae648d4e0,d5ef23bc7b7ae648d4e0__9801c1a3__clean__seg0000__snr20,1.0
25,24,d5ef23bc7b7ae648d4e0,d5ef23bc7b7ae648d4e0__9801c1a3__clean__seg0000__snr10,1.0
25,24,d5ef23bc7b7ae648d4e0,d5ef23bc7b7ae648d4e0__9801c1a3__clean__seg0000__snr5,1.0
25,24,d5ef23bc7b7ae648d4e0,d5ef23bc7b7ae648d4e0__9801c1a3__clean__seg0000__snr0,1.0
25,24,d5ef23bc7b7ae648d4e0,d5ef23bc7b7ae648d4e0__7396a449__clean__seg0000__snr20,1.0
25,24,d5ef23bc7b7ae648d4e0,d5ef23bc7b7ae648d4e0__7396a449__clean__seg0000__snr10,1.0
25,24,d5ef23bc7b7ae648d4e0,d5ef23bc7b7ae648d4e0__7396a449__clean__seg0000__snr5,1.0
25,24,d5ef23bc7b7ae648d4e0,d5ef23bc7b7ae648d4e0__7396a449__clean__seg0000__snr0,1.0
25,24,d5ef23bc7b7ae648d4e0,d5ef23bc7b7ae648d4e0__cd3063d8__clean__seg0000__snr20,1.0
25,24,d5ef23bc7b7ae648d4e0,d5ef23bc7b7ae648d4e0__cd3063d8__clean__seg0000__snr10,1.0
25,24,d5ef23bc7b7ae648d4e0,d5ef23bc7b7ae648d4e0__cd3063d8__clean__seg0000__snr5,1.0
25,24,d5ef23bc7b7ae648d4e0,d5ef23bc7b7ae648d4e0__cd3063d8__clean__seg0000__snr0,1.0
25,24,d5ef23bc7b7ae648d4e0,d5ef23bc7b7ae648d4e0__60ca222f__clean__seg0000__snr20,1.0
25,24,d5ef23bc7b7ae648d4e0,d5ef23bc7b7ae648d4e0__60ca222f__clean__seg0000__snr10,1.0
25,24,d5ef23bc7b7ae648d4e0,d5ef23bc7b7ae648d4e0__60ca222f__clean__seg0000__snr5,1.0
25,24,d5ef23bc7b7ae648d4e0,d5ef23bc7b7ae648d4e0__60ca222f__clean__seg0000__snr0,1.0
25,24,d5ef23bc7b7ae648d4e0,d5ef23bc7b7ae648d4e0__0ab745e9__clean__seg0000__snr20,1.0
25,24,d5ef23bc7b7ae648d4e0,d5ef23bc7b7ae648d4e0__0ab745e9__clean__seg0000__snr10,1.0
25,24,d5ef23bc7b7ae648d4e0,d5ef23bc7b7ae648d4e0__0ab745e9__clean__seg0000__snr5,1.0
25,24,d5ef23bc7b7ae648d4e0,d5ef23bc7b7ae648d4e0__0ab745e9__clean__seg0000__snr0,1.0
25,24,d5ef23bc7b7ae648d4e0,d5ef23bc7b7ae648d4e0__b3d7e15c__clean__seg0000__snr20,1.0
25,24,d5ef23bc7b7ae648d4e0,d5ef23bc7b7ae648d4e0__b3d7e15c__clean__seg0000__snr10,1.0
25,24,d5ef23bc7b7ae648d4e0,d5ef23bc7b7ae648d4e0__b3d7e15c__clean__seg0000__snr5,1.0
25,24,d5ef23bc7b7ae648d4e0,d5ef23bc7b7ae648d4e0__b3d7e15c__clean__seg0000__snr0,1.0
25,24,d5ef23bc7b7ae648d4e0,d5ef23bc7b7ae648d4e0__d5eef207__clean__seg0000__snr20,1.0
25,24,d5ef23bc7b7ae648d4e0,d5ef23bc7b7ae648d4e0__d5eef207__clean__seg0000__snr10,1.0
25,24,d5ef23bc7b7ae648d4e0,d5ef23bc7b7ae648d4e0__d5eef207__clean__seg0000__snr5,1.0
25,24,d5ef23bc7b7ae648d4e0,d5ef23bc7b7ae648d4e0__d5eef207__clean__seg0000__snr0,1.0
25,24,d5ef23bc7b7ae648d4e0,d5ef23bc7b7ae648d4e0__7cb8eefd__clean__seg0000__snr20,1.0
25,24,d5ef23bc7b7ae648d4e0,d5ef23bc7b7ae648d4e0__7cb8eefd__clean__seg0000__snr10,1.0
25,24,d5ef23bc7b7ae648d4e0,d5ef23bc7b7ae648d4e0__7cb8eefd__clean__seg0000__snr5,1.0
25,24,d5ef23bc7b7ae648d4e0,d5ef23bc7b7ae648d4e0__7cb8eefd__clean__seg0000__snr0,1.0
25,24,d5ef23bc7b7ae648d4e0,d5ef23bc7b7ae648d4e0__90bc15fe__clean__seg0000__snr20,1.0
25,24,d5ef23bc7b7ae648d4e0,d5ef23bc7b7ae648d4e0__90bc15fe__clean__seg0000__snr10,1.0
25,24,d5ef23bc7b7ae648d4e0,d5ef23bc7b7ae648d4e0__90bc15fe__clean__seg0000__snr5,1.0
25,24,d5ef23bc7b7ae648d4e0,d5ef23bc7b7ae648d4e0__90bc15fe__clean__seg0000__snr0,1.0
25,24,d5ef23bc7b7ae648d4e0,d5ef23bc7b7ae648d4e0__69547b60__clean__seg0000__snr20,1.0
25,24,d5ef23bc7b7ae648d4e0,d5ef23bc7b7ae648d4e0__69547b60__clean__seg0000__snr10,1.0
25,24,d5ef23bc7b7ae648d4e0,d5ef23bc7b7ae648d4e0__69547b60__clean__seg0000__snr5,1.0
25,24,d5ef23bc7b7ae648d4e0,d5ef23bc7b7ae648d4e0__69547b60__clean__seg0000__snr0,1.0
25,24,d5ef23bc7b7ae648d4e0,d5ef23bc7b7ae648d4e0__4e717d2d__clean__seg0000__snr20,1.0
25,24,d5ef23bc7b7ae648d4e0,d5ef23bc7b7ae648d4e0__4e717d2d__clean__seg0000__snr10,1.0
25,24,d5ef23bc7b7ae648d4e0,d5ef23bc7b7ae648d4e0__4e717d2d__clean__seg0000__snr5,1.0
25,24,d5ef23bc7b7ae648d4e0,d5ef23bc7b7ae648d4e0__4e717d2d__clean__seg0000__snr0,1.0
25,24,d5ef23bc7b7ae648d4e0,d5ef23bc7b7ae648d4e0__f0223de3__clean__seg0000__snr20,1.0
25,24,d5ef23bc7b7ae648d4e0,d5ef23bc7b7ae648d4e0__f0223de3__clean__seg0000__snr10,1.0
25,24,d5ef23bc7b7ae648d4e0,d5ef23bc7b7ae648d4e0__f0223de3__clean__seg0000__snr5,1.0
25,24,d5ef23bc7b7ae648d4e0,d5ef23bc7b7ae648d4e0__f0223de3__clean__seg0000__snr0,1.0
25,24,d5ef23bc7b7ae648d4e0,d5ef23bc7b7ae648d4e0__d122ecbf__clean__seg0000__snr20,1.0
25,24,d5ef23bc7b7ae648d4e0,d5ef23bc7b7ae648d4e0__d122ecbf__clean__seg0000__snr10,1.0
25,24,d5ef23bc7b7ae648d4e0,d5ef23bc7b7ae648d4e0__d122ecbf__clean__seg0000__snr5,1.0
25,24,d5ef23bc7b7ae648d4e0,d5ef23bc7b7ae648d4e0__d122ecbf__clean__seg0000__snr0,1.0
25,24,d5ef23bc7b7ae648d4e0,d5ef23bc7b7ae648d4e0__f885a6ae__clean__seg0000__snr20,1.0
25,24,d5ef23bc7b7ae648d4e0,d5ef23bc7b7ae648d4e0__f885a6ae__clean__seg0000__snr10,1.0
25,24,d5ef23bc7b7ae648d4e0,d5ef23bc7b7ae648d4e0__f885a6ae__clean__seg0000__snr5,1.0
25,24,d5ef23bc7b7ae648d4e0,d5ef23bc7b7ae648d4e0__f885a6ae__clean__seg0000__snr0,1.0
25,24,d5ef23bc7b7ae648d4e0,d5ef23bc7b7ae648d4e0__ae1354cd__clean__seg0000__snr20,1.0
25,24,d5ef23bc7b7ae648d4e0,d5ef23bc7b7ae648d4e0__ae1354cd__clean__seg0000__snr10,1.0
25,24,d5ef23bc7b7ae648d4e0,d5ef23bc7b7ae648d4e0__ae1354cd__clean__seg0000__snr5,1.0
25,24,d5ef23bc7b7ae648d4e0,d5ef23bc7b7ae648d4e0__ae1354cd__clean__seg0000__snr0,1.0
25,24,d5ef23bc7b7ae648d4e0,d5ef23bc7b7ae648d4e0__544c71b3__clean__seg0000__snr20,1.0
25,24,d5ef23bc7b7ae648d4e0,d5ef23bc7b7ae648d4e0__544c71b3__clean__seg0000__snr10,1.0
25,24,d5ef23bc7b7ae648d4e0,d5ef23bc7b7ae648d4e0__544c71b3__clean__seg0000__snr5,1.0
25,24,d5ef23bc7b7ae648d4e0,d5ef23bc7b7ae648d4e0__544c71b3__clean__seg0000__snr0,1.0
25,24,d5ef23bc7b7ae648d4e0,d5ef23bc7b7ae648d4e0__b47db6e6__clean__seg0000__snr20,1.0
25,24,d5ef23bc7b7ae648d4e0,d5ef23bc7b7ae648d4e0__b47db6e6__clean__seg0000__snr10,1.0
25,24,d5ef23bc7b7ae648d4e0,d5ef23bc7b7ae648d4e0__b47db6e6__clean__seg0000__snr5,1.0
25,24,d5ef23bc7b7ae648d4e0,d5ef23bc7b7ae648d4e0__b47db6e6__clean__seg0000__snr0,1.0
25,24,d5ef23bc7b7ae648d4e0,d5ef23bc7b7ae648d4e0__b5a8b1d4__clean__seg0000__snr20,1.0
25,24,d5ef23bc7b7ae648d4e0,d5ef23bc7b7ae648d4e0__b5a8b1d4__clean__seg0000__snr10,1.0
25,24,d5ef23bc7b7ae648d4e0,d5ef23bc7b7ae648d4e0__b5a8b1d4__clean__seg0000__snr5,1.0
25,24,d5ef23bc7b7ae648d4e0,d5ef23bc7b7ae648d4e0__b5a8b1d4__clean__seg0000__snr0,1.0
25,24,d5ef23bc7b7ae648d4e0,d5ef23bc7b7ae648d4e0__3c9bd9a7__clean__seg0000__snr20,1.0
25,24,d5ef23bc7b7ae648d4e0,d5ef23bc7b7ae648d4e0__3c9bd9a7__clean__seg0000__snr10,1.0
25,24,d5ef23bc7b7ae648d4e0,d5ef23bc7b7ae648d4e0__3c9bd9a7__clean__seg0000__snr5,1.0
25,24,d5ef23bc7b7ae648d4e0,d5ef23bc7b7ae648d4e0__3c9bd9a7__clean__seg0000__snr0,1.0
25,24,d5ef23bc7b7ae648d4e0,d5ef23bc7b7ae648d4e0__bdd6ff89__clean__seg0000__snr20,1.0
25,24,d5ef23bc7b7ae648d4e0,d5ef23bc7b7ae648d4e0__bdd6ff89__clean__seg0000__snr10,1.0
25,24,d5ef23bc7b7ae648d4e0,d5ef23bc7b7ae648d4e0__bdd6ff89__clean__seg0000__snr5,1.0
25,24,d5ef23bc7b7ae648d4e0,d5ef23bc7b7ae648d4e0__bdd6ff89__clean__seg0000__snr0,1.0
25,24,d5ef23bc7b7ae648d4e0,d5ef23bc7b7ae648d4e0__ab2bac61__clean__seg0000__snr20,1.0
25,24,d5ef23bc7b7ae648d4e0,d5ef23bc7b7ae648d4e0__ab2bac61__clean__seg0000__snr10,1.0
25,24,d5ef23bc7b7ae648d4e0,d5ef23bc7b7ae648d4e0__ab2bac61__clean__seg0000__snr5,1.0
25,24,d5ef23bc7b7ae648d4e0,d5ef23bc7b7ae648d4e0__ab2bac61__clean__seg0000__snr0,1.0
25,24,d5ef23bc7b7ae648d4e0,d5ef23bc7b7ae648d4e0__b1e8a4fa__clean__seg0000__snr20,1.0
25,24,d5ef23bc7b7ae648d4e0,d5ef23bc7b7ae648d4e0__b1e8a4fa__clean__seg0000__snr10,1.0
25,24,d5ef23bc7b7ae648d4e0,d5ef23bc7b7ae648d4e0__b1e8a4fa__clean__seg0000__snr5,1.0
25,24,d5ef23bc7b7ae648d4e0,d5ef23bc7b7ae648d4e0__b1e8a4fa__clean__seg0000__snr0,1.0
25,24,d5ef23bc7b7ae648d4e0,d5ef23bc7b7ae648d4e0__79a727e5__clean__seg0000__snr20,1.0
25,24,d5ef23bc7b7ae648d4e0,d5ef23bc7b7ae648d4e0__79a727e5__clean__seg0000__snr10,1.0
25,24,d5ef23bc7b7ae648d4e0,d5ef23bc7b7ae648d4e0__79a727e5__clean__seg0000__snr5,1.0
25,24,d5ef23bc7b7ae648d4e0,d5ef23bc7b7ae648d4e0__79a727e5__clean__seg0000__snr0,1.0
25,24,d5ef23bc7b7ae648d4e0,d5ef23bc7b7ae648d4e0__169ad8f4__clean__seg0000__snr20,1.0
25,24,d5ef23bc7b7ae648d4e0,d5ef23bc7b7ae648d4e0__169ad8f4__clean__seg0000__snr10,1.0
25,24,d5ef23bc7b7ae648d4e0,d5ef23bc7b7ae648d4e0__169ad8f4__clean__seg0000__snr5,1.0
25,24,d5ef23bc7b7ae648d4e0,d5ef23bc7b7ae648d4e0__169ad8f4__clean__seg0000__snr0,1.0
25,24,d5ef23bc7b7ae648d4e0,d5ef23bc7b7ae648d4e0__ccc788c2__clean__seg0000__snr20,1.0
25,24,d5ef23bc7b7ae648d4e0,d5ef23bc7b7ae648d4e0__ccc788c2__clean__seg0000__snr10,1.0
25,24,d5ef23bc7b7ae648d4e0,d5ef23bc7b7ae648d4e0__ccc788c2__clean__seg0000__snr5,1.0
25,24,d5ef23bc7b7ae648d4e0,d5ef23bc7b7ae648d4e0__ccc788c2__clean__seg0000__snr0,1.0
25,24,d5ef23bc7b7ae648d4e0,d5ef23bc7b7ae648d4e0__e8848f1c__clean__seg0000__snr20,1.0
25,24,d5ef23bc7b7ae648d4e0,d5ef23bc7b7ae648d4e0__e8848f1c__clean__seg0000__snr10,1.0
25,24,d5ef23bc7b7ae648d4e0,d5ef23bc7b7ae648d4e0__e8848f1c__clean__seg0000__snr5,1.0
25,24,d5ef23bc7b7ae648d4e0,d5ef23bc7b7ae648d4e0__e8848f1c__clean__seg0000__snr0,1.0
25,24,d5ef23bc7b7ae648d4e0,d5ef23bc7b7ae648d4e0__ed544618__clean__seg0000__snr20,1.0
25,24,d5ef23bc7b7ae648d4e0,d5ef23bc7b7ae648d4e0__ed544618__clean__seg0000__snr10,1.0
25,24,d5ef23bc7b7ae648d4e0,d5ef23bc7b7ae648d4e0__ed544618__clean__seg0000__snr5,1.0
25,24,d5ef23bc7b7ae648d4e0,d5ef23bc7b7ae648d4e0__ed544618__clean__seg0000__snr0,1.0
25,24,d5ef23bc7b7ae648d4e0,d5ef23bc7b7ae648d4e0__6b5a9e98__clean__seg0000__snr20,1.0
25,24,d5ef23bc7b7ae648d4e0,d5ef23bc7b7ae648d4e0__6b5a9e98__clean__seg0000__snr10,1.0
25,24,d5ef23bc7b7ae648d4e0,d5ef23bc7b7ae648d4e0__6b5a9e98__clean__seg0000__snr5,1.0
25,24,d5ef23bc7b7ae648d4e0,d5ef23bc7b7ae648d4e0__6b5a9e98__clean__seg0000__snr0,1.0
25,24,d5ef23bc7b7ae648d4e0,d5ef23bc7b7ae648d4e0__1ce0c084__clean__seg0000__snr20,1.0
25,24,d5ef23bc7b7ae648d4e0,d5ef23bc7b7ae648d4e0__1ce0c084__clean__seg0000__snr10,1.0
25,24,d5ef23bc7b7ae648d4e0,d5ef23bc7b7ae648d4e0__1ce0c084__clean__seg0000__snr5,1.0
25,24,d5ef23bc7b7ae648d4e0,d5ef23bc7b7ae648d4e0__1ce0c084__clean__seg0000__snr0,1.0
25,24,d5ef23bc7b7ae648d4e0,d5ef23bc7b7ae648d4e0__25d4c1d9__clean__seg0000__snr20,1.0
25,24,d5ef23bc7b7ae648d4e0,d5ef23bc7b7ae648d4e0__25d4c1d9__clean__seg0000__snr10,1.0
25,24,d5ef23bc7b7ae648d4e0,d5ef23bc7b7ae648d4e0__25d4c1d9__clean__seg0000__snr5,1.0
25,24,d5ef23bc7b7ae648d4e0,d5ef23bc7b7ae648d4e0__25d4c1d9__clean__seg0000__snr0,1.0
25,24,d5ef23bc7b7ae648d4e0,d5ef23bc7b7ae648d4e0__2e1acc5f__clean__seg0000__snr20,1.0
25,24,d5ef23bc7b7ae648d4e0,d5ef23bc7b7ae648d4e0__2e1acc5f__clean__seg0000__snr10,1.0
25,24,d5ef23bc7b7ae648d4e0,d5ef23bc7b7ae648d4e0__2e1acc5f__clean__seg0000__snr5,1.0
25,24,d5ef23bc7b7ae648d4e0,d5ef23bc7b7ae648d4e0__2e1acc5f__clean__seg0000__snr0,1.0
25,24,d5ef23bc7b7ae648d4e0,d5ef23bc7b7ae648d4e0__3e48fb3e__clean__seg0000__snr20,1.0
25,24,d5ef23bc7b7ae648d4e0,d5ef23bc7b7ae648d4e0__3e48fb3e__clean__seg0000__snr10,1.0
25,24,d5ef23bc7b7ae648d4e0,d5ef23bc7b7ae648d4e0__3e48fb3e__clean__seg0000__snr5,1.0
25,24,d5ef23bc7b7ae648d4e0,d5ef23bc7b7ae648d4e0__3e48fb3e__clean__seg0000__snr0,1.0
25,24,d5ef23bc7b7ae648d4e0,d5ef23bc7b7ae648d4e0__db188f54__clean__seg0000__snr20,1.0
25,24,d5ef23bc7b7ae648d4e0,d5ef23bc7b7ae648d4e0__db188f54__clean__seg0000__snr10,1.0
25,24,d5ef23bc7b7ae648d4e0,d5ef23bc7b7ae648d4e0__db188f54__clean__seg0000__snr5,1.0
25,24,d5ef23bc7b7ae648d4e0,d5ef23bc7b7ae648d4e0__db188f54__clean__seg0000__snr0,1.0
25,24,d5ef23bc7b7ae648d4e0,d5ef23bc7b7ae648d4e0__3dbfdcd3__clean__seg0000__snr20,1.0
25,24,d5ef23bc7b7ae648d4e0,d5ef23bc7b7ae648d4e0__3dbfdcd3__clean__seg0000__snr10,1.0
25,24,d5ef23bc7b7ae648d4e0,d5ef23bc7b7ae648d4e0__3dbfdcd3__clean__seg0000__snr5,1.0
25,24,d5ef23bc7b7ae648d4e0,d5ef23bc7b7ae648d4e0__3dbfdcd3__clean__seg0000__snr0,1.0
25,24,d5ef23bc7b7ae648d4e0,d5ef23bc7b7ae648d4e0__8cdead8e__clean__seg0000__snr20,1.0
25,24,d5ef23bc7b7ae648d4e0,d5ef23bc7b7ae648d4e0__8cdead8e__clean__seg0000__snr10,1.0
25,24,d5ef23bc7b7ae648d4e0,d5ef23bc7b7ae648d4e0__8cdead8e__clean__seg0000__snr5,1.0
25,24,d5ef23bc7b7ae648d4e0,d5ef23bc7b7ae648d4e0__8cdead8e__clean__seg0000__snr0,1.0
25,24,d5ef23bc7b7ae648d4e0,d5ef23bc7b7ae648d4e0__e6f3c5d4__clean__seg0000__snr20,1.0
25,24,d5ef23bc7b7ae648d4e0,d5ef23bc7b7ae648d4e0__e6f3c5d4__clean__seg0000__snr10,1.0
25,24,d5ef23bc7b7ae648d4e0,d5ef23bc7b7ae648d4e0__e6f3c5d4__clean__seg0000__snr5,1.0
25,24,d5ef23bc7b7ae648d4e0,d5ef23bc7b7ae648d4e0__e6f3c5d4__clean__seg0000__snr0,1.0
25,24,d5ef23bc7b7ae648d4e0,d5ef23bc7b7ae648d4e0__c0da87a5__clean__seg0000__snr20,1.0
25,24,d5ef23bc7b7ae648d4e0,d5ef23bc7b7ae648d4e0__c0da87a5__clean__seg0000__snr10,1.0
25,24,d5ef23bc7b7ae648d4e0,d5ef23bc7b7ae648d4e0__c0da87a5__clean__seg0000__snr5,1.0
25,24,d5ef23bc7b7ae648d4e0,d5ef23bc7b7ae648d4e0__c0da87a5__clean__seg0000__snr0,1.0
25,24,d5ef23bc7b7ae648d4e0,d5ef23bc7b7ae648d4e0__f6d7359c__clean__seg0000__snr20,1.0
25,24,d5ef23bc7b7ae648d4e0,d5ef23bc7b7ae648d4e0__f6d7359c__clean__seg0000__snr10,1.0
25,24,d5ef23bc7b7ae648d4e0,d5ef23bc7b7ae648d4e0__f6d7359c__clean__seg0000__snr5,1.0
25,24,d5ef23bc7b7ae648d4e0,d5ef23bc7b7ae648d4e0__f6d7359c__clean__seg0000__snr0,1.0
25,24,d5ef23bc7b7ae648d4e0,d5ef23bc7b7ae648d4e0__646151e2__clean__seg0000__snr20,1.0
25,24,d5ef23bc7b7ae648d4e0,d5ef23bc7b7ae648d4e0__646151e2__clean__seg0000__snr10,1.0
25,24,d5ef23bc7b7ae648d4e0,d5ef23bc7b7ae648d4e0__646151e2__clean__seg0000__snr5,1.0
25,24,d5ef23bc7b7ae648d4e0,d5ef23bc7b7ae648d4e0__646151e2__clean__seg0000__snr0,1.0
25,24,d5ef23bc7b7ae648d4e0,d5ef23bc7b7ae648d4e0__744443db__clean__seg0000__snr20,1.0
25,24,d5ef23bc7b7ae648d4e0,d5ef23bc7b7ae648d4e0__744443db__clean__seg0000__snr10,1.0
25,24,d5ef23bc7b7ae648d4e0,d5ef23bc7b7ae648d4e0__744443db__clean__seg0000__snr5,1.0
25,24,d5ef23bc7b7ae648d4e0,d5ef23bc7b7ae648d4e0__744443db__clean__seg0000__snr0,1.0
25,24,d5ef23bc7b7ae648d4e0,d5ef23bc7b7ae648d4e0__701ac5b3__clean__seg0000__snr20,1.0
25,24,d5ef23bc7b7ae648d4e0,d5ef23bc7b7ae648d4e0__701ac5b3__clean__seg0000__snr10,1.0
25,24,d5ef23bc7b7ae648d4e0,d5ef23bc7b7ae648d4e0__701ac5b3__clean__seg0000__snr5,1.0
25,24,d5ef23bc7b7ae648d4e0,d5ef23bc7b7ae648d4e0__701ac5b3__clean__seg0000__snr0,1.0
25,24,d5ef23bc7b7ae648d4e0,d5ef23bc7b7ae648d4e0__093653d8__clean__seg0000__snr20,1.0
25,24,d5ef23bc7b7ae648d4e0,d5ef23bc7b7ae648d4e0__093653d8__clean__seg0000__snr10,1.0
25,24,d5ef23bc7b7ae648d4e0,d5ef23bc7b7ae648d4e0__093653d8__clean__seg0000__snr5,1.0
25,24,d5ef23bc7b7ae648d4e0,d5ef23bc7b7ae648d4e0__093653d8__clean__seg0000__snr0,1.0
25,24,d5ef23bc7b7ae648d4e0,d5ef23bc7b7ae648d4e0__68b6c6ee__clean__seg0000__snr20,1.0
25,24,d5ef23bc7b7ae648d4e0,d5ef23bc7b7ae648d4e0__68b6c6ee__clean__seg0000__snr10,1.0
25,24,d5ef23bc7b7ae648d4e0,d5ef23bc7b7ae648d4e0__68b6c6ee__clean__seg0000__snr5,1.0
25,24,d5ef23bc7b7ae648d4e0,d5ef23bc7b7ae648d4e0__68b6c6ee__clean__seg0000__snr0,1.0
25,24,d5ef23bc7b7ae648d4e0,d5ef23bc7b7ae648d4e0__0326b05b__clean__seg0000__snr20,1.0
25,24,d5ef23bc7b7ae648d4e0,d5ef23bc7b7ae648d4e0__0326b05b__clean__seg0000__snr10,1.0
25,24,d5ef23bc7b7ae648d4e0,d5ef23bc7b7ae648d4e0__0326b05b__clean__seg0000__snr5,1.0
25,24,d5ef23bc7b7ae648d4e0,d5ef23bc7b7ae648d4e0__0326b05b__clean__seg0000__snr0,1.0
25,24,d5ef23bc7b7ae648d4e0,d5ef23bc7b7ae648d4e0__d46c21f3__clean__seg0000__snr20,1.0
25,24,d5ef23bc7b7ae648d4e0,d5ef23bc7b7ae648d4e0__d46c21f3__clean__seg0000__snr10,1.0
25,24,d5ef23bc7b7ae648d4e0,d5ef23bc7b7ae648d4e0__d46c21f3__clean__seg0000__snr5,1.0
25,24,d5ef23bc7b7ae648d4e0,d5ef23bc7b7ae648d4e0__d46c21f3__clean__seg0000__snr0,1.0
25,24,d5ef23bc7b7ae648d4e0,d5ef23bc7b7ae648d4e0__79298382__clean__seg0000__snr20,1.0
25,24,d5ef23bc7b7ae648d4e0,d5ef23bc7b7ae648d4e0__79298382__clean__seg0000__snr10,1.0
25,24,d5ef23bc7b7ae648d4e0,d5ef23bc7b7ae648d4e0__79298382__clean__seg0000__snr5,1.0
25,24,d5ef23bc7b7ae648d4e0,d5ef23bc7b7ae648d4e0__79298382__clean__seg0000__snr0,1.0
25,24,d5ef23bc7b7ae648d4e0,d5ef23bc7b7ae648d4e0__60a83297__clean__seg0000__snr20,1.0
25,24,d5ef23bc7b7ae648d4e0,d5ef23bc7b7ae648d4e0__60a83297__clean__seg0000__snr10,1.0
25,24,d5ef23bc7b7ae648d4e0,d5ef23bc7b7ae648d4e0__60a83297__clean__seg0000__snr5,1.0
25,24,d5ef23bc7b7ae648d4e0,d5ef23bc7b7ae648d4e0__60a83297__clean__seg0000__snr0,1.0
25,24,d5ef23bc7b7ae648d4e0,d5ef23bc7b7ae648d4e0__71727cbf__clean__seg0000__snr20,1.0
25,24,d5ef23bc7b7ae648d4e0,d5ef23bc7b7ae648d4e0__71727cbf__clean__seg0000__snr10,1.0
25,24,d5ef23bc7b7ae648d4e0,d5ef23bc7b7ae648d4e0__71727cbf__clean__seg0000__snr5,1.0
25,24,d5ef23bc7b7ae648d4e0,d5ef23bc7b7ae648d4e0__71727cbf__clean__seg0000__snr0,1.0
25,24,d5ef23bc7b7ae648d4e0,d5ef23bc7b7ae648d4e0__23100d3e__clean__seg0000__snr20,1.0
25,24,d5ef23bc7b7ae648d4e0,d5ef23bc7b7ae648d4e0__23100d3e__clean__seg0000__snr10,1.0
25,24,d5ef23bc7b7ae648d4e0,d5ef23bc7b7ae648d4e0__23100d3e__clean__seg0000__snr5,1.0
25,24,d5ef23bc7b7ae648d4e0,d5ef23bc7b7ae648d4e0__23100d3e__clean__seg0000__snr0,1.0
25,24,d5ef23bc7b7ae648d4e0,d5ef23bc7b7ae648d4e0__aea5fe34__clean__seg0000__snr20,1.0
25,24,d5ef23bc7b7ae648d4e0,d5ef23bc7b7ae648d4e0__aea5fe34__clean__seg0000__snr10,1.0
25,24,d5ef23bc7b7ae648d4e0,d5ef23bc7b7ae648d4e0__aea5fe34__clean__seg0000__snr5,1.0
25,24,d5ef23bc7b7ae648d4e0,d5ef23bc7b7ae648d4e0__aea5fe34__clean__seg0000__snr0,1.0
25,24,d5ef23bc7b7ae648d4e0,d5ef23bc7b7ae648d4e0__931acbeb__clean__seg0000__snr20,1.0
25,24,d5ef23bc7b7ae648d4e0,d5ef23bc7b7ae648d4e0__931acbeb__clean__seg0000__snr10,1.0
25,24,d5ef23bc7b7ae648d4e0,d5ef23bc7b7ae648d4e0__931acbeb__clean__seg0000__snr5,1.0
25,24,d5ef23bc7b7ae648d4e0,d5ef23bc7b7ae648d4e0__931acbeb__clean__seg0000__snr0,1.0
25,24,d5ef23bc7b7ae648d4e0,d5ef23bc7b7ae648d4e0__8e5ad606__clean__seg0000__snr20,1.0
25,24,d5ef23bc7b7ae648d4e0,d5ef23bc7b7ae648d4e0__8e5ad606__clean__seg0000__snr10,1.0
25,24,d5ef23bc7b7ae648d4e0,d5ef23bc7b7ae648d4e0__8e5ad606__clean__seg0000__snr5,1.0
25,24,d5ef23bc7b7ae648d4e0,d5ef23bc7b7ae648d4e0__8e5ad606__clean__seg0000__snr0,1.0
25,24,d5ef23bc7b7ae648d4e0,d5ef23bc7b7ae648d4e0__26ee0f19__clean__seg0000__snr20,1.0
25,24,d5ef23bc7b7ae648d4e0,d5ef23bc7b7ae648d4e0__26ee0f19__clean__seg0000__snr10,1.0
25,24,d5ef23bc7b7ae648d4e0,d5ef23bc7b7ae648d4e0__26ee0f19__clean__seg0000__snr5,1.0
25,24,d5ef23bc7b7ae648d4e0,d5ef23bc7b7ae648d4e0__26ee0f19__clean__seg0000__snr0,1.0
25,24,d5ef23bc7b7ae648d4e0,d5ef23bc7b7ae648d4e0__a584f155__clean__seg0000__snr20,1.0
25,24,d5ef23bc7b7ae648d4e0,d5ef23bc7b7ae648d4e0__a584f155__clean__seg0000__snr10,1.0
25,24,d5ef23bc7b7ae648d4e0,d5ef23bc7b7ae648d4e0__a584f155__clean__seg0000__snr5,1.0
25,24,d5ef23bc7b7ae648d4e0,d5ef23bc7b7ae648d4e0__a584f155__clean__seg0000__snr0,1.0
25,24,d5ef23bc7b7ae648d4e0,d5ef23bc7b7ae648d4e0__e65882e2__clean__seg0000__snr20,1.0
25,24,d5ef23bc7b7ae648d4e0,d5ef23bc7b7ae648d4e0__e65882e2__clean__seg0000__snr10,1.0
25,24,d5ef23bc7b7ae648d4e0,d5ef23bc7b7ae648d4e0__e65882e2__clean__seg0000__snr5,1.0
25,24,d5ef23bc7b7ae648d4e0,d5ef23bc7b7ae648d4e0__e65882e2__clean__seg0000__snr0,1.0
25,24,d5ef23bc7b7ae648d4e0,d5ef23bc7b7ae648d4e0__f6c6806a__clean__seg0000__snr20,1.0
25,24,d5ef23bc7b7ae648d4e0,d5ef23bc7b7ae648d4e0__f6c6806a__clean__seg0000__snr10,1.0
25,24,d5ef23bc7b7ae648d4e0,d5ef23bc7b7ae648d4e0__f6c6806a__clean__seg0000__snr5,1.0
25,24,d5ef23bc7b7ae648d4e0,d5ef23bc7b7ae648d4e0__f6c6806a__clean__seg0000__snr0,1.0
25,24,d5ef23bc7b7ae648d4e0,d5ef23bc7b7ae648d4e0__de691524__clean__seg0000__snr20,1.0
25,24,d5ef23bc7b7ae648d4e0,d5ef23bc7b7ae648d4e0__de691524__clean__seg0000__snr10,1.0
25,24,d5ef23bc7b7ae648d4e0,d5ef23bc7b7ae648d4e0__de691524__clean__seg0000__snr5,1.0
25,24,d5ef23bc7b7ae648d4e0,d5ef23bc7b7ae648d4e0__de691524__clean__seg0000__snr0,1.0
25,24,d5ef23bc7b7ae648d4e0,d5ef23bc7b7ae648d4e0__9d266ba8__clean__seg0000__snr20,1.0
25,24,d5ef23bc7b7ae648d4e0,d5ef23bc7b7ae648d4e0__9d266ba8__clean__seg0000__snr10,1.0
25,24,d5ef23bc7b7ae648d4e0,d5ef23bc7b7ae648d4e0__9d266ba8__clean__seg0000__snr5,1.0
25,24,d5ef23bc7b7ae648d4e0,d5ef23bc7b7ae648d4e0__9d266ba8__clean__seg0000__snr0,1.0
25,24,d5ef23bc7b7ae648d4e0,d5ef23bc7b7ae648d4e0__c549e15f__clean__seg0000__snr20,1.0
25,24,d5ef23bc7b7ae648d4e0,d5ef23bc7b7ae648d4e0__c549e15f__clean__seg0000__snr10,1.0
25,24,d5ef23bc7b7ae648d4e0,d5ef23bc7b7ae648d4e0__c549e15f__clean__seg0000__snr5,1.0
25,24,d5ef23bc7b7ae648d4e0,d5ef23bc7b7ae648d4e0__c549e15f__clean__seg0000__snr0,1.0
25,24,d5ef23bc7b7ae648d4e0,d5ef23bc7b7ae648d4e0__07f57fbe__clean__seg0000__snr20,1.0
25,24,d5ef23bc7b7ae648d4e0,d5ef23bc7b7ae648d4e0__07f57fbe__clean__seg0000__snr10,1.0
25,24,d5ef23bc7b7ae648d4e0,d5ef23bc7b7ae648d4e0__07f57fbe__clean__seg0000__snr5,1.0
25,24,d5ef23bc7b7ae648d4e0,d5ef23bc7b7ae648d4e0__07f57fbe__clean__seg0000__snr0,1.0
25,24,d5ef23bc7b7ae648d4e0,d5ef23bc7b7ae648d4e0__3f14a74c__clean__seg0000__snr20,1.0
25,24,d5ef23bc7b7ae648d4e0,d5ef23bc7b7ae648d4e0__3f14a74c__clean__seg0000__snr10,1.0
25,24,d5ef23bc7b7ae648d4e0,d5ef23bc7b7ae648d4e0__3f14a74c__clean__seg0000__snr5,1.0
25,24,d5ef23bc7b7ae648d4e0,d5ef23bc7b7ae648d4e0__3f14a74c__clean__seg0000__snr0,1.0
25,24,d5ef23bc7b7ae648d4e0,d5ef23bc7b7ae648d4e0__0fc9fdb9__clean__seg0000__snr20,1.0
25,24,d5ef23bc7b7ae648d4e0,d5ef23bc7b7ae648d4e0__0fc9fdb9__clean__seg0000__snr10,1.0
25,24,d5ef23bc7b7ae648d4e0,d5ef23bc7b7ae648d4e0__0fc9fdb9__clean__seg0000__snr5,1.0
25,24,d5ef23bc7b7ae648d4e0,d5ef23bc7b7ae648d4e0__0fc9fdb9__clean__seg0000__snr0,1.0
25,24,d5ef23bc7b7ae648d4e0,d5ef23bc7b7ae648d4e0__4c72e17f__clean__seg0000__snr20,1.0
25,24,d5ef23bc7b7ae648d4e0,d5ef23bc7b7ae648d4e0__4c72e17f__clean__seg0000__snr10,1.0
25,24,d5ef23bc7b7ae648d4e0,d5ef23bc7b7ae648d4e0__4c72e17f__clean__seg0000__snr5,1.0
25,24,d5ef23bc7b7ae648d4e0,d5ef23bc7b7ae648d4e0__4c72e17f__clean__seg0000__snr0,1.0
25,24,d5ef23bc7b7ae648d4e0,d5ef23bc7b7ae648d4e0__0663198e__clean__seg0000__snr20,1.0
25,24,d5ef23bc7b7ae648d4e0,d5ef23bc7b7ae648d4e0__0663198e__clean__seg0000__snr10,1.0
25,24,d5ef23bc7b7ae648d4e0,d5ef23bc7b7ae648d4e0__0663198e__clean__seg0000__snr5,1.0
25,24,d5ef23bc7b7ae648d4e0,d5ef23bc7b7ae648d4e0__0663198e__clean__seg0000__snr0,1.0
25,24,d5ef23bc7b7ae648d4e0,d5ef23bc7b7ae648d4e0__8be8e1cd__clean__seg0000__snr20,1.0
25,24,d5ef23bc7b7ae648d4e0,d5ef23bc7b7ae648d4e0__8be8e1cd__clean__seg0000__snr10,1.0
25,24,d5ef23bc7b7ae648d4e0,d5ef23bc7b7ae648d4e0__8be8e1cd__clean__seg0000__snr5,1.0
25,24,d5ef23bc7b7ae648d4e0,d5ef23bc7b7ae648d4e0__8be8e1cd__clean__seg0000__snr0,1.0
25,24,d5ef23bc7b7ae648d4e0,d5ef23bc7b7ae648d4e0__19de38f5__clean__seg0000__snr20,1.0
25,24,d5ef23bc7b7ae648d4e0,d5ef23bc7b7ae648d4e0__19de38f5__clean__seg0000__snr10,1.0
25,24,d5ef23bc7b7ae648d4e0,d5ef23bc7b7ae648d4e0__19de38f5__clean__seg0000__snr5,1.0
25,24,d5ef23bc7b7ae648d4e0,d5ef23bc7b7ae648d4e0__19de38f5__clean__seg0000__snr0,1.0
25,24,d5ef23bc7b7ae648d4e0,d5ef23bc7b7ae648d4e0__36222e0b__clean__seg0000__snr20,1.0
25,24,d5ef23bc7b7ae648d4e0,d5ef23bc7b7ae648d4e0__36222e0b__clean__seg0000__snr10,1.0
25,24,d5ef23bc7b7ae648d4e0,d5ef23bc7b7ae648d4e0__36222e0b__clean__seg0000__snr5,1.0
25,24,d5ef23bc7b7ae648d4e0,d5ef23bc7b7ae648d4e0__36222e0b__clean__seg0000__snr0,1.0
25,24,d5ef23bc7b7ae648d4e0,d5ef23bc7b7ae648d4e0__9c4d35ce__clean__seg0000__snr20,1.0
25,24,d5ef23bc7b7ae648d4e0,d5ef23bc7b7ae648d4e0__9c4d35ce__clean__seg0000__snr10,1.0
25,24,d5ef23bc7b7ae648d4e0,d5ef23bc7b7ae648d4e0__9c4d35ce__clean__seg0000__snr5,1.0
25,24,d5ef23bc7b7ae648d4e0,d5ef23bc7b7ae648d4e0__9c4d35ce__clean__seg0000__snr0,1.0
25,24,d5ef23bc7b7ae648d4e0,d5ef23bc7b7ae648d4e0__d641c955__clean__seg0000__snr20,1.0
25,24,d5ef23bc7b7ae648d4e0,d5ef23bc7b7ae648d4e0__d641c955__clean__seg0000__snr10,1.0
25,24,d5ef23bc7b7ae648d4e0,d5ef23bc7b7ae648d4e0__d641c955__clean__seg0000__snr5,1.0
25,24,d5ef23bc7b7ae648d4e0,d5ef23bc7b7ae648d4e0__d641c955__clean__seg0000__snr0,1.0
25,24,d5ef23bc7b7ae648d4e0,d5ef23bc7b7ae648d4e0__784e91f9__clean__seg0000__snr20,1.0
25,24,d5ef23bc7b7ae648d4e0,d5ef23bc7b7ae648d4e0__784e91f9__clean__seg0000__snr10,1.0
25,24,d5ef23bc7b7ae648d4e0,d5ef23bc7b7ae648d4e0__784e91f9__clean__seg0000__snr5,1.0
25,24,d5ef23bc7b7ae648d4e0,d5ef23bc7b7ae648d4e0__784e91f9__clean__seg0000__snr0,1.0
25,24,d5ef23bc7b7ae648d4e0,d5ef23bc7b7ae648d4e0__ca42a754__clean__seg0000__snr20,1.0
25,24,d5ef23bc7b7ae648d4e0,d5ef23bc7b7ae648d4e0__ca42a754__clean__seg0000__snr10,1.0
25,24,d5ef23bc7b7ae648d4e0,d5ef23bc7b7ae648d4e0__ca42a754__clean__seg0000__snr5,1.0
25,24,d5ef23bc7b7ae648d4e0,d5ef23bc7b7ae648d4e0__ca42a754__clean__seg0000__snr0,1.0
25,24,d5ef23bc7b7ae648d4e0,d5ef23bc7b7ae648d4e0__55aa0b2d__clean__seg0000__snr20,1.0
25,24,d5ef23bc7b7ae648d4e0,d5ef23bc7b7ae648d4e0__55aa0b2d__clean__seg0000__snr10,1.0
25,24,d5ef23bc7b7ae648d4e0,d5ef23bc7b7ae648d4e0__55aa0b2d__clean__seg0000__snr5,1.0
25,24,d5ef23bc7b7ae648d4e0,d5ef23bc7b7ae648d4e0__55aa0b2d__clean__seg0000__snr0,1.0
25,24,d5ef23bc7b7ae648d4e0,d5ef23bc7b7ae648d4e0__0854376b__clean__seg0000__snr20,1.0
25,24,d5ef23bc7b7ae648d4e0,d5ef23bc7b7ae648d4e0__0854376b__clean__seg0000__snr10,1.0
25,24,d5ef23bc7b7ae648d4e0,d5ef23bc7b7ae648d4e0__0854376b__clean__seg0000__snr5,1.0
25,24,d5ef23bc7b7ae648d4e0,d5ef23bc7b7ae648d4e0__0854376b__clean__seg0000__snr0,1.0
25,24,d5ef23bc7b7ae648d4e0,d5ef23bc7b7ae648d4e0__9f714982__clean__seg0000__snr20,1.0
25,24,d5ef23bc7b7ae648d4e0,d5ef23bc7b7ae648d4e0__9f714982__clean__seg0000__snr10,1.0
25,24,d5ef23bc7b7ae648d4e0,d5ef23bc7b7ae648d4e0__9f714982__clean__seg0000__snr5,1.0
25,24,d5ef23bc7b7ae648d4e0,d5ef23bc7b7ae648d4e0__9f714982__clean__seg0000__snr0,1.0
25,24,d5ef23bc7b7ae648d4e0,d5ef23bc7b7ae648d4e0__f0d857ae__clean__seg0000__snr20,1.0
25,24,d5ef23bc7b7ae648d4e0,d5ef23bc7b7ae648d4e0__f0d857ae__clean__seg0000__snr10,1.0
25,24,d5ef23bc7b7ae648d4e0,d5ef23bc7b7ae648d4e0__f0d857ae__clean__seg0000__snr5,1.0
25,24,d5ef23bc7b7ae648d4e0,d5ef23bc7b7ae648d4e0__f0d857ae__clean__seg0000__snr0,1.0
25,24,d5ef23bc7b7ae648d4e0,d5ef23bc7b7ae648d4e0__100577c0__clean__seg0000__snr20,1.0
25,24,d5ef23bc7b7ae648d4e0,d5ef23bc7b7ae648d4e0__100577c0__clean__seg0000__snr10,1.0
25,24,d5ef23bc7b7ae648d4e0,d5ef23bc7b7ae648d4e0__100577c0__clean__seg0000__snr5,1.0
25,24,d5ef23bc7b7ae648d4e0,d5ef23bc7b7ae648d4e0__100577c0__clean__seg0000__snr0,1.0
25,24,d5ef23bc7b7ae648d4e0,d5ef23bc7b7ae648d4e0__a5264518__clean__seg0000__snr20,1.0
25,24,d5ef23bc7b7ae648d4e0,d5ef23bc7b7ae648d4e0__a5264518__clean__seg0000__snr10,1.0
25,24,d5ef23bc7b7ae648d4e0,d5ef23bc7b7ae648d4e0__a5264518__clean__seg0000__snr5,1.0
25,24,d5ef23bc7b7ae648d4e0,d5ef23bc7b7ae648d4e0__a5264518__clean__seg0000__snr0,1.0
25,24,d5ef23bc7b7ae648d4e0,d5ef23bc7b7ae648d4e0__42866335__clean__seg0000__snr20,1.0
25,24,d5ef23bc7b7ae648d4e0,d5ef23bc7b7ae648d4e0__42866335__clean__seg0000__snr10,1.0
25,24,d5ef23bc7b7ae648d4e0,d5ef23bc7b7ae648d4e0__42866335__clean__seg0000__snr5,1.0
25,24,d5ef23bc7b7ae648d4e0,d5ef23bc7b7ae648d4e0__42866335__clean__seg0000__snr0,1.0
25,24,d5ef23bc7b7ae648d4e0,d5ef23bc7b7ae648d4e0__c6c6d4dc__clean__seg0000__snr20,1.0
25,24,d5ef23bc7b7ae648d4e0,d5ef23bc7b7ae648d4e0__c6c6d4dc__clean__seg0000__snr10,1.0
25,24,d5ef23bc7b7ae648d4e0,d5ef23bc7b7ae648d4e0__c6c6d4dc__clean__seg0000__snr5,1.0
25,24,d5ef23bc7b7ae648d4e0,d5ef23bc7b7ae648d4e0__c6c6d4dc__clean__seg0000__snr0,1.0
25,24,d5ef23bc7b7ae648d4e0,d5ef23bc7b7ae648d4e0__4d7540cd__clean__seg0000__snr20,1.0
25,24,d5ef23bc7b7ae648d4e0,d5ef23bc7b7ae648d4e0__4d7540cd__clean__seg0000__snr10,1.0
25,24,d5ef23bc7b7ae648d4e0,d5ef23bc7b7ae648d4e0__4d7540cd__clean__seg0000__snr5,1.0
25,24,d5ef23bc7b7ae648d4e0,d5ef23bc7b7ae648d4e0__4d7540cd__clean__seg0000__snr0,1.0
25,24,d5ef23bc7b7ae648d4e0,d5ef23bc7b7ae648d4e0__f7718b76__clean__seg0000__snr20,1.0
25,24,d5ef23bc7b7ae648d4e0,d5ef23bc7b7ae648d4e0__f7718b76__clean__seg0000__snr10,1.0
25,24,d5ef23bc7b7ae648d4e0,d5ef23bc7b7ae648d4e0__f7718b76__clean__seg0000__snr5,1.0
25,24,d5ef23bc7b7ae648d4e0,d5ef23bc7b7ae648d4e0__f7718b76__clean__seg0000__snr0,1.0
25,24,d5ef23bc7b7ae648d4e0,d5ef23bc7b7ae648d4e0__6d203740__clean__seg0000__snr20,1.0
25,24,d5ef23bc7b7ae648d4e0,d5ef23bc7b7ae648d4e0__6d203740__clean__seg0000__snr10,1.0
25,24,d5ef23bc7b7ae648d4e0,d5ef23bc7b7ae648d4e0__6d203740__clean__seg0000__snr5,1.0
25,24,d5ef23bc7b7ae648d4e0,d5ef23bc7b7ae648d4e0__6d203740__clean__seg0000__snr0,1.0
25,24,d5ef23bc7b7ae648d4e0,d5ef23bc7b7ae648d4e0__fb1a34ca__clean__seg0000__snr20,1.0
25,24,d5ef23bc7b7ae648d4e0,d5ef23bc7b7ae648d4e0__fb1a34ca__clean__seg0000__snr10,1.0
25,24,d5ef23bc7b7ae648d4e0,d5ef23bc7b7ae648d4e0__fb1a34ca__clean__seg0000__snr5,1.0
25,24,d5ef23bc7b7ae648d4e0,d5ef23bc7b7ae648d4e0__fb1a34ca__clean__seg0000__snr0,1.0
25,24,d5ef23bc7b7ae648d4e0,d5ef23bc7b7ae648d4e0__ab89a980__clean__seg0000__snr20,1.0
25,24,d5ef23bc7b7ae648d4e0,d5ef23bc7b7ae648d4e0__ab89a980__clean__seg0000__snr10,1.0
25,24,d5ef23bc7b7ae648d4e0,d5ef23bc7b7ae648d4e0__ab89a980__clean__seg0000__snr5,1.0
25,24,d5ef23bc7b7ae648d4e0,d5ef23bc7b7ae648d4e0__ab89a980__clean__seg0000__snr0,1.0
25,24,d5ef23bc7b7ae648d4e0,d5ef23bc7b7ae648d4e0__c3593bd4__clean__seg0000__snr20,1.0
25,24,d5ef23bc7b7ae648d4e0,d5ef23bc7b7ae648d4e0__c3593bd4__clean__seg0000__snr10,1.0
25,24,d5ef23bc7b7ae648d4e0,d5ef23bc7b7ae648d4e0__c3593bd4__clean__seg0000__snr5,1.0
25,24,d5ef23bc7b7ae648d4e0,d5ef23bc7b7ae648d4e0__c3593bd4__clean__seg0000__snr0,1.0
25,24,d5ef23bc7b7ae648d4e0,d5ef23bc7b7ae648d4e0__aae14f1d__clean__seg0000__snr20,1.0
25,24,d5ef23bc7b7ae648d4e0,d5ef23bc7b7ae648d4e0__aae14f1d__clean__seg0000__snr10,1.0
25,24,d5ef23bc7b7ae648d4e0,d5ef23bc7b7ae648d4e0__aae14f1d__clean__seg0000__snr5,1.0
25,24,d5ef23bc7b7ae648d4e0,d5ef23bc7b7ae648d4e0__aae14f1d__clean__seg0000__snr0,1.0
25,24,d5ef23bc7b7ae648d4e0,d5ef23bc7b7ae648d4e0__4d34d7f8__clean__seg0000__snr20,1.0
25,24,d5ef23bc7b7ae648d4e0,d5ef23bc7b7ae648d4e0__4d34d7f8__clean__seg0000__snr10,1.0
25,24,d5ef23bc7b7ae648d4e0,d5ef23bc7b7ae648d4e0__4d34d7f8__clean__seg0000__snr5,1.0
25,24,d5ef23bc7b7ae648d4e0,d5ef23bc7b7ae648d4e0__4d34d7f8__clean__seg0000__snr0,1.0
25,24,d5ef23bc7b7ae648d4e0,d5ef23bc7b7ae648d4e0__5149915c__clean__seg0000__snr20,1.0
25,24,d5ef23bc7b7ae648d4e0,d5ef23bc7b7ae648d4e0__5149915c__clean__seg0000__snr10,1.0
25,24,d5ef23bc7b7ae648d4e0,d5ef23bc7b7ae648d4e0__5149915c__clean__seg0000__snr5,1.0
25,24,d5ef23bc7b7ae648d4e0,d5ef23bc7b7ae648d4e0__5149915c__clean__seg0000__snr0,1.0
25,24,d5ef23bc7b7ae648d4e0,d5ef23bc7b7ae648d4e0__84361d28__clean__seg0000__snr20,1.0
25,24,d5ef23bc7b7ae648d4e0,d5ef23bc7b7ae648d4e0__84361d28__clean__seg0000__snr10,1.0
25,24,d5ef23bc7b7ae648d4e0,d5ef23bc7b7ae648d4e0__84361d28__clean__seg0000__snr5,1.0
25,24,d5ef23bc7b7ae648d4e0,d5ef23bc7b7ae648d4e0__84361d28__clean__seg0000__snr0,1.0
25,24,d5ef23bc7b7ae648d4e0,d5ef23bc7b7ae648d4e0__7fe1964e__clean__seg0000__snr20,1.0
25,24,d5ef23bc7b7ae648d4e0,d5ef23bc7b7ae648d4e0__7fe1964e__clean__seg0000__snr10,1.0
25,24,d5ef23bc7b7ae648d4e0,d5ef23bc7b7ae648d4e0__7fe1964e__clean__seg0000__snr5,1.0
25,24,d5ef23bc7b7ae648d4e0,d5ef23bc7b7ae648d4e0__7fe1964e__clean__seg0000__snr0,1.0
25,24,d5ef23bc7b7ae648d4e0,d5ef23bc7b7ae648d4e0__25df2d9e__clean__seg0000__snr20,1.0
25,24,d5ef23bc7b7ae648d4e0,d5ef23bc7b7ae648d4e0__25df2d9e__clean__seg0000__snr10,1.0
25,24,d5ef23bc7b7ae648d4e0,d5ef23bc7b7ae648d4e0__25df2d9e__clean__seg0000__snr5,1.0
25,24,d5ef23bc7b7ae648d4e0,d5ef23bc7b7ae648d4e0__25df2d9e__clean__seg0000__snr0,1.0
25,24,d5ef23bc7b7ae648d4e0,d5ef23bc7b7ae648d4e0__bb7217eb__clean__seg0000__snr20,1.0
25,24,d5ef23bc7b7ae648d4e0,d5ef23bc7b7ae648d4e0__bb7217eb__clean__seg0000__snr10,1.0
25,24,d5ef23bc7b7ae648d4e0,d5ef23bc7b7ae648d4e0__bb7217eb__clean__seg0000__snr5,1.0
25,24,d5ef23bc7b7ae648d4e0,d5ef23bc7b7ae648d4e0__bb7217eb__clean__seg0000__snr0,1.0
25,24,d5ef23bc7b7ae648d4e0,d5ef23bc7b7ae648d4e0__35de8214__clean__seg0000__snr20,1.0
25,24,d5ef23bc7b7ae648d4e0,d5ef23bc7b7ae648d4e0__35de8214__clean__seg0000__snr10,1.0
25,24,d5ef23bc7b7ae648d4e0,d5ef23bc7b7ae648d4e0__35de8214__clean__seg0000__snr5,1.0
25,24,d5ef23bc7b7ae648d4e0,d5ef23bc7b7ae648d4e0__35de8214__clean__seg0000__snr0,1.0
25,24,d5ef23bc7b7ae648d4e0,d5ef23bc7b7ae648d4e0__b5e89b92__clean__seg0000__snr20,1.0
25,24,d5ef23bc7b7ae648d4e0,d5ef23bc7b7ae648d4e0__b5e89b92__clean__seg0000__snr10,1.0
25,24,d5ef23bc7b7ae648d4e0,d5ef23bc7b7ae648d4e0__b5e89b92__clean__seg0000__snr5,1.0
25,24,d5ef23bc7b7ae648d4e0,d5ef23bc7b7ae648d4e0__b5e89b92__clean__seg0000__snr0,1.0
25,24,d5ef23bc7b7ae648d4e0,d5ef23bc7b7ae648d4e0__76af3d34__clean__seg0000__snr20,1.0
25,24,d5ef23bc7b7ae648d4e0,d5ef23bc7b7ae648d4e0__76af3d34__clean__seg0000__snr10,1.0
25,24,d5ef23bc7b7ae648d4e0,d5ef23bc7b7ae648d4e0__76af3d34__clean__seg0000__snr5,1.0
25,24,d5ef23bc7b7ae648d4e0,d5ef23bc7b7ae648d4e0__76af3d34__clean__seg0000__snr0,1.0
25,24,d5ef23bc7b7ae648d4e0,d5ef23bc7b7ae648d4e0__9a8850ef__clean__seg0000__snr20,1.0
25,24,d5ef23bc7b7ae648d4e0,d5ef23bc7b7ae648d4e0__9a8850ef__clean__seg0000__snr10,1.0
25,24,d5ef23bc7b7ae648d4e0,d5ef23bc7b7ae648d4e0__9a8850ef__clean__seg0000__snr5,1.0
25,24,d5ef23bc7b7ae648d4e0,d5ef23bc7b7ae648d4e0__9a8850ef__clean__seg0000__snr0,1.0
25,24,d5ef23bc7b7ae648d4e0,d5ef23bc7b7ae648d4e0__3a58ab81__clean__seg0000__snr20,1.0
25,24,d5ef23bc7b7ae648d4e0,d5ef23bc7b7ae648d4e0__3a58ab81__clean__seg0000__snr10,1.0
25,24,d5ef23bc7b7ae648d4e0,d5ef23bc7b7ae648d4e0__3a58ab81__clean__seg0000__snr5,1.0
25,24,d5ef23bc7b7ae648d4e0,d5ef23bc7b7ae648d4e0__3a58ab81__clean__seg0000__snr0,1.0
25,24,d5ef23bc7b7ae648d4e0,d5ef23bc7b7ae648d4e0__12cfa90e__clean__seg0000__snr20,1.0
25,24,d5ef23bc7b7ae648d4e0,d5ef23bc7b7ae648d4e0__12cfa90e__clean__seg0000__snr10,1.0
25,24,d5ef23bc7b7ae648d4e0,d5ef23bc7b7ae648d4e0__12cfa90e__clean__seg0000__snr5,1.0
25,24,d5ef23bc7b7ae648d4e0,d5ef23bc7b7ae648d4e0__12cfa90e__clean__seg0000__snr0,1.0
25,24,d5ef23bc7b7ae648d4e0,d5ef23bc7b7ae648d4e0__5babf76d__clean__seg0000__snr20,1.0
25,24,d5ef23bc7b7ae648d4e0,d5ef23bc7b7ae648d4e0__5babf76d__clean__seg0000__snr10,1.0
25,24,d5ef23bc7b7ae648d4e0,d5ef23bc7b7ae648d4e0__5babf76d__clean__seg0000__snr5,1.0
25,24,d5ef23bc7b7ae648d4e0,d5ef23bc7b7ae648d4e0__5babf76d__clean__seg0000__snr0,1.0
25,24,d5ef23bc7b7ae648d4e0,d5ef23bc7b7ae648d4e0__fc19c035__clean__seg0000__snr20,1.0
25,24,d5ef23bc7b7ae648d4e0,d5ef23bc7b7ae648d4e0__fc19c035__clean__seg0000__snr10,1.0
25,24,d5ef23bc7b7ae648d4e0,d5ef23bc7b7ae648d4e0__fc19c035__clean__seg0000__snr5,1.0
25,24,d5ef23bc7b7ae648d4e0,d5ef23bc7b7ae648d4e0__fc19c035__clean__seg0000__snr0,1.0
25,24,d5ef23bc7b7ae648d4e0,d5ef23bc7b7ae648d4e0__85df97b2__clean__seg0000__snr20,1.0
25,24,d5ef23bc7b7ae648d4e0,d5ef23bc7b7ae648d4e0__85df97b2__clean__seg0000__snr10,1.0
25,24,d5ef23bc7b7ae648d4e0,d5ef23bc7b7ae648d4e0__85df97b2__clean__seg0000__snr5,1.0
25,24,d5ef23bc7b7ae648d4e0,d5ef23bc7b7ae648d4e0__85df97b2__clean__seg0000__snr0,1.0
25,24,d5ef23bc7b7ae648d4e0,d5ef23bc7b7ae648d4e0__16678e0f__clean__seg0000__snr20,1.0
25,24,d5ef23bc7b7ae648d4e0,d5ef23bc7b7ae648d4e0__16678e0f__clean__seg0000__snr10,1.0
25,24,d5ef23bc7b7ae648d4e0,d5ef23bc7b7ae648d4e0__16678e0f__clean__seg0000__snr5,1.0
25,24,d5ef23bc7b7ae648d4e0,d5ef23bc7b7ae648d4e0__16678e0f__clean__seg0000__snr0,1.0
25,24,d5ef23bc7b7ae648d4e0,d5ef23bc7b7ae648d4e0__6c75c259__clean__seg0000__snr20,1.0
25,24,d5ef23bc7b7ae648d4e0,d5ef23bc7b7ae648d4e0__6c75c259__clean__seg0000__snr10,1.0
25,24,d5ef23bc7b7ae648d4e0,d5ef23bc7b7ae648d4e0__6c75c259__clean__seg0000__snr5,1.0
25,24,d5ef23bc7b7ae648d4e0,d5ef23bc7b7ae648d4e0__6c75c259__clean__seg0000__snr0,1.0
25,24,d5ef23bc7b7ae648d4e0,d5ef23bc7b7ae648d4e0__c3b50aa9__clean__seg0000__snr20,1.0
25,24,d5ef23bc7b7ae648d4e0,d5ef23bc7b7ae648d4e0__c3b50aa9__clean__seg0000__snr10,1.0
25,24,d5ef23bc7b7ae648d4e0,d5ef23bc7b7ae648d4e0__c3b50aa9__clean__seg0000__snr5,1.0
25,24,d5ef23bc7b7ae648d4e0,d5ef23bc7b7ae648d4e0__c3b50aa9__clean__seg0000__snr0,1.0
25,24,d5ef23bc7b7ae648d4e0,d5ef23bc7b7ae648d4e0__9331e397__clean__seg0000__snr20,1.0
25,24,d5ef23bc7b7ae648d4e0,d5ef23bc7b7ae648d4e0__9331e397__clean__seg0000__snr10,1.0
25,24,d5ef23bc7b7ae648d4e0,d5ef23bc7b7ae648d4e0__9331e397__clean__seg0000__snr5,1.0
25,24,d5ef23bc7b7ae648d4e0,d5ef23bc7b7ae648d4e0__9331e397__clean__seg0000__snr0,1.0
25,24,d5ef23bc7b7ae648d4e0,d5ef23bc7b7ae648d4e0__bc6b33ae__clean__seg0000__snr20,1.0
25,24,d5ef23bc7b7ae648d4e0,d5ef23bc7b7ae648d4e0__bc6b33ae__clean__seg0000__snr10,1.0
25,24,d5ef23bc7b7ae648d4e0,d5ef23bc7b7ae648d4e0__bc6b33ae__clean__seg0000__snr5,1.0
25,24,d5ef23bc7b7ae648d4e0,d5ef23bc7b7ae648d4e0__bc6b33ae__clean__seg0000__snr0,1.0
25,24,d5ef23bc7b7ae648d4e0,d5ef23bc7b7ae648d4e0__567a6105__clean__seg0000__snr20,1.0
25,24,d5ef23bc7b7ae648d4e0,d5ef23bc7b7ae648d4e0__567a6105__clean__seg0000__snr10,1.0
25,24,d5ef23bc7b7ae648d4e0,d5ef23bc7b7ae648d4e0__567a6105__clean__seg0000__snr5,1.0
25,24,d5ef23bc7b7ae648d4e0,d5ef23bc7b7ae648d4e0__567a6105__clean__seg0000__snr0,1.0
25,24,d5ef23bc7b7ae648d4e0,d5ef23bc7b7ae648d4e0__9918c29c__clean__seg0000__snr20,1.0
25,24,d5ef23bc7b7ae648d4e0,d5ef23bc7b7ae648d4e0__9918c29c__clean__seg0000__snr10,1.0
25,24,d5ef23bc7b7ae648d4e0,d5ef23bc7b7ae648d4e0__9918c29c__clean__seg0000__snr5,1.0
25,24,d5ef23bc7b7ae648d4e0,d5ef23bc7b7ae648d4e0__9918c29c__clean__seg0000__snr0,1.0
25,24,d5ef23bc7b7ae648d4e0,d5ef23bc7b7ae648d4e0__c75ae4cd__clean__seg0000__snr20,1.0
25,24,d5ef23bc7b7ae648d4e0,d5ef23bc7b7ae648d4e0__c75ae4cd__clean__seg0000__snr10,1.0
25,24,d5ef23bc7b7ae648d4e0,d5ef23bc7b7ae648d4e0__c75ae4cd__clean__seg0000__snr5,1.0
25,24,d5ef23bc7b7ae648d4e0,d5ef23bc7b7ae648d4e0__c75ae4cd__clean__seg0000__snr0,1.0
25,24,d5ef23bc7b7ae648d4e0,d5ef23bc7b7ae648d4e0__64f27685__clean__seg0000__snr20,1.0
25,24,d5ef23bc7b7ae648d4e0,d5ef23bc7b7ae648d4e0__64f27685__clean__seg0000__snr10,1.0
25,24,d5ef23bc7b7ae648d4e0,d5ef23bc7b7ae648d4e0__64f27685__clean__seg0000__snr5,1.0
25,24,d5ef23bc7b7ae648d4e0,d5ef23bc7b7ae648d4e0__64f27685__clean__seg0000__snr0,1.0
25,24,d5ef23bc7b7ae648d4e0,d5ef23bc7b7ae648d4e0__4506006c__clean__seg0000__snr20,1.0
25,24,d5ef23bc7b7ae648d4e0,d5ef23bc7b7ae648d4e0__4506006c__clean__seg0000__snr10,1.0
25,24,d5ef23bc7b7ae648d4e0,d5ef23bc7b7ae648d4e0__4506006c__clean__seg0000__snr5,1.0
25,24,d5ef23bc7b7ae648d4e0,d5ef23bc7b7ae648d4e0__4506006c__clean__seg0000__snr0,1.0
25,24,d5ef23bc7b7ae648d4e0,d5ef23bc7b7ae648d4e0__bc8921b5__clean__seg0000__snr20,1.0
25,24,d5ef23bc7b7ae648d4e0,d5ef23bc7b7ae648d4e0__bc8921b5__clean__seg0000__snr10,1.0
25,24,d5ef23bc7b7ae648d4e0,d5ef23bc7b7ae648d4e0__bc8921b5__clean__seg0000__snr5,1.0
25,24,d5ef23bc7b7ae648d4e0,d5ef23bc7b7ae648d4e0__bc8921b5__clean__seg0000__snr0,1.0
25,24,d5ef23bc7b7ae648d4e0,d5ef23bc7b7ae648d4e0__7b3e3dd7__clean__seg0000__snr20,1.0
25,24,d5ef23bc7b7ae648d4e0,d5ef23bc7b7ae648d4e0__7b3e3dd7__clean__seg0000__snr10,1.0
25,24,d5ef23bc7b7ae648d4e0,d5ef23bc7b7ae648d4e0__7b3e3dd7__clean__seg0000__snr5,1.0
25,24,d5ef23bc7b7ae648d4e0,d5ef23bc7b7ae648d4e0__7b3e3dd7__clean__seg0000__snr0,1.0
25,24,d5ef23bc7b7ae648d4e0,d5ef23bc7b7ae648d4e0__47544e67__clean__seg0000__snr20,1.0
25,24,d5ef23bc7b7ae648d4e0,d5ef23bc7b7ae648d4e0__47544e67__clean__seg0000__snr10,1.0
25,24,d5ef23bc7b7ae648d4e0,d5ef23bc7b7ae648d4e0__47544e67__clean__seg0000__snr5,1.0
25,24,d5ef23bc7b7ae648d4e0,d5ef23bc7b7ae648d4e0__47544e67__clean__seg0000__snr0,1.0
25,24,d5ef23bc7b7ae648d4e0,d5ef23bc7b7ae648d4e0__0eb18f20__clean__seg0000__snr20,1.0
25,24,d5ef23bc7b7ae648d4e0,d5ef23bc7b7ae648d4e0__0eb18f20__clean__seg0000__snr10,1.0
25,24,d5ef23bc7b7ae648d4e0,d5ef23bc7b7ae648d4e0__0eb18f20__clean__seg0000__snr5,1.0
25,24,d5ef23bc7b7ae648d4e0,d5ef23bc7b7ae648d4e0__0eb18f20__clean__seg0000__snr0,1.0
25,24,d5ef23bc7b7ae648d4e0,d5ef23bc7b7ae648d4e0__7bb7d075__clean__seg0000__snr20,1.0
25,24,d5ef23bc7b7ae648d4e0,d5ef23bc7b7ae648d4e0__7bb7d075__clean__seg0000__snr10,1.0
25,24,d5ef23bc7b7ae648d4e0,d5ef23bc7b7ae648d4e0__7bb7d075__clean__seg0000__snr5,1.0
25,24,d5ef23bc7b7ae648d4e0,d5ef23bc7b7ae648d4e0__7bb7d075__clean__seg0000__snr0,1.0
25,24,d5ef23bc7b7ae648d4e0,d5ef23bc7b7ae648d4e0__a7e4b422__clean__seg0000__snr20,1.0
25,24,d5ef23bc7b7ae648d4e0,d5ef23bc7b7ae648d4e0__a7e4b422__clean__seg0000__snr10,1.0
25,24,d5ef23bc7b7ae648d4e0,d5ef23bc7b7ae648d4e0__a7e4b422__clean__seg0000__snr5,1.0
25,24,d5ef23bc7b7ae648d4e0,d5ef23bc7b7ae648d4e0__a7e4b422__clean__seg0000__snr0,1.0
25,24,d5ef23bc7b7ae648d4e0,d5ef23bc7b7ae648d4e0__7f12d59e__clean__seg0000__snr20,1.0
25,24,d5ef23bc7b7ae648d4e0,d5ef23bc7b7ae648d4e0__7f12d59e__clean__seg0000__snr10,1.0
25,24,d5ef23bc7b7ae648d4e0,d5ef23bc7b7ae648d4e0__7f12d59e__clean__seg0000__snr5,1.0
25,24,d5ef23bc7b7ae648d4e0,d5ef23bc7b7ae648d4e0__7f12d59e__clean__seg0000__snr0,1.0
25,24,d5ef23bc7b7ae648d4e0,d5ef23bc7b7ae648d4e0__f39b6799__clean__seg0000__snr20,1.0
25,24,d5ef23bc7b7ae648d4e0,d5ef23bc7b7ae648d4e0__f39b6799__clean__seg0000__snr10,1.0
25,24,d5ef23bc7b7ae648d4e0,d5ef23bc7b7ae648d4e0__f39b6799__clean__seg0000__snr5,1.0
25,24,d5ef23bc7b7ae648d4e0,d5ef23bc7b7ae648d4e0__f39b6799__clean__seg0000__snr0,1.0
25,24,d5ef23bc7b7ae648d4e0,d5ef23bc7b7ae648d4e0__62ca1949__clean__seg0000__snr20,1.0
25,24,d5ef23bc7b7ae648d4e0,d5ef23bc7b7ae648d4e0__62ca1949__clean__seg0000__snr10,1.0
25,24,d5ef23bc7b7ae648d4e0,d5ef23bc7b7ae648d4e0__62ca1949__clean__seg0000__snr5,1.0
25,24,d5ef23bc7b7ae648d4e0,d5ef23bc7b7ae648d4e0__62ca1949__clean__seg0000__snr0,1.0
25,24,d5ef23bc7b7ae648d4e0,d5ef23bc7b7ae648d4e0__2d6f2b70__clean__seg0000__snr20,1.0
25,24,d5ef23bc7b7ae648d4e0,d5ef23bc7b7ae648d4e0__2d6f2b70__clean__seg0000__snr10,1.0
25,24,d5ef23bc7b7ae648d4e0,d5ef23bc7b7ae648d4e0__2d6f2b70__clean__seg0000__snr5,1.0
25,24,d5ef23bc7b7ae648d4e0,d5ef23bc7b7ae648d4e0__2d6f2b70__clean__seg0000__snr0,1.0
25,24,d5ef23bc7b7ae648d4e0,d5ef23bc7b7ae648d4e0__cb50570c__clean__seg0000__snr20,1.0
25,24,d5ef23bc7b7ae648d4e0,d5ef23bc7b7ae648d4e0__cb50570c__clean__seg0000__snr10,1.0
25,24,d5ef23bc7b7ae648d4e0,d5ef23bc7b7ae648d4e0__cb50570c__clean__seg0000__snr5,1.0
25,24,d5ef23bc7b7ae648d4e0,d5ef23bc7b7ae648d4e0__cb50570c__clean__seg0000__snr0,1.0
25,24,d5ef23bc7b7ae648d4e0,d5ef23bc7b7ae648d4e0__5b2f4f9a__clean__seg0000__snr20,1.0
25,24,d5ef23bc7b7ae648d4e0,d5ef23bc7b7ae648d4e0__5b2f4f9a__clean__seg0000__snr10,1.0
25,24,d5ef23bc7b7ae648d4e0,d5ef23bc7b7ae648d4e0__5b2f4f9a__clean__seg0000__snr5,1.0
25,24,d5ef23bc7b7ae648d4e0,d5ef23bc7b7ae648d4e0__5b2f4f9a__clean__seg0000__snr0,1.0
25,24,d5ef23bc7b7ae648d4e0,d5ef23bc7b7ae648d4e0__45bfae9a__clean__seg0000__snr20,1.0
25,24,d5ef23bc7b7ae648d4e0,d5ef23bc7b7ae648d4e0__45bfae9a__clean__seg0000__snr10,1.0
25,24,d5ef23bc7b7ae648d4e0,d5ef23bc7b7ae648d4e0__45bfae9a__clean__seg0000__snr5,1.0
25,24,d5ef23bc7b7ae648d4e0,d5ef23bc7b7ae648d4e0__45bfae9a__clean__seg0000__snr0,1.0
25,24,d5ef23bc7b7ae648d4e0,d5ef23bc7b7ae648d4e0__94cc9542__clean__seg0000__snr20,1.0
25,24,d5ef23bc7b7ae648d4e0,d5ef23bc7b7ae648d4e0__94cc9542__clean__seg0000__snr10,1.0
25,24,d5ef23bc7b7ae648d4e0,d5ef23bc7b7ae648d4e0__94cc9542__clean__seg0000__snr5,1.0
25,24,d5ef23bc7b7ae648d4e0,d5ef23bc7b7ae648d4e0__94cc9542__clean__seg0000__snr0,1.0
25,24,d5ef23bc7b7ae648d4e0,d5ef23bc7b7ae648d4e0__e66ef3cb__clean__seg0000__snr20,1.0
25,24,d5ef23bc7b7ae648d4e0,d5ef23bc7b7ae648d4e0__e66ef3cb__clean__seg0000__snr10,1.0
25,24,d5ef23bc7b7ae648d4e0,d5ef23bc7b7ae648d4e0__e66ef3cb__clean__seg0000__snr5,1.0
25,24,d5ef23bc7b7ae648d4e0,d5ef23bc7b7ae648d4e0__e66ef3cb__clean__seg0000__snr0,1.0
25,24,d5ef23bc7b7ae648d4e0,d5ef23bc7b7ae648d4e0__863a6a30__clean__seg0000__snr20,1.0
25,24,d5ef23bc7b7ae648d4e0,d5ef23bc7b7ae648d4e0__863a6a30__clean__seg0000__snr10,1.0
25,24,d5ef23bc7b7ae648d4e0,d5ef23bc7b7ae648d4e0__863a6a30__clean__seg0000__snr5,1.0
25,24,d5ef23bc7b7ae648d4e0,d5ef23bc7b7ae648d4e0__863a6a30__clean__seg0000__snr0,1.0
25,24,d5ef23bc7b7ae648d4e0,d5ef23bc7b7ae648d4e0__c5f63a4f__clean__seg0000__snr20,1.0
25,24,d5ef23bc7b7ae648d4e0,d5ef23bc7b7ae648d4e0__c5f63a4f__clean__seg0000__snr10,1.0
25,24,d5ef23bc7b7ae648d4e0,d5ef23bc7b7ae648d4e0__c5f63a4f__clean__seg0000__snr5,1.0
25,24,d5ef23bc7b7ae648d4e0,d5ef23bc7b7ae648d4e0__c5f63a4f__clean__seg0000__snr0,1.0
25,24,d5ef23bc7b7ae648d4e0,d5ef23bc7b7ae648d4e0__cdede782__clean__seg0000__snr20,1.0
25,24,d5ef23bc7b7ae648d4e0,d5ef23bc7b7ae648d4e0__cdede782__clean__seg0000__snr10,1.0
25,24,d5ef23bc7b7ae648d4e0,d5ef23bc7b7ae648d4e0__cdede782__clean__seg0000__snr5,1.0
25,24,d5ef23bc7b7ae648d4e0,d5ef23bc7b7ae648d4e0__cdede782__clean__seg0000__snr0,1.0
25,24,d5ef23bc7b7ae648d4e0,d5ef23bc7b7ae648d4e0__28a45371__clean__seg0000__snr20,1.0
25,24,d5ef23bc7b7ae648d4e0,d5ef23bc7b7ae648d4e0__28a45371__clean__seg0000__snr10,1.0
25,24,d5ef23bc7b7ae648d4e0,d5ef23bc7b7ae648d4e0__28a45371__clean__seg0000__snr5,1.0
25,24,d5ef23bc7b7ae648d4e0,d5ef23bc7b7ae648d4e0__28a45371__clean__seg0000__snr0,1.0
25,24,d5ef23bc7b7ae648d4e0,d5ef23bc7b7ae648d4e0__3ba5e612__clean__seg0000__snr20,1.0
25,24,d5ef23bc7b7ae648d4e0,d5ef23bc7b7ae648d4e0__3ba5e612__clean__seg0000__snr10,1.0
25,24,d5ef23bc7b7ae648d4e0,d5ef23bc7b7ae648d4e0__3ba5e612__clean__seg0000__snr5,1.0
25,24,d5ef23bc7b7ae648d4e0,d5ef23bc7b7ae648d4e0__3ba5e612__clean__seg0000__snr0,1.0
25,24,d5ef23bc7b7ae648d4e0,d5ef23bc7b7ae648d4e0__2e47a764__clean__seg0000__snr20,1.0
25,24,d5ef23bc7b7ae648d4e0,d5ef23bc7b7ae648d4e0__2e47a764__clean__seg0000__snr10,1.0
25,24,d5ef23bc7b7ae648d4e0,d5ef23bc7b7ae648d4e0__2e47a764__clean__seg0000__snr5,1.0
25,24,d5ef23bc7b7ae648d4e0,d5ef23bc7b7ae648d4e0__2e47a764__clean__seg0000__snr0,1.0
25,24,d5ef23bc7b7ae648d4e0,d5ef23bc7b7ae648d4e0__065abd93__clean__seg0000__snr20,1.0
25,24,d5ef23bc7b7ae648d4e0,d5ef23bc7b7ae648d4e0__065abd93__clean__seg0000__snr10,1.0
25,24,d5ef23bc7b7ae648d4e0,d5ef23bc7b7ae648d4e0__065abd93__clean__seg0000__snr5,1.0
25,24,d5ef23bc7b7ae648d4e0,d5ef23bc7b7ae648d4e0__065abd93__clean__seg0000__snr0,1.0
25,24,d5ef23bc7b7ae648d4e0,d5ef23bc7b7ae648d4e0__4a051a7d__clean__seg0000__snr20,1.0
25,24,d5ef23bc7b7ae648d4e0,d5ef23bc7b7ae648d4e0__4a051a7d__clean__seg0000__snr10,1.0
25,24,d5ef23bc7b7ae648d4e0,d5ef23bc7b7ae648d4e0__4a051a7d__clean__seg0000__snr5,1.0
25,24,d5ef23bc7b7ae648d4e0,d5ef23bc7b7ae648d4e0__4a051a7d__clean__seg0000__snr0,1.0
25,24,d5ef23bc7b7ae648d4e0,d5ef23bc7b7ae648d4e0__f69f7220__clean__seg0000__snr20,1.0
25,24,d5ef23bc7b7ae648d4e0,d5ef23bc7b7ae648d4e0__f69f7220__clean__seg0000__snr10,1.0
25,24,d5ef23bc7b7ae648d4e0,d5ef23bc7b7ae648d4e0__f69f7220__clean__seg0000__snr5,1.0
25,24,d5ef23bc7b7ae648d4e0,d5ef23bc7b7ae648d4e0__f69f7220__clean__seg0000__snr0,1.0
25,24,d5ef23bc7b7ae648d4e0,d5ef23bc7b7ae648d4e0__d35d653e__clean__seg0000__snr20,1.0
25,24,d5ef23bc7b7ae648d4e0,d5ef23bc7b7ae648d4e0__d35d653e__clean__seg0000__snr10,1.0
25,24,d5ef23bc7b7ae648d4e0,d5ef23bc7b7ae648d4e0__d35d653e__clean__seg0000__snr5,1.0
25,24,d5ef23bc7b7ae648d4e0,d5ef23bc7b7ae648d4e0__d35d653e__clean__seg0000__snr0,1.0
25,24,d5ef23bc7b7ae648d4e0,d5ef23bc7b7ae648d4e0__20730490__clean__seg0000__snr20,1.0
25,24,d5ef23bc7b7ae648d4e0,d5ef23bc7b7ae648d4e0__20730490__clean__seg0000__snr10,1.0
25,24,d5ef23bc7b7ae648d4e0,d5ef23bc7b7ae648d4e0__20730490__clean__seg0000__snr5,1.0
25,24,d5ef23bc7b7ae648d4e0,d5ef23bc7b7ae648d4e0__20730490__clean__seg0000__snr0,1.0
25,24,d5ef23bc7b7ae648d4e0,d5ef23bc7b7ae648d4e0__b2978236__clean__seg0000__snr20,1.0
25,24,d5ef23bc7b7ae648d4e0,d5ef23bc7b7ae648d4e0__b2978236__clean__seg0000__snr10,1.0
25,24,d5ef23bc7b7ae648d4e0,d5ef23bc7b7ae648d4e0__b2978236__clean__seg0000__snr5,1.0
25,24,d5ef23bc7b7ae648d4e0,d5ef23bc7b7ae648d4e0__b2978236__clean__seg0000__snr0,1.0
25,24,d5ef23bc7b7ae648d4e0,d5ef23bc7b7ae648d4e0__900ff92c__clean__seg0000__snr20,1.0
25,24,d5ef23bc7b7ae648d4e0,d5ef23bc7b7ae648d4e0__900ff92c__clean__seg0000__snr10,1.0
25,24,d5ef23bc7b7ae648d4e0,d5ef23bc7b7ae648d4e0__900ff92c__clean__seg0000__snr5,1.0
25,24,d5ef23bc7b7ae648d4e0,d5ef23bc7b7ae648d4e0__900ff92c__clean__seg0000__snr0,1.0
25,24,d5ef23bc7b7ae648d4e0,d5ef23bc7b7ae648d4e0__4ee18e78__clean__seg0000__snr20,1.0
25,24,d5ef23bc7b7ae648d4e0,d5ef23bc7b7ae648d4e0__4ee18e78__clean__seg0000__snr10,1.0
25,24,d5ef23bc7b7ae648d4e0,d5ef23bc7b7ae648d4e0__4ee18e78__clean__seg0000__snr5,1.0
25,24,d5ef23bc7b7ae648d4e0,d5ef23bc7b7ae648d4e0__4ee18e78__clean__seg0000__snr0,1.0
25,24,d5ef23bc7b7ae648d4e0,d5ef23bc7b7ae648d4e0__f4e08324__clean__seg0000__snr20,1.0
25,24,d5ef23bc7b7ae648d4e0,d5ef23bc7b7ae648d4e0__f4e08324__clean__seg0000__snr10,1.0
25,24,d5ef23bc7b7ae648d4e0,d5ef23bc7b7ae648d4e0__f4e08324__clean__seg0000__snr5,1.0
25,24,d5ef23bc7b7ae648d4e0,d5ef23bc7b7ae648d4e0__f4e08324__clean__seg0000__snr0,1.0
25,24,d5ef23bc7b7ae648d4e0,d5ef23bc7b7ae648d4e0__79279d42__clean__seg0000__snr20,1.0
25,24,d5ef23bc7b7ae648d4e0,d5ef23bc7b7ae648d4e0__79279d42__clean__seg0000__snr10,1.0
25,24,d5ef23bc7b7ae648d4e0,d5ef23bc7b7ae648d4e0__79279d42__clean__seg0000__snr5,1.0
25,24,d5ef23bc7b7ae648d4e0,d5ef23bc7b7ae648d4e0__79279d42__clean__seg0000__snr0,1.0
25,24,d5ef23bc7b7ae648d4e0,d5ef23bc7b7ae648d4e0__77a2613c__clean__seg0000__snr20,1.0
25,24,d5ef23bc7b7ae648d4e0,d5ef23bc7b7ae648d4e0__77a2613c__clean__seg0000__snr10,1.0
25,24,d5ef23bc7b7ae648d4e0,d5ef23bc7b7ae648d4e0__77a2613c__clean__seg0000__snr5,1.0
25,24,d5ef23bc7b7ae648d4e0,d5ef23bc7b7ae648d4e0__77a2613c__clean__seg0000__snr0,1.0
25,24,d5ef23bc7b7ae648d4e0,d5ef23bc7b7ae648d4e0__4e3d6e8a__clean__seg0000__snr20,1.0
25,24,d5ef23bc7b7ae648d4e0,d5ef23bc7b7ae648d4e0__4e3d6e8a__clean__seg0000__snr10,1.0
25,24,d5ef23bc7b7ae648d4e0,d5ef23bc7b7ae648d4e0__4e3d6e8a__clean__seg0000__snr5,1.0
25,24,d5ef23bc7b7ae648d4e0,d5ef23bc7b7ae648d4e0__4e3d6e8a__clean__seg0000__snr0,1.0
25,24,d5ef23bc7b7ae648d4e0,d5ef23bc7b7ae648d4e0__c29566af__clean__seg0000__snr20,1.0
25,24,d5ef23bc7b7ae648d4e0,d5ef23bc7b7ae648d4e0__c29566af__clean__seg0000__snr10,1.0
25,24,d5ef23bc7b7ae648d4e0,d5ef23bc7b7ae648d4e0__c29566af__clean__seg0000__snr5,1.0
25,24,d5ef23bc7b7ae648d4e0,d5ef23bc7b7ae648d4e0__c29566af__clean__seg0000__snr0,1.0
25,24,d5ef23bc7b7ae648d4e0,d5ef23bc7b7ae648d4e0__8ba0974b__clean__seg0000__snr20,1.0
25,24,d5ef23bc7b7ae648d4e0,d5ef23bc7b7ae648d4e0__8ba0974b__clean__seg0000__snr10,1.0
25,24,d5ef23bc7b7ae648d4e0,d5ef23bc7b7ae648d4e0__8ba0974b__clean__seg0000__snr5,1.0
25,24,d5ef23bc7b7ae648d4e0,d5ef23bc7b7ae648d4e0__8ba0974b__clean__seg0000__snr0,1.0
25,24,d5ef23bc7b7ae648d4e0,d5ef23bc7b7ae648d4e0__076077c3__clean__seg0000__snr20,1.0
25,24,d5ef23bc7b7ae648d4e0,d5ef23bc7b7ae648d4e0__076077c3__clean__seg0000__snr10,1.0
25,24,d5ef23bc7b7ae648d4e0,d5ef23bc7b7ae648d4e0__076077c3__clean__seg0000__snr5,1.0
25,24,d5ef23bc7b7ae648d4e0,d5ef23bc7b7ae648d4e0__076077c3__clean__seg0000__snr0,1.0
25,24,d5ef23bc7b7ae648d4e0,d5ef23bc7b7ae648d4e0__57cd7379__clean__seg0000__snr20,1.0
25,24,d5ef23bc7b7ae648d4e0,d5ef23bc7b7ae648d4e0__57cd7379__clean__seg0000__snr10,1.0
25,24,d5ef23bc7b7ae648d4e0,d5ef23bc7b7ae648d4e0__57cd7379__clean__seg0000__snr5,1.0
25,24,d5ef23bc7b7ae648d4e0,d5ef23bc7b7ae648d4e0__57cd7379__clean__seg0000__snr0,1.0
25,24,d5ef23bc7b7ae648d4e0,d5ef23bc7b7ae648d4e0__4d03135c__clean__seg0000__snr20,1.0
25,24,d5ef23bc7b7ae648d4e0,d5ef23bc7b7ae648d4e0__4d03135c__clean__seg0000__snr10,1.0
25,24,d5ef23bc7b7ae648d4e0,d5ef23bc7b7ae648d4e0__4d03135c__clean__seg0000__snr5,1.0
25,24,d5ef23bc7b7ae648d4e0,d5ef23bc7b7ae648d4e0__4d03135c__clean__seg0000__snr0,1.0
25,24,d5ef23bc7b7ae648d4e0,d5ef23bc7b7ae648d4e0__ac72e2c5__clean__seg0000__snr20,1.0
25,24,d5ef23bc7b7ae648d4e0,d5ef23bc7b7ae648d4e0__ac72e2c5__clean__seg0000__snr10,1.0
25,24,d5ef23bc7b7ae648d4e0,d5ef23bc7b7ae648d4e0__ac72e2c5__clean__seg0000__snr5,1.0
25,24,d5ef23bc7b7ae648d4e0,d5ef23bc7b7ae648d4e0__ac72e2c5__clean__seg0000__snr0,1.0
25,24,d5ef23bc7b7ae648d4e0,d5ef23bc7b7ae648d4e0__29cf513a__clean__seg0000__snr20,1.0
25,24,d5ef23bc7b7ae648d4e0,d5ef23bc7b7ae648d4e0__29cf513a__clean__seg0000__snr10,1.0
25,24,d5ef23bc7b7ae648d4e0,d5ef23bc7b7ae648d4e0__29cf513a__clean__seg0000__snr5,1.0
25,24,d5ef23bc7b7ae648d4e0,d5ef23bc7b7ae648d4e0__29cf513a__clean__seg0000__snr0,1.0
25,24,d5ef23bc7b7ae648d4e0,d5ef23bc7b7ae648d4e0__57469f01__clean__seg0000__snr20,1.0
25,24,d5ef23bc7b7ae648d4e0,d5ef23bc7b7ae648d4e0__57469f01__clean__seg0000__snr10,1.0
25,24,d5ef23bc7b7ae648d4e0,d5ef23bc7b7ae648d4e0__57469f01__clean__seg0000__snr5,1.0
25,24,d5ef23bc7b7ae648d4e0,d5ef23bc7b7ae648d4e0__57469f01__clean__seg0000__snr0,1.0
25,24,d5ef23bc7b7ae648d4e0,d5ef23bc7b7ae648d4e0__6c77292b__clean__seg0000__snr20,1.0
25,24,d5ef23bc7b7ae648d4e0,d5ef23bc7b7ae648d4e0__6c77292b__clean__seg0000__snr10,1.0
25,24,d5ef23bc7b7ae648d4e0,d5ef23bc7b7ae648d4e0__6c77292b__clean__seg0000__snr5,1.0
25,24,d5ef23bc7b7ae648d4e0,d5ef23bc7b7ae648d4e0__6c77292b__clean__seg0000__snr0,1.0
25,24,d5ef23bc7b7ae648d4e0,d5ef23bc7b7ae648d4e0__fb594a27__clean__seg0000__snr20,1.0
25,24,d5ef23bc7b7ae648d4e0,d5ef23bc7b7ae648d4e0__fb594a27__clean__seg0000__snr10,1.0
25,24,d5ef23bc7b7ae648d4e0,d5ef23bc7b7ae648d4e0__fb594a27__clean__seg0000__snr5,1.0
25,24,d5ef23bc7b7ae648d4e0,d5ef23bc7b7ae648d4e0__fb594a27__clean__seg0000__snr0,1.0
25,24,d5ef23bc7b7ae648d4e0,d5ef23bc7b7ae648d4e0__64230c6b__clean__seg0000__snr20,1.0
25,24,d5ef23bc7b7ae648d4e0,d5ef23bc7b7ae648d4e0__64230c6b__clean__seg0000__snr10,1.0
25,24,d5ef23bc7b7ae648d4e0,d5ef23bc7b7ae648d4e0__64230c6b__clean__seg0000__snr5,1.0
25,24,d5ef23bc7b7ae648d4e0,d5ef23bc7b7ae648d4e0__64230c6b__clean__seg0000__snr0,1.0
25,24,d5ef23bc7b7ae648d4e0,d5ef23bc7b7ae648d4e0__286f03f4__clean__seg0000__snr20,1.0
25,24,d5ef23bc7b7ae648d4e0,d5ef23bc7b7ae648d4e0__286f03f4__clean__seg0000__snr10,1.0
25,24,d5ef23bc7b7ae648d4e0,d5ef23bc7b7ae648d4e0__286f03f4__clean__seg0000__snr5,1.0
25,24,d5ef23bc7b7ae648d4e0,d5ef23bc7b7ae648d4e0__286f03f4__clean__seg0000__snr0,1.0
25,24,d5ef23bc7b7ae648d4e0,d5ef23bc7b7ae648d4e0__81c1f928__clean__seg0000__snr20,1.0
25,24,d5ef23bc7b7ae648d4e0,d5ef23bc7b7ae648d4e0__81c1f928__clean__seg0000__snr10,1.0
25,24,d5ef23bc7b7ae648d4e0,d5ef23bc7b7ae648d4e0__81c1f928__clean__seg0000__snr5,1.0
25,24,d5ef23bc7b7ae648d4e0,d5ef23bc7b7ae648d4e0__81c1f928__clean__seg0000__snr0,1.0
25,24,d5ef23bc7b7ae648d4e0,d5ef23bc7b7ae648d4e0__7185a2c1__clean__seg0000__snr20,1.0
25,24,d5ef23bc7b7ae648d4e0,d5ef23bc7b7ae648d4e0__7185a2c1__clean__seg0000__snr10,1.0
25,24,d5ef23bc7b7ae648d4e0,d5ef23bc7b7ae648d4e0__7185a2c1__clean__seg0000__snr5,1.0
25,24,d5ef23bc7b7ae648d4e0,d5ef23bc7b7ae648d4e0__7185a2c1__clean__seg0000__snr0,1.0
25,24,d5ef23bc7b7ae648d4e0,d5ef23bc7b7ae648d4e0__8f1c232b__clean__seg0000__snr20,1.0
25,24,d5ef23bc7b7ae648d4e0,d5ef23bc7b7ae648d4e0__8f1c232b__clean__seg0000__snr10,1.0
25,24,d5ef23bc7b7ae648d4e0,d5ef23bc7b7ae648d4e0__8f1c232b__clean__seg0000__snr5,1.0
25,24,d5ef23bc7b7ae648d4e0,d5ef23bc7b7ae648d4e0__8f1c232b__clean__seg0000__snr0,1.0
25,24,d5ef23bc7b7ae648d4e0,d5ef23bc7b7ae648d4e0__8b62977e__clean__seg0000__snr20,1.0
25,24,d5ef23bc7b7ae648d4e0,d5ef23bc7b7ae648d4e0__8b62977e__clean__seg0000__snr10,1.0
25,24,d5ef23bc7b7ae648d4e0,d5ef23bc7b7ae648d4e0__8b62977e__clean__seg0000__snr5,1.0
25,24,d5ef23bc7b7ae648d4e0,d5ef23bc7b7ae648d4e0__8b62977e__clean__seg0000__snr0,1.0
25,24,d5ef23bc7b7ae648d4e0,d5ef23bc7b7ae648d4e0__90bd6a30__clean__seg0000__snr20,1.0
25,24,d5ef23bc7b7ae648d4e0,d5ef23bc7b7ae648d4e0__90bd6a30__clean__seg0000__snr10,1.0
25,24,d5ef23bc7b7ae648d4e0,d5ef23bc7b7ae648d4e0__90bd6a30__clean__seg0000__snr5,1.0
25,24,d5ef23bc7b7ae648d4e0,d5ef23bc7b7ae648d4e0__90bd6a30__clean__seg0000__snr0,1.0
25,24,d5ef23bc7b7ae648d4e0,d5ef23bc7b7ae648d4e0__b393ff28__clean__seg0000__snr20,1.0
25,24,d5ef23bc7b7ae648d4e0,d5ef23bc7b7ae648d4e0__b393ff28__clean__seg0000__snr10,1.0
25,24,d5ef23bc7b7ae648d4e0,d5ef23bc7b7ae648d4e0__b393ff28__clean__seg0000__snr5,1.0
25,24,d5ef23bc7b7ae648d4e0,d5ef23bc7b7ae648d4e0__b393ff28__clean__seg0000__snr0,1.0
25,24,d5ef23bc7b7ae648d4e0,d5ef23bc7b7ae648d4e0__edf7503d__clean__seg0000__snr20,1.0
25,24,d5ef23bc7b7ae648d4e0,d5ef23bc7b7ae648d4e0__edf7503d__clean__seg0000__snr10,1.0
25,24,d5ef23bc7b7ae648d4e0,d5ef23bc7b7ae648d4e0__edf7503d__clean__seg0000__snr5,1.0
25,24,d5ef23bc7b7ae648d4e0,d5ef23bc7b7ae648d4e0__edf7503d__clean__seg0000__snr0,1.0
25,24,d5ef23bc7b7ae648d4e0,d5ef23bc7b7ae648d4e0__cdeb1dd0__clean__seg0000__snr20,1.0
25,24,d5ef23bc7b7ae648d4e0,d5ef23bc7b7ae648d4e0__cdeb1dd0__clean__seg0000__snr10,1.0
25,24,d5ef23bc7b7ae648d4e0,d5ef23bc7b7ae648d4e0__cdeb1dd0__clean__seg0000__snr5,1.0
25,24,d5ef23bc7b7ae648d4e0,d5ef23bc7b7ae648d4e0__cdeb1dd0__clean__seg0000__snr0,1.0
25,24,d5ef23bc7b7ae648d4e0,d5ef23bc7b7ae648d4e0__2758a70c__clean__seg0000__snr20,1.0
25,24,d5ef23bc7b7ae648d4e0,d5ef23bc7b7ae648d4e0__2758a70c__clean__seg0000__snr10,1.0
25,24,d5ef23bc7b7ae648d4e0,d5ef23bc7b7ae648d4e0__2758a70c__clean__seg0000__snr5,1.0
25,24,d5ef23bc7b7ae648d4e0,d5ef23bc7b7ae648d4e0__2758a70c__clean__seg0000__snr0,1.0
25,24,d5ef23bc7b7ae648d4e0,d5ef23bc7b7ae648d4e0__43546474__clean__seg0000__snr20,1.0
25,24,d5ef23bc7b7ae648d4e0,d5ef23bc7b7ae648d4e0__43546474__clean__seg0000__snr10,1.0
25,24,d5ef23bc7b7ae648d4e0,d5ef23bc7b7ae648d4e0__43546474__clean__seg0000__snr5,1.0
25,24,d5ef23bc7b7ae648d4e0,d5ef23bc7b7ae648d4e0__43546474__clean__seg0000__snr0,1.0
25,24,d5ef23bc7b7ae648d4e0,d5ef23bc7b7ae648d4e0__93103a74__clean__seg0000__snr20,1.0
25,24,d5ef23bc7b7ae648d4e0,d5ef23bc7b7ae648d4e0__93103a74__clean__seg0000__snr10,1.0
25,24,d5ef23bc7b7ae648d4e0,d5ef23bc7b7ae648d4e0__93103a74__clean__seg0000__snr5,1.0
25,24,d5ef23bc7b7ae648d4e0,d5ef23bc7b7ae648d4e0__93103a74__clean__seg0000__snr0,1.0
25,24,d5ef23bc7b7ae648d4e0,d5ef23bc7b7ae648d4e0__8dc4bbb9__clean__seg0000__snr20,1.0
25,24,d5ef23bc7b7ae648d4e0,d5ef23bc7b7ae648d4e0__8dc4bbb9__clean__seg0000__snr10,1.0
25,24,d5ef23bc7b7ae648d4e0,d5ef23bc7b7ae648d4e0__8dc4bbb9__clean__seg0000__snr5,1.0
25,24,d5ef23bc7b7ae648d4e0,d5ef23bc7b7ae648d4e0__8dc4bbb9__clean__seg0000__snr0,1.0
25,24,d5ef23bc7b7ae648d4e0,d5ef23bc7b7ae648d4e0__dc027e9d__clean__seg0000__snr20,1.0
25,24,d5ef23bc7b7ae648d4e0,d5ef23bc7b7ae648d4e0__dc027e9d__clean__seg0000__snr10,1.0
25,24,d5ef23bc7b7ae648d4e0,d5ef23bc7b7ae648d4e0__dc027e9d__clean__seg0000__snr5,1.0
25,24,d5ef23bc7b7ae648d4e0,d5ef23bc7b7ae648d4e0__dc027e9d__clean__seg0000__snr0,1.0
25,24,d5ef23bc7b7ae648d4e0,d5ef23bc7b7ae648d4e0__4be2fb78__clean__seg0000__snr20,1.0
25,24,d5ef23bc7b7ae648d4e0,d5ef23bc7b7ae648d4e0__4be2fb78__clean__seg0000__snr10,1.0
25,24,d5ef23bc7b7ae648d4e0,d5ef23bc7b7ae648d4e0__4be2fb78__clean__seg0000__snr5,1.0
25,24,d5ef23bc7b7ae648d4e0,d5ef23bc7b7ae648d4e0__4be2fb78__clean__seg0000__snr0,1.0
25,24,d5ef23bc7b7ae648d4e0,d5ef23bc7b7ae648d4e0__45bdbf4e__clean__seg0000__snr20,1.0
25,24,d5ef23bc7b7ae648d4e0,d5ef23bc7b7ae648d4e0__45bdbf4e__clean__seg0000__snr10,1.0
25,24,d5ef23bc7b7ae648d4e0,d5ef23bc7b7ae648d4e0__45bdbf4e__clean__seg0000__snr5,1.0
25,24,d5ef23bc7b7ae648d4e0,d5ef23bc7b7ae648d4e0__45bdbf4e__clean__seg0000__snr0,1.0
25,24,d5ef23bc7b7ae648d4e0,d5ef23bc7b7ae648d4e0__3eae1842__clean__seg0000__snr20,1.0
25,24,d5ef23bc7b7ae648d4e0,d5ef23bc7b7ae648d4e0__3eae1842__clean__seg0000__snr10,1.0
25,24,d5ef23bc7b7ae648d4e0,d5ef23bc7b7ae648d4e0__3eae1842__clean__seg0000__snr5,1.0
25,24,d5ef23bc7b7ae648d4e0,d5ef23bc7b7ae648d4e0__3eae1842__clean__seg0000__snr0,1.0
25,24,d5ef23bc7b7ae648d4e0,d5ef23bc7b7ae648d4e0__36334aca__clean__seg0000__snr20,1.0
25,24,d5ef23bc7b7ae648d4e0,d5ef23bc7b7ae648d4e0__36334aca__clean__seg0000__snr10,1.0
25,24,d5ef23bc7b7ae648d4e0,d5ef23bc7b7ae648d4e0__36334aca__clean__seg0000__snr5,1.0
25,24,d5ef23bc7b7ae648d4e0,d5ef23bc7b7ae648d4e0__36334aca__clean__seg0000__snr0,1.0
25,24,d5ef23bc7b7ae648d4e0,d5ef23bc7b7ae648d4e0__f56d7eb4__clean__seg0000__snr20,1.0
25,24,d5ef23bc7b7ae648d4e0,d5ef23bc7b7ae648d4e0__f56d7eb4__clean__seg0000__snr10,1.0
25,24,d5ef23bc7b7ae648d4e0,d5ef23bc7b7ae648d4e0__f56d7eb4__clean__seg0000__snr5,1.0
25,24,d5ef23bc7b7ae648d4e0,d5ef23bc7b7ae648d4e0__f56d7eb4__clean__seg0000__snr0,1.0
25,24,d5ef23bc7b7ae648d4e0,d5ef23bc7b7ae648d4e0__caeddf86__clean__seg0000__snr20,1.0
25,24,d5ef23bc7b7ae648d4e0,d5ef23bc7b7ae648d4e0__caeddf86__clean__seg0000__snr10,1.0
25,24,d5ef23bc7b7ae648d4e0,d5ef23bc7b7ae648d4e0__caeddf86__clean__seg0000__snr5,1.0
25,24,d5ef23bc7b7ae648d4e0,d5ef23bc7b7ae648d4e0__caeddf86__clean__seg0000__snr0,1.0
25,24,d5ef23bc7b7ae648d4e0,d5ef23bc7b7ae648d4e0__9a7d7a48__clean__seg0000__snr20,1.0
25,24,d5ef23bc7b7ae648d4e0,d5ef23bc7b7ae648d4e0__9a7d7a48__clean__seg0000__snr10,1.0
25,24,d5ef23bc7b7ae648d4e0,d5ef23bc7b7ae648d4e0__9a7d7a48__clean__seg0000__snr5,1.0
25,24,d5ef23bc7b7ae648d4e0,d5ef23bc7b7ae648d4e0__9a7d7a48__clean__seg0000__snr0,1.0
25,24,d5ef23bc7b7ae648d4e0,d5ef23bc7b7ae648d4e0__ffc034a9__clean__seg0000__snr20,1.0
25,24,d5ef23bc7b7ae648d4e0,d5ef23bc7b7ae648d4e0__ffc034a9__clean__seg0000__snr10,1.0
25,24,d5ef23bc7b7ae648d4e0,d5ef23bc7b7ae648d4e0__ffc034a9__clean__seg0000__snr5,1.0
25,24,d5ef23bc7b7ae648d4e0,d5ef23bc7b7ae648d4e0__ffc034a9__clean__seg0000__snr0,1.0
25,24,d5ef23bc7b7ae648d4e0,d5ef23bc7b7ae648d4e0__fd58a0fa__clean__seg0000__snr20,1.0
25,24,d5ef23bc7b7ae648d4e0,d5ef23bc7b7ae648d4e0__fd58a0fa__clean__seg0000__snr10,1.0
25,24,d5ef23bc7b7ae648d4e0,d5ef23bc7b7ae648d4e0__fd58a0fa__clean__seg0000__snr5,1.0
25,24,d5ef23bc7b7ae648d4e0,d5ef23bc7b7ae648d4e0__fd58a0fa__clean__seg0000__snr0,1.0
25,24,d5ef23bc7b7ae648d4e0,d5ef23bc7b7ae648d4e0__55843a6f__clean__seg0000__snr20,1.0
25,24,d5ef23bc7b7ae648d4e0,d5ef23bc7b7ae648d4e0__55843a6f__clean__seg0000__snr10,1.0
25,24,d5ef23bc7b7ae648d4e0,d5ef23bc7b7ae648d4e0__55843a6f__clean__seg0000__snr5,1.0
25,24,d5ef23bc7b7ae648d4e0,d5ef23bc7b7ae648d4e0__55843a6f__clean__seg0000__snr0,1.0
25,24,d5ef23bc7b7ae648d4e0,d5ef23bc7b7ae648d4e0__17b02629__clean__seg0000__snr20,1.0
25,24,d5ef23bc7b7ae648d4e0,d5ef23bc7b7ae648d4e0__17b02629__clean__seg0000__snr10,1.0
25,24,d5ef23bc7b7ae648d4e0,d5ef23bc7b7ae648d4e0__17b02629__clean__seg0000__snr5,1.0
25,24,d5ef23bc7b7ae648d4e0,d5ef23bc7b7ae648d4e0__17b02629__clean__seg0000__snr0,1.0
25,24,d5ef23bc7b7ae648d4e0,d5ef23bc7b7ae648d4e0__4bb054cc__clean__seg0000__snr20,1.0
25,24,d5ef23bc7b7ae648d4e0,d5ef23bc7b7ae648d4e0__4bb054cc__clean__seg0000__snr10,1.0
25,24,d5ef23bc7b7ae648d4e0,d5ef23bc7b7ae648d4e0__4bb054cc__clean__seg0000__snr5,1.0
25,24,d5ef23bc7b7ae648d4e0,d5ef23bc7b7ae648d4e0__4bb054cc__clean__seg0000__snr0,1.0
25,24,d5ef23bc7b7ae648d4e0,d5ef23bc7b7ae648d4e0__ec3f4fac__clean__seg0000__snr20,1.0
25,24,d5ef23bc7b7ae648d4e0,d5ef23bc7b7ae648d4e0__ec3f4fac__clean__seg0000__snr10,1.0
25,24,d5ef23bc7b7ae648d4e0,d5ef23bc7b7ae648d4e0__ec3f4fac__clean__seg0000__snr5,1.0
25,24,d5ef23bc7b7ae648d4e0,d5ef23bc7b7ae648d4e0__ec3f4fac__clean__seg0000__snr0,1.0
25,24,d5ef23bc7b7ae648d4e0,d5ef23bc7b7ae648d4e0__dbcd1fba__clean__seg0000__snr20,1.0
25,24,d5ef23bc7b7ae648d4e0,d5ef23bc7b7ae648d4e0__dbcd1fba__clean__seg0000__snr10,1.0
25,24,d5ef23bc7b7ae648d4e0,d5ef23bc7b7ae648d4e0__dbcd1fba__clean__seg0000__snr5,1.0
25,24,d5ef23bc7b7ae648d4e0,d5ef23bc7b7ae648d4e0__dbcd1fba__clean__seg0000__snr0,1.0
25,24,d5ef23bc7b7ae648d4e0,d5ef23bc7b7ae648d4e0__ff702a9b__clean__seg0000__snr20,1.0
25,24,d5ef23bc7b7ae648d4e0,d5ef23bc7b7ae648d4e0__ff702a9b__clean__seg0000__snr10,1.0
25,24,d5ef23bc7b7ae648d4e0,d5ef23bc7b7ae648d4e0__ff702a9b__clean__seg0000__snr5,1.0
25,24,d5ef23bc7b7ae648d4e0,d5ef23bc7b7ae648d4e0__ff702a9b__clean__seg0000__snr0,1.0
25,24,d5ef23bc7b7ae648d4e0,d5ef23bc7b7ae648d4e0__e0833190__clean__seg0000__snr20,1.0
25,24,d5ef23bc7b7ae648d4e0,d5ef23bc7b7ae648d4e0__e0833190__clean__seg0000__snr10,1.0
25,24,d5ef23bc7b7ae648d4e0,d5ef23bc7b7ae648d4e0__e0833190__clean__seg0000__snr5,1.0
25,24,d5ef23bc7b7ae648d4e0,d5ef23bc7b7ae648d4e0__e0833190__clean__seg0000__snr0,1.0
25,24,d5ef23bc7b7ae648d4e0,d5ef23bc7b7ae648d4e0__e54b437a__clean__seg0000__snr20,1.0
25,24,d5ef23bc7b7ae648d4e0,d5ef23bc7b7ae648d4e0__e54b437a__clean__seg0000__snr10,1.0
25,24,d5ef23bc7b7ae648d4e0,d5ef23bc7b7ae648d4e0__e54b437a__clean__seg0000__snr5,1.0
25,24,d5ef23bc7b7ae648d4e0,d5ef23bc7b7ae648d4e0__e54b437a__clean__seg0000__snr0,1.0
25,24,d5ef23bc7b7ae648d4e0,d5ef23bc7b7ae648d4e0__289ddd26__clean__seg0000__snr20,1.0
25,24,d5ef23bc7b7ae648d4e0,d5ef23bc7b7ae648d4e0__289ddd26__clean__seg0000__snr10,1.0
25,24,d5ef23bc7b7ae648d4e0,d5ef23bc7b7ae648d4e0__289ddd26__clean__seg0000__snr5,1.0
25,24,d5ef23bc7b7ae648d4e0,d5ef23bc7b7ae648d4e0__289ddd26__clean__seg0000__snr0,1.0
25,24,d5ef23bc7b7ae648d4e0,d5ef23bc7b7ae648d4e0__9dd7bc7f__clean__seg0000__snr20,1.0
25,24,d5ef23bc7b7ae648d4e0,d5ef23bc7b7ae648d4e0__9dd7bc7f__clean__seg0000__snr10,1.0
25,24,d5ef23bc7b7ae648d4e0,d5ef23bc7b7ae648d4e0__9dd7bc7f__clean__seg0000__snr5,1.0
25,24,d5ef23bc7b7ae648d4e0,d5ef23bc7b7ae648d4e0__9dd7bc7f__clean__seg0000__snr0,1.0
25,24,d5ef23bc7b7ae648d4e0,d5ef23bc7b7ae648d4e0__d6047044__clean__seg0000__snr20,1.0
25,24,d5ef23bc7b7ae648d4e0,d5ef23bc7b7ae648d4e0__d6047044__clean__seg0000__snr10,1.0
25,24,d5ef23bc7b7ae648d4e0,d5ef23bc7b7ae648d4e0__d6047044__clean__seg0000__snr5,1.0
25,24,d5ef23bc7b7ae648d4e0,d5ef23bc7b7ae648d4e0__d6047044__clean__seg0000__snr0,1.0
25,24,d5ef23bc7b7ae648d4e0,d5ef23bc7b7ae648d4e0__4b95ff95__clean__seg0000__snr20,1.0
25,24,d5ef23bc7b7ae648d4e0,d5ef23bc7b7ae648d4e0__4b95ff95__clean__seg0000__snr10,1.0
25,24,d5ef23bc7b7ae648d4e0,d5ef23bc7b7ae648d4e0__4b95ff95__clean__seg0000__snr5,1.0
25,24,d5ef23bc7b7ae648d4e0,d5ef23bc7b7ae648d4e0__4b95ff95__clean__seg0000__snr0,1.0
25,24,59afc338d05a30b5a700,59afc338d05a30b5a700__5ce6da0e__clean__seg0000__snr20,1.0
25,24,59afc338d05a30b5a700,59afc338d05a30b5a700__5ce6da0e__clean__seg0000__snr10,1.0
25,24,59afc338d05a30b5a700,59afc338d05a30b5a700__5ce6da0e__clean__seg0000__snr5,1.0
25,24,59afc338d05a30b5a700,59afc338d05a30b5a700__5ce6da0e__clean__seg0000__snr0,1.0
25,24,59afc338d05a30b5a700,59afc338d05a30b5a700__ad1dd0bc__clean__seg0000__snr20,1.0
25,24,59afc338d05a30b5a700,59afc338d05a30b5a700__ad1dd0bc__clean__seg0000__snr10,1.0
25,24,59afc338d05a30b5a700,59afc338d05a30b5a700__ad1dd0bc__clean__seg0000__snr5,1.0
25,24,59afc338d05a30b5a700,59afc338d05a30b5a700__ad1dd0bc__clean__seg0000__snr0,1.0
25,24,59afc338d05a30b5a700,59afc338d05a30b5a700__670a52c9__clean__seg0000__snr20,1.0
25,24,59afc338d05a30b5a700,59afc338d05a30b5a700__670a52c9__clean__seg0000__snr10,1.0
25,24,59afc338d05a30b5a700,59afc338d05a30b5a700__670a52c9__clean__seg0000__snr5,1.0
25,24,59afc338d05a30b5a700,59afc338d05a30b5a700__670a52c9__clean__seg0000__snr0,1.0
25,24,59afc338d05a30b5a700,59afc338d05a30b5a700__2feb271b__clean__seg0000__snr20,1.0
25,24,59afc338d05a30b5a700,59afc338d05a30b5a700__2feb271b__clean__seg0000__snr10,1.0
25,24,59afc338d05a30b5a700,59afc338d05a30b5a700__2feb271b__clean__seg0000__snr5,1.0
25,24,59afc338d05a30b5a700,59afc338d05a30b5a700__2feb271b__clean__seg0000__snr0,1.0
25,24,59afc338d05a30b5a700,59afc338d05a30b5a700__7f4ae085__clean__seg0000__snr20,1.0
25,24,59afc338d05a30b5a700,59afc338d05a30b5a700__7f4ae085__clean__seg0000__snr10,1.0
25,24,59afc338d05a30b5a700,59afc338d05a30b5a700__7f4ae085__clean__seg0000__snr5,1.0
25,24,59afc338d05a30b5a700,59afc338d05a30b5a700__7f4ae085__clean__seg0000__snr0,1.0
25,24,59afc338d05a30b5a700,59afc338d05a30b5a700__5953aef9__clean__seg0000__snr20,1.0
25,24,59afc338d05a30b5a700,59afc338d05a30b5a700__5953aef9__clean__seg0000__snr10,1.0
25,24,59afc338d05a30b5a700,59afc338d05a30b5a700__5953aef9__clean__seg0000__snr5,1.0
25,24,59afc338d05a30b5a700,59afc338d05a30b5a700__5953aef9__clean__seg0000__snr0,1.0
25,24,59afc338d05a30b5a700,59afc338d05a30b5a700__d5b7f2bc__clean__seg0000__snr20,1.0
25,24,59afc338d05a30b5a700,59afc338d05a30b5a700__d5b7f2bc__clean__seg0000__snr10,1.0
25,24,59afc338d05a30b5a700,59afc338d05a30b5a700__d5b7f2bc__clean__seg0000__snr5,1.0
25,24,59afc338d05a30b5a700,59afc338d05a30b5a700__d5b7f2bc__clean__seg0000__snr0,1.0
25,24,59afc338d05a30b5a700,59afc338d05a30b5a700__6a33b21f__clean__seg0000__snr20,1.0
25,24,59afc338d05a30b5a700,59afc338d05a30b5a700__6a33b21f__clean__seg0000__snr10,1.0
25,24,59afc338d05a30b5a700,59afc338d05a30b5a700__6a33b21f__clean__seg0000__snr5,1.0
25,24,59afc338d05a30b5a700,59afc338d05a30b5a700__6a33b21f__clean__seg0000__snr0,1.0
25,24,59afc338d05a30b5a700,59afc338d05a30b5a700__9aed68c5__clean__seg0000__snr20,1.0
25,24,59afc338d05a30b5a700,59afc338d05a30b5a700__9aed68c5__clean__seg0000__snr10,1.0
25,24,59afc338d05a30b5a700,59afc338d05a30b5a700__9aed68c5__clean__seg0000__snr5,1.0
25,24,59afc338d05a30b5a700,59afc338d05a30b5a700__9aed68c5__clean__seg0000__snr0,1.0
25,24,59afc338d05a30b5a700,59afc338d05a30b5a700__76919255__clean__seg0000__snr20,1.0
25,24,59afc338d05a30b5a700,59afc338d05a30b5a700__76919255__clean__seg0000__snr10,1.0
25,24,59afc338d05a30b5a700,59afc338d05a30b5a700__76919255__clean__seg0000__snr5,1.0
25,24,59afc338d05a30b5a700,59afc338d05a30b5a700__76919255__clean__seg0000__snr0,1.0
25,24,59afc338d05a30b5a700,59afc338d05a30b5a700__4a045e75__clean__seg0000__snr20,1.0
25,24,59afc338d05a30b5a700,59afc338d05a30b5a700__4a045e75__clean__seg0000__snr10,1.0
25,24,59afc338d05a30b5a700,59afc338d05a30b5a700__4a045e75__clean__seg0000__snr5,1.0
25,24,59afc338d05a30b5a700,59afc338d05a30b5a700__4a045e75__clean__seg0000__snr0,1.0
25,24,59afc338d05a30b5a700,59afc338d05a30b5a700__9b21cd7e__clean__seg0000__snr20,1.0
25,24,59afc338d05a30b5a700,59afc338d05a30b5a700__9b21cd7e__clean__seg0000__snr10,1.0
25,24,59afc338d05a30b5a700,59afc338d05a30b5a700__9b21cd7e__clean__seg0000__snr5,1.0
25,24,59afc338d05a30b5a700,59afc338d05a30b5a700__9b21cd7e__clean__seg0000__snr0,1.0
25,24,59afc338d05a30b5a700,59afc338d05a30b5a700__279769e7__clean__seg0000__snr20,1.0
25,24,59afc338d05a30b5a700,59afc338d05a30b5a700__279769e7__clean__seg0000__snr10,1.0
25,24,59afc338d05a30b5a700,59afc338d05a30b5a700__279769e7__clean__seg0000__snr5,1.0
25,24,59afc338d05a30b5a700,59afc338d05a30b5a700__279769e7__clean__seg0000__snr0,1.0
25,24,59afc338d05a30b5a700,59afc338d05a30b5a700__de822f1e__clean__seg0000__snr20,1.0
25,24,59afc338d05a30b5a700,59afc338d05a30b5a700__de822f1e__clean__seg0000__snr10,1.0
25,24,59afc338d05a30b5a700,59afc338d05a30b5a700__de822f1e__clean__seg0000__snr5,1.0
25,24,59afc338d05a30b5a700,59afc338d05a30b5a700__de822f1e__clean__seg0000__snr0,1.0
25,24,59afc338d05a30b5a700,59afc338d05a30b5a700__3d093994__clean__seg0000__snr20,1.0
25,24,59afc338d05a30b5a700,59afc338d05a30b5a700__3d093994__clean__seg0000__snr10,1.0
25,24,59afc338d05a30b5a700,59afc338d05a30b5a700__3d093994__clean__seg0000__snr5,1.0
25,24,59afc338d05a30b5a700,59afc338d05a30b5a700__3d093994__clean__seg0000__snr0,1.0
25,24,59afc338d05a30b5a700,59afc338d05a30b5a700__e18b87eb__clean__seg0000__snr20,1.0
25,24,59afc338d05a30b5a700,59afc338d05a30b5a700__e18b87eb__clean__seg0000__snr10,1.0
25,24,59afc338d05a30b5a700,59afc338d05a30b5a700__e18b87eb__clean__seg0000__snr5,1.0
25,24,59afc338d05a30b5a700,59afc338d05a30b5a700__e18b87eb__clean__seg0000__snr0,1.0
25,24,59afc338d05a30b5a700,59afc338d05a30b5a700__d0d7aa5a__clean__seg0000__snr20,1.0
25,24,59afc338d05a30b5a700,59afc338d05a30b5a700__d0d7aa5a__clean__seg0000__snr10,1.0
25,24,59afc338d05a30b5a700,59afc338d05a30b5a700__d0d7aa5a__clean__seg0000__snr5,1.0
25,24,59afc338d05a30b5a700,59afc338d05a30b5a700__d0d7aa5a__clean__seg0000__snr0,1.0
25,24,59afc338d05a30b5a700,59afc338d05a30b5a700__47d9e6b1__clean__seg0000__snr20,1.0
25,24,59afc338d05a30b5a700,59afc338d05a30b5a700__47d9e6b1__clean__seg0000__snr10,1.0
25,24,59afc338d05a30b5a700,59afc338d05a30b5a700__47d9e6b1__clean__seg0000__snr5,1.0
25,24,59afc338d05a30b5a700,59afc338d05a30b5a700__47d9e6b1__clean__seg0000__snr0,1.0
25,24,59afc338d05a30b5a700,59afc338d05a30b5a700__58e85441__clean__seg0000__snr20,1.0
25,24,59afc338d05a30b5a700,59afc338d05a30b5a700__58e85441__clean__seg0000__snr10,1.0
25,24,59afc338d05a30b5a700,59afc338d05a30b5a700__58e85441__clean__seg0000__snr5,1.0
25,24,59afc338d05a30b5a700,59afc338d05a30b5a700__58e85441__clean__seg0000__snr0,1.0
25,24,59afc338d05a30b5a700,59afc338d05a30b5a700__20810ca1__clean__seg0000__snr20,1.0
25,24,59afc338d05a30b5a700,59afc338d05a30b5a700__20810ca1__clean__seg0000__snr10,1.0
25,24,59afc338d05a30b5a700,59afc338d05a30b5a700__20810ca1__clean__seg0000__snr5,1.0
25,24,59afc338d05a30b5a700,59afc338d05a30b5a700__20810ca1__clean__seg0000__snr0,1.0
25,24,59afc338d05a30b5a700,59afc338d05a30b5a700__86a674d1__clean__seg0000__snr20,1.0
25,24,59afc338d05a30b5a700,59afc338d05a30b5a700__86a674d1__clean__seg0000__snr10,1.0
25,24,59afc338d05a30b5a700,59afc338d05a30b5a700__86a674d1__clean__seg0000__snr5,1.0
25,24,59afc338d05a30b5a700,59afc338d05a30b5a700__86a674d1__clean__seg0000__snr0,1.0
25,24,59afc338d05a30b5a700,59afc338d05a30b5a700__1c8b0fb7__clean__seg0000__snr20,1.0
25,24,59afc338d05a30b5a700,59afc338d05a30b5a700__1c8b0fb7__clean__seg0000__snr10,1.0
25,24,59afc338d05a30b5a700,59afc338d05a30b5a700__1c8b0fb7__clean__seg0000__snr5,1.0
25,24,59afc338d05a30b5a700,59afc338d05a30b5a700__1c8b0fb7__clean__seg0000__snr0,1.0
25,24,59afc338d05a30b5a700,59afc338d05a30b5a700__b8dbf617__clean__seg0000__snr20,1.0
25,24,59afc338d05a30b5a700,59afc338d05a30b5a700__b8dbf617__clean__seg0000__snr10,1.0
25,24,59afc338d05a30b5a700,59afc338d05a30b5a700__b8dbf617__clean__seg0000__snr5,1.0
25,24,59afc338d05a30b5a700,59afc338d05a30b5a700__b8dbf617__clean__seg0000__snr0,1.0
25,24,59afc338d05a30b5a700,59afc338d05a30b5a700__c83de957__clean__seg0000__snr20,1.0
25,24,59afc338d05a30b5a700,59afc338d05a30b5a700__c83de957__clean__seg0000__snr10,1.0
25,24,59afc338d05a30b5a700,59afc338d05a30b5a700__c83de957__clean__seg0000__snr5,1.0
25,24,59afc338d05a30b5a700,59afc338d05a30b5a700__c83de957__clean__seg0000__snr0,1.0
25,24,59afc338d05a30b5a700,59afc338d05a30b5a700__3a0b6ab9__clean__seg0000__snr20,1.0
25,24,59afc338d05a30b5a700,59afc338d05a30b5a700__3a0b6ab9__clean__seg0000__snr10,1.0
25,24,59afc338d05a30b5a700,59afc338d05a30b5a700__3a0b6ab9__clean__seg0000__snr5,1.0
25,24,59afc338d05a30b5a700,59afc338d05a30b5a700__3a0b6ab9__clean__seg0000__snr0,1.0
25,24,59afc338d05a30b5a700,59afc338d05a30b5a700__de190549__clean__seg0000__snr20,1.0
25,24,59afc338d05a30b5a700,59afc338d05a30b5a700__de190549__clean__seg0000__snr10,1.0
25,24,59afc338d05a30b5a700,59afc338d05a30b5a700__de190549__clean__seg0000__snr5,1.0
25,24,59afc338d05a30b5a700,59afc338d05a30b5a700__de190549__clean__seg0000__snr0,1.0
25,24,59afc338d05a30b5a700,59afc338d05a30b5a700__61ab38e9__clean__seg0000__snr20,1.0
25,24,59afc338d05a30b5a700,59afc338d05a30b5a700__61ab38e9__clean__seg0000__snr10,1.0
25,24,59afc338d05a30b5a700,59afc338d05a30b5a700__61ab38e9__clean__seg0000__snr5,1.0
25,24,59afc338d05a30b5a700,59afc338d05a30b5a700__61ab38e9__clean__seg0000__snr0,1.0
25,24,59afc338d05a30b5a700,59afc338d05a30b5a700__8eb6bf62__clean__seg0000__snr20,1.0
25,24,59afc338d05a30b5a700,59afc338d05a30b5a700__8eb6bf62__clean__seg0000__snr10,1.0
25,24,59afc338d05a30b5a700,59afc338d05a30b5a700__8eb6bf62__clean__seg0000__snr5,1.0
25,24,59afc338d05a30b5a700,59afc338d05a30b5a700__8eb6bf62__clean__seg0000__snr0,1.0
25,24,59afc338d05a30b5a700,59afc338d05a30b5a700__4c5c810e__clean__seg0000__snr20,1.0
25,24,59afc338d05a30b5a700,59afc338d05a30b5a700__4c5c810e__clean__seg0000__snr10,1.0
25,24,59afc338d05a30b5a700,59afc338d05a30b5a700__4c5c810e__clean__seg0000__snr5,1.0
25,24,59afc338d05a30b5a700,59afc338d05a30b5a700__4c5c810e__clean__seg0000__snr0,1.0
25,24,59afc338d05a30b5a700,59afc338d05a30b5a700__caae4201__clean__seg0000__snr20,1.0
25,24,59afc338d05a30b5a700,59afc338d05a30b5a700__caae4201__clean__seg0000__snr10,1.0
25,24,59afc338d05a30b5a700,59afc338d05a30b5a700__caae4201__clean__seg0000__snr5,1.0
25,24,59afc338d05a30b5a700,59afc338d05a30b5a700__caae4201__clean__seg0000__snr0,1.0
25,24,59afc338d05a30b5a700,59afc338d05a30b5a700__803bac88__clean__seg0000__snr20,1.0
25,24,59afc338d05a30b5a700,59afc338d05a30b5a700__803bac88__clean__seg0000__snr10,1.0
25,24,59afc338d05a30b5a700,59afc338d05a30b5a700__803bac88__clean__seg0000__snr5,1.0
25,24,59afc338d05a30b5a700,59afc338d05a30b5a700__803bac88__clean__seg0000__snr0,1.0
25,24,59afc338d05a30b5a700,59afc338d05a30b5a700__bc2748d6__clean__seg0000__snr20,1.0
25,24,59afc338d05a30b5a700,59afc338d05a30b5a700__bc2748d6__clean__seg0000__snr10,1.0
25,24,59afc338d05a30b5a700,59afc338d05a30b5a700__bc2748d6__clean__seg0000__snr5,1.0
25,24,59afc338d05a30b5a700,59afc338d05a30b5a700__bc2748d6__clean__seg0000__snr0,1.0
25,24,59afc338d05a30b5a700,59afc338d05a30b5a700__d41720d0__clean__seg0000__snr20,1.0
25,24,59afc338d05a30b5a700,59afc338d05a30b5a700__d41720d0__clean__seg0000__snr10,1.0
25,24,59afc338d05a30b5a700,59afc338d05a30b5a700__d41720d0__clean__seg0000__snr5,1.0
25,24,59afc338d05a30b5a700,59afc338d05a30b5a700__d41720d0__clean__seg0000__snr0,1.0
25,24,59afc338d05a30b5a700,59afc338d05a30b5a700__fbf617ff__clean__seg0000__snr20,1.0
25,24,59afc338d05a30b5a700,59afc338d05a30b5a700__fbf617ff__clean__seg0000__snr10,1.0
25,24,59afc338d05a30b5a700,59afc338d05a30b5a700__fbf617ff__clean__seg0000__snr5,1.0
25,24,59afc338d05a30b5a700,59afc338d05a30b5a700__fbf617ff__clean__seg0000__snr0,1.0
25,24,59afc338d05a30b5a700,59afc338d05a30b5a700__a5f5dc61__clean__seg0000__snr20,1.0
25,24,59afc338d05a30b5a700,59afc338d05a30b5a700__a5f5dc61__clean__seg0000__snr10,1.0
25,24,59afc338d05a30b5a700,59afc338d05a30b5a700__a5f5dc61__clean__seg0000__snr5,1.0
25,24,59afc338d05a30b5a700,59afc338d05a30b5a700__a5f5dc61__clean__seg0000__snr0,1.0
25,24,59afc338d05a30b5a700,59afc338d05a30b5a700__587d7a6f__clean__seg0000__snr20,1.0
25,24,59afc338d05a30b5a700,59afc338d05a30b5a700__587d7a6f__clean__seg0000__snr10,1.0
25,24,59afc338d05a30b5a700,59afc338d05a30b5a700__587d7a6f__clean__seg0000__snr5,1.0
25,24,59afc338d05a30b5a700,59afc338d05a30b5a700__587d7a6f__clean__seg0000__snr0,1.0
25,24,59afc338d05a30b5a700,59afc338d05a30b5a700__5f92b617__clean__seg0000__snr20,1.0
25,24,59afc338d05a30b5a700,59afc338d05a30b5a700__5f92b617__clean__seg0000__snr10,1.0
25,24,59afc338d05a30b5a700,59afc338d05a30b5a700__5f92b617__clean__seg0000__snr5,1.0
25,24,59afc338d05a30b5a700,59afc338d05a30b5a700__5f92b617__clean__seg0000__snr0,1.0
25,24,59afc338d05a30b5a700,59afc338d05a30b5a700__c23105d6__clean__seg0000__snr20,1.0
25,24,59afc338d05a30b5a700,59afc338d05a30b5a700__c23105d6__clean__seg0000__snr10,1.0
25,24,59afc338d05a30b5a700,59afc338d05a30b5a700__c23105d6__clean__seg0000__snr5,1.0
25,24,59afc338d05a30b5a700,59afc338d05a30b5a700__c23105d6__clean__seg0000__snr0,1.0
25,24,59afc338d05a30b5a700,59afc338d05a30b5a700__d48cb12e__clean__seg0000__snr20,1.0
25,24,59afc338d05a30b5a700,59afc338d05a30b5a700__d48cb12e__clean__seg0000__snr10,1.0
25,24,59afc338d05a30b5a700,59afc338d05a30b5a700__d48cb12e__clean__seg0000__snr5,1.0
25,24,59afc338d05a30b5a700,59afc338d05a30b5a700__d48cb12e__clean__seg0000__snr0,1.0
25,24,59afc338d05a30b5a700,59afc338d05a30b5a700__cd8a96e3__clean__seg0000__snr20,1.0
25,24,59afc338d05a30b5a700,59afc338d05a30b5a700__cd8a96e3__clean__seg0000__snr10,1.0
25,24,59afc338d05a30b5a700,59afc338d05a30b5a700__cd8a96e3__clean__seg0000__snr5,1.0
25,24,59afc338d05a30b5a700,59afc338d05a30b5a700__cd8a96e3__clean__seg0000__snr0,1.0
25,24,59afc338d05a30b5a700,59afc338d05a30b5a700__52857c7b__clean__seg0000__snr20,1.0
25,24,59afc338d05a30b5a700,59afc338d05a30b5a700__52857c7b__clean__seg0000__snr10,1.0
25,24,59afc338d05a30b5a700,59afc338d05a30b5a700__52857c7b__clean__seg0000__snr5,1.0
25,24,59afc338d05a30b5a700,59afc338d05a30b5a700__52857c7b__clean__seg0000__snr0,1.0
25,24,59afc338d05a30b5a700,59afc338d05a30b5a700__cabfd54f__clean__seg0000__snr20,1.0
25,24,59afc338d05a30b5a700,59afc338d05a30b5a700__cabfd54f__clean__seg0000__snr10,1.0
25,24,59afc338d05a30b5a700,59afc338d05a30b5a700__cabfd54f__clean__seg0000__snr5,1.0
25,24,59afc338d05a30b5a700,59afc338d05a30b5a700__cabfd54f__clean__seg0000__snr0,1.0
25,24,59afc338d05a30b5a700,59afc338d05a30b5a700__196fcb61__clean__seg0000__snr20,1.0
25,24,59afc338d05a30b5a700,59afc338d05a30b5a700__196fcb61__clean__seg0000__snr10,1.0
25,24,59afc338d05a30b5a700,59afc338d05a30b5a700__196fcb61__clean__seg0000__snr5,1.0
25,24,59afc338d05a30b5a700,59afc338d05a30b5a700__196fcb61__clean__seg0000__snr0,1.0
25,24,59afc338d05a30b5a700,59afc338d05a30b5a700__f82296ca__clean__seg0000__snr20,1.0
25,24,59afc338d05a30b5a700,59afc338d05a30b5a700__f82296ca__clean__seg0000__snr10,1.0
25,24,59afc338d05a30b5a700,59afc338d05a30b5a700__f82296ca__clean__seg0000__snr5,1.0
25,24,59afc338d05a30b5a700,59afc338d05a30b5a700__f82296ca__clean__seg0000__snr0,1.0
25,24,59afc338d05a30b5a700,59afc338d05a30b5a700__62775df0__clean__seg0000__snr20,1.0
25,24,59afc338d05a30b5a700,59afc338d05a30b5a700__62775df0__clean__seg0000__snr10,1.0
25,24,59afc338d05a30b5a700,59afc338d05a30b5a700__62775df0__clean__seg0000__snr5,1.0
25,24,59afc338d05a30b5a700,59afc338d05a30b5a700__62775df0__clean__seg0000__snr0,1.0
25,24,59afc338d05a30b5a700,59afc338d05a30b5a700__10434463__clean__seg0000__snr20,1.0
25,24,59afc338d05a30b5a700,59afc338d05a30b5a700__10434463__clean__seg0000__snr10,1.0
25,24,59afc338d05a30b5a700,59afc338d05a30b5a700__10434463__clean__seg0000__snr5,1.0
25,24,59afc338d05a30b5a700,59afc338d05a30b5a700__10434463__clean__seg0000__snr0,1.0
25,24,59afc338d05a30b5a700,59afc338d05a30b5a700__388f907f__clean__seg0000__snr20,1.0
25,24,59afc338d05a30b5a700,59afc338d05a30b5a700__388f907f__clean__seg0000__snr10,1.0
25,24,59afc338d05a30b5a700,59afc338d05a30b5a700__388f907f__clean__seg0000__snr5,1.0
25,24,59afc338d05a30b5a700,59afc338d05a30b5a700__388f907f__clean__seg0000__snr0,1.0
25,24,59afc338d05a30b5a700,59afc338d05a30b5a700__be0e1aa8__clean__seg0000__snr20,1.0
25,24,59afc338d05a30b5a700,59afc338d05a30b5a700__be0e1aa8__clean__seg0000__snr10,1.0
25,24,59afc338d05a30b5a700,59afc338d05a30b5a700__be0e1aa8__clean__seg0000__snr5,1.0
25,24,59afc338d05a30b5a700,59afc338d05a30b5a700__be0e1aa8__clean__seg0000__snr0,1.0
25,24,59afc338d05a30b5a700,59afc338d05a30b5a700__0edea9ff__clean__seg0000__snr20,1.0
25,24,59afc338d05a30b5a700,59afc338d05a30b5a700__0edea9ff__clean__seg0000__snr10,1.0
25,24,59afc338d05a30b5a700,59afc338d05a30b5a700__0edea9ff__clean__seg0000__snr5,1.0
25,24,59afc338d05a30b5a700,59afc338d05a30b5a700__0edea9ff__clean__seg0000__snr0,1.0
25,24,59afc338d05a30b5a700,59afc338d05a30b5a700__2f5f332b__clean__seg0000__snr20,1.0
25,24,59afc338d05a30b5a700,59afc338d05a30b5a700__2f5f332b__clean__seg0000__snr10,1.0
25,24,59afc338d05a30b5a700,59afc338d05a30b5a700__2f5f332b__clean__seg0000__snr5,1.0
25,24,59afc338d05a30b5a700,59afc338d05a30b5a700__2f5f332b__clean__seg0000__snr0,1.0
25,24,59afc338d05a30b5a700,59afc338d05a30b5a700__6df5ab9c__clean__seg0000__snr20,1.0
25,24,59afc338d05a30b5a700,59afc338d05a30b5a700__6df5ab9c__clean__seg0000__snr10,1.0
25,24,59afc338d05a30b5a700,59afc338d05a30b5a700__6df5ab9c__clean__seg0000__snr5,1.0
25,24,59afc338d05a30b5a700,59afc338d05a30b5a700__6df5ab9c__clean__seg0000__snr0,1.0
25,24,59afc338d05a30b5a700,59afc338d05a30b5a700__7c36e220__clean__seg0000__snr20,1.0
25,24,59afc338d05a30b5a700,59afc338d05a30b5a700__7c36e220__clean__seg0000__snr10,1.0
25,24,59afc338d05a30b5a700,59afc338d05a30b5a700__7c36e220__clean__seg0000__snr5,1.0
25,24,59afc338d05a30b5a700,59afc338d05a30b5a700__7c36e220__clean__seg0000__snr0,1.0
25,24,59afc338d05a30b5a700,59afc338d05a30b5a700__0c3a0a94__clean__seg0000__snr20,1.0
25,24,59afc338d05a30b5a700,59afc338d05a30b5a700__0c3a0a94__clean__seg0000__snr10,1.0
25,24,59afc338d05a30b5a700,59afc338d05a30b5a700__0c3a0a94__clean__seg0000__snr5,1.0
25,24,59afc338d05a30b5a700,59afc338d05a30b5a700__0c3a0a94__clean__seg0000__snr0,1.0
25,24,59afc338d05a30b5a700,59afc338d05a30b5a700__40b8ce91__clean__seg0000__snr20,1.0
25,24,59afc338d05a30b5a700,59afc338d05a30b5a700__40b8ce91__clean__seg0000__snr10,1.0
25,24,59afc338d05a30b5a700,59afc338d05a30b5a700__40b8ce91__clean__seg0000__snr5,1.0
25,24,59afc338d05a30b5a700,59afc338d05a30b5a700__40b8ce91__clean__seg0000__snr0,1.0
25,24,59afc338d05a30b5a700,59afc338d05a30b5a700__70049f65__clean__seg0000__snr20,1.0
25,24,59afc338d05a30b5a700,59afc338d05a30b5a700__70049f65__clean__seg0000__snr10,1.0
25,24,59afc338d05a30b5a700,59afc338d05a30b5a700__70049f65__clean__seg0000__snr5,1.0
25,24,59afc338d05a30b5a700,59afc338d05a30b5a700__70049f65__clean__seg0000__snr0,1.0
25,24,59afc338d05a30b5a700,59afc338d05a30b5a700__46130098__clean__seg0000__snr20,1.0
25,24,59afc338d05a30b5a700,59afc338d05a30b5a700__46130098__clean__seg0000__snr10,1.0
25,24,59afc338d05a30b5a700,59afc338d05a30b5a700__46130098__clean__seg0000__snr5,1.0
25,24,59afc338d05a30b5a700,59afc338d05a30b5a700__46130098__clean__seg0000__snr0,1.0
25,24,59afc338d05a30b5a700,59afc338d05a30b5a700__24dd7ca3__clean__seg0000__snr20,1.0
25,24,59afc338d05a30b5a700,59afc338d05a30b5a700__24dd7ca3__clean__seg0000__snr10,1.0
25,24,59afc338d05a30b5a700,59afc338d05a30b5a700__24dd7ca3__clean__seg0000__snr5,1.0
25,24,59afc338d05a30b5a700,59afc338d05a30b5a700__24dd7ca3__clean__seg0000__snr0,1.0
25,24,59afc338d05a30b5a700,59afc338d05a30b5a700__3ddd04b3__clean__seg0000__snr20,1.0
25,24,59afc338d05a30b5a700,59afc338d05a30b5a700__3ddd04b3__clean__seg0000__snr10,1.0
25,24,59afc338d05a30b5a700,59afc338d05a30b5a700__3ddd04b3__clean__seg0000__snr5,1.0
25,24,59afc338d05a30b5a700,59afc338d05a30b5a700__3ddd04b3__clean__seg0000__snr0,1.0
25,24,59afc338d05a30b5a700,59afc338d05a30b5a700__669b3aee__clean__seg0000__snr20,1.0
25,24,59afc338d05a30b5a700,59afc338d05a30b5a700__669b3aee__clean__seg0000__snr10,1.0
25,24,59afc338d05a30b5a700,59afc338d05a30b5a700__669b3aee__clean__seg0000__snr5,1.0
25,24,59afc338d05a30b5a700,59afc338d05a30b5a700__669b3aee__clean__seg0000__snr0,1.0
25,24,59afc338d05a30b5a700,59afc338d05a30b5a700__8ee541e0__clean__seg0000__snr20,1.0
25,24,59afc338d05a30b5a700,59afc338d05a30b5a700__8ee541e0__clean__seg0000__snr10,1.0
25,24,59afc338d05a30b5a700,59afc338d05a30b5a700__8ee541e0__clean__seg0000__snr5,1.0
25,24,59afc338d05a30b5a700,59afc338d05a30b5a700__8ee541e0__clean__seg0000__snr0,1.0
25,24,59afc338d05a30b5a700,59afc338d05a30b5a700__e7cf5cbd__clean__seg0000__snr20,1.0
25,24,59afc338d05a30b5a700,59afc338d05a30b5a700__e7cf5cbd__clean__seg0000__snr10,1.0
25,24,59afc338d05a30b5a700,59afc338d05a30b5a700__e7cf5cbd__clean__seg0000__snr5,1.0
25,24,59afc338d05a30b5a700,59afc338d05a30b5a700__e7cf5cbd__clean__seg0000__snr0,1.0
25,24,59afc338d05a30b5a700,59afc338d05a30b5a700__69226906__clean__seg0000__snr20,1.0
25,24,59afc338d05a30b5a700,59afc338d05a30b5a700__69226906__clean__seg0000__snr10,1.0
25,24,59afc338d05a30b5a700,59afc338d05a30b5a700__69226906__clean__seg0000__snr5,1.0
25,24,59afc338d05a30b5a700,59afc338d05a30b5a700__69226906__clean__seg0000__snr0,1.0
25,24,59afc338d05a30b5a700,59afc338d05a30b5a700__6efc91e5__clean__seg0000__snr20,1.0
25,24,59afc338d05a30b5a700,59afc338d05a30b5a700__6efc91e5__clean__seg0000__snr10,1.0
25,24,59afc338d05a30b5a700,59afc338d05a30b5a700__6efc91e5__clean__seg0000__snr5,1.0
25,24,59afc338d05a30b5a700,59afc338d05a30b5a700__6efc91e5__clean__seg0000__snr0,1.0
25,24,59afc338d05a30b5a700,59afc338d05a30b5a700__807f4f7b__clean__seg0000__snr20,1.0
25,24,59afc338d05a30b5a700,59afc338d05a30b5a700__807f4f7b__clean__seg0000__snr10,1.0
25,24,59afc338d05a30b5a700,59afc338d05a30b5a700__807f4f7b__clean__seg0000__snr5,1.0
25,24,59afc338d05a30b5a700,59afc338d05a30b5a700__807f4f7b__clean__seg0000__snr0,1.0
25,24,59afc338d05a30b5a700,59afc338d05a30b5a700__78219eb7__clean__seg0000__snr20,1.0
25,24,59afc338d05a30b5a700,59afc338d05a30b5a700__78219eb7__clean__seg0000__snr10,1.0
25,24,59afc338d05a30b5a700,59afc338d05a30b5a700__78219eb7__clean__seg0000__snr5,1.0
25,24,59afc338d05a30b5a700,59afc338d05a30b5a700__78219eb7__clean__seg0000__snr0,1.0
25,24,59afc338d05a30b5a700,59afc338d05a30b5a700__998054f8__clean__seg0000__snr20,1.0
25,24,59afc338d05a30b5a700,59afc338d05a30b5a700__998054f8__clean__seg0000__snr10,1.0
25,24,59afc338d05a30b5a700,59afc338d05a30b5a700__998054f8__clean__seg0000__snr5,1.0
25,24,59afc338d05a30b5a700,59afc338d05a30b5a700__998054f8__clean__seg0000__snr0,1.0
25,24,59afc338d05a30b5a700,59afc338d05a30b5a700__f94d863b__clean__seg0000__snr20,1.0
25,24,59afc338d05a30b5a700,59afc338d05a30b5a700__f94d863b__clean__seg0000__snr10,1.0
25,24,59afc338d05a30b5a700,59afc338d05a30b5a700__f94d863b__clean__seg0000__snr5,1.0
25,24,59afc338d05a30b5a700,59afc338d05a30b5a700__f94d863b__clean__seg0000__snr0,1.0
25,24,59afc338d05a30b5a700,59afc338d05a30b5a700__17a1a0f1__clean__seg0000__snr20,1.0
25,24,59afc338d05a30b5a700,59afc338d05a30b5a700__17a1a0f1__clean__seg0000__snr10,1.0
25,24,59afc338d05a30b5a700,59afc338d05a30b5a700__17a1a0f1__clean__seg0000__snr5,1.0
25,24,59afc338d05a30b5a700,59afc338d05a30b5a700__17a1a0f1__clean__seg0000__snr0,1.0
25,24,59afc338d05a30b5a700,59afc338d05a30b5a700__0e483443__clean__seg0000__snr20,1.0
25,24,59afc338d05a30b5a700,59afc338d05a30b5a700__0e483443__clean__seg0000__snr10,1.0
25,24,59afc338d05a30b5a700,59afc338d05a30b5a700__0e483443__clean__seg0000__snr5,1.0
25,24,59afc338d05a30b5a700,59afc338d05a30b5a700__0e483443__clean__seg0000__snr0,1.0
25,24,59afc338d05a30b5a700,59afc338d05a30b5a700__4d249382__clean__seg0000__snr20,1.0
25,24,59afc338d05a30b5a700,59afc338d05a30b5a700__4d249382__clean__seg0000__snr10,1.0
25,24,59afc338d05a30b5a700,59afc338d05a30b5a700__4d249382__clean__seg0000__snr5,1.0
25,24,59afc338d05a30b5a700,59afc338d05a30b5a700__4d249382__clean__seg0000__snr0,1.0
25,24,59afc338d05a30b5a700,59afc338d05a30b5a700__dfc429cb__clean__seg0000__snr20,1.0
25,24,59afc338d05a30b5a700,59afc338d05a30b5a700__dfc429cb__clean__seg0000__snr10,1.0
25,24,59afc338d05a30b5a700,59afc338d05a30b5a700__dfc429cb__clean__seg0000__snr5,1.0
25,24,59afc338d05a30b5a700,59afc338d05a30b5a700__dfc429cb__clean__seg0000__snr0,1.0
25,24,59afc338d05a30b5a700,59afc338d05a30b5a700__b7e10649__clean__seg0000__snr20,1.0
25,24,59afc338d05a30b5a700,59afc338d05a30b5a700__b7e10649__clean__seg0000__snr10,1.0
25,24,59afc338d05a30b5a700,59afc338d05a30b5a700__b7e10649__clean__seg0000__snr5,1.0
25,24,59afc338d05a30b5a700,59afc338d05a30b5a700__b7e10649__clean__seg0000__snr0,1.0
25,24,59afc338d05a30b5a700,59afc338d05a30b5a700__a7b58dc2__clean__seg0000__snr20,1.0
25,24,59afc338d05a30b5a700,59afc338d05a30b5a700__a7b58dc2__clean__seg0000__snr10,1.0
25,24,59afc338d05a30b5a700,59afc338d05a30b5a700__a7b58dc2__clean__seg0000__snr5,1.0
25,24,59afc338d05a30b5a700,59afc338d05a30b5a700__a7b58dc2__clean__seg0000__snr0,1.0
25,24,59afc338d05a30b5a700,59afc338d05a30b5a700__403a7d46__clean__seg0000__snr20,1.0
25,24,59afc338d05a30b5a700,59afc338d05a30b5a700__403a7d46__clean__seg0000__snr10,1.0
25,24,59afc338d05a30b5a700,59afc338d05a30b5a700__403a7d46__clean__seg0000__snr5,1.0
25,24,59afc338d05a30b5a700,59afc338d05a30b5a700__403a7d46__clean__seg0000__snr0,1.0
25,24,59afc338d05a30b5a700,59afc338d05a30b5a700__86264bc3__clean__seg0000__snr20,1.0
25,24,59afc338d05a30b5a700,59afc338d05a30b5a700__86264bc3__clean__seg0000__snr10,1.0
25,24,59afc338d05a30b5a700,59afc338d05a30b5a700__86264bc3__clean__seg0000__snr5,1.0
25,24,59afc338d05a30b5a700,59afc338d05a30b5a700__86264bc3__clean__seg0000__snr0,1.0
25,24,59afc338d05a30b5a700,59afc338d05a30b5a700__c097ab2a__clean__seg0000__snr20,1.0
25,24,59afc338d05a30b5a700,59afc338d05a30b5a700__c097ab2a__clean__seg0000__snr10,1.0
25,24,59afc338d05a30b5a700,59afc338d05a30b5a700__c097ab2a__clean__seg0000__snr5,1.0
25,24,59afc338d05a30b5a700,59afc338d05a30b5a700__c097ab2a__clean__seg0000__snr0,1.0
25,24,59afc338d05a30b5a700,59afc338d05a30b5a700__1e326fd0__clean__seg0000__snr20,1.0
25,24,59afc338d05a30b5a700,59afc338d05a30b5a700__1e326fd0__clean__seg0000__snr10,1.0
25,24,59afc338d05a30b5a700,59afc338d05a30b5a700__1e326fd0__clean__seg0000__snr5,1.0
25,24,59afc338d05a30b5a700,59afc338d05a30b5a700__1e326fd0__clean__seg0000__snr0,1.0
25,24,59afc338d05a30b5a700,59afc338d05a30b5a700__85fb6b15__clean__seg0000__snr20,1.0
25,24,59afc338d05a30b5a700,59afc338d05a30b5a700__85fb6b15__clean__seg0000__snr10,1.0
25,24,59afc338d05a30b5a700,59afc338d05a30b5a700__85fb6b15__clean__seg0000__snr5,1.0
25,24,59afc338d05a30b5a700,59afc338d05a30b5a700__85fb6b15__clean__seg0000__snr0,1.0
25,24,59afc338d05a30b5a700,59afc338d05a30b5a700__754ea587__clean__seg0000__snr20,1.0
25,24,59afc338d05a30b5a700,59afc338d05a30b5a700__754ea587__clean__seg0000__snr10,1.0
25,24,59afc338d05a30b5a700,59afc338d05a30b5a700__754ea587__clean__seg0000__snr5,1.0
25,24,59afc338d05a30b5a700,59afc338d05a30b5a700__754ea587__clean__seg0000__snr0,1.0
25,24,59afc338d05a30b5a700,59afc338d05a30b5a700__cadd2746__clean__seg0000__snr20,1.0
25,24,59afc338d05a30b5a700,59afc338d05a30b5a700__cadd2746__clean__seg0000__snr10,1.0
25,24,59afc338d05a30b5a700,59afc338d05a30b5a700__cadd2746__clean__seg0000__snr5,1.0
25,24,59afc338d05a30b5a700,59afc338d05a30b5a700__cadd2746__clean__seg0000__snr0,1.0
25,24,59afc338d05a30b5a700,59afc338d05a30b5a700__49b913c6__clean__seg0000__snr20,1.0
25,24,59afc338d05a30b5a700,59afc338d05a30b5a700__49b913c6__clean__seg0000__snr10,1.0
25,24,59afc338d05a30b5a700,59afc338d05a30b5a700__49b913c6__clean__seg0000__snr5,1.0
25,24,59afc338d05a30b5a700,59afc338d05a30b5a700__49b913c6__clean__seg0000__snr0,1.0
25,24,59afc338d05a30b5a700,59afc338d05a30b5a700__db6d9268__clean__seg0000__snr20,1.0
25,24,59afc338d05a30b5a700,59afc338d05a30b5a700__db6d9268__clean__seg0000__snr10,1.0
25,24,59afc338d05a30b5a700,59afc338d05a30b5a700__db6d9268__clean__seg0000__snr5,1.0
25,24,59afc338d05a30b5a700,59afc338d05a30b5a700__db6d9268__clean__seg0000__snr0,1.0
25,24,59afc338d05a30b5a700,59afc338d05a30b5a700__1a87d7bc__clean__seg0000__snr20,1.0
25,24,59afc338d05a30b5a700,59afc338d05a30b5a700__1a87d7bc__clean__seg0000__snr10,1.0
25,24,59afc338d05a30b5a700,59afc338d05a30b5a700__1a87d7bc__clean__seg0000__snr5,1.0
25,24,59afc338d05a30b5a700,59afc338d05a30b5a700__1a87d7bc__clean__seg0000__snr0,1.0
25,24,59afc338d05a30b5a700,59afc338d05a30b5a700__225ee768__clean__seg0000__snr20,1.0
25,24,59afc338d05a30b5a700,59afc338d05a30b5a700__225ee768__clean__seg0000__snr10,1.0
25,24,59afc338d05a30b5a700,59afc338d05a30b5a700__225ee768__clean__seg0000__snr5,1.0
25,24,59afc338d05a30b5a700,59afc338d05a30b5a700__225ee768__clean__seg0000__snr0,1.0
25,24,59afc338d05a30b5a700,59afc338d05a30b5a700__66c22b8d__clean__seg0000__snr20,1.0
25,24,59afc338d05a30b5a700,59afc338d05a30b5a700__66c22b8d__clean__seg0000__snr10,1.0
25,24,59afc338d05a30b5a700,59afc338d05a30b5a700__66c22b8d__clean__seg0000__snr5,1.0
25,24,59afc338d05a30b5a700,59afc338d05a30b5a700__66c22b8d__clean__seg0000__snr0,1.0
25,24,59afc338d05a30b5a700,59afc338d05a30b5a700__0e98205d__clean__seg0000__snr20,1.0
25,24,59afc338d05a30b5a700,59afc338d05a30b5a700__0e98205d__clean__seg0000__snr10,1.0
25,24,59afc338d05a30b5a700,59afc338d05a30b5a700__0e98205d__clean__seg0000__snr5,1.0
25,24,59afc338d05a30b5a700,59afc338d05a30b5a700__0e98205d__clean__seg0000__snr0,1.0
25,24,59afc338d05a30b5a700,59afc338d05a30b5a700__db4f7d1e__clean__seg0000__snr20,1.0
25,24,59afc338d05a30b5a700,59afc338d05a30b5a700__db4f7d1e__clean__seg0000__snr10,1.0
25,24,59afc338d05a30b5a700,59afc338d05a30b5a700__db4f7d1e__clean__seg0000__snr5,1.0
25,24,59afc338d05a30b5a700,59afc338d05a30b5a700__db4f7d1e__clean__seg0000__snr0,1.0
25,24,59afc338d05a30b5a700,59afc338d05a30b5a700__af0c8a6f__clean__seg0000__snr20,1.0
25,24,59afc338d05a30b5a700,59afc338d05a30b5a700__af0c8a6f__clean__seg0000__snr10,1.0
25,24,59afc338d05a30b5a700,59afc338d05a30b5a700__af0c8a6f__clean__seg0000__snr5,1.0
25,24,59afc338d05a30b5a700,59afc338d05a30b5a700__af0c8a6f__clean__seg0000__snr0,1.0
25,24,59afc338d05a30b5a700,59afc338d05a30b5a700__f21ea8f7__clean__seg0000__snr20,1.0
25,24,59afc338d05a30b5a700,59afc338d05a30b5a700__f21ea8f7__clean__seg0000__snr10,1.0
25,24,59afc338d05a30b5a700,59afc338d05a30b5a700__f21ea8f7__clean__seg0000__snr5,1.0
25,24,59afc338d05a30b5a700,59afc338d05a30b5a700__f21ea8f7__clean__seg0000__snr0,1.0
25,24,59afc338d05a30b5a700,59afc338d05a30b5a700__c093193f__clean__seg0000__snr20,1.0
25,24,59afc338d05a30b5a700,59afc338d05a30b5a700__c093193f__clean__seg0000__snr10,1.0
25,24,59afc338d05a30b5a700,59afc338d05a30b5a700__c093193f__clean__seg0000__snr5,1.0
25,24,59afc338d05a30b5a700,59afc338d05a30b5a700__c093193f__clean__seg0000__snr0,1.0
25,24,59afc338d05a30b5a700,59afc338d05a30b5a700__bf02beb0__clean__seg0000__snr20,1.0
25,24,59afc338d05a30b5a700,59afc338d05a30b5a700__bf02beb0__clean__seg0000__snr10,1.0
25,24,59afc338d05a30b5a700,59afc338d05a30b5a700__bf02beb0__clean__seg0000__snr5,1.0
25,24,59afc338d05a30b5a700,59afc338d05a30b5a700__bf02beb0__clean__seg0000__snr0,1.0
25,24,59afc338d05a30b5a700,59afc338d05a30b5a700__6af32690__clean__seg0000__snr20,1.0
25,24,59afc338d05a30b5a700,59afc338d05a30b5a700__6af32690__clean__seg0000__snr10,1.0
25,24,59afc338d05a30b5a700,59afc338d05a30b5a700__6af32690__clean__seg0000__snr5,1.0
25,24,59afc338d05a30b5a700,59afc338d05a30b5a700__6af32690__clean__seg0000__snr0,1.0
25,24,59afc338d05a30b5a700,59afc338d05a30b5a700__84b53794__clean__seg0000__snr20,1.0
25,24,59afc338d05a30b5a700,59afc338d05a30b5a700__84b53794__clean__seg0000__snr10,1.0
25,24,59afc338d05a30b5a700,59afc338d05a30b5a700__84b53794__clean__seg0000__snr5,1.0
25,24,59afc338d05a30b5a700,59afc338d05a30b5a700__84b53794__clean__seg0000__snr0,1.0
25,24,59afc338d05a30b5a700,59afc338d05a30b5a700__ff0cccbe__clean__seg0000__snr20,1.0
25,24,59afc338d05a30b5a700,59afc338d05a30b5a700__ff0cccbe__clean__seg0000__snr10,1.0
25,24,59afc338d05a30b5a700,59afc338d05a30b5a700__ff0cccbe__clean__seg0000__snr5,1.0
25,24,59afc338d05a30b5a700,59afc338d05a30b5a700__ff0cccbe__clean__seg0000__snr0,1.0
25,24,59afc338d05a30b5a700,59afc338d05a30b5a700__d3e24ad1__clean__seg0000__snr20,1.0
25,24,59afc338d05a30b5a700,59afc338d05a30b5a700__d3e24ad1__clean__seg0000__snr10,1.0
25,24,59afc338d05a30b5a700,59afc338d05a30b5a700__d3e24ad1__clean__seg0000__snr5,1.0
25,24,59afc338d05a30b5a700,59afc338d05a30b5a700__d3e24ad1__clean__seg0000__snr0,1.0
25,24,59afc338d05a30b5a700,59afc338d05a30b5a700__e968223e__clean__seg0000__snr20,1.0
25,24,59afc338d05a30b5a700,59afc338d05a30b5a700__e968223e__clean__seg0000__snr10,1.0
25,24,59afc338d05a30b5a700,59afc338d05a30b5a700__e968223e__clean__seg0000__snr5,1.0
25,24,59afc338d05a30b5a700,59afc338d05a30b5a700__e968223e__clean__seg0000__snr0,1.0
25,24,59afc338d05a30b5a700,59afc338d05a30b5a700__6dbb873a__clean__seg0000__snr20,1.0
25,24,59afc338d05a30b5a700,59afc338d05a30b5a700__6dbb873a__clean__seg0000__snr10,1.0
25,24,59afc338d05a30b5a700,59afc338d05a30b5a700__6dbb873a__clean__seg0000__snr5,1.0
25,24,59afc338d05a30b5a700,59afc338d05a30b5a700__6dbb873a__clean__seg0000__snr0,1.0
25,24,59afc338d05a30b5a700,59afc338d05a30b5a700__eea03378__clean__seg0000__snr20,1.0
25,24,59afc338d05a30b5a700,59afc338d05a30b5a700__eea03378__clean__seg0000__snr10,1.0
25,24,59afc338d05a30b5a700,59afc338d05a30b5a700__eea03378__clean__seg0000__snr5,1.0
25,24,59afc338d05a30b5a700,59afc338d05a30b5a700__eea03378__clean__seg0000__snr0,1.0
25,24,59afc338d05a30b5a700,59afc338d05a30b5a700__478071ee__clean__seg0000__snr20,1.0
25,24,59afc338d05a30b5a700,59afc338d05a30b5a700__478071ee__clean__seg0000__snr10,1.0
25,24,59afc338d05a30b5a700,59afc338d05a30b5a700__478071ee__clean__seg0000__snr5,1.0
25,24,59afc338d05a30b5a700,59afc338d05a30b5a700__478071ee__clean__seg0000__snr0,1.0
25,24,59afc338d05a30b5a700,59afc338d05a30b5a700__aec013ca__clean__seg0000__snr20,1.0
25,24,59afc338d05a30b5a700,59afc338d05a30b5a700__aec013ca__clean__seg0000__snr10,1.0
25,24,59afc338d05a30b5a700,59afc338d05a30b5a700__aec013ca__clean__seg0000__snr5,1.0
25,24,59afc338d05a30b5a700,59afc338d05a30b5a700__aec013ca__clean__seg0000__snr0,1.0
25,24,59afc338d05a30b5a700,59afc338d05a30b5a700__377a56ea__clean__seg0000__snr20,1.0
25,24,59afc338d05a30b5a700,59afc338d05a30b5a700__377a56ea__clean__seg0000__snr10,1.0
25,24,59afc338d05a30b5a700,59afc338d05a30b5a700__377a56ea__clean__seg0000__snr5,1.0
25,24,59afc338d05a30b5a700,59afc338d05a30b5a700__377a56ea__clean__seg0000__snr0,1.0
25,24,59afc338d05a30b5a700,59afc338d05a30b5a700__0a9a56c7__clean__seg0000__snr20,1.0
25,24,59afc338d05a30b5a700,59afc338d05a30b5a700__0a9a56c7__clean__seg0000__snr10,1.0
25,24,59afc338d05a30b5a700,59afc338d05a30b5a700__0a9a56c7__clean__seg0000__snr5,1.0
25,24,59afc338d05a30b5a700,59afc338d05a30b5a700__0a9a56c7__clean__seg0000__snr0,1.0
25,24,59afc338d05a30b5a700,59afc338d05a30b5a700__11bea9c2__clean__seg0000__snr20,1.0
25,24,59afc338d05a30b5a700,59afc338d05a30b5a700__11bea9c2__clean__seg0000__snr10,1.0
25,24,59afc338d05a30b5a700,59afc338d05a30b5a700__11bea9c2__clean__seg0000__snr5,1.0
25,24,59afc338d05a30b5a700,59afc338d05a30b5a700__11bea9c2__clean__seg0000__snr0,1.0
25,24,59afc338d05a30b5a700,59afc338d05a30b5a700__0c08d040__clean__seg0000__snr20,1.0
25,24,59afc338d05a30b5a700,59afc338d05a30b5a700__0c08d040__clean__seg0000__snr10,1.0
25,24,59afc338d05a30b5a700,59afc338d05a30b5a700__0c08d040__clean__seg0000__snr5,1.0
25,24,59afc338d05a30b5a700,59afc338d05a30b5a700__0c08d040__clean__seg0000__snr0,1.0
25,24,59afc338d05a30b5a700,59afc338d05a30b5a700__b1c290df__clean__seg0000__snr20,1.0
25,24,59afc338d05a30b5a700,59afc338d05a30b5a700__b1c290df__clean__seg0000__snr10,1.0
25,24,59afc338d05a30b5a700,59afc338d05a30b5a700__b1c290df__clean__seg0000__snr5,1.0
25,24,59afc338d05a30b5a700,59afc338d05a30b5a700__b1c290df__clean__seg0000__snr0,1.0
25,24,59afc338d05a30b5a700,59afc338d05a30b5a700__36997589__clean__seg0000__snr20,1.0
25,24,59afc338d05a30b5a700,59afc338d05a30b5a700__36997589__clean__seg0000__snr10,1.0
25,24,59afc338d05a30b5a700,59afc338d05a30b5a700__36997589__clean__seg0000__snr5,1.0
25,24,59afc338d05a30b5a700,59afc338d05a30b5a700__36997589__clean__seg0000__snr0,1.0
25,24,59afc338d05a30b5a700,59afc338d05a30b5a700__0e03374f__clean__seg0000__snr20,1.0
25,24,59afc338d05a30b5a700,59afc338d05a30b5a700__0e03374f__clean__seg0000__snr10,1.0
25,24,59afc338d05a30b5a700,59afc338d05a30b5a700__0e03374f__clean__seg0000__snr5,1.0
25,24,59afc338d05a30b5a700,59afc338d05a30b5a700__0e03374f__clean__seg0000__snr0,1.0
25,24,59afc338d05a30b5a700,59afc338d05a30b5a700__a27516a4__clean__seg0000__snr20,1.0
25,24,59afc338d05a30b5a700,59afc338d05a30b5a700__a27516a4__clean__seg0000__snr10,1.0
25,24,59afc338d05a30b5a700,59afc338d05a30b5a700__a27516a4__clean__seg0000__snr5,1.0
25,24,59afc338d05a30b5a700,59afc338d05a30b5a700__a27516a4__clean__seg0000__snr0,1.0
25,24,59afc338d05a30b5a700,59afc338d05a30b5a700__cb47bafd__clean__seg0000__snr20,1.0
25,24,59afc338d05a30b5a700,59afc338d05a30b5a700__cb47bafd__clean__seg0000__snr10,1.0
25,24,59afc338d05a30b5a700,59afc338d05a30b5a700__cb47bafd__clean__seg0000__snr5,1.0
25,24,59afc338d05a30b5a700,59afc338d05a30b5a700__cb47bafd__clean__seg0000__snr0,1.0
25,24,59afc338d05a30b5a700,59afc338d05a30b5a700__c71b4837__clean__seg0000__snr20,1.0
25,24,59afc338d05a30b5a700,59afc338d05a30b5a700__c71b4837__clean__seg0000__snr10,1.0
25,24,59afc338d05a30b5a700,59afc338d05a30b5a700__c71b4837__clean__seg0000__snr5,1.0
25,24,59afc338d05a30b5a700,59afc338d05a30b5a700__c71b4837__clean__seg0000__snr0,1.0
25,24,59afc338d05a30b5a700,59afc338d05a30b5a700__bf156e3e__clean__seg0000__snr20,1.0
25,24,59afc338d05a30b5a700,59afc338d05a30b5a700__bf156e3e__clean__seg0000__snr10,1.0
25,24,59afc338d05a30b5a700,59afc338d05a30b5a700__bf156e3e__clean__seg0000__snr5,1.0
25,24,59afc338d05a30b5a700,59afc338d05a30b5a700__bf156e3e__clean__seg0000__snr0,1.0
25,24,59afc338d05a30b5a700,59afc338d05a30b5a700__734d8f42__clean__seg0000__snr20,1.0
25,24,59afc338d05a30b5a700,59afc338d05a30b5a700__734d8f42__clean__seg0000__snr10,1.0
25,24,59afc338d05a30b5a700,59afc338d05a30b5a700__734d8f42__clean__seg0000__snr5,1.0
25,24,59afc338d05a30b5a700,59afc338d05a30b5a700__734d8f42__clean__seg0000__snr0,1.0
25,24,59afc338d05a30b5a700,59afc338d05a30b5a700__053211ce__clean__seg0000__snr20,1.0
25,24,59afc338d05a30b5a700,59afc338d05a30b5a700__053211ce__clean__seg0000__snr10,1.0
25,24,59afc338d05a30b5a700,59afc338d05a30b5a700__053211ce__clean__seg0000__snr5,1.0
25,24,59afc338d05a30b5a700,59afc338d05a30b5a700__053211ce__clean__seg0000__snr0,1.0
25,24,59afc338d05a30b5a700,59afc338d05a30b5a700__8f70b939__clean__seg0000__snr20,1.0
25,24,59afc338d05a30b5a700,59afc338d05a30b5a700__8f70b939__clean__seg0000__snr10,1.0
25,24,59afc338d05a30b5a700,59afc338d05a30b5a700__8f70b939__clean__seg0000__snr5,1.0
25,24,59afc338d05a30b5a700,59afc338d05a30b5a700__8f70b939__clean__seg0000__snr0,1.0
25,24,59afc338d05a30b5a700,59afc338d05a30b5a700__f5608b86__clean__seg0000__snr20,1.0
25,24,59afc338d05a30b5a700,59afc338d05a30b5a700__f5608b86__clean__seg0000__snr10,1.0
25,24,59afc338d05a30b5a700,59afc338d05a30b5a700__f5608b86__clean__seg0000__snr5,1.0
25,24,59afc338d05a30b5a700,59afc338d05a30b5a700__f5608b86__clean__seg0000__snr0,1.0
25,24,59afc338d05a30b5a700,59afc338d05a30b5a700__bcb10484__clean__seg0000__snr20,1.0
25,24,59afc338d05a30b5a700,59afc338d05a30b5a700__bcb10484__clean__seg0000__snr10,1.0
25,24,59afc338d05a30b5a700,59afc338d05a30b5a700__bcb10484__clean__seg0000__snr5,1.0
25,24,59afc338d05a30b5a700,59afc338d05a30b5a700__bcb10484__clean__seg0000__snr0,1.0
25,24,59afc338d05a30b5a700,59afc338d05a30b5a700__778ad0d3__clean__seg0000__snr20,1.0
25,24,59afc338d05a30b5a700,59afc338d05a30b5a700__778ad0d3__clean__seg0000__snr10,1.0
25,24,59afc338d05a30b5a700,59afc338d05a30b5a700__778ad0d3__clean__seg0000__snr5,1.0
25,24,59afc338d05a30b5a700,59afc338d05a30b5a700__778ad0d3__clean__seg0000__snr0,1.0
25,24,59afc338d05a30b5a700,59afc338d05a30b5a700__b7aa42f8__clean__seg0000__snr20,1.0
25,24,59afc338d05a30b5a700,59afc338d05a30b5a700__b7aa42f8__clean__seg0000__snr10,1.0
25,24,59afc338d05a30b5a700,59afc338d05a30b5a700__b7aa42f8__clean__seg0000__snr5,1.0
25,24,59afc338d05a30b5a700,59afc338d05a30b5a700__b7aa42f8__clean__seg0000__snr0,1.0
25,24,59afc338d05a30b5a700,59afc338d05a30b5a700__1ee2bb31__clean__seg0000__snr20,1.0
25,24,59afc338d05a30b5a700,59afc338d05a30b5a700__1ee2bb31__clean__seg0000__snr10,1.0
25,24,59afc338d05a30b5a700,59afc338d05a30b5a700__1ee2bb31__clean__seg0000__snr5,1.0
25,24,59afc338d05a30b5a700,59afc338d05a30b5a700__1ee2bb31__clean__seg0000__snr0,1.0
25,24,59afc338d05a30b5a700,59afc338d05a30b5a700__b00f5ecb__clean__seg0000__snr20,1.0
25,24,59afc338d05a30b5a700,59afc338d05a30b5a700__b00f5ecb__clean__seg0000__snr10,1.0
25,24,59afc338d05a30b5a700,59afc338d05a30b5a700__b00f5ecb__clean__seg0000__snr5,1.0
25,24,59afc338d05a30b5a700,59afc338d05a30b5a700__b00f5ecb__clean__seg0000__snr0,1.0
25,24,59afc338d05a30b5a700,59afc338d05a30b5a700__4fe64071__clean__seg0000__snr20,1.0
25,24,59afc338d05a30b5a700,59afc338d05a30b5a700__4fe64071__clean__seg0000__snr10,1.0
25,24,59afc338d05a30b5a700,59afc338d05a30b5a700__4fe64071__clean__seg0000__snr5,1.0
25,24,59afc338d05a30b5a700,59afc338d05a30b5a700__4fe64071__clean__seg0000__snr0,1.0
25,24,59afc338d05a30b5a700,59afc338d05a30b5a700__1ea4f83d__clean__seg0000__snr20,1.0
25,24,59afc338d05a30b5a700,59afc338d05a30b5a700__1ea4f83d__clean__seg0000__snr10,1.0
25,24,59afc338d05a30b5a700,59afc338d05a30b5a700__1ea4f83d__clean__seg0000__snr5,1.0
25,24,59afc338d05a30b5a700,59afc338d05a30b5a700__1ea4f83d__clean__seg0000__snr0,1.0
25,24,59afc338d05a30b5a700,59afc338d05a30b5a700__3806e7f7__clean__seg0000__snr20,1.0
25,24,59afc338d05a30b5a700,59afc338d05a30b5a700__3806e7f7__clean__seg0000__snr10,1.0
25,24,59afc338d05a30b5a700,59afc338d05a30b5a700__3806e7f7__clean__seg0000__snr5,1.0
25,24,59afc338d05a30b5a700,59afc338d05a30b5a700__3806e7f7__clean__seg0000__snr0,1.0
25,24,59afc338d05a30b5a700,59afc338d05a30b5a700__266aa55e__clean__seg0000__snr20,1.0
25,24,59afc338d05a30b5a700,59afc338d05a30b5a700__266aa55e__clean__seg0000__snr10,1.0
25,24,59afc338d05a30b5a700,59afc338d05a30b5a700__266aa55e__clean__seg0000__snr5,1.0
25,24,59afc338d05a30b5a700,59afc338d05a30b5a700__266aa55e__clean__seg0000__snr0,1.0
25,24,59afc338d05a30b5a700,59afc338d05a30b5a700__b2b32080__clean__seg0000__snr20,1.0
25,24,59afc338d05a30b5a700,59afc338d05a30b5a700__b2b32080__clean__seg0000__snr10,1.0
25,24,59afc338d05a30b5a700,59afc338d05a30b5a700__b2b32080__clean__seg0000__snr5,1.0
25,24,59afc338d05a30b5a700,59afc338d05a30b5a700__b2b32080__clean__seg0000__snr0,1.0
25,24,59afc338d05a30b5a700,59afc338d05a30b5a700__9d7cf06d__clean__seg0000__snr20,1.0
25,24,59afc338d05a30b5a700,59afc338d05a30b5a700__9d7cf06d__clean__seg0000__snr10,1.0
25,24,59afc338d05a30b5a700,59afc338d05a30b5a700__9d7cf06d__clean__seg0000__snr5,1.0
25,24,59afc338d05a30b5a700,59afc338d05a30b5a700__9d7cf06d__clean__seg0000__snr0,1.0
25,24,59afc338d05a30b5a700,59afc338d05a30b5a700__c2ea0891__clean__seg0000__snr20,1.0
25,24,59afc338d05a30b5a700,59afc338d05a30b5a700__c2ea0891__clean__seg0000__snr10,1.0
25,24,59afc338d05a30b5a700,59afc338d05a30b5a700__c2ea0891__clean__seg0000__snr5,1.0
25,24,59afc338d05a30b5a700,59afc338d05a30b5a700__c2ea0891__clean__seg0000__snr0,1.0
25,24,59afc338d05a30b5a700,59afc338d05a30b5a700__5fc82d61__clean__seg0000__snr20,1.0
25,24,59afc338d05a30b5a700,59afc338d05a30b5a700__5fc82d61__clean__seg0000__snr10,1.0
25,24,59afc338d05a30b5a700,59afc338d05a30b5a700__5fc82d61__clean__seg0000__snr5,1.0
25,24,59afc338d05a30b5a700,59afc338d05a30b5a700__5fc82d61__clean__seg0000__snr0,1.0
25,24,59afc338d05a30b5a700,59afc338d05a30b5a700__e60934ba__clean__seg0000__snr20,1.0
25,24,59afc338d05a30b5a700,59afc338d05a30b5a700__e60934ba__clean__seg0000__snr10,1.0
25,24,59afc338d05a30b5a700,59afc338d05a30b5a700__e60934ba__clean__seg0000__snr5,1.0
25,24,59afc338d05a30b5a700,59afc338d05a30b5a700__e60934ba__clean__seg0000__snr0,1.0
25,24,59afc338d05a30b5a700,59afc338d05a30b5a700__15275c2b__clean__seg0000__snr20,1.0
25,24,59afc338d05a30b5a700,59afc338d05a30b5a700__15275c2b__clean__seg0000__snr10,1.0
25,24,59afc338d05a30b5a700,59afc338d05a30b5a700__15275c2b__clean__seg0000__snr5,1.0
25,24,59afc338d05a30b5a700,59afc338d05a30b5a700__15275c2b__clean__seg0000__snr0,1.0
25,24,59afc338d05a30b5a700,59afc338d05a30b5a700__4e7847f0__clean__seg0000__snr20,1.0
25,24,59afc338d05a30b5a700,59afc338d05a30b5a700__4e7847f0__clean__seg0000__snr10,1.0
25,24,59afc338d05a30b5a700,59afc338d05a30b5a700__4e7847f0__clean__seg0000__snr5,1.0
25,24,59afc338d05a30b5a700,59afc338d05a30b5a700__4e7847f0__clean__seg0000__snr0,1.0
25,24,59afc338d05a30b5a700,59afc338d05a30b5a700__87da8a2c__clean__seg0000__snr20,1.0
25,24,59afc338d05a30b5a700,59afc338d05a30b5a700__87da8a2c__clean__seg0000__snr10,1.0
25,24,59afc338d05a30b5a700,59afc338d05a30b5a700__87da8a2c__clean__seg0000__snr5,1.0
25,24,59afc338d05a30b5a700,59afc338d05a30b5a700__87da8a2c__clean__seg0000__snr0,1.0
25,24,59afc338d05a30b5a700,59afc338d05a30b5a700__2f9ed095__clean__seg0000__snr20,1.0
25,24,59afc338d05a30b5a700,59afc338d05a30b5a700__2f9ed095__clean__seg0000__snr10,1.0
25,24,59afc338d05a30b5a700,59afc338d05a30b5a700__2f9ed095__clean__seg0000__snr5,1.0
25,24,59afc338d05a30b5a700,59afc338d05a30b5a700__2f9ed095__clean__seg0000__snr0,1.0
25,24,59afc338d05a30b5a700,59afc338d05a30b5a700__5ce85f12__clean__seg0000__snr20,1.0
25,24,59afc338d05a30b5a700,59afc338d05a30b5a700__5ce85f12__clean__seg0000__snr10,1.0
25,24,59afc338d05a30b5a700,59afc338d05a30b5a700__5ce85f12__clean__seg0000__snr5,1.0
25,24,59afc338d05a30b5a700,59afc338d05a30b5a700__5ce85f12__clean__seg0000__snr0,1.0
25,24,59afc338d05a30b5a700,59afc338d05a30b5a700__cf4e6bff__clean__seg0000__snr20,1.0
25,24,59afc338d05a30b5a700,59afc338d05a30b5a700__cf4e6bff__clean__seg0000__snr10,1.0
25,24,59afc338d05a30b5a700,59afc338d05a30b5a700__cf4e6bff__clean__seg0000__snr5,1.0
25,24,59afc338d05a30b5a700,59afc338d05a30b5a700__cf4e6bff__clean__seg0000__snr0,1.0
25,24,59afc338d05a30b5a700,59afc338d05a30b5a700__bbe09b6d__clean__seg0000__snr20,1.0
25,24,59afc338d05a30b5a700,59afc338d05a30b5a700__bbe09b6d__clean__seg0000__snr10,1.0
25,24,59afc338d05a30b5a700,59afc338d05a30b5a700__bbe09b6d__clean__seg0000__snr5,1.0
25,24,59afc338d05a30b5a700,59afc338d05a30b5a700__bbe09b6d__clean__seg0000__snr0,1.0
25,24,59afc338d05a30b5a700,59afc338d05a30b5a700__6b1d5397__clean__seg0000__snr20,1.0
25,24,59afc338d05a30b5a700,59afc338d05a30b5a700__6b1d5397__clean__seg0000__snr10,1.0
25,24,59afc338d05a30b5a700,59afc338d05a30b5a700__6b1d5397__clean__seg0000__snr5,1.0
25,24,59afc338d05a30b5a700,59afc338d05a30b5a700__6b1d5397__clean__seg0000__snr0,1.0
25,24,59afc338d05a30b5a700,59afc338d05a30b5a700__56034677__clean__seg0000__snr20,1.0
25,24,59afc338d05a30b5a700,59afc338d05a30b5a700__56034677__clean__seg0000__snr10,1.0
25,24,59afc338d05a30b5a700,59afc338d05a30b5a700__56034677__clean__seg0000__snr5,1.0
25,24,59afc338d05a30b5a700,59afc338d05a30b5a700__56034677__clean__seg0000__snr0,1.0
25,24,59afc338d05a30b5a700,59afc338d05a30b5a700__61f2d6df__clean__seg0000__snr20,1.0
25,24,59afc338d05a30b5a700,59afc338d05a30b5a700__61f2d6df__clean__seg0000__snr10,1.0
25,24,59afc338d05a30b5a700,59afc338d05a30b5a700__61f2d6df__clean__seg0000__snr5,1.0
25,24,59afc338d05a30b5a700,59afc338d05a30b5a700__61f2d6df__clean__seg0000__snr0,1.0
25,24,59afc338d05a30b5a700,59afc338d05a30b5a700__866d6469__clean__seg0000__snr20,1.0
25,24,59afc338d05a30b5a700,59afc338d05a30b5a700__866d6469__clean__seg0000__snr10,1.0
25,24,59afc338d05a30b5a700,59afc338d05a30b5a700__866d6469__clean__seg0000__snr5,1.0
25,24,59afc338d05a30b5a700,59afc338d05a30b5a700__866d6469__clean__seg0000__snr0,1.0
25,24,59afc338d05a30b5a700,59afc338d05a30b5a700__e3783d84__clean__seg0000__snr20,1.0
25,24,59afc338d05a30b5a700,59afc338d05a30b5a700__e3783d84__clean__seg0000__snr10,1.0
25,24,59afc338d05a30b5a700,59afc338d05a30b5a700__e3783d84__clean__seg0000__snr5,1.0
25,24,59afc338d05a30b5a700,59afc338d05a30b5a700__e3783d84__clean__seg0000__snr0,1.0
25,24,59afc338d05a30b5a700,59afc338d05a30b5a700__23221ec8__clean__seg0000__snr20,1.0
25,24,59afc338d05a30b5a700,59afc338d05a30b5a700__23221ec8__clean__seg0000__snr10,1.0
25,24,59afc338d05a30b5a700,59afc338d05a30b5a700__23221ec8__clean__seg0000__snr5,1.0
25,24,59afc338d05a30b5a700,59afc338d05a30b5a700__23221ec8__clean__seg0000__snr0,1.0
25,24,59afc338d05a30b5a700,59afc338d05a30b5a700__7f7976ca__clean__seg0000__snr20,1.0
25,24,59afc338d05a30b5a700,59afc338d05a30b5a700__7f7976ca__clean__seg0000__snr10,1.0
25,24,59afc338d05a30b5a700,59afc338d05a30b5a700__7f7976ca__clean__seg0000__snr5,1.0
25,24,59afc338d05a30b5a700,59afc338d05a30b5a700__7f7976ca__clean__seg0000__snr0,1.0
25,24,59afc338d05a30b5a700,59afc338d05a30b5a700__4e98f481__clean__seg0000__snr20,1.0
25,24,59afc338d05a30b5a700,59afc338d05a30b5a700__4e98f481__clean__seg0000__snr10,1.0
25,24,59afc338d05a30b5a700,59afc338d05a30b5a700__4e98f481__clean__seg0000__snr5,1.0
25,24,59afc338d05a30b5a700,59afc338d05a30b5a700__4e98f481__clean__seg0000__snr0,1.0
25,24,59afc338d05a30b5a700,59afc338d05a30b5a700__787a6afe__clean__seg0000__snr20,1.0
25,24,59afc338d05a30b5a700,59afc338d05a30b5a700__787a6afe__clean__seg0000__snr10,1.0
25,24,59afc338d05a30b5a700,59afc338d05a30b5a700__787a6afe__clean__seg0000__snr5,1.0
25,24,59afc338d05a30b5a700,59afc338d05a30b5a700__787a6afe__clean__seg0000__snr0,1.0
25,24,59afc338d05a30b5a700,59afc338d05a30b5a700__70b9ebdc__clean__seg0000__snr20,1.0
25,24,59afc338d05a30b5a700,59afc338d05a30b5a700__70b9ebdc__clean__seg0000__snr10,1.0
25,24,59afc338d05a30b5a700,59afc338d05a30b5a700__70b9ebdc__clean__seg0000__snr5,1.0
25,24,59afc338d05a30b5a700,59afc338d05a30b5a700__70b9ebdc__clean__seg0000__snr0,1.0
25,24,59afc338d05a30b5a700,59afc338d05a30b5a700__0417a82f__clean__seg0000__snr20,1.0
25,24,59afc338d05a30b5a700,59afc338d05a30b5a700__0417a82f__clean__seg0000__snr10,1.0
25,24,59afc338d05a30b5a700,59afc338d05a30b5a700__0417a82f__clean__seg0000__snr5,1.0
25,24,59afc338d05a30b5a700,59afc338d05a30b5a700__0417a82f__clean__seg0000__snr0,1.0
25,24,59afc338d05a30b5a700,59afc338d05a30b5a700__48ece3ab__clean__seg0000__snr20,1.0
25,24,59afc338d05a30b5a700,59afc338d05a30b5a700__48ece3ab__clean__seg0000__snr10,1.0
25,24,59afc338d05a30b5a700,59afc338d05a30b5a700__48ece3ab__clean__seg0000__snr5,1.0
25,24,59afc338d05a30b5a700,59afc338d05a30b5a700__48ece3ab__clean__seg0000__snr0,1.0
25,24,59afc338d05a30b5a700,59afc338d05a30b5a700__8e9a8570__clean__seg0000__snr20,1.0
25,24,59afc338d05a30b5a700,59afc338d05a30b5a700__8e9a8570__clean__seg0000__snr10,1.0
25,24,59afc338d05a30b5a700,59afc338d05a30b5a700__8e9a8570__clean__seg0000__snr5,1.0
25,24,59afc338d05a30b5a700,59afc338d05a30b5a700__8e9a8570__clean__seg0000__snr0,1.0
25,24,59afc338d05a30b5a700,59afc338d05a30b5a700__871fc31f__clean__seg0000__snr20,1.0
25,24,59afc338d05a30b5a700,59afc338d05a30b5a700__871fc31f__clean__seg0000__snr10,1.0
25,24,59afc338d05a30b5a700,59afc338d05a30b5a700__871fc31f__clean__seg0000__snr5,1.0
25,24,59afc338d05a30b5a700,59afc338d05a30b5a700__871fc31f__clean__seg0000__snr0,1.0
25,24,59afc338d05a30b5a700,59afc338d05a30b5a700__6ee7a14f__clean__seg0000__snr20,1.0
25,24,59afc338d05a30b5a700,59afc338d05a30b5a700__6ee7a14f__clean__seg0000__snr10,1.0
25,24,59afc338d05a30b5a700,59afc338d05a30b5a700__6ee7a14f__clean__seg0000__snr5,1.0
25,24,59afc338d05a30b5a700,59afc338d05a30b5a700__6ee7a14f__clean__seg0000__snr0,1.0
25,24,59afc338d05a30b5a700,59afc338d05a30b5a700__9edf584e__clean__seg0000__snr20,1.0
25,24,59afc338d05a30b5a700,59afc338d05a30b5a700__9edf584e__clean__seg0000__snr10,1.0
25,24,59afc338d05a30b5a700,59afc338d05a30b5a700__9edf584e__clean__seg0000__snr5,1.0
25,24,59afc338d05a30b5a700,59afc338d05a30b5a700__9edf584e__clean__seg0000__snr0,1.0
25,24,59afc338d05a30b5a700,59afc338d05a30b5a700__783c3853__clean__seg0000__snr20,1.0
25,24,59afc338d05a30b5a700,59afc338d05a30b5a700__783c3853__clean__seg0000__snr10,1.0
25,24,59afc338d05a30b5a700,59afc338d05a30b5a700__783c3853__clean__seg0000__snr5,1.0
25,24,59afc338d05a30b5a700,59afc338d05a30b5a700__783c3853__clean__seg0000__snr0,1.0
25,24,59afc338d05a30b5a700,59afc338d05a30b5a700__33381a95__clean__seg0000__snr20,1.0
25,24,59afc338d05a30b5a700,59afc338d05a30b5a700__33381a95__clean__seg0000__snr10,1.0
25,24,59afc338d05a30b5a700,59afc338d05a30b5a700__33381a95__clean__seg0000__snr5,1.0
25,24,59afc338d05a30b5a700,59afc338d05a30b5a700__33381a95__clean__seg0000__snr0,1.0
25,24,59afc338d05a30b5a700,59afc338d05a30b5a700__2dc4e9ba__clean__seg0000__snr20,1.0
25,24,59afc338d05a30b5a700,59afc338d05a30b5a700__2dc4e9ba__clean__seg0000__snr10,1.0
25,24,59afc338d05a30b5a700,59afc338d05a30b5a700__2dc4e9ba__clean__seg0000__snr5,1.0
25,24,59afc338d05a30b5a700,59afc338d05a30b5a700__2dc4e9ba__clean__seg0000__snr0,1.0
25,24,59afc338d05a30b5a700,59afc338d05a30b5a700__317150f6__clean__seg0000__snr20,1.0
25,24,59afc338d05a30b5a700,59afc338d05a30b5a700__317150f6__clean__seg0000__snr10,1.0
25,24,59afc338d05a30b5a700,59afc338d05a30b5a700__317150f6__clean__seg0000__snr5,1.0
25,24,59afc338d05a30b5a700,59afc338d05a30b5a700__317150f6__clean__seg0000__snr0,1.0
25,24,59afc338d05a30b5a700,59afc338d05a30b5a700__a242ea95__clean__seg0000__snr20,1.0
25,24,59afc338d05a30b5a700,59afc338d05a30b5a700__a242ea95__clean__seg0000__snr10,1.0
25,24,59afc338d05a30b5a700,59afc338d05a30b5a700__a242ea95__clean__seg0000__snr5,1.0
25,24,59afc338d05a30b5a700,59afc338d05a30b5a700__a242ea95__clean__seg0000__snr0,1.0
25,24,59afc338d05a30b5a700,59afc338d05a30b5a700__9747b934__clean__seg0000__snr20,1.0
25,24,59afc338d05a30b5a700,59afc338d05a30b5a700__9747b934__clean__seg0000__snr10,1.0
25,24,59afc338d05a30b5a700,59afc338d05a30b5a700__9747b934__clean__seg0000__snr5,1.0
25,24,59afc338d05a30b5a700,59afc338d05a30b5a700__9747b934__clean__seg0000__snr0,1.0
25,24,59afc338d05a30b5a700,59afc338d05a30b5a700__dbd652ed__clean__seg0000__snr20,1.0
25,24,59afc338d05a30b5a700,59afc338d05a30b5a700__dbd652ed__clean__seg0000__snr10,1.0
25,24,59afc338d05a30b5a700,59afc338d05a30b5a700__dbd652ed__clean__seg0000__snr5,1.0
25,24,59afc338d05a30b5a700,59afc338d05a30b5a700__dbd652ed__clean__seg0000__snr0,1.0
25,24,59afc338d05a30b5a700,59afc338d05a30b5a700__1dae71d0__clean__seg0000__snr20,1.0
25,24,59afc338d05a30b5a700,59afc338d05a30b5a700__1dae71d0__clean__seg0000__snr10,1.0
25,24,59afc338d05a30b5a700,59afc338d05a30b5a700__1dae71d0__clean__seg0000__snr5,1.0
25,24,59afc338d05a30b5a700,59afc338d05a30b5a700__1dae71d0__clean__seg0000__snr0,1.0
25,24,59afc338d05a30b5a700,59afc338d05a30b5a700__5e4bd6d3__clean__seg0000__snr20,1.0
25,24,59afc338d05a30b5a700,59afc338d05a30b5a700__5e4bd6d3__clean__seg0000__snr10,1.0
25,24,59afc338d05a30b5a700,59afc338d05a30b5a700__5e4bd6d3__clean__seg0000__snr5,1.0
25,24,59afc338d05a30b5a700,59afc338d05a30b5a700__5e4bd6d3__clean__seg0000__snr0,1.0
25,24,59afc338d05a30b5a700,59afc338d05a30b5a700__c2776819__clean__seg0000__snr20,1.0
25,24,59afc338d05a30b5a700,59afc338d05a30b5a700__c2776819__clean__seg0000__snr10,1.0
25,24,59afc338d05a30b5a700,59afc338d05a30b5a700__c2776819__clean__seg0000__snr5,1.0
25,24,59afc338d05a30b5a700,59afc338d05a30b5a700__c2776819__clean__seg0000__snr0,1.0
25,24,59afc338d05a30b5a700,59afc338d05a30b5a700__06769082__clean__seg0000__snr20,1.0
25,24,59afc338d05a30b5a700,59afc338d05a30b5a700__06769082__clean__seg0000__snr10,1.0
25,24,59afc338d05a30b5a700,59afc338d05a30b5a700__06769082__clean__seg0000__snr5,1.0
25,24,59afc338d05a30b5a700,59afc338d05a30b5a700__06769082__clean__seg0000__snr0,1.0
25,24,59afc338d05a30b5a700,59afc338d05a30b5a700__294476b8__clean__seg0000__snr20,1.0
25,24,59afc338d05a30b5a700,59afc338d05a30b5a700__294476b8__clean__seg0000__snr10,1.0
25,24,59afc338d05a30b5a700,59afc338d05a30b5a700__294476b8__clean__seg0000__snr5,1.0
25,24,59afc338d05a30b5a700,59afc338d05a30b5a700__294476b8__clean__seg0000__snr0,1.0
25,24,59afc338d05a30b5a700,59afc338d05a30b5a700__785eea4f__clean__seg0000__snr20,1.0
25,24,59afc338d05a30b5a700,59afc338d05a30b5a700__785eea4f__clean__seg0000__snr10,1.0
25,24,59afc338d05a30b5a700,59afc338d05a30b5a700__785eea4f__clean__seg0000__snr5,1.0
25,24,59afc338d05a30b5a700,59afc338d05a30b5a700__785eea4f__clean__seg0000__snr0,1.0
25,24,59afc338d05a30b5a700,59afc338d05a30b5a700__a11ae928__clean__seg0000__snr20,1.0
25,24,59afc338d05a30b5a700,59afc338d05a30b5a700__a11ae928__clean__seg0000__snr10,1.0
25,24,59afc338d05a30b5a700,59afc338d05a30b5a700__a11ae928__clean__seg0000__snr5,1.0
25,24,59afc338d05a30b5a700,59afc338d05a30b5a700__a11ae928__clean__seg0000__snr0,1.0
25,24,59afc338d05a30b5a700,59afc338d05a30b5a700__2dc1aa6c__clean__seg0000__snr20,1.0
25,24,59afc338d05a30b5a700,59afc338d05a30b5a700__2dc1aa6c__clean__seg0000__snr10,1.0
25,24,59afc338d05a30b5a700,59afc338d05a30b5a700__2dc1aa6c__clean__seg0000__snr5,1.0
25,24,59afc338d05a30b5a700,59afc338d05a30b5a700__2dc1aa6c__clean__seg0000__snr0,1.0
25,24,59afc338d05a30b5a700,59afc338d05a30b5a700__2f06110e__clean__seg0000__snr20,1.0
25,24,59afc338d05a30b5a700,59afc338d05a30b5a700__2f06110e__clean__seg0000__snr10,1.0
25,24,59afc338d05a30b5a700,59afc338d05a30b5a700__2f06110e__clean__seg0000__snr5,1.0
25,24,59afc338d05a30b5a700,59afc338d05a30b5a700__2f06110e__clean__seg0000__snr0,1.0
25,24,59afc338d05a30b5a700,59afc338d05a30b5a700__b8e5588d__clean__seg0000__snr20,1.0
25,24,59afc338d05a30b5a700,59afc338d05a30b5a700__b8e5588d__clean__seg0000__snr10,1.0
25,24,59afc338d05a30b5a700,59afc338d05a30b5a700__b8e5588d__clean__seg0000__snr5,1.0
25,24,59afc338d05a30b5a700,59afc338d05a30b5a700__b8e5588d__clean__seg0000__snr0,1.0
25,24,59afc338d05a30b5a700,59afc338d05a30b5a700__87d18a5b__clean__seg0000__snr20,1.0
25,24,59afc338d05a30b5a700,59afc338d05a30b5a700__87d18a5b__clean__seg0000__snr10,1.0
25,24,59afc338d05a30b5a700,59afc338d05a30b5a700__87d18a5b__clean__seg0000__snr5,1.0
25,24,59afc338d05a30b5a700,59afc338d05a30b5a700__87d18a5b__clean__seg0000__snr0,1.0
25,24,59afc338d05a30b5a700,59afc338d05a30b5a700__3b860137__clean__seg0000__snr20,1.0
25,24,59afc338d05a30b5a700,59afc338d05a30b5a700__3b860137__clean__seg0000__snr10,1.0
25,24,59afc338d05a30b5a700,59afc338d05a30b5a700__3b860137__clean__seg0000__snr5,1.0
25,24,59afc338d05a30b5a700,59afc338d05a30b5a700__3b860137__clean__seg0000__snr0,1.0
25,24,59afc338d05a30b5a700,59afc338d05a30b5a700__ac9632c3__clean__seg0000__snr20,1.0
25,24,59afc338d05a30b5a700,59afc338d05a30b5a700__ac9632c3__clean__seg0000__snr10,1.0
25,24,59afc338d05a30b5a700,59afc338d05a30b5a700__ac9632c3__clean__seg0000__snr5,1.0
25,24,59afc338d05a30b5a700,59afc338d05a30b5a700__ac9632c3__clean__seg0000__snr0,1.0
25,24,59afc338d05a30b5a700,59afc338d05a30b5a700__f9e16ae9__clean__seg0000__snr20,1.0
25,24,59afc338d05a30b5a700,59afc338d05a30b5a700__f9e16ae9__clean__seg0000__snr10,1.0
25,24,59afc338d05a30b5a700,59afc338d05a30b5a700__f9e16ae9__clean__seg0000__snr5,1.0
25,24,59afc338d05a30b5a700,59afc338d05a30b5a700__f9e16ae9__clean__seg0000__snr0,1.0
25,24,59afc338d05a30b5a700,59afc338d05a30b5a700__c4c3596c__clean__seg0000__snr20,1.0
25,24,59afc338d05a30b5a700,59afc338d05a30b5a700__c4c3596c__clean__seg0000__snr10,1.0
25,24,59afc338d05a30b5a700,59afc338d05a30b5a700__c4c3596c__clean__seg0000__snr5,1.0
25,24,59afc338d05a30b5a700,59afc338d05a30b5a700__c4c3596c__clean__seg0000__snr0,1.0
25,24,59afc338d05a30b5a700,59afc338d05a30b5a700__2448ba1f__clean__seg0000__snr20,1.0
25,24,59afc338d05a30b5a700,59afc338d05a30b5a700__2448ba1f__clean__seg0000__snr10,1.0
25,24,59afc338d05a30b5a700,59afc338d05a30b5a700__2448ba1f__clean__seg0000__snr5,1.0
25,24,59afc338d05a30b5a700,59afc338d05a30b5a700__2448ba1f__clean__seg0000__snr0,1.0
25,24,59afc338d05a30b5a700,59afc338d05a30b5a700__be94866e__clean__seg0000__snr20,1.0
25,24,59afc338d05a30b5a700,59afc338d05a30b5a700__be94866e__clean__seg0000__snr10,1.0
25,24,59afc338d05a30b5a700,59afc338d05a30b5a700__be94866e__clean__seg0000__snr5,1.0
25,24,59afc338d05a30b5a700,59afc338d05a30b5a700__be94866e__clean__seg0000__snr0,1.0
25,24,59afc338d05a30b5a700,59afc338d05a30b5a700__52e72cd3__clean__seg0000__snr20,1.0
25,24,59afc338d05a30b5a700,59afc338d05a30b5a700__52e72cd3__clean__seg0000__snr10,1.0
25,24,59afc338d05a30b5a700,59afc338d05a30b5a700__52e72cd3__clean__seg0000__snr5,1.0
25,24,59afc338d05a30b5a700,59afc338d05a30b5a700__52e72cd3__clean__seg0000__snr0,1.0
25,24,59afc338d05a30b5a700,59afc338d05a30b5a700__28ad2ac6__clean__seg0000__snr20,1.0
25,24,59afc338d05a30b5a700,59afc338d05a30b5a700__28ad2ac6__clean__seg0000__snr10,1.0
25,24,59afc338d05a30b5a700,59afc338d05a30b5a700__28ad2ac6__clean__seg0000__snr5,1.0
25,24,59afc338d05a30b5a700,59afc338d05a30b5a700__28ad2ac6__clean__seg0000__snr0,1.0
25,24,59afc338d05a30b5a700,59afc338d05a30b5a700__85128755__clean__seg0000__snr20,1.0
25,24,59afc338d05a30b5a700,59afc338d05a30b5a700__85128755__clean__seg0000__snr10,1.0
25,24,59afc338d05a30b5a700,59afc338d05a30b5a700__85128755__clean__seg0000__snr5,1.0
25,24,59afc338d05a30b5a700,59afc338d05a30b5a700__85128755__clean__seg0000__snr0,1.0
25,24,59afc338d05a30b5a700,59afc338d05a30b5a700__26484df5__clean__seg0000__snr20,1.0
25,24,59afc338d05a30b5a700,59afc338d05a30b5a700__26484df5__clean__seg0000__snr10,1.0
25,24,59afc338d05a30b5a700,59afc338d05a30b5a700__26484df5__clean__seg0000__snr5,1.0
25,24,59afc338d05a30b5a700,59afc338d05a30b5a700__26484df5__clean__seg0000__snr0,1.0
25,24,59afc338d05a30b5a700,59afc338d05a30b5a700__a215c764__clean__seg0000__snr20,1.0
25,24,59afc338d05a30b5a700,59afc338d05a30b5a700__a215c764__clean__seg0000__snr10,1.0
25,24,59afc338d05a30b5a700,59afc338d05a30b5a700__a215c764__clean__seg0000__snr5,1.0
25,24,59afc338d05a30b5a700,59afc338d05a30b5a700__a215c764__clean__seg0000__snr0,1.0
25,24,59afc338d05a30b5a700,59afc338d05a30b5a700__3e9d34ec__clean__seg0000__snr20,1.0
25,24,59afc338d05a30b5a700,59afc338d05a30b5a700__3e9d34ec__clean__seg0000__snr10,1.0
25,24,59afc338d05a30b5a700,59afc338d05a30b5a700__3e9d34ec__clean__seg0000__snr5,1.0
25,24,59afc338d05a30b5a700,59afc338d05a30b5a700__3e9d34ec__clean__seg0000__snr0,1.0
25,24,59afc338d05a30b5a700,59afc338d05a30b5a700__845668f3__clean__seg0000__snr20,1.0
25,24,59afc338d05a30b5a700,59afc338d05a30b5a700__845668f3__clean__seg0000__snr10,1.0
25,24,59afc338d05a30b5a700,59afc338d05a30b5a700__845668f3__clean__seg0000__snr5,1.0
25,24,59afc338d05a30b5a700,59afc338d05a30b5a700__845668f3__clean__seg0000__snr0,1.0
25,24,59afc338d05a30b5a700,59afc338d05a30b5a700__c3d3fc0c__clean__seg0000__snr20,1.0
25,24,59afc338d05a30b5a700,59afc338d05a30b5a700__c3d3fc0c__clean__seg0000__snr10,1.0
25,24,59afc338d05a30b5a700,59afc338d05a30b5a700__c3d3fc0c__clean__seg0000__snr5,1.0
25,24,59afc338d05a30b5a700,59afc338d05a30b5a700__c3d3fc0c__clean__seg0000__snr0,1.0
25,24,59afc338d05a30b5a700,59afc338d05a30b5a700__f71df358__clean__seg0000__snr20,1.0
25,24,59afc338d05a30b5a700,59afc338d05a30b5a700__f71df358__clean__seg0000__snr10,1.0
25,24,59afc338d05a30b5a700,59afc338d05a30b5a700__f71df358__clean__seg0000__snr5,1.0
25,24,59afc338d05a30b5a700,59afc338d05a30b5a700__f71df358__clean__seg0000__snr0,1.0
25,24,59afc338d05a30b5a700,59afc338d05a30b5a700__b72670eb__clean__seg0000__snr20,1.0
25,24,59afc338d05a30b5a700,59afc338d05a30b5a700__b72670eb__clean__seg0000__snr10,1.0
25,24,59afc338d05a30b5a700,59afc338d05a30b5a700__b72670eb__clean__seg0000__snr5,1.0
25,24,59afc338d05a30b5a700,59afc338d05a30b5a700__b72670eb__clean__seg0000__snr0,1.0
25,24,59afc338d05a30b5a700,59afc338d05a30b5a700__76fe4f75__clean__seg0000__snr20,1.0
25,24,59afc338d05a30b5a700,59afc338d05a30b5a700__76fe4f75__clean__seg0000__snr10,1.0
25,24,59afc338d05a30b5a700,59afc338d05a30b5a700__76fe4f75__clean__seg0000__snr5,1.0
25,24,59afc338d05a30b5a700,59afc338d05a30b5a700__76fe4f75__clean__seg0000__snr0,1.0
25,24,59afc338d05a30b5a700,59afc338d05a30b5a700__6d21972f__clean__seg0000__snr20,1.0
25,24,59afc338d05a30b5a700,59afc338d05a30b5a700__6d21972f__clean__seg0000__snr10,1.0
25,24,59afc338d05a30b5a700,59afc338d05a30b5a700__6d21972f__clean__seg0000__snr5,1.0
25,24,59afc338d05a30b5a700,59afc338d05a30b5a700__6d21972f__clean__seg0000__snr0,1.0
25,24,59afc338d05a30b5a700,59afc338d05a30b5a700__65a88dc0__clean__seg0000__snr20,1.0
25,24,59afc338d05a30b5a700,59afc338d05a30b5a700__65a88dc0__clean__seg0000__snr10,1.0
25,24,59afc338d05a30b5a700,59afc338d05a30b5a700__65a88dc0__clean__seg0000__snr5,1.0
25,24,59afc338d05a30b5a700,59afc338d05a30b5a700__65a88dc0__clean__seg0000__snr0,1.0
25,24,59afc338d05a30b5a700,59afc338d05a30b5a700__93454b41__clean__seg0000__snr20,1.0
25,24,59afc338d05a30b5a700,59afc338d05a30b5a700__93454b41__clean__seg0000__snr10,1.0
25,24,59afc338d05a30b5a700,59afc338d05a30b5a700__93454b41__clean__seg0000__snr5,1.0
25,24,59afc338d05a30b5a700,59afc338d05a30b5a700__93454b41__clean__seg0000__snr0,1.0
25,24,59afc338d05a30b5a700,59afc338d05a30b5a700__6b7d7df2__clean__seg0000__snr20,1.0
25,24,59afc338d05a30b5a700,59afc338d05a30b5a700__6b7d7df2__clean__seg0000__snr10,1.0
25,24,59afc338d05a30b5a700,59afc338d05a30b5a700__6b7d7df2__clean__seg0000__snr5,1.0
25,24,59afc338d05a30b5a700,59afc338d05a30b5a700__6b7d7df2__clean__seg0000__snr0,1.0
25,24,59afc338d05a30b5a700,59afc338d05a30b5a700__137ef6e7__clean__seg0000__snr20,1.0
25,24,59afc338d05a30b5a700,59afc338d05a30b5a700__137ef6e7__clean__seg0000__snr10,1.0
25,24,59afc338d05a30b5a700,59afc338d05a30b5a700__137ef6e7__clean__seg0000__snr5,1.0
25,24,59afc338d05a30b5a700,59afc338d05a30b5a700__137ef6e7__clean__seg0000__snr0,1.0
25,24,59afc338d05a30b5a700,59afc338d05a30b5a700__d1c26de1__clean__seg0000__snr20,1.0
25,24,59afc338d05a30b5a700,59afc338d05a30b5a700__d1c26de1__clean__seg0000__snr10,1.0
25,24,59afc338d05a30b5a700,59afc338d05a30b5a700__d1c26de1__clean__seg0000__snr5,1.0
25,24,59afc338d05a30b5a700,59afc338d05a30b5a700__d1c26de1__clean__seg0000__snr0,1.0
25,24,59afc338d05a30b5a700,59afc338d05a30b5a700__8c42660e__clean__seg0000__snr20,1.0
25,24,59afc338d05a30b5a700,59afc338d05a30b5a700__8c42660e__clean__seg0000__snr10,1.0
25,24,59afc338d05a30b5a700,59afc338d05a30b5a700__8c42660e__clean__seg0000__snr5,1.0
25,24,59afc338d05a30b5a700,59afc338d05a30b5a700__8c42660e__clean__seg0000__snr0,1.0
25,24,59afc338d05a30b5a700,59afc338d05a30b5a700__16d5d532__clean__seg0000__snr20,1.0
25,24,59afc338d05a30b5a700,59afc338d05a30b5a700__16d5d532__clean__seg0000__snr10,1.0
25,24,59afc338d05a30b5a700,59afc338d05a30b5a700__16d5d532__clean__seg0000__snr5,1.0
25,24,59afc338d05a30b5a700,59afc338d05a30b5a700__16d5d532__clean__seg0000__snr0,1.0
25,24,59afc338d05a30b5a700,59afc338d05a30b5a700__f6b59f1d__clean__seg0000__snr20,1.0
25,24,59afc338d05a30b5a700,59afc338d05a30b5a700__f6b59f1d__clean__seg0000__snr10,1.0
25,24,59afc338d05a30b5a700,59afc338d05a30b5a700__f6b59f1d__clean__seg0000__snr5,1.0
25,24,59afc338d05a30b5a700,59afc338d05a30b5a700__f6b59f1d__clean__seg0000__snr0,1.0
25,24,59afc338d05a30b5a700,59afc338d05a30b5a700__e919aee7__clean__seg0000__snr20,1.0
25,24,59afc338d05a30b5a700,59afc338d05a30b5a700__e919aee7__clean__seg0000__snr10,1.0
25,24,59afc338d05a30b5a700,59afc338d05a30b5a700__e919aee7__clean__seg0000__snr5,1.0
25,24,59afc338d05a30b5a700,59afc338d05a30b5a700__e919aee7__clean__seg0000__snr0,1.0
25,24,59afc338d05a30b5a700,59afc338d05a30b5a700__50ba2684__clean__seg0000__snr20,1.0
25,24,59afc338d05a30b5a700,59afc338d05a30b5a700__50ba2684__clean__seg0000__snr10,1.0
25,24,59afc338d05a30b5a700,59afc338d05a30b5a700__50ba2684__clean__seg0000__snr5,1.0
25,24,59afc338d05a30b5a700,59afc338d05a30b5a700__50ba2684__clean__seg0000__snr0,1.0
25,24,59afc338d05a30b5a700,59afc338d05a30b5a700__7bf0872b__clean__seg0000__snr20,1.0
25,24,59afc338d05a30b5a700,59afc338d05a30b5a700__7bf0872b__clean__seg0000__snr10,1.0
25,24,59afc338d05a30b5a700,59afc338d05a30b5a700__7bf0872b__clean__seg0000__snr5,1.0
25,24,59afc338d05a30b5a700,59afc338d05a30b5a700__7bf0872b__clean__seg0000__snr0,1.0
25,24,59afc338d05a30b5a700,59afc338d05a30b5a700__5ff5337d__clean__seg0000__snr20,1.0
25,24,59afc338d05a30b5a700,59afc338d05a30b5a700__5ff5337d__clean__seg0000__snr10,1.0
25,24,59afc338d05a30b5a700,59afc338d05a30b5a700__5ff5337d__clean__seg0000__snr5,1.0
25,24,59afc338d05a30b5a700,59afc338d05a30b5a700__5ff5337d__clean__seg0000__snr0,1.0
25,24,59afc338d05a30b5a700,59afc338d05a30b5a700__6d6f92bf__clean__seg0000__snr20,1.0
25,24,59afc338d05a30b5a700,59afc338d05a30b5a700__6d6f92bf__clean__seg0000__snr10,1.0
25,24,59afc338d05a30b5a700,59afc338d05a30b5a700__6d6f92bf__clean__seg0000__snr5,1.0
25,24,59afc338d05a30b5a700,59afc338d05a30b5a700__6d6f92bf__clean__seg0000__snr0,1.0
25,24,59afc338d05a30b5a700,59afc338d05a30b5a700__ef43f609__clean__seg0000__snr20,1.0
25,24,59afc338d05a30b5a700,59afc338d05a30b5a700__ef43f609__clean__seg0000__snr10,1.0
25,24,59afc338d05a30b5a700,59afc338d05a30b5a700__ef43f609__clean__seg0000__snr5,1.0
25,24,59afc338d05a30b5a700,59afc338d05a30b5a700__ef43f609__clean__seg0000__snr0,1.0
25,24,59afc338d05a30b5a700,59afc338d05a30b5a700__5ff42995__clean__seg0000__snr20,1.0
25,24,59afc338d05a30b5a700,59afc338d05a30b5a700__5ff42995__clean__seg0000__snr10,1.0
25,24,59afc338d05a30b5a700,59afc338d05a30b5a700__5ff42995__clean__seg0000__snr5,1.0
25,24,59afc338d05a30b5a700,59afc338d05a30b5a700__5ff42995__clean__seg0000__snr0,1.0
25,24,59afc338d05a30b5a700,59afc338d05a30b5a700__52eb7d2a__clean__seg0000__snr20,1.0
25,24,59afc338d05a30b5a700,59afc338d05a30b5a700__52eb7d2a__clean__seg0000__snr10,1.0
25,24,59afc338d05a30b5a700,59afc338d05a30b5a700__52eb7d2a__clean__seg0000__snr5,1.0
25,24,59afc338d05a30b5a700,59afc338d05a30b5a700__52eb7d2a__clean__seg0000__snr0,1.0
25,24,59afc338d05a30b5a700,59afc338d05a30b5a700__dab77337__clean__seg0000__snr20,1.0
25,24,59afc338d05a30b5a700,59afc338d05a30b5a700__dab77337__clean__seg0000__snr10,1.0
25,24,59afc338d05a30b5a700,59afc338d05a30b5a700__dab77337__clean__seg0000__snr5,1.0
25,24,59afc338d05a30b5a700,59afc338d05a30b5a700__dab77337__clean__seg0000__snr0,1.0
25,24,59afc338d05a30b5a700,59afc338d05a30b5a700__27fe5303__clean__seg0000__snr20,1.0
25,24,59afc338d05a30b5a700,59afc338d05a30b5a700__27fe5303__clean__seg0000__snr10,1.0
25,24,59afc338d05a30b5a700,59afc338d05a30b5a700__27fe5303__clean__seg0000__snr5,1.0
25,24,59afc338d05a30b5a700,59afc338d05a30b5a700__27fe5303__clean__seg0000__snr0,1.0
25,24,59afc338d05a30b5a700,59afc338d05a30b5a700__b2bce729__clean__seg0000__snr20,1.0
25,24,59afc338d05a30b5a700,59afc338d05a30b5a700__b2bce729__clean__seg0000__snr10,1.0
25,24,59afc338d05a30b5a700,59afc338d05a30b5a700__b2bce729__clean__seg0000__snr5,1.0
25,24,59afc338d05a30b5a700,59afc338d05a30b5a700__b2bce729__clean__seg0000__snr0,1.0
25,24,59afc338d05a30b5a700,59afc338d05a30b5a700__c13a509a__clean__seg0000__snr20,1.0
25,24,59afc338d05a30b5a700,59afc338d05a30b5a700__c13a509a__clean__seg0000__snr10,1.0
25,24,59afc338d05a30b5a700,59afc338d05a30b5a700__c13a509a__clean__seg0000__snr5,1.0
25,24,59afc338d05a30b5a700,59afc338d05a30b5a700__c13a509a__clean__seg0000__snr0,1.0
25,24,59afc338d05a30b5a700,59afc338d05a30b5a700__b082f385__clean__seg0000__snr20,1.0
25,24,59afc338d05a30b5a700,59afc338d05a30b5a700__b082f385__clean__seg0000__snr10,1.0
25,24,59afc338d05a30b5a700,59afc338d05a30b5a700__b082f385__clean__seg0000__snr5,1.0
25,24,59afc338d05a30b5a700,59afc338d05a30b5a700__b082f385__clean__seg0000__snr0,1.0
25,24,59afc338d05a30b5a700,59afc338d05a30b5a700__6254450d__clean__seg0000__snr20,1.0
25,24,59afc338d05a30b5a700,59afc338d05a30b5a700__6254450d__clean__seg0000__snr10,1.0
25,24,59afc338d05a30b5a700,59afc338d05a30b5a700__6254450d__clean__seg0000__snr5,1.0
25,24,59afc338d05a30b5a700,59afc338d05a30b5a700__6254450d__clean__seg0000__snr0,1.0
25,24,59afc338d05a30b5a700,59afc338d05a30b5a700__5b991465__clean__seg0000__snr20,1.0
25,24,59afc338d05a30b5a700,59afc338d05a30b5a700__5b991465__clean__seg0000__snr10,1.0
25,24,59afc338d05a30b5a700,59afc338d05a30b5a700__5b991465__clean__seg0000__snr5,1.0
25,24,59afc338d05a30b5a700,59afc338d05a30b5a700__5b991465__clean__seg0000__snr0,1.0
25,24,59afc338d05a30b5a700,59afc338d05a30b5a700__67008f9e__clean__seg0000__snr20,1.0
25,24,59afc338d05a30b5a700,59afc338d05a30b5a700__67008f9e__clean__seg0000__snr10,1.0
25,24,59afc338d05a30b5a700,59afc338d05a30b5a700__67008f9e__clean__seg0000__snr5,1.0
25,24,59afc338d05a30b5a700,59afc338d05a30b5a700__67008f9e__clean__seg0000__snr0,1.0
25,24,59afc338d05a30b5a700,59afc338d05a30b5a700__1ac7059f__clean__seg0000__snr20,1.0
25,24,59afc338d05a30b5a700,59afc338d05a30b5a700__1ac7059f__clean__seg0000__snr10,1.0
25,24,59afc338d05a30b5a700,59afc338d05a30b5a700__1ac7059f__clean__seg0000__snr5,1.0
25,24,59afc338d05a30b5a700,59afc338d05a30b5a700__1ac7059f__clean__seg0000__snr0,1.0
25,24,59afc338d05a30b5a700,59afc338d05a30b5a700__81a56108__clean__seg0000__snr20,1.0
25,24,59afc338d05a30b5a700,59afc338d05a30b5a700__81a56108__clean__seg0000__snr10,1.0
25,24,59afc338d05a30b5a700,59afc338d05a30b5a700__81a56108__clean__seg0000__snr5,1.0
25,24,59afc338d05a30b5a700,59afc338d05a30b5a700__81a56108__clean__seg0000__snr0,1.0
25,24,59afc338d05a30b5a700,59afc338d05a30b5a700__26e00544__clean__seg0000__snr20,1.0
25,24,59afc338d05a30b5a700,59afc338d05a30b5a700__26e00544__clean__seg0000__snr10,1.0
25,24,59afc338d05a30b5a700,59afc338d05a30b5a700__26e00544__clean__seg0000__snr5,1.0
25,24,59afc338d05a30b5a700,59afc338d05a30b5a700__26e00544__clean__seg0000__snr0,1.0
25,24,59afc338d05a30b5a700,59afc338d05a30b5a700__1efbad43__clean__seg0000__snr20,1.0
25,24,59afc338d05a30b5a700,59afc338d05a30b5a700__1efbad43__clean__seg0000__snr10,1.0
25,24,59afc338d05a30b5a700,59afc338d05a30b5a700__1efbad43__clean__seg0000__snr5,1.0
25,24,59afc338d05a30b5a700,59afc338d05a30b5a700__1efbad43__clean__seg0000__snr0,1.0
25,24,59afc338d05a30b5a700,59afc338d05a30b5a700__eb6aa23d__clean__seg0000__snr20,1.0
25,24,59afc338d05a30b5a700,59afc338d05a30b5a700__eb6aa23d__clean__seg0000__snr10,1.0
25,24,59afc338d05a30b5a700,59afc338d05a30b5a700__eb6aa23d__clean__seg0000__snr5,1.0
25,24,59afc338d05a30b5a700,59afc338d05a30b5a700__eb6aa23d__clean__seg0000__snr0,1.0
25,24,59afc338d05a30b5a700,59afc338d05a30b5a700__f12dab09__clean__seg0000__snr20,1.0
25,24,59afc338d05a30b5a700,59afc338d05a30b5a700__f12dab09__clean__seg0000__snr10,1.0
25,24,59afc338d05a30b5a700,59afc338d05a30b5a700__f12dab09__clean__seg0000__snr5,1.0
25,24,59afc338d05a30b5a700,59afc338d05a30b5a700__f12dab09__clean__seg0000__snr0,1.0
25,24,59afc338d05a30b5a700,59afc338d05a30b5a700__1e90670b__clean__seg0000__snr20,1.0
25,24,59afc338d05a30b5a700,59afc338d05a30b5a700__1e90670b__clean__seg0000__snr10,1.0
25,24,59afc338d05a30b5a700,59afc338d05a30b5a700__1e90670b__clean__seg0000__snr5,1.0
25,24,59afc338d05a30b5a700,59afc338d05a30b5a700__1e90670b__clean__seg0000__snr0,1.0
25,24,59afc338d05a30b5a700,59afc338d05a30b5a700__a69231a5__clean__seg0000__snr20,1.0
25,24,59afc338d05a30b5a700,59afc338d05a30b5a700__a69231a5__clean__seg0000__snr10,1.0
25,24,59afc338d05a30b5a700,59afc338d05a30b5a700__a69231a5__clean__seg0000__snr5,1.0
25,24,59afc338d05a30b5a700,59afc338d05a30b5a700__a69231a5__clean__seg0000__snr0,1.0
25,24,59afc338d05a30b5a700,59afc338d05a30b5a700__0b0dc304__clean__seg0000__snr20,1.0
25,24,59afc338d05a30b5a700,59afc338d05a30b5a700__0b0dc304__clean__seg0000__snr10,1.0
25,24,59afc338d05a30b5a700,59afc338d05a30b5a700__0b0dc304__clean__seg0000__snr5,1.0
25,24,59afc338d05a30b5a700,59afc338d05a30b5a700__0b0dc304__clean__seg0000__snr0,1.0
25,24,59afc338d05a30b5a700,59afc338d05a30b5a700__1141c8a2__clean__seg0000__snr20,1.0
25,24,59afc338d05a30b5a700,59afc338d05a30b5a700__1141c8a2__clean__seg0000__snr10,1.0
25,24,59afc338d05a30b5a700,59afc338d05a30b5a700__1141c8a2__clean__seg0000__snr5,1.0
25,24,59afc338d05a30b5a700,59afc338d05a30b5a700__1141c8a2__clean__seg0000__snr0,1.0
25,24,59afc338d05a30b5a700,59afc338d05a30b5a700__d462a723__clean__seg0000__snr20,1.0
25,24,59afc338d05a30b5a700,59afc338d05a30b5a700__d462a723__clean__seg0000__snr10,1.0
25,24,59afc338d05a30b5a700,59afc338d05a30b5a700__d462a723__clean__seg0000__snr5,1.0
25,24,59afc338d05a30b5a700,59afc338d05a30b5a700__d462a723__clean__seg0000__snr0,1.0
25,24,59afc338d05a30b5a700,59afc338d05a30b5a700__ffb669a4__clean__seg0000__snr20,1.0
25,24,59afc338d05a30b5a700,59afc338d05a30b5a700__ffb669a4__clean__seg0000__snr10,1.0
25,24,59afc338d05a30b5a700,59afc338d05a30b5a700__ffb669a4__clean__seg0000__snr5,1.0
25,24,59afc338d05a30b5a700,59afc338d05a30b5a700__ffb669a4__clean__seg0000__snr0,1.0
25,24,59afc338d05a30b5a700,59afc338d05a30b5a700__44d16ac2__clean__seg0000__snr20,1.0
25,24,59afc338d05a30b5a700,59afc338d05a30b5a700__44d16ac2__clean__seg0000__snr10,1.0
25,24,59afc338d05a30b5a700,59afc338d05a30b5a700__44d16ac2__clean__seg0000__snr5,1.0
25,24,59afc338d05a30b5a700,59afc338d05a30b5a700__44d16ac2__clean__seg0000__snr0,1.0
25,24,59afc338d05a30b5a700,59afc338d05a30b5a700__d2b4854e__clean__seg0000__snr20,1.0
25,24,59afc338d05a30b5a700,59afc338d05a30b5a700__d2b4854e__clean__seg0000__snr10,1.0
25,24,59afc338d05a30b5a700,59afc338d05a30b5a700__d2b4854e__clean__seg0000__snr5,1.0
25,24,59afc338d05a30b5a700,59afc338d05a30b5a700__d2b4854e__clean__seg0000__snr0,1.0
25,24,59afc338d05a30b5a700,59afc338d05a30b5a700__325f4609__clean__seg0000__snr20,1.0
25,24,59afc338d05a30b5a700,59afc338d05a30b5a700__325f4609__clean__seg0000__snr10,1.0
25,24,59afc338d05a30b5a700,59afc338d05a30b5a700__325f4609__clean__seg0000__snr5,1.0
25,24,59afc338d05a30b5a700,59afc338d05a30b5a700__325f4609__clean__seg0000__snr0,1.0
25,24,59afc338d05a30b5a700,59afc338d05a30b5a700__1d0cd04b__clean__seg0000__snr20,1.0
25,24,59afc338d05a30b5a700,59afc338d05a30b5a700__1d0cd04b__clean__seg0000__snr10,1.0
25,24,59afc338d05a30b5a700,59afc338d05a30b5a700__1d0cd04b__clean__seg0000__snr5,1.0
25,24,59afc338d05a30b5a700,59afc338d05a30b5a700__1d0cd04b__clean__seg0000__snr0,1.0
25,24,59afc338d05a30b5a700,59afc338d05a30b5a700__f79adf0b__clean__seg0000__snr20,1.0
25,24,59afc338d05a30b5a700,59afc338d05a30b5a700__f79adf0b__clean__seg0000__snr10,1.0
25,24,59afc338d05a30b5a700,59afc338d05a30b5a700__f79adf0b__clean__seg0000__snr5,1.0
25,24,59afc338d05a30b5a700,59afc338d05a30b5a700__f79adf0b__clean__seg0000__snr0,1.0
25,24,59afc338d05a30b5a700,59afc338d05a30b5a700__b555ff63__clean__seg0000__snr20,1.0
25,24,59afc338d05a30b5a700,59afc338d05a30b5a700__b555ff63__clean__seg0000__snr10,1.0
25,24,59afc338d05a30b5a700,59afc338d05a30b5a700__b555ff63__clean__seg0000__snr5,1.0
25,24,59afc338d05a30b5a700,59afc338d05a30b5a700__b555ff63__clean__seg0000__snr0,1.0
25,24,59afc338d05a30b5a700,59afc338d05a30b5a700__97d1858d__clean__seg0000__snr20,1.0
25,24,59afc338d05a30b5a700,59afc338d05a30b5a700__97d1858d__clean__seg0000__snr10,1.0
25,24,59afc338d05a30b5a700,59afc338d05a30b5a700__97d1858d__clean__seg0000__snr5,1.0
25,24,59afc338d05a30b5a700,59afc338d05a30b5a700__97d1858d__clean__seg0000__snr0,1.0
25,24,59afc338d05a30b5a700,59afc338d05a30b5a700__1a379060__clean__seg0000__snr20,1.0
25,24,59afc338d05a30b5a700,59afc338d05a30b5a700__1a379060__clean__seg0000__snr10,1.0
25,24,59afc338d05a30b5a700,59afc338d05a30b5a700__1a379060__clean__seg0000__snr5,1.0
25,24,59afc338d05a30b5a700,59afc338d05a30b5a700__1a379060__clean__seg0000__snr0,1.0
25,24,59afc338d05a30b5a700,59afc338d05a30b5a700__f5f0741d__clean__seg0000__snr20,1.0
25,24,59afc338d05a30b5a700,59afc338d05a30b5a700__f5f0741d__clean__seg0000__snr10,1.0
25,24,59afc338d05a30b5a700,59afc338d05a30b5a700__f5f0741d__clean__seg0000__snr5,1.0
25,24,59afc338d05a30b5a700,59afc338d05a30b5a700__f5f0741d__clean__seg0000__snr0,1.0
25,24,59afc338d05a30b5a700,59afc338d05a30b5a700__06f1c888__clean__seg0000__snr20,1.0
25,24,59afc338d05a30b5a700,59afc338d05a30b5a700__06f1c888__clean__seg0000__snr10,1.0
25,24,59afc338d05a30b5a700,59afc338d05a30b5a700__06f1c888__clean__seg0000__snr5,1.0
25,24,59afc338d05a30b5a700,59afc338d05a30b5a700__06f1c888__clean__seg0000__snr0,1.0
25,24,59afc338d05a30b5a700,59afc338d05a30b5a700__83656734__clean__seg0000__snr20,1.0
25,24,59afc338d05a30b5a700,59afc338d05a30b5a700__83656734__clean__seg0000__snr10,1.0
25,24,59afc338d05a30b5a700,59afc338d05a30b5a700__83656734__clean__seg0000__snr5,1.0
25,24,59afc338d05a30b5a700,59afc338d05a30b5a700__83656734__clean__seg0000__snr0,1.0
25,24,59afc338d05a30b5a700,59afc338d05a30b5a700__6a3d3f98__clean__seg0000__snr20,1.0
25,24,59afc338d05a30b5a700,59afc338d05a30b5a700__6a3d3f98__clean__seg0000__snr10,1.0
25,24,59afc338d05a30b5a700,59afc338d05a30b5a700__6a3d3f98__clean__seg0000__snr5,1.0
25,24,59afc338d05a30b5a700,59afc338d05a30b5a700__6a3d3f98__clean__seg0000__snr0,1.0
25,24,59afc338d05a30b5a700,59afc338d05a30b5a700__22c66d0e__clean__seg0000__snr20,1.0
25,24,59afc338d05a30b5a700,59afc338d05a30b5a700__22c66d0e__clean__seg0000__snr10,1.0
25,24,59afc338d05a30b5a700,59afc338d05a30b5a700__22c66d0e__clean__seg0000__snr5,1.0
25,24,59afc338d05a30b5a700,59afc338d05a30b5a700__22c66d0e__clean__seg0000__snr0,1.0
25,24,59afc338d05a30b5a700,59afc338d05a30b5a700__25f10180__clean__seg0000__snr20,1.0
25,24,59afc338d05a30b5a700,59afc338d05a30b5a700__25f10180__clean__seg0000__snr10,1.0
25,24,59afc338d05a30b5a700,59afc338d05a30b5a700__25f10180__clean__seg0000__snr5,1.0
25,24,59afc338d05a30b5a700,59afc338d05a30b5a700__25f10180__clean__seg0000__snr0,1.0
25,24,59afc338d05a30b5a700,59afc338d05a30b5a700__7c13c763__clean__seg0000__snr20,1.0
25,24,59afc338d05a30b5a700,59afc338d05a30b5a700__7c13c763__clean__seg0000__snr10,1.0
25,24,59afc338d05a30b5a700,59afc338d05a30b5a700__7c13c763__clean__seg0000__snr5,1.0
25,24,59afc338d05a30b5a700,59afc338d05a30b5a700__7c13c763__clean__seg0000__snr0,1.0
25,24,59afc338d05a30b5a700,59afc338d05a30b5a700__9961d689__clean__seg0000__snr20,1.0
25,24,59afc338d05a30b5a700,59afc338d05a30b5a700__9961d689__clean__seg0000__snr10,1.0
25,24,59afc338d05a30b5a700,59afc338d05a30b5a700__9961d689__clean__seg0000__snr5,1.0
25,24,59afc338d05a30b5a700,59afc338d05a30b5a700__9961d689__clean__seg0000__snr0,1.0
25,24,59afc338d05a30b5a700,59afc338d05a30b5a700__6d445001__clean__seg0000__snr20,1.0
25,24,59afc338d05a30b5a700,59afc338d05a30b5a700__6d445001__clean__seg0000__snr10,1.0
25,24,59afc338d05a30b5a700,59afc338d05a30b5a700__6d445001__clean__seg0000__snr5,1.0
25,24,59afc338d05a30b5a700,59afc338d05a30b5a700__6d445001__clean__seg0000__snr0,1.0
25,24,59afc338d05a30b5a700,59afc338d05a30b5a700__bf22ae42__clean__seg0000__snr20,1.0
25,24,59afc338d05a30b5a700,59afc338d05a30b5a700__bf22ae42__clean__seg0000__snr10,1.0
25,24,59afc338d05a30b5a700,59afc338d05a30b5a700__bf22ae42__clean__seg0000__snr5,1.0
25,24,59afc338d05a30b5a700,59afc338d05a30b5a700__bf22ae42__clean__seg0000__snr0,1.0
25,24,59afc338d05a30b5a700,59afc338d05a30b5a700__5a045ae4__clean__seg0000__snr20,1.0
25,24,59afc338d05a30b5a700,59afc338d05a30b5a700__5a045ae4__clean__seg0000__snr10,1.0
25,24,59afc338d05a30b5a700,59afc338d05a30b5a700__5a045ae4__clean__seg0000__snr5,1.0
25,24,59afc338d05a30b5a700,59afc338d05a30b5a700__5a045ae4__clean__seg0000__snr0,1.0
25,24,59afc338d05a30b5a700,59afc338d05a30b5a700__f816d797__clean__seg0000__snr20,1.0
25,24,59afc338d05a30b5a700,59afc338d05a30b5a700__f816d797__clean__seg0000__snr10,1.0
25,24,59afc338d05a30b5a700,59afc338d05a30b5a700__f816d797__clean__seg0000__snr5,1.0
25,24,59afc338d05a30b5a700,59afc338d05a30b5a700__f816d797__clean__seg0000__snr0,1.0
25,24,59afc338d05a30b5a700,59afc338d05a30b5a700__20e739d5__clean__seg0000__snr20,1.0
25,24,59afc338d05a30b5a700,59afc338d05a30b5a700__20e739d5__clean__seg0000__snr10,1.0
25,24,59afc338d05a30b5a700,59afc338d05a30b5a700__20e739d5__clean__seg0000__snr5,1.0
25,24,59afc338d05a30b5a700,59afc338d05a30b5a700__20e739d5__clean__seg0000__snr0,1.0
25,24,59afc338d05a30b5a700,59afc338d05a30b5a700__fcac5644__clean__seg0000__snr20,1.0
25,24,59afc338d05a30b5a700,59afc338d05a30b5a700__fcac5644__clean__seg0000__snr10,1.0
25,24,59afc338d05a30b5a700,59afc338d05a30b5a700__fcac5644__clean__seg0000__snr5,1.0
25,24,59afc338d05a30b5a700,59afc338d05a30b5a700__fcac5644__clean__seg0000__snr0,1.0
25,24,59afc338d05a30b5a700,59afc338d05a30b5a700__d656bc41__clean__seg0000__snr20,1.0
25,24,59afc338d05a30b5a700,59afc338d05a30b5a700__d656bc41__clean__seg0000__snr10,1.0
25,24,59afc338d05a30b5a700,59afc338d05a30b5a700__d656bc41__clean__seg0000__snr5,1.0
25,24,59afc338d05a30b5a700,59afc338d05a30b5a700__d656bc41__clean__seg0000__snr0,1.0
25,24,59afc338d05a30b5a700,59afc338d05a30b5a700__8e75e03f__clean__seg0000__snr20,1.0
25,24,59afc338d05a30b5a700,59afc338d05a30b5a700__8e75e03f__clean__seg0000__snr10,1.0
25,24,59afc338d05a30b5a700,59afc338d05a30b5a700__8e75e03f__clean__seg0000__snr5,1.0
25,24,59afc338d05a30b5a700,59afc338d05a30b5a700__8e75e03f__clean__seg0000__snr0,1.0
25,24,59afc338d05a30b5a700,59afc338d05a30b5a700__a2da54bb__clean__seg0000__snr20,1.0
25,24,59afc338d05a30b5a700,59afc338d05a30b5a700__a2da54bb__clean__seg0000__snr10,1.0
25,24,59afc338d05a30b5a700,59afc338d05a30b5a700__a2da54bb__clean__seg0000__snr5,1.0
25,24,59afc338d05a30b5a700,59afc338d05a30b5a700__a2da54bb__clean__seg0000__snr0,1.0
25,24,59afc338d05a30b5a700,59afc338d05a30b5a700__b2a439c2__clean__seg0000__snr20,1.0
25,24,59afc338d05a30b5a700,59afc338d05a30b5a700__b2a439c2__clean__seg0000__snr10,1.0
25,24,59afc338d05a30b5a700,59afc338d05a30b5a700__b2a439c2__clean__seg0000__snr5,1.0
25,24,59afc338d05a30b5a700,59afc338d05a30b5a700__b2a439c2__clean__seg0000__snr0,1.0
25,24,59afc338d05a30b5a700,59afc338d05a30b5a700__2f0161dd__clean__seg0000__snr20,1.0
25,24,59afc338d05a30b5a700,59afc338d05a30b5a700__2f0161dd__clean__seg0000__snr10,1.0
25,24,59afc338d05a30b5a700,59afc338d05a30b5a700__2f0161dd__clean__seg0000__snr5,1.0
25,24,59afc338d05a30b5a700,59afc338d05a30b5a700__2f0161dd__clean__seg0000__snr0,1.0
25,24,59afc338d05a30b5a700,59afc338d05a30b5a700__44719148__clean__seg0000__snr20,1.0
25,24,59afc338d05a30b5a700,59afc338d05a30b5a700__44719148__clean__seg0000__snr10,1.0
25,24,59afc338d05a30b5a700,59afc338d05a30b5a700__44719148__clean__seg0000__snr5,1.0
25,24,59afc338d05a30b5a700,59afc338d05a30b5a700__44719148__clean__seg0000__snr0,1.0
25,24,59afc338d05a30b5a700,59afc338d05a30b5a700__a5086776__clean__seg0000__snr20,1.0
25,24,59afc338d05a30b5a700,59afc338d05a30b5a700__a5086776__clean__seg0000__snr10,1.0
25,24,59afc338d05a30b5a700,59afc338d05a30b5a700__a5086776__clean__seg0000__snr5,1.0
25,24,59afc338d05a30b5a700,59afc338d05a30b5a700__a5086776__clean__seg0000__snr0,1.0
25,24,59afc338d05a30b5a700,59afc338d05a30b5a700__e3814483__clean__seg0000__snr20,1.0
25,24,59afc338d05a30b5a700,59afc338d05a30b5a700__e3814483__clean__seg0000__snr10,1.0
25,24,59afc338d05a30b5a700,59afc338d05a30b5a700__e3814483__clean__seg0000__snr5,1.0
25,24,59afc338d05a30b5a700,59afc338d05a30b5a700__e3814483__clean__seg0000__snr0,1.0
25,24,59afc338d05a30b5a700,59afc338d05a30b5a700__9e4ab51b__clean__seg0000__snr20,1.0
25,24,59afc338d05a30b5a700,59afc338d05a30b5a700__9e4ab51b__clean__seg0000__snr10,1.0
25,24,59afc338d05a30b5a700,59afc338d05a30b5a700__9e4ab51b__clean__seg0000__snr5,1.0
25,24,59afc338d05a30b5a700,59afc338d05a30b5a700__9e4ab51b__clean__seg0000__snr0,1.0
25,24,59afc338d05a30b5a700,59afc338d05a30b5a700__2b6896ec__clean__seg0000__snr20,1.0
25,24,59afc338d05a30b5a700,59afc338d05a30b5a700__2b6896ec__clean__seg0000__snr10,1.0
25,24,59afc338d05a30b5a700,59afc338d05a30b5a700__2b6896ec__clean__seg0000__snr5,1.0
25,24,59afc338d05a30b5a700,59afc338d05a30b5a700__2b6896ec__clean__seg0000__snr0,1.0
25,24,59afc338d05a30b5a700,59afc338d05a30b5a700__37f8a9bc__clean__seg0000__snr20,1.0
25,24,59afc338d05a30b5a700,59afc338d05a30b5a700__37f8a9bc__clean__seg0000__snr10,1.0
25,24,59afc338d05a30b5a700,59afc338d05a30b5a700__37f8a9bc__clean__seg0000__snr5,1.0
25,24,59afc338d05a30b5a700,59afc338d05a30b5a700__37f8a9bc__clean__seg0000__snr0,1.0
25,24,59afc338d05a30b5a700,59afc338d05a30b5a700__5ff9d39a__clean__seg0000__snr20,1.0
25,24,59afc338d05a30b5a700,59afc338d05a30b5a700__5ff9d39a__clean__seg0000__snr10,1.0
25,24,59afc338d05a30b5a700,59afc338d05a30b5a700__5ff9d39a__clean__seg0000__snr5,1.0
25,24,59afc338d05a30b5a700,59afc338d05a30b5a700__5ff9d39a__clean__seg0000__snr0,1.0
25,24,59afc338d05a30b5a700,59afc338d05a30b5a700__4a547e2a__clean__seg0000__snr20,1.0
25,24,59afc338d05a30b5a700,59afc338d05a30b5a700__4a547e2a__clean__seg0000__snr10,1.0
25,24,59afc338d05a30b5a700,59afc338d05a30b5a700__4a547e2a__clean__seg0000__snr5,1.0
25,24,59afc338d05a30b5a700,59afc338d05a30b5a700__4a547e2a__clean__seg0000__snr0,1.0
25,24,59afc338d05a30b5a700,59afc338d05a30b5a700__62518113__clean__seg0000__snr20,1.0
25,24,59afc338d05a30b5a700,59afc338d05a30b5a700__62518113__clean__seg0000__snr10,1.0
25,24,59afc338d05a30b5a700,59afc338d05a30b5a700__62518113__clean__seg0000__snr5,1.0
25,24,59afc338d05a30b5a700,59afc338d05a30b5a700__62518113__clean__seg0000__snr0,1.0
25,24,59afc338d05a30b5a700,59afc338d05a30b5a700__602f74f4__clean__seg0000__snr20,1.0
25,24,59afc338d05a30b5a700,59afc338d05a30b5a700__602f74f4__clean__seg0000__snr10,1.0
25,24,59afc338d05a30b5a700,59afc338d05a30b5a700__602f74f4__clean__seg0000__snr5,1.0
25,24,59afc338d05a30b5a700,59afc338d05a30b5a700__602f74f4__clean__seg0000__snr0,1.0
25,24,59afc338d05a30b5a700,59afc338d05a30b5a700__f14723b6__clean__seg0000__snr20,1.0
25,24,59afc338d05a30b5a700,59afc338d05a30b5a700__f14723b6__clean__seg0000__snr10,1.0
25,24,59afc338d05a30b5a700,59afc338d05a30b5a700__f14723b6__clean__seg0000__snr5,1.0
25,24,59afc338d05a30b5a700,59afc338d05a30b5a700__f14723b6__clean__seg0000__snr0,1.0
25,24,59afc338d05a30b5a700,59afc338d05a30b5a700__5e67f7bc__clean__seg0000__snr20,1.0
25,24,59afc338d05a30b5a700,59afc338d05a30b5a700__5e67f7bc__clean__seg0000__snr10,1.0
25,24,59afc338d05a30b5a700,59afc338d05a30b5a700__5e67f7bc__clean__seg0000__snr5,1.0
25,24,59afc338d05a30b5a700,59afc338d05a30b5a700__5e67f7bc__clean__seg0000__snr0,1.0
25,24,59afc338d05a30b5a700,59afc338d05a30b5a700__26fc586c__clean__seg0000__snr20,1.0
25,24,59afc338d05a30b5a700,59afc338d05a30b5a700__26fc586c__clean__seg0000__snr10,1.0
25,24,59afc338d05a30b5a700,59afc338d05a30b5a700__26fc586c__clean__seg0000__snr5,1.0
25,24,59afc338d05a30b5a700,59afc338d05a30b5a700__26fc586c__clean__seg0000__snr0,1.0
25,24,59afc338d05a30b5a700,59afc338d05a30b5a700__23764019__clean__seg0000__snr20,1.0
25,24,59afc338d05a30b5a700,59afc338d05a30b5a700__23764019__clean__seg0000__snr10,1.0
25,24,59afc338d05a30b5a700,59afc338d05a30b5a700__23764019__clean__seg0000__snr5,1.0
25,24,59afc338d05a30b5a700,59afc338d05a30b5a700__23764019__clean__seg0000__snr0,1.0
25,24,59afc338d05a30b5a700,59afc338d05a30b5a700__cec5c815__clean__seg0000__snr20,1.0
25,24,59afc338d05a30b5a700,59afc338d05a30b5a700__cec5c815__clean__seg0000__snr10,1.0
25,24,59afc338d05a30b5a700,59afc338d05a30b5a700__cec5c815__clean__seg0000__snr5,1.0
25,24,59afc338d05a30b5a700,59afc338d05a30b5a700__cec5c815__clean__seg0000__snr0,1.0
25,24,59afc338d05a30b5a700,59afc338d05a30b5a700__ca7a16ea__clean__seg0000__snr20,1.0
25,24,59afc338d05a30b5a700,59afc338d05a30b5a700__ca7a16ea__clean__seg0000__snr10,1.0
25,24,59afc338d05a30b5a700,59afc338d05a30b5a700__ca7a16ea__clean__seg0000__snr5,1.0
25,24,59afc338d05a30b5a700,59afc338d05a30b5a700__ca7a16ea__clean__seg0000__snr0,1.0
25,24,59afc338d05a30b5a700,59afc338d05a30b5a700__cf616d6e__clean__seg0000__snr20,1.0
25,24,59afc338d05a30b5a700,59afc338d05a30b5a700__cf616d6e__clean__seg0000__snr10,1.0
25,24,59afc338d05a30b5a700,59afc338d05a30b5a700__cf616d6e__clean__seg0000__snr5,1.0
25,24,59afc338d05a30b5a700,59afc338d05a30b5a700__cf616d6e__clean__seg0000__snr0,1.0
25,24,59afc338d05a30b5a700,59afc338d05a30b5a700__45046b3c__clean__seg0000__snr20,1.0
25,24,59afc338d05a30b5a700,59afc338d05a30b5a700__45046b3c__clean__seg0000__snr10,1.0
25,24,59afc338d05a30b5a700,59afc338d05a30b5a700__45046b3c__clean__seg0000__snr5,1.0
25,24,59afc338d05a30b5a700,59afc338d05a30b5a700__45046b3c__clean__seg0000__snr0,1.0
25,24,59afc338d05a30b5a700,59afc338d05a30b5a700__f888cd4e__clean__seg0000__snr20,1.0
25,24,59afc338d05a30b5a700,59afc338d05a30b5a700__f888cd4e__clean__seg0000__snr10,1.0
25,24,59afc338d05a30b5a700,59afc338d05a30b5a700__f888cd4e__clean__seg0000__snr5,1.0
25,24,59afc338d05a30b5a700,59afc338d05a30b5a700__f888cd4e__clean__seg0000__snr0,1.0
25,24,59afc338d05a30b5a700,59afc338d05a30b5a700__601c743c__clean__seg0000__snr20,1.0
25,24,59afc338d05a30b5a700,59afc338d05a30b5a700__601c743c__clean__seg0000__snr10,1.0
25,24,59afc338d05a30b5a700,59afc338d05a30b5a700__601c743c__clean__seg0000__snr5,1.0
25,24,59afc338d05a30b5a700,59afc338d05a30b5a700__601c743c__clean__seg0000__snr0,1.0
25,24,59afc338d05a30b5a700,59afc338d05a30b5a700__87586e49__clean__seg0000__snr20,1.0
25,24,59afc338d05a30b5a700,59afc338d05a30b5a700__87586e49__clean__seg0000__snr10,1.0
25,24,59afc338d05a30b5a700,59afc338d05a30b5a700__87586e49__clean__seg0000__snr5,1.0
25,24,59afc338d05a30b5a700,59afc338d05a30b5a700__87586e49__clean__seg0000__snr0,1.0
25,24,59afc338d05a30b5a700,59afc338d05a30b5a700__3368fb51__clean__seg0000__snr20,1.0
25,24,59afc338d05a30b5a700,59afc338d05a30b5a700__3368fb51__clean__seg0000__snr10,1.0
25,24,59afc338d05a30b5a700,59afc338d05a30b5a700__3368fb51__clean__seg0000__snr5,1.0
25,24,59afc338d05a30b5a700,59afc338d05a30b5a700__3368fb51__clean__seg0000__snr0,1.0
25,24,59afc338d05a30b5a700,59afc338d05a30b5a700__c12fa879__clean__seg0000__snr20,1.0
25,24,59afc338d05a30b5a700,59afc338d05a30b5a700__c12fa879__clean__seg0000__snr10,1.0
25,24,59afc338d05a30b5a700,59afc338d05a30b5a700__c12fa879__clean__seg0000__snr5,1.0
25,24,59afc338d05a30b5a700,59afc338d05a30b5a700__c12fa879__clean__seg0000__snr0,1.0
25,24,59afc338d05a30b5a700,59afc338d05a30b5a700__8ef02ae1__clean__seg0000__snr20,1.0
25,24,59afc338d05a30b5a700,59afc338d05a30b5a700__8ef02ae1__clean__seg0000__snr10,1.0
25,24,59afc338d05a30b5a700,59afc338d05a30b5a700__8ef02ae1__clean__seg0000__snr5,1.0
25,24,59afc338d05a30b5a700,59afc338d05a30b5a700__8ef02ae1__clean__seg0000__snr0,1.0
25,24,59afc338d05a30b5a700,59afc338d05a30b5a700__d154410a__clean__seg0000__snr20,1.0
25,24,59afc338d05a30b5a700,59afc338d05a30b5a700__d154410a__clean__seg0000__snr10,1.0
25,24,59afc338d05a30b5a700,59afc338d05a30b5a700__d154410a__clean__seg0000__snr5,1.0
25,24,59afc338d05a30b5a700,59afc338d05a30b5a700__d154410a__clean__seg0000__snr0,1.0
25,24,59afc338d05a30b5a700,59afc338d05a30b5a700__68e88343__clean__seg0000__snr20,1.0
25,24,59afc338d05a30b5a700,59afc338d05a30b5a700__68e88343__clean__seg0000__snr10,1.0
25,24,59afc338d05a30b5a700,59afc338d05a30b5a700__68e88343__clean__seg0000__snr5,1.0
25,24,59afc338d05a30b5a700,59afc338d05a30b5a700__68e88343__clean__seg0000__snr0,1.0
25,24,59afc338d05a30b5a700,59afc338d05a30b5a700__5e6bf56f__clean__seg0000__snr20,1.0
25,24,59afc338d05a30b5a700,59afc338d05a30b5a700__5e6bf56f__clean__seg0000__snr10,1.0
25,24,59afc338d05a30b5a700,59afc338d05a30b5a700__5e6bf56f__clean__seg0000__snr5,1.0
25,24,59afc338d05a30b5a700,59afc338d05a30b5a700__5e6bf56f__clean__seg0000__snr0,1.0
25,24,59afc338d05a30b5a700,59afc338d05a30b5a700__d27aaf5a__clean__seg0000__snr20,1.0
25,24,59afc338d05a30b5a700,59afc338d05a30b5a700__d27aaf5a__clean__seg0000__snr10,1.0
25,24,59afc338d05a30b5a700,59afc338d05a30b5a700__d27aaf5a__clean__seg0000__snr5,1.0
25,24,59afc338d05a30b5a700,59afc338d05a30b5a700__d27aaf5a__clean__seg0000__snr0,1.0
25,24,59afc338d05a30b5a700,59afc338d05a30b5a700__906523b6__clean__seg0000__snr20,1.0
25,24,59afc338d05a30b5a700,59afc338d05a30b5a700__906523b6__clean__seg0000__snr10,1.0
25,24,59afc338d05a30b5a700,59afc338d05a30b5a700__906523b6__clean__seg0000__snr5,1.0
25,24,59afc338d05a30b5a700,59afc338d05a30b5a700__906523b6__clean__seg0000__snr0,1.0
25,24,59afc338d05a30b5a700,59afc338d05a30b5a700__d4f6cd8f__clean__seg0000__snr20,1.0
25,24,59afc338d05a30b5a700,59afc338d05a30b5a700__d4f6cd8f__clean__seg0000__snr10,1.0
25,24,59afc338d05a30b5a700,59afc338d05a30b5a700__d4f6cd8f__clean__seg0000__snr5,1.0
25,24,59afc338d05a30b5a700,59afc338d05a30b5a700__d4f6cd8f__clean__seg0000__snr0,1.0
25,24,59afc338d05a30b5a700,59afc338d05a30b5a700__6cda8620__clean__seg0000__snr20,1.0
25,24,59afc338d05a30b5a700,59afc338d05a30b5a700__6cda8620__clean__seg0000__snr10,1.0
25,24,59afc338d05a30b5a700,59afc338d05a30b5a700__6cda8620__clean__seg0000__snr5,1.0
25,24,59afc338d05a30b5a700,59afc338d05a30b5a700__6cda8620__clean__seg0000__snr0,1.0
25,24,59afc338d05a30b5a700,59afc338d05a30b5a700__7ae76b52__clean__seg0000__snr20,1.0
25,24,59afc338d05a30b5a700,59afc338d05a30b5a700__7ae76b52__clean__seg0000__snr10,1.0
25,24,59afc338d05a30b5a700,59afc338d05a30b5a700__7ae76b52__clean__seg0000__snr5,1.0
25,24,59afc338d05a30b5a700,59afc338d05a30b5a700__7ae76b52__clean__seg0000__snr0,1.0
25,24,59afc338d05a30b5a700,59afc338d05a30b5a700__582d9f9c__clean__seg0000__snr20,1.0
25,24,59afc338d05a30b5a700,59afc338d05a30b5a700__582d9f9c__clean__seg0000__snr10,1.0
25,24,59afc338d05a30b5a700,59afc338d05a30b5a700__582d9f9c__clean__seg0000__snr5,1.0
25,24,59afc338d05a30b5a700,59afc338d05a30b5a700__582d9f9c__clean__seg0000__snr0,1.0
25,24,59afc338d05a30b5a700,59afc338d05a30b5a700__6e19c11e__clean__seg0000__snr20,1.0
25,24,59afc338d05a30b5a700,59afc338d05a30b5a700__6e19c11e__clean__seg0000__snr10,1.0
25,24,59afc338d05a30b5a700,59afc338d05a30b5a700__6e19c11e__clean__seg0000__snr5,1.0
25,24,59afc338d05a30b5a700,59afc338d05a30b5a700__6e19c11e__clean__seg0000__snr0,1.0
25,24,59afc338d05a30b5a700,59afc338d05a30b5a700__f4aac7f8__clean__seg0000__snr20,1.0
25,24,59afc338d05a30b5a700,59afc338d05a30b5a700__f4aac7f8__clean__seg0000__snr10,1.0
25,24,59afc338d05a30b5a700,59afc338d05a30b5a700__f4aac7f8__clean__seg0000__snr5,1.0
25,24,59afc338d05a30b5a700,59afc338d05a30b5a700__f4aac7f8__clean__seg0000__snr0,1.0
25,24,59afc338d05a30b5a700,59afc338d05a30b5a700__a9f92566__clean__seg0000__snr20,1.0
25,24,59afc338d05a30b5a700,59afc338d05a30b5a700__a9f92566__clean__seg0000__snr10,1.0
25,24,59afc338d05a30b5a700,59afc338d05a30b5a700__a9f92566__clean__seg0000__snr5,1.0
25,24,59afc338d05a30b5a700,59afc338d05a30b5a700__a9f92566__clean__seg0000__snr0,1.0
25,24,59afc338d05a30b5a700,59afc338d05a30b5a700__bb8eb12b__clean__seg0000__snr20,1.0
25,24,59afc338d05a30b5a700,59afc338d05a30b5a700__bb8eb12b__clean__seg0000__snr10,1.0
25,24,59afc338d05a30b5a700,59afc338d05a30b5a700__bb8eb12b__clean__seg0000__snr5,1.0
25,24,59afc338d05a30b5a700,59afc338d05a30b5a700__bb8eb12b__clean__seg0000__snr0,1.0
25,24,59afc338d05a30b5a700,59afc338d05a30b5a700__67541692__clean__seg0000__snr20,1.0
25,24,59afc338d05a30b5a700,59afc338d05a30b5a700__67541692__clean__seg0000__snr10,1.0
25,24,59afc338d05a30b5a700,59afc338d05a30b5a700__67541692__clean__seg0000__snr5,1.0
25,24,59afc338d05a30b5a700,59afc338d05a30b5a700__67541692__clean__seg0000__snr0,1.0
25,24,59afc338d05a30b5a700,59afc338d05a30b5a700__9615c919__clean__seg0000__snr20,1.0
25,24,59afc338d05a30b5a700,59afc338d05a30b5a700__9615c919__clean__seg0000__snr10,1.0
25,24,59afc338d05a30b5a700,59afc338d05a30b5a700__9615c919__clean__seg0000__snr5,1.0
25,24,59afc338d05a30b5a700,59afc338d05a30b5a700__9615c919__clean__seg0000__snr0,1.0
25,24,59afc338d05a30b5a700,59afc338d05a30b5a700__b6591d79__clean__seg0000__snr20,1.0
25,24,59afc338d05a30b5a700,59afc338d05a30b5a700__b6591d79__clean__seg0000__snr10,1.0
25,24,59afc338d05a30b5a700,59afc338d05a30b5a700__b6591d79__clean__seg0000__snr5,1.0
25,24,59afc338d05a30b5a700,59afc338d05a30b5a700__b6591d79__clean__seg0000__snr0,1.0
25,24,59afc338d05a30b5a700,59afc338d05a30b5a700__b139f43b__clean__seg0000__snr20,1.0
25,24,59afc338d05a30b5a700,59afc338d05a30b5a700__b139f43b__clean__seg0000__snr10,1.0
25,24,59afc338d05a30b5a700,59afc338d05a30b5a700__b139f43b__clean__seg0000__snr5,1.0
25,24,59afc338d05a30b5a700,59afc338d05a30b5a700__b139f43b__clean__seg0000__snr0,1.0
25,24,59afc338d05a30b5a700,59afc338d05a30b5a700__60e06fcb__clean__seg0000__snr20,1.0
25,24,59afc338d05a30b5a700,59afc338d05a30b5a700__60e06fcb__clean__seg0000__snr10,1.0
25,24,59afc338d05a30b5a700,59afc338d05a30b5a700__60e06fcb__clean__seg0000__snr5,1.0
25,24,59afc338d05a30b5a700,59afc338d05a30b5a700__60e06fcb__clean__seg0000__snr0,1.0
25,24,59afc338d05a30b5a700,59afc338d05a30b5a700__2d2987f3__clean__seg0000__snr20,1.0
25,24,59afc338d05a30b5a700,59afc338d05a30b5a700__2d2987f3__clean__seg0000__snr10,1.0
25,24,59afc338d05a30b5a700,59afc338d05a30b5a700__2d2987f3__clean__seg0000__snr5,1.0
25,24,59afc338d05a30b5a700,59afc338d05a30b5a700__2d2987f3__clean__seg0000__snr0,1.0
25,24,59afc338d05a30b5a700,59afc338d05a30b5a700__dd3e1350__clean__seg0000__snr20,1.0
25,24,59afc338d05a30b5a700,59afc338d05a30b5a700__dd3e1350__clean__seg0000__snr10,1.0
25,24,59afc338d05a30b5a700,59afc338d05a30b5a700__dd3e1350__clean__seg0000__snr5,1.0
25,24,59afc338d05a30b5a700,59afc338d05a30b5a700__dd3e1350__clean__seg0000__snr0,1.0
25,24,59afc338d05a30b5a700,59afc338d05a30b5a700__c71c5177__clean__seg0000__snr20,1.0
25,24,59afc338d05a30b5a700,59afc338d05a30b5a700__c71c5177__clean__seg0000__snr10,1.0
25,24,59afc338d05a30b5a700,59afc338d05a30b5a700__c71c5177__clean__seg0000__snr5,1.0
25,24,59afc338d05a30b5a700,59afc338d05a30b5a700__c71c5177__clean__seg0000__snr0,1.0
25,24,59afc338d05a30b5a700,59afc338d05a30b5a700__a91e1d62__clean__seg0000__snr20,1.0
25,24,59afc338d05a30b5a700,59afc338d05a30b5a700__a91e1d62__clean__seg0000__snr10,1.0
25,24,59afc338d05a30b5a700,59afc338d05a30b5a700__a91e1d62__clean__seg0000__snr5,1.0
25,24,59afc338d05a30b5a700,59afc338d05a30b5a700__a91e1d62__clean__seg0000__snr0,1.0
25,24,59afc338d05a30b5a700,59afc338d05a30b5a700__c52fa0ed__clean__seg0000__snr20,1.0
25,24,59afc338d05a30b5a700,59afc338d05a30b5a700__c52fa0ed__clean__seg0000__snr10,1.0
25,24,59afc338d05a30b5a700,59afc338d05a30b5a700__c52fa0ed__clean__seg0000__snr5,1.0
25,24,59afc338d05a30b5a700,59afc338d05a30b5a700__c52fa0ed__clean__seg0000__snr0,1.0
25,24,59afc338d05a30b5a700,59afc338d05a30b5a700__55d17c1e__clean__seg0000__snr20,1.0
25,24,59afc338d05a30b5a700,59afc338d05a30b5a700__55d17c1e__clean__seg0000__snr10,1.0
25,24,59afc338d05a30b5a700,59afc338d05a30b5a700__55d17c1e__clean__seg0000__snr5,1.0
25,24,59afc338d05a30b5a700,59afc338d05a30b5a700__55d17c1e__clean__seg0000__snr0,1.0
25,24,59afc338d05a30b5a700,59afc338d05a30b5a700__bbc3ee8d__clean__seg0000__snr20,1.0
25,24,59afc338d05a30b5a700,59afc338d05a30b5a700__bbc3ee8d__clean__seg0000__snr10,1.0
25,24,59afc338d05a30b5a700,59afc338d05a30b5a700__bbc3ee8d__clean__seg0000__snr5,1.0
25,24,59afc338d05a30b5a700,59afc338d05a30b5a700__bbc3ee8d__clean__seg0000__snr0,1.0
25,24,59afc338d05a30b5a700,59afc338d05a30b5a700__1096c8b8__clean__seg0000__snr20,1.0
25,24,59afc338d05a30b5a700,59afc338d05a30b5a700__1096c8b8__clean__seg0000__snr10,1.0
25,24,59afc338d05a30b5a700,59afc338d05a30b5a700__1096c8b8__clean__seg0000__snr5,1.0
25,24,59afc338d05a30b5a700,59afc338d05a30b5a700__1096c8b8__clean__seg0000__snr0,1.0
25,24,59afc338d05a30b5a700,59afc338d05a30b5a700__d5543aa6__clean__seg0000__snr20,1.0
25,24,59afc338d05a30b5a700,59afc338d05a30b5a700__d5543aa6__clean__seg0000__snr10,1.0
25,24,59afc338d05a30b5a700,59afc338d05a30b5a700__d5543aa6__clean__seg0000__snr5,1.0
25,24,59afc338d05a30b5a700,59afc338d05a30b5a700__d5543aa6__clean__seg0000__snr0,1.0
25,24,59afc338d05a30b5a700,59afc338d05a30b5a700__685b78d5__clean__seg0000__snr20,1.0
25,24,59afc338d05a30b5a700,59afc338d05a30b5a700__685b78d5__clean__seg0000__snr10,1.0
25,24,59afc338d05a30b5a700,59afc338d05a30b5a700__685b78d5__clean__seg0000__snr5,1.0
25,24,59afc338d05a30b5a700,59afc338d05a30b5a700__685b78d5__clean__seg0000__snr0,1.0
25,24,59afc338d05a30b5a700,59afc338d05a30b5a700__2c3926ca__clean__seg0000__snr20,1.0
25,24,59afc338d05a30b5a700,59afc338d05a30b5a700__2c3926ca__clean__seg0000__snr10,1.0
25,24,59afc338d05a30b5a700,59afc338d05a30b5a700__2c3926ca__clean__seg0000__snr5,1.0
25,24,59afc338d05a30b5a700,59afc338d05a30b5a700__2c3926ca__clean__seg0000__snr0,1.0
25,24,59afc338d05a30b5a700,59afc338d05a30b5a700__45f23391__clean__seg0000__snr20,1.0
25,24,59afc338d05a30b5a700,59afc338d05a30b5a700__45f23391__clean__seg0000__snr10,1.0
25,24,59afc338d05a30b5a700,59afc338d05a30b5a700__45f23391__clean__seg0000__snr5,1.0
25,24,59afc338d05a30b5a700,59afc338d05a30b5a700__45f23391__clean__seg0000__snr0,1.0
25,24,59afc338d05a30b5a700,59afc338d05a30b5a700__1ee6ffce__clean__seg0000__snr20,1.0
25,24,59afc338d05a30b5a700,59afc338d05a30b5a700__1ee6ffce__clean__seg0000__snr10,1.0
25,24,59afc338d05a30b5a700,59afc338d05a30b5a700__1ee6ffce__clean__seg0000__snr5,1.0
25,24,59afc338d05a30b5a700,59afc338d05a30b5a700__1ee6ffce__clean__seg0000__snr0,1.0
25,24,59afc338d05a30b5a700,59afc338d05a30b5a700__be7356eb__clean__seg0000__snr20,1.0
25,24,59afc338d05a30b5a700,59afc338d05a30b5a700__be7356eb__clean__seg0000__snr10,1.0
25,24,59afc338d05a30b5a700,59afc338d05a30b5a700__be7356eb__clean__seg0000__snr5,1.0
25,24,59afc338d05a30b5a700,59afc338d05a30b5a700__be7356eb__clean__seg0000__snr0,1.0
25,24,59afc338d05a30b5a700,59afc338d05a30b5a700__7ea74807__clean__seg0000__snr20,1.0
25,24,59afc338d05a30b5a700,59afc338d05a30b5a700__7ea74807__clean__seg0000__snr10,1.0
25,24,59afc338d05a30b5a700,59afc338d05a30b5a700__7ea74807__clean__seg0000__snr5,1.0
25,24,59afc338d05a30b5a700,59afc338d05a30b5a700__7ea74807__clean__seg0000__snr0,1.0
25,24,59afc338d05a30b5a700,59afc338d05a30b5a700__2415b9b7__clean__seg0000__snr20,1.0
25,24,59afc338d05a30b5a700,59afc338d05a30b5a700__2415b9b7__clean__seg0000__snr10,1.0
25,24,59afc338d05a30b5a700,59afc338d05a30b5a700__2415b9b7__clean__seg0000__snr5,1.0
25,24,59afc338d05a30b5a700,59afc338d05a30b5a700__2415b9b7__clean__seg0000__snr0,1.0
25,24,59afc338d05a30b5a700,59afc338d05a30b5a700__4361015d__clean__seg0000__snr20,1.0
25,24,59afc338d05a30b5a700,59afc338d05a30b5a700__4361015d__clean__seg0000__snr10,1.0
25,24,59afc338d05a30b5a700,59afc338d05a30b5a700__4361015d__clean__seg0000__snr5,1.0
25,24,59afc338d05a30b5a700,59afc338d05a30b5a700__4361015d__clean__seg0000__snr0,1.0
25,24,59afc338d05a30b5a700,59afc338d05a30b5a700__ba9564c2__clean__seg0000__snr20,1.0
25,24,59afc338d05a30b5a700,59afc338d05a30b5a700__ba9564c2__clean__seg0000__snr10,1.0
25,24,59afc338d05a30b5a700,59afc338d05a30b5a700__ba9564c2__clean__seg0000__snr5,1.0
25,24,59afc338d05a30b5a700,59afc338d05a30b5a700__ba9564c2__clean__seg0000__snr0,1.0
25,24,59afc338d05a30b5a700,59afc338d05a30b5a700__f1056fcb__clean__seg0000__snr20,1.0
25,24,59afc338d05a30b5a700,59afc338d05a30b5a700__f1056fcb__clean__seg0000__snr10,1.0
25,24,59afc338d05a30b5a700,59afc338d05a30b5a700__f1056fcb__clean__seg0000__snr5,1.0
25,24,59afc338d05a30b5a700,59afc338d05a30b5a700__f1056fcb__clean__seg0000__snr0,1.0
25,24,59afc338d05a30b5a700,59afc338d05a30b5a700__0ab4d097__clean__seg0000__snr20,1.0
25,24,59afc338d05a30b5a700,59afc338d05a30b5a700__0ab4d097__clean__seg0000__snr10,1.0
25,24,59afc338d05a30b5a700,59afc338d05a30b5a700__0ab4d097__clean__seg0000__snr5,1.0
25,24,59afc338d05a30b5a700,59afc338d05a30b5a700__0ab4d097__clean__seg0000__snr0,1.0
25,24,59afc338d05a30b5a700,59afc338d05a30b5a700__70a7aec7__clean__seg0000__snr20,1.0
25,24,59afc338d05a30b5a700,59afc338d05a30b5a700__70a7aec7__clean__seg0000__snr10,1.0
25,24,59afc338d05a30b5a700,59afc338d05a30b5a700__70a7aec7__clean__seg0000__snr5,1.0
25,24,59afc338d05a30b5a700,59afc338d05a30b5a700__70a7aec7__clean__seg0000__snr0,1.0
25,24,59afc338d05a30b5a700,59afc338d05a30b5a700__ba9ceb8a__clean__seg0000__snr20,1.0
25,24,59afc338d05a30b5a700,59afc338d05a30b5a700__ba9ceb8a__clean__seg0000__snr10,1.0
25,24,59afc338d05a30b5a700,59afc338d05a30b5a700__ba9ceb8a__clean__seg0000__snr5,1.0
25,24,59afc338d05a30b5a700,59afc338d05a30b5a700__ba9ceb8a__clean__seg0000__snr0,1.0
25,24,59afc338d05a30b5a700,59afc338d05a30b5a700__81c33a20__clean__seg0000__snr20,1.0
25,24,59afc338d05a30b5a700,59afc338d05a30b5a700__81c33a20__clean__seg0000__snr10,1.0
25,24,59afc338d05a30b5a700,59afc338d05a30b5a700__81c33a20__clean__seg0000__snr5,1.0
25,24,59afc338d05a30b5a700,59afc338d05a30b5a700__81c33a20__clean__seg0000__snr0,1.0
25,24,59afc338d05a30b5a700,59afc338d05a30b5a700__34dfb139__clean__seg0000__snr20,1.0
25,24,59afc338d05a30b5a700,59afc338d05a30b5a700__34dfb139__clean__seg0000__snr10,1.0
25,24,59afc338d05a30b5a700,59afc338d05a30b5a700__34dfb139__clean__seg0000__snr5,1.0
25,24,59afc338d05a30b5a700,59afc338d05a30b5a700__34dfb139__clean__seg0000__snr0,1.0
25,24,59afc338d05a30b5a700,59afc338d05a30b5a700__d80db286__clean__seg0000__snr20,1.0
25,24,59afc338d05a30b5a700,59afc338d05a30b5a700__d80db286__clean__seg0000__snr10,1.0
25,24,59afc338d05a30b5a700,59afc338d05a30b5a700__d80db286__clean__seg0000__snr5,1.0
25,24,59afc338d05a30b5a700,59afc338d05a30b5a700__d80db286__clean__seg0000__snr0,1.0
25,24,59afc338d05a30b5a700,59afc338d05a30b5a700__22fadd30__clean__seg0000__snr20,1.0
25,24,59afc338d05a30b5a700,59afc338d05a30b5a700__22fadd30__clean__seg0000__snr10,1.0
25,24,59afc338d05a30b5a700,59afc338d05a30b5a700__22fadd30__clean__seg0000__snr5,1.0
25,24,59afc338d05a30b5a700,59afc338d05a30b5a700__22fadd30__clean__seg0000__snr0,1.0
25,24,59afc338d05a30b5a700,59afc338d05a30b5a700__2097383b__clean__seg0000__snr20,1.0
25,24,59afc338d05a30b5a700,59afc338d05a30b5a700__2097383b__clean__seg0000__snr10,1.0
25,24,59afc338d05a30b5a700,59afc338d05a30b5a700__2097383b__clean__seg0000__snr5,1.0
25,24,59afc338d05a30b5a700,59afc338d05a30b5a700__2097383b__clean__seg0000__snr0,1.0
25,24,59afc338d05a30b5a700,59afc338d05a30b5a700__ef5b59a6__clean__seg0000__snr20,1.0
25,24,59afc338d05a30b5a700,59afc338d05a30b5a700__ef5b59a6__clean__seg0000__snr10,1.0
25,24,59afc338d05a30b5a700,59afc338d05a30b5a700__ef5b59a6__clean__seg0000__snr5,1.0
25,24,59afc338d05a30b5a700,59afc338d05a30b5a700__ef5b59a6__clean__seg0000__snr0,1.0
25,24,59afc338d05a30b5a700,59afc338d05a30b5a700__ea94fda4__clean__seg0000__snr20,1.0
25,24,59afc338d05a30b5a700,59afc338d05a30b5a700__ea94fda4__clean__seg0000__snr10,1.0
25,24,59afc338d05a30b5a700,59afc338d05a30b5a700__ea94fda4__clean__seg0000__snr5,1.0
25,24,59afc338d05a30b5a700,59afc338d05a30b5a700__ea94fda4__clean__seg0000__snr0,1.0
25,24,59afc338d05a30b5a700,59afc338d05a30b5a700__2c7b55cd__clean__seg0000__snr20,1.0
25,24,59afc338d05a30b5a700,59afc338d05a30b5a700__2c7b55cd__clean__seg0000__snr10,1.0
25,24,59afc338d05a30b5a700,59afc338d05a30b5a700__2c7b55cd__clean__seg0000__snr5,1.0
25,24,59afc338d05a30b5a700,59afc338d05a30b5a700__2c7b55cd__clean__seg0000__snr0,1.0
25,24,59afc338d05a30b5a700,59afc338d05a30b5a700__b02c9a71__clean__seg0000__snr20,1.0
25,24,59afc338d05a30b5a700,59afc338d05a30b5a700__b02c9a71__clean__seg0000__snr10,1.0
25,24,59afc338d05a30b5a700,59afc338d05a30b5a700__b02c9a71__clean__seg0000__snr5,1.0
25,24,59afc338d05a30b5a700,59afc338d05a30b5a700__b02c9a71__clean__seg0000__snr0,1.0
25,24,59afc338d05a30b5a700,59afc338d05a30b5a700__a82f864a__clean__seg0000__snr20,1.0
25,24,59afc338d05a30b5a700,59afc338d05a30b5a700__a82f864a__clean__seg0000__snr10,1.0
25,24,59afc338d05a30b5a700,59afc338d05a30b5a700__a82f864a__clean__seg0000__snr5,1.0
25,24,59afc338d05a30b5a700,59afc338d05a30b5a700__a82f864a__clean__seg0000__snr0,1.0
25,24,59afc338d05a30b5a700,59afc338d05a30b5a700__e9b4d152__clean__seg0000__snr20,1.0
25,24,59afc338d05a30b5a700,59afc338d05a30b5a700__e9b4d152__clean__seg0000__snr10,1.0
25,24,59afc338d05a30b5a700,59afc338d05a30b5a700__e9b4d152__clean__seg0000__snr5,1.0
25,24,59afc338d05a30b5a700,59afc338d05a30b5a700__e9b4d152__clean__seg0000__snr0,1.0
25,24,59afc338d05a30b5a700,59afc338d05a30b5a700__82c3b5fe__clean__seg0000__snr20,1.0
25,24,59afc338d05a30b5a700,59afc338d05a30b5a700__82c3b5fe__clean__seg0000__snr10,1.0
25,24,59afc338d05a30b5a700,59afc338d05a30b5a700__82c3b5fe__clean__seg0000__snr5,1.0
25,24,59afc338d05a30b5a700,59afc338d05a30b5a700__82c3b5fe__clean__seg0000__snr0,1.0
25,24,59afc338d05a30b5a700,59afc338d05a30b5a700__63a0cd6d__clean__seg0000__snr20,1.0
25,24,59afc338d05a30b5a700,59afc338d05a30b5a700__63a0cd6d__clean__seg0000__snr10,1.0
25,24,59afc338d05a30b5a700,59afc338d05a30b5a700__63a0cd6d__clean__seg0000__snr5,1.0
25,24,59afc338d05a30b5a700,59afc338d05a30b5a700__63a0cd6d__clean__seg0000__snr0,1.0
25,24,59afc338d05a30b5a700,59afc338d05a30b5a700__7c7eea97__clean__seg0000__snr20,1.0
25,24,59afc338d05a30b5a700,59afc338d05a30b5a700__7c7eea97__clean__seg0000__snr10,1.0
25,24,59afc338d05a30b5a700,59afc338d05a30b5a700__7c7eea97__clean__seg0000__snr5,1.0
25,24,59afc338d05a30b5a700,59afc338d05a30b5a700__7c7eea97__clean__seg0000__snr0,1.0
25,24,59afc338d05a30b5a700,59afc338d05a30b5a700__2cb50298__clean__seg0000__snr20,1.0
25,24,59afc338d05a30b5a700,59afc338d05a30b5a700__2cb50298__clean__seg0000__snr10,1.0
25,24,59afc338d05a30b5a700,59afc338d05a30b5a700__2cb50298__clean__seg0000__snr5,1.0
25,24,59afc338d05a30b5a700,59afc338d05a30b5a700__2cb50298__clean__seg0000__snr0,1.0
25,24,59afc338d05a30b5a700,59afc338d05a30b5a700__89c7ce26__clean__seg0000__snr20,1.0
25,24,59afc338d05a30b5a700,59afc338d05a30b5a700__89c7ce26__clean__seg0000__snr10,1.0
25,24,59afc338d05a30b5a700,59afc338d05a30b5a700__89c7ce26__clean__seg0000__snr5,1.0
25,24,59afc338d05a30b5a700,59afc338d05a30b5a700__89c7ce26__clean__seg0000__snr0,1.0
25,24,59afc338d05a30b5a700,59afc338d05a30b5a700__7d17dda3__clean__seg0000__snr20,1.0
25,24,59afc338d05a30b5a700,59afc338d05a30b5a700__7d17dda3__clean__seg0000__snr10,1.0
25,24,59afc338d05a30b5a700,59afc338d05a30b5a700__7d17dda3__clean__seg0000__snr5,1.0
25,24,59afc338d05a30b5a700,59afc338d05a30b5a700__7d17dda3__clean__seg0000__snr0,1.0
25,24,59afc338d05a30b5a700,59afc338d05a30b5a700__a5d20f6f__clean__seg0000__snr20,1.0
25,24,59afc338d05a30b5a700,59afc338d05a30b5a700__a5d20f6f__clean__seg0000__snr10,1.0
25,24,59afc338d05a30b5a700,59afc338d05a30b5a700__a5d20f6f__clean__seg0000__snr5,1.0
25,24,59afc338d05a30b5a700,59afc338d05a30b5a700__a5d20f6f__clean__seg0000__snr0,1.0
25,24,59afc338d05a30b5a700,59afc338d05a30b5a700__ca91bb2e__clean__seg0000__snr20,1.0
25,24,59afc338d05a30b5a700,59afc338d05a30b5a700__ca91bb2e__clean__seg0000__snr10,1.0
25,24,59afc338d05a30b5a700,59afc338d05a30b5a700__ca91bb2e__clean__seg0000__snr5,1.0
25,24,59afc338d05a30b5a700,59afc338d05a30b5a700__ca91bb2e__clean__seg0000__snr0,1.0
25,24,59afc338d05a30b5a700,59afc338d05a30b5a700__bcdeca78__clean__seg0000__snr20,1.0
25,24,59afc338d05a30b5a700,59afc338d05a30b5a700__bcdeca78__clean__seg0000__snr10,1.0
25,24,59afc338d05a30b5a700,59afc338d05a30b5a700__bcdeca78__clean__seg0000__snr5,1.0
25,24,59afc338d05a30b5a700,59afc338d05a30b5a700__bcdeca78__clean__seg0000__snr0,1.0
25,24,59afc338d05a30b5a700,59afc338d05a30b5a700__6aad25f4__clean__seg0000__snr20,1.0
25,24,59afc338d05a30b5a700,59afc338d05a30b5a700__6aad25f4__clean__seg0000__snr10,1.0
25,24,59afc338d05a30b5a700,59afc338d05a30b5a700__6aad25f4__clean__seg0000__snr5,1.0
25,24,59afc338d05a30b5a700,59afc338d05a30b5a700__6aad25f4__clean__seg0000__snr0,1.0
25,24,59afc338d05a30b5a700,59afc338d05a30b5a700__0cb85555__clean__seg0000__snr20,1.0
25,24,59afc338d05a30b5a700,59afc338d05a30b5a700__0cb85555__clean__seg0000__snr10,1.0
25,24,59afc338d05a30b5a700,59afc338d05a30b5a700__0cb85555__clean__seg0000__snr5,1.0
25,24,59afc338d05a30b5a700,59afc338d05a30b5a700__0cb85555__clean__seg0000__snr0,1.0
25,24,59afc338d05a30b5a700,59afc338d05a30b5a700__05137fb9__clean__seg0000__snr20,1.0
25,24,59afc338d05a30b5a700,59afc338d05a30b5a700__05137fb9__clean__seg0000__snr10,1.0
25,24,59afc338d05a30b5a700,59afc338d05a30b5a700__05137fb9__clean__seg0000__snr5,1.0
25,24,59afc338d05a30b5a700,59afc338d05a30b5a700__05137fb9__clean__seg0000__snr0,1.0
25,24,59afc338d05a30b5a700,59afc338d05a30b5a700__895e672f__clean__seg0000__snr20,1.0
25,24,59afc338d05a30b5a700,59afc338d05a30b5a700__895e672f__clean__seg0000__snr10,1.0
25,24,59afc338d05a30b5a700,59afc338d05a30b5a700__895e672f__clean__seg0000__snr5,1.0
25,24,59afc338d05a30b5a700,59afc338d05a30b5a700__895e672f__clean__seg0000__snr0,1.0
25,24,59afc338d05a30b5a700,59afc338d05a30b5a700__9404d35e__clean__seg0000__snr20,1.0
25,24,59afc338d05a30b5a700,59afc338d05a30b5a700__9404d35e__clean__seg0000__snr10,1.0
25,24,59afc338d05a30b5a700,59afc338d05a30b5a700__9404d35e__clean__seg0000__snr5,1.0
25,24,59afc338d05a30b5a700,59afc338d05a30b5a700__9404d35e__clean__seg0000__snr0,1.0
25,24,59afc338d05a30b5a700,59afc338d05a30b5a700__05440825__clean__seg0000__snr20,1.0
25,24,59afc338d05a30b5a700,59afc338d05a30b5a700__05440825__clean__seg0000__snr10,1.0
25,24,59afc338d05a30b5a700,59afc338d05a30b5a700__05440825__clean__seg0000__snr5,1.0
25,24,59afc338d05a30b5a700,59afc338d05a30b5a700__05440825__clean__seg0000__snr0,1.0
25,24,59afc338d05a30b5a700,59afc338d05a30b5a700__70a61ddc__clean__seg0000__snr20,1.0
25,24,59afc338d05a30b5a700,59afc338d05a30b5a700__70a61ddc__clean__seg0000__snr10,1.0
25,24,59afc338d05a30b5a700,59afc338d05a30b5a700__70a61ddc__clean__seg0000__snr5,1.0
25,24,59afc338d05a30b5a700,59afc338d05a30b5a700__70a61ddc__clean__seg0000__snr0,1.0
25,24,59afc338d05a30b5a700,59afc338d05a30b5a700__186a5a42__clean__seg0000__snr20,1.0
25,24,59afc338d05a30b5a700,59afc338d05a30b5a700__186a5a42__clean__seg0000__snr10,1.0
25,24,59afc338d05a30b5a700,59afc338d05a30b5a700__186a5a42__clean__seg0000__snr5,1.0
25,24,59afc338d05a30b5a700,59afc338d05a30b5a700__186a5a42__clean__seg0000__snr0,1.0
25,24,59afc338d05a30b5a700,59afc338d05a30b5a700__6d1b2baa__clean__seg0000__snr20,1.0
25,24,59afc338d05a30b5a700,59afc338d05a30b5a700__6d1b2baa__clean__seg0000__snr10,1.0
25,24,59afc338d05a30b5a700,59afc338d05a30b5a700__6d1b2baa__clean__seg0000__snr5,1.0
25,24,59afc338d05a30b5a700,59afc338d05a30b5a700__6d1b2baa__clean__seg0000__snr0,1.0
25,24,59afc338d05a30b5a700,59afc338d05a30b5a700__8f468165__clean__seg0000__snr20,1.0
25,24,59afc338d05a30b5a700,59afc338d05a30b5a700__8f468165__clean__seg0000__snr10,1.0
25,24,59afc338d05a30b5a700,59afc338d05a30b5a700__8f468165__clean__seg0000__snr5,1.0
25,24,59afc338d05a30b5a700,59afc338d05a30b5a700__8f468165__clean__seg0000__snr0,1.0
25,24,59afc338d05a30b5a700,59afc338d05a30b5a700__e828877e__clean__seg0000__snr20,1.0
25,24,59afc338d05a30b5a700,59afc338d05a30b5a700__e828877e__clean__seg0000__snr10,1.0
25,24,59afc338d05a30b5a700,59afc338d05a30b5a700__e828877e__clean__seg0000__snr5,1.0
25,24,59afc338d05a30b5a700,59afc338d05a30b5a700__e828877e__clean__seg0000__snr0,1.0
25,24,59afc338d05a30b5a700,59afc338d05a30b5a700__9380d041__clean__seg0000__snr20,1.0
25,24,59afc338d05a30b5a700,59afc338d05a30b5a700__9380d041__clean__seg0000__snr10,1.0
25,24,59afc338d05a30b5a700,59afc338d05a30b5a700__9380d041__clean__seg0000__snr5,1.0
25,24,59afc338d05a30b5a700,59afc338d05a30b5a700__9380d041__clean__seg0000__snr0,1.0
25,24,59afc338d05a30b5a700,59afc338d05a30b5a700__31de0820__clean__seg0000__snr20,1.0
25,24,59afc338d05a30b5a700,59afc338d05a30b5a700__31de0820__clean__seg0000__snr10,1.0
25,24,59afc338d05a30b5a700,59afc338d05a30b5a700__31de0820__clean__seg0000__snr5,1.0
25,24,59afc338d05a30b5a700,59afc338d05a30b5a700__31de0820__clean__seg0000__snr0,1.0
25,24,59afc338d05a30b5a700,59afc338d05a30b5a700__a2b16d3f__clean__seg0000__snr20,1.0
25,24,59afc338d05a30b5a700,59afc338d05a30b5a700__a2b16d3f__clean__seg0000__snr10,1.0
25,24,59afc338d05a30b5a700,59afc338d05a30b5a700__a2b16d3f__clean__seg0000__snr5,1.0
25,24,59afc338d05a30b5a700,59afc338d05a30b5a700__a2b16d3f__clean__seg0000__snr0,1.0
25,24,59afc338d05a30b5a700,59afc338d05a30b5a700__29acc11e__clean__seg0000__snr20,1.0
25,24,59afc338d05a30b5a700,59afc338d05a30b5a700__29acc11e__clean__seg0000__snr10,1.0
25,24,59afc338d05a30b5a700,59afc338d05a30b5a700__29acc11e__clean__seg0000__snr5,1.0
25,24,59afc338d05a30b5a700,59afc338d05a30b5a700__29acc11e__clean__seg0000__snr0,1.0
25,24,59afc338d05a30b5a700,59afc338d05a30b5a700__86be0362__clean__seg0000__snr20,1.0
25,24,59afc338d05a30b5a700,59afc338d05a30b5a700__86be0362__clean__seg0000__snr10,1.0
25,24,59afc338d05a30b5a700,59afc338d05a30b5a700__86be0362__clean__seg0000__snr5,1.0
25,24,59afc338d05a30b5a700,59afc338d05a30b5a700__86be0362__clean__seg0000__snr0,1.0
25,24,59afc338d05a30b5a700,59afc338d05a30b5a700__36774af8__clean__seg0000__snr20,1.0
25,24,59afc338d05a30b5a700,59afc338d05a30b5a700__36774af8__clean__seg0000__snr10,1.0
25,24,59afc338d05a30b5a700,59afc338d05a30b5a700__36774af8__clean__seg0000__snr5,1.0
25,24,59afc338d05a30b5a700,59afc338d05a30b5a700__36774af8__clean__seg0000__snr0,1.0
25,24,59afc338d05a30b5a700,59afc338d05a30b5a700__3062a781__clean__seg0000__snr20,1.0
25,24,59afc338d05a30b5a700,59afc338d05a30b5a700__3062a781__clean__seg0000__snr10,1.0
25,24,59afc338d05a30b5a700,59afc338d05a30b5a700__3062a781__clean__seg0000__snr5,1.0
25,24,59afc338d05a30b5a700,59afc338d05a30b5a700__3062a781__clean__seg0000__snr0,1.0
25,24,59afc338d05a30b5a700,59afc338d05a30b5a700__b74152f3__clean__seg0000__snr20,1.0
25,24,59afc338d05a30b5a700,59afc338d05a30b5a700__b74152f3__clean__seg0000__snr10,1.0
25,24,59afc338d05a30b5a700,59afc338d05a30b5a700__b74152f3__clean__seg0000__snr5,1.0
25,24,59afc338d05a30b5a700,59afc338d05a30b5a700__b74152f3__clean__seg0000__snr0,1.0
25,24,59afc338d05a30b5a700,59afc338d05a30b5a700__c92a6acd__clean__seg0000__snr20,1.0
25,24,59afc338d05a30b5a700,59afc338d05a30b5a700__c92a6acd__clean__seg0000__snr10,1.0
25,24,59afc338d05a30b5a700,59afc338d05a30b5a700__c92a6acd__clean__seg0000__snr5,1.0
25,24,59afc338d05a30b5a700,59afc338d05a30b5a700__c92a6acd__clean__seg0000__snr0,1.0
25,24,59afc338d05a30b5a700,59afc338d05a30b5a700__13d988ef__clean__seg0000__snr20,1.0
25,24,59afc338d05a30b5a700,59afc338d05a30b5a700__13d988ef__clean__seg0000__snr10,1.0
25,24,59afc338d05a30b5a700,59afc338d05a30b5a700__13d988ef__clean__seg0000__snr5,1.0
25,24,59afc338d05a30b5a700,59afc338d05a30b5a700__13d988ef__clean__seg0000__snr0,1.0
25,24,59afc338d05a30b5a700,59afc338d05a30b5a700__d2b8204c__clean__seg0000__snr20,1.0
25,24,59afc338d05a30b5a700,59afc338d05a30b5a700__d2b8204c__clean__seg0000__snr10,1.0
25,24,59afc338d05a30b5a700,59afc338d05a30b5a700__d2b8204c__clean__seg0000__snr5,1.0
25,24,59afc338d05a30b5a700,59afc338d05a30b5a700__d2b8204c__clean__seg0000__snr0,1.0
25,24,59afc338d05a30b5a700,59afc338d05a30b5a700__c14970fe__clean__seg0000__snr20,1.0
25,24,59afc338d05a30b5a700,59afc338d05a30b5a700__c14970fe__clean__seg0000__snr10,1.0
25,24,59afc338d05a30b5a700,59afc338d05a30b5a700__c14970fe__clean__seg0000__snr5,1.0
25,24,59afc338d05a30b5a700,59afc338d05a30b5a700__c14970fe__clean__seg0000__snr0,1.0
25,24,59afc338d05a30b5a700,59afc338d05a30b5a700__a851541b__clean__seg0000__snr20,1.0
25,24,59afc338d05a30b5a700,59afc338d05a30b5a700__a851541b__clean__seg0000__snr10,1.0
25,24,59afc338d05a30b5a700,59afc338d05a30b5a700__a851541b__clean__seg0000__snr5,1.0
25,24,59afc338d05a30b5a700,59afc338d05a30b5a700__a851541b__clean__seg0000__snr0,1.0
25,24,59afc338d05a30b5a700,59afc338d05a30b5a700__398a555f__clean__seg0000__snr20,1.0
25,24,59afc338d05a30b5a700,59afc338d05a30b5a700__398a555f__clean__seg0000__snr10,1.0
25,24,59afc338d05a30b5a700,59afc338d05a30b5a700__398a555f__clean__seg0000__snr5,1.0
25,24,59afc338d05a30b5a700,59afc338d05a30b5a700__398a555f__clean__seg0000__snr0,1.0
25,24,59afc338d05a30b5a700,59afc338d05a30b5a700__b7b1581e__clean__seg0000__snr20,1.0
25,24,59afc338d05a30b5a700,59afc338d05a30b5a700__b7b1581e__clean__seg0000__snr10,1.0
25,24,59afc338d05a30b5a700,59afc338d05a30b5a700__b7b1581e__clean__seg0000__snr5,1.0
25,24,59afc338d05a30b5a700,59afc338d05a30b5a700__b7b1581e__clean__seg0000__snr0,1.0
25,24,59afc338d05a30b5a700,59afc338d05a30b5a700__3c032404__clean__seg0000__snr20,1.0
25,24,59afc338d05a30b5a700,59afc338d05a30b5a700__3c032404__clean__seg0000__snr10,1.0
25,24,59afc338d05a30b5a700,59afc338d05a30b5a700__3c032404__clean__seg0000__snr5,1.0
25,24,59afc338d05a30b5a700,59afc338d05a30b5a700__3c032404__clean__seg0000__snr0,1.0
25,24,59afc338d05a30b5a700,59afc338d05a30b5a700__70afde18__clean__seg0000__snr20,1.0
25,24,59afc338d05a30b5a700,59afc338d05a30b5a700__70afde18__clean__seg0000__snr10,1.0
25,24,59afc338d05a30b5a700,59afc338d05a30b5a700__70afde18__clean__seg0000__snr5,1.0
25,24,59afc338d05a30b5a700,59afc338d05a30b5a700__70afde18__clean__seg0000__snr0,1.0
25,24,59afc338d05a30b5a700,59afc338d05a30b5a700__8d6f93bb__clean__seg0000__snr20,1.0
25,24,59afc338d05a30b5a700,59afc338d05a30b5a700__8d6f93bb__clean__seg0000__snr10,1.0
25,24,59afc338d05a30b5a700,59afc338d05a30b5a700__8d6f93bb__clean__seg0000__snr5,1.0
25,24,59afc338d05a30b5a700,59afc338d05a30b5a700__8d6f93bb__clean__seg0000__snr0,1.0
25,24,59afc338d05a30b5a700,59afc338d05a30b5a700__40ab2de4__clean__seg0000__snr20,1.0
25,24,59afc338d05a30b5a700,59afc338d05a30b5a700__40ab2de4__clean__seg0000__snr10,1.0
25,24,59afc338d05a30b5a700,59afc338d05a30b5a700__40ab2de4__clean__seg0000__snr5,1.0
25,24,59afc338d05a30b5a700,59afc338d05a30b5a700__40ab2de4__clean__seg0000__snr0,1.0
25,24,59afc338d05a30b5a700,59afc338d05a30b5a700__08dfc536__clean__seg0000__snr20,1.0
25,24,59afc338d05a30b5a700,59afc338d05a30b5a700__08dfc536__clean__seg0000__snr10,1.0
25,24,59afc338d05a30b5a700,59afc338d05a30b5a700__08dfc536__clean__seg0000__snr5,1.0
25,24,59afc338d05a30b5a700,59afc338d05a30b5a700__08dfc536__clean__seg0000__snr0,1.0
25,24,59afc338d05a30b5a700,59afc338d05a30b5a700__f351f4f5__clean__seg0000__snr20,1.0
25,24,59afc338d05a30b5a700,59afc338d05a30b5a700__f351f4f5__clean__seg0000__snr10,1.0
25,24,59afc338d05a30b5a700,59afc338d05a30b5a700__f351f4f5__clean__seg0000__snr5,1.0
25,24,59afc338d05a30b5a700,59afc338d05a30b5a700__f351f4f5__clean__seg0000__snr0,1.0
25,24,59afc338d05a30b5a700,59afc338d05a30b5a700__acfbb094__clean__seg0000__snr20,1.0
25,24,59afc338d05a30b5a700,59afc338d05a30b5a700__acfbb094__clean__seg0000__snr10,1.0
25,24,59afc338d05a30b5a700,59afc338d05a30b5a700__acfbb094__clean__seg0000__snr5,1.0
25,24,59afc338d05a30b5a700,59afc338d05a30b5a700__acfbb094__clean__seg0000__snr0,1.0
25,24,59afc338d05a30b5a700,59afc338d05a30b5a700__126d2205__clean__seg0000__snr20,1.0
25,24,59afc338d05a30b5a700,59afc338d05a30b5a700__126d2205__clean__seg0000__snr10,1.0
25,24,59afc338d05a30b5a700,59afc338d05a30b5a700__126d2205__clean__seg0000__snr5,1.0
25,24,59afc338d05a30b5a700,59afc338d05a30b5a700__126d2205__clean__seg0000__snr0,1.0
25,24,59afc338d05a30b5a700,59afc338d05a30b5a700__a957e7aa__clean__seg0000__snr20,1.0
25,24,59afc338d05a30b5a700,59afc338d05a30b5a700__a957e7aa__clean__seg0000__snr10,1.0
25,24,59afc338d05a30b5a700,59afc338d05a30b5a700__a957e7aa__clean__seg0000__snr5,1.0
25,24,59afc338d05a30b5a700,59afc338d05a30b5a700__a957e7aa__clean__seg0000__snr0,1.0
25,24,59afc338d05a30b5a700,59afc338d05a30b5a700__4ae49c5c__clean__seg0000__snr20,1.0
25,24,59afc338d05a30b5a700,59afc338d05a30b5a700__4ae49c5c__clean__seg0000__snr10,1.0
25,24,59afc338d05a30b5a700,59afc338d05a30b5a700__4ae49c5c__clean__seg0000__snr5,1.0
25,24,59afc338d05a30b5a700,59afc338d05a30b5a700__4ae49c5c__clean__seg0000__snr0,1.0
25,24,59afc338d05a30b5a700,59afc338d05a30b5a700__cbdec4fe__clean__seg0000__snr20,1.0
25,24,59afc338d05a30b5a700,59afc338d05a30b5a700__cbdec4fe__clean__seg0000__snr10,1.0
25,24,59afc338d05a30b5a700,59afc338d05a30b5a700__cbdec4fe__clean__seg0000__snr5,1.0
25,24,59afc338d05a30b5a700,59afc338d05a30b5a700__cbdec4fe__clean__seg0000__snr0,1.0
25,24,59afc338d05a30b5a700,59afc338d05a30b5a700__86f31da6__clean__seg0000__snr20,1.0
25,24,59afc338d05a30b5a700,59afc338d05a30b5a700__86f31da6__clean__seg0000__snr10,1.0
25,24,59afc338d05a30b5a700,59afc338d05a30b5a700__86f31da6__clean__seg0000__snr5,1.0
25,24,59afc338d05a30b5a700,59afc338d05a30b5a700__86f31da6__clean__seg0000__snr0,1.0
25,24,59afc338d05a30b5a700,59afc338d05a30b5a700__9bd43ebd__clean__seg0000__snr20,1.0
25,24,59afc338d05a30b5a700,59afc338d05a30b5a700__9bd43ebd__clean__seg0000__snr10,1.0
25,24,59afc338d05a30b5a700,59afc338d05a30b5a700__9bd43ebd__clean__seg0000__snr5,1.0
25,24,59afc338d05a30b5a700,59afc338d05a30b5a700__9bd43ebd__clean__seg0000__snr0,1.0
25,24,59afc338d05a30b5a700,59afc338d05a30b5a700__a39f1735__clean__seg0000__snr20,1.0
25,24,59afc338d05a30b5a700,59afc338d05a30b5a700__a39f1735__clean__seg0000__snr10,1.0
25,24,59afc338d05a30b5a700,59afc338d05a30b5a700__a39f1735__clean__seg0000__snr5,1.0
25,24,59afc338d05a30b5a700,59afc338d05a30b5a700__a39f1735__clean__seg0000__snr0,1.0
25,24,59afc338d05a30b5a700,59afc338d05a30b5a700__f9ef1f75__clean__seg0000__snr20,1.0
25,24,59afc338d05a30b5a700,59afc338d05a30b5a700__f9ef1f75__clean__seg0000__snr10,1.0
25,24,59afc338d05a30b5a700,59afc338d05a30b5a700__f9ef1f75__clean__seg0000__snr5,1.0
25,24,59afc338d05a30b5a700,59afc338d05a30b5a700__f9ef1f75__clean__seg0000__snr0,1.0
25,24,59afc338d05a30b5a700,59afc338d05a30b5a700__dace7207__clean__seg0000__snr20,1.0
25,24,59afc338d05a30b5a700,59afc338d05a30b5a700__dace7207__clean__seg0000__snr10,1.0
25,24,59afc338d05a30b5a700,59afc338d05a30b5a700__dace7207__clean__seg0000__snr5,1.0
25,24,59afc338d05a30b5a700,59afc338d05a30b5a700__dace7207__clean__seg0000__snr0,1.0
25,24,59afc338d05a30b5a700,59afc338d05a30b5a700__ea74ffc1__clean__seg0000__snr20,1.0
25,24,59afc338d05a30b5a700,59afc338d05a30b5a700__ea74ffc1__clean__seg0000__snr10,1.0
25,24,59afc338d05a30b5a700,59afc338d05a30b5a700__ea74ffc1__clean__seg0000__snr5,1.0
25,24,59afc338d05a30b5a700,59afc338d05a30b5a700__ea74ffc1__clean__seg0000__snr0,1.0
25,24,59afc338d05a30b5a700,59afc338d05a30b5a700__addb35b7__clean__seg0000__snr20,1.0
25,24,59afc338d05a30b5a700,59afc338d05a30b5a700__addb35b7__clean__seg0000__snr10,1.0
25,24,59afc338d05a30b5a700,59afc338d05a30b5a700__addb35b7__clean__seg0000__snr5,1.0
25,24,59afc338d05a30b5a700,59afc338d05a30b5a700__addb35b7__clean__seg0000__snr0,1.0
25,24,59afc338d05a30b5a700,59afc338d05a30b5a700__a94a3d16__clean__seg0000__snr20,1.0
25,24,59afc338d05a30b5a700,59afc338d05a30b5a700__a94a3d16__clean__seg0000__snr10,1.0
25,24,59afc338d05a30b5a700,59afc338d05a30b5a700__a94a3d16__clean__seg0000__snr5,1.0
25,24,59afc338d05a30b5a700,59afc338d05a30b5a700__a94a3d16__clean__seg0000__snr0,1.0
25,24,59afc338d05a30b5a700,59afc338d05a30b5a700__b1162c9c__clean__seg0000__snr20,1.0
25,24,59afc338d05a30b5a700,59afc338d05a30b5a700__b1162c9c__clean__seg0000__snr10,1.0
25,24,59afc338d05a30b5a700,59afc338d05a30b5a700__b1162c9c__clean__seg0000__snr5,1.0
25,24,59afc338d05a30b5a700,59afc338d05a30b5a700__b1162c9c__clean__seg0000__snr0,1.0
25,24,59afc338d05a30b5a700,59afc338d05a30b5a700__13de9ade__clean__seg0000__snr20,1.0
25,24,59afc338d05a30b5a700,59afc338d05a30b5a700__13de9ade__clean__seg0000__snr10,1.0
25,24,59afc338d05a30b5a700,59afc338d05a30b5a700__13de9ade__clean__seg0000__snr5,1.0
25,24,59afc338d05a30b5a700,59afc338d05a30b5a700__13de9ade__clean__seg0000__snr0,1.0
25,24,59afc338d05a30b5a700,59afc338d05a30b5a700__9980ddba__clean__seg0000__snr20,1.0
25,24,59afc338d05a30b5a700,59afc338d05a30b5a700__9980ddba__clean__seg0000__snr10,1.0
25,24,59afc338d05a30b5a700,59afc338d05a30b5a700__9980ddba__clean__seg0000__snr5,1.0
25,24,59afc338d05a30b5a700,59afc338d05a30b5a700__9980ddba__clean__seg0000__snr0,1.0
25,24,59afc338d05a30b5a700,59afc338d05a30b5a700__16aefb38__clean__seg0000__snr20,1.0
25,24,59afc338d05a30b5a700,59afc338d05a30b5a700__16aefb38__clean__seg0000__snr10,1.0
25,24,59afc338d05a30b5a700,59afc338d05a30b5a700__16aefb38__clean__seg0000__snr5,1.0
25,24,59afc338d05a30b5a700,59afc338d05a30b5a700__16aefb38__clean__seg0000__snr0,1.0
25,24,59afc338d05a30b5a700,59afc338d05a30b5a700__7126d662__clean__seg0000__snr20,1.0
25,24,59afc338d05a30b5a700,59afc338d05a30b5a700__7126d662__clean__seg0000__snr10,1.0
25,24,59afc338d05a30b5a700,59afc338d05a30b5a700__7126d662__clean__seg0000__snr5,1.0
25,24,59afc338d05a30b5a700,59afc338d05a30b5a700__7126d662__clean__seg0000__snr0,1.0
25,24,59afc338d05a30b5a700,59afc338d05a30b5a700__05c9a1b9__clean__seg0000__snr20,1.0
25,24,59afc338d05a30b5a700,59afc338d05a30b5a700__05c9a1b9__clean__seg0000__snr10,1.0
25,24,59afc338d05a30b5a700,59afc338d05a30b5a700__05c9a1b9__clean__seg0000__snr5,1.0
25,24,59afc338d05a30b5a700,59afc338d05a30b5a700__05c9a1b9__clean__seg0000__snr0,1.0
25,24,59afc338d05a30b5a700,59afc338d05a30b5a700__3ffa6ee7__clean__seg0000__snr20,1.0
25,24,59afc338d05a30b5a700,59afc338d05a30b5a700__3ffa6ee7__clean__seg0000__snr10,1.0
25,24,59afc338d05a30b5a700,59afc338d05a30b5a700__3ffa6ee7__clean__seg0000__snr5,1.0
25,24,59afc338d05a30b5a700,59afc338d05a30b5a700__3ffa6ee7__clean__seg0000__snr0,1.0
25,24,59afc338d05a30b5a700,59afc338d05a30b5a700__474d910c__clean__seg0000__snr20,1.0
25,24,59afc338d05a30b5a700,59afc338d05a30b5a700__474d910c__clean__seg0000__snr10,1.0
25,24,59afc338d05a30b5a700,59afc338d05a30b5a700__474d910c__clean__seg0000__snr5,1.0
25,24,59afc338d05a30b5a700,59afc338d05a30b5a700__474d910c__clean__seg0000__snr0,1.0
25,24,59afc338d05a30b5a700,59afc338d05a30b5a700__ca04eea7__clean__seg0000__snr20,1.0
25,24,59afc338d05a30b5a700,59afc338d05a30b5a700__ca04eea7__clean__seg0000__snr10,1.0
25,24,59afc338d05a30b5a700,59afc338d05a30b5a700__ca04eea7__clean__seg0000__snr5,1.0
25,24,59afc338d05a30b5a700,59afc338d05a30b5a700__ca04eea7__clean__seg0000__snr0,1.0
25,24,59afc338d05a30b5a700,59afc338d05a30b5a700__5903988b__clean__seg0000__snr20,1.0
25,24,59afc338d05a30b5a700,59afc338d05a30b5a700__5903988b__clean__seg0000__snr10,1.0
25,24,59afc338d05a30b5a700,59afc338d05a30b5a700__5903988b__clean__seg0000__snr5,1.0
25,24,59afc338d05a30b5a700,59afc338d05a30b5a700__5903988b__clean__seg0000__snr0,1.0
25,24,59afc338d05a30b5a700,59afc338d05a30b5a700__3dc07d93__clean__seg0000__snr20,1.0
25,24,59afc338d05a30b5a700,59afc338d05a30b5a700__3dc07d93__clean__seg0000__snr10,1.0
25,24,59afc338d05a30b5a700,59afc338d05a30b5a700__3dc07d93__clean__seg0000__snr5,1.0
25,24,59afc338d05a30b5a700,59afc338d05a30b5a700__3dc07d93__clean__seg0000__snr0,1.0
25,24,59afc338d05a30b5a700,59afc338d05a30b5a700__99dbcd9b__clean__seg0000__snr20,1.0
25,24,59afc338d05a30b5a700,59afc338d05a30b5a700__99dbcd9b__clean__seg0000__snr10,1.0
25,24,59afc338d05a30b5a700,59afc338d05a30b5a700__99dbcd9b__clean__seg0000__snr5,1.0
25,24,59afc338d05a30b5a700,59afc338d05a30b5a700__99dbcd9b__clean__seg0000__snr0,1.0
25,24,59afc338d05a30b5a700,59afc338d05a30b5a700__4eb426a3__clean__seg0000__snr20,1.0
25,24,59afc338d05a30b5a700,59afc338d05a30b5a700__4eb426a3__clean__seg0000__snr10,1.0
25,24,59afc338d05a30b5a700,59afc338d05a30b5a700__4eb426a3__clean__seg0000__snr5,1.0
25,24,59afc338d05a30b5a700,59afc338d05a30b5a700__4eb426a3__clean__seg0000__snr0,1.0
25,24,59afc338d05a30b5a700,59afc338d05a30b5a700__fb983c1d__clean__seg0000__snr20,1.0
25,24,59afc338d05a30b5a700,59afc338d05a30b5a700__fb983c1d__clean__seg0000__snr10,1.0
25,24,59afc338d05a30b5a700,59afc338d05a30b5a700__fb983c1d__clean__seg0000__snr5,1.0
25,24,59afc338d05a30b5a700,59afc338d05a30b5a700__fb983c1d__clean__seg0000__snr0,1.0
25,24,59afc338d05a30b5a700,59afc338d05a30b5a700__74929918__clean__seg0000__snr20,1.0
25,24,59afc338d05a30b5a700,59afc338d05a30b5a700__74929918__clean__seg0000__snr10,1.0
25,24,59afc338d05a30b5a700,59afc338d05a30b5a700__74929918__clean__seg0000__snr5,1.0
25,24,59afc338d05a30b5a700,59afc338d05a30b5a700__74929918__clean__seg0000__snr0,1.0
25,24,59afc338d05a30b5a700,59afc338d05a30b5a700__1fe2097e__clean__seg0000__snr20,1.0
25,24,59afc338d05a30b5a700,59afc338d05a30b5a700__1fe2097e__clean__seg0000__snr10,1.0
25,24,59afc338d05a30b5a700,59afc338d05a30b5a700__1fe2097e__clean__seg0000__snr5,1.0
25,24,59afc338d05a30b5a700,59afc338d05a30b5a700__1fe2097e__clean__seg0000__snr0,1.0
25,24,59afc338d05a30b5a700,59afc338d05a30b5a700__8047596c__clean__seg0000__snr20,1.0
25,24,59afc338d05a30b5a700,59afc338d05a30b5a700__8047596c__clean__seg0000__snr10,1.0
25,24,59afc338d05a30b5a700,59afc338d05a30b5a700__8047596c__clean__seg0000__snr5,1.0
25,24,59afc338d05a30b5a700,59afc338d05a30b5a700__8047596c__clean__seg0000__snr0,1.0
25,24,59afc338d05a30b5a700,59afc338d05a30b5a700__3cb0add8__clean__seg0000__snr20,1.0
25,24,59afc338d05a30b5a700,59afc338d05a30b5a700__3cb0add8__clean__seg0000__snr10,1.0
25,24,59afc338d05a30b5a700,59afc338d05a30b5a700__3cb0add8__clean__seg0000__snr5,1.0
25,24,59afc338d05a30b5a700,59afc338d05a30b5a700__3cb0add8__clean__seg0000__snr0,1.0
25,24,59afc338d05a30b5a700,59afc338d05a30b5a700__2f3bc3fb__clean__seg0000__snr20,1.0
25,24,59afc338d05a30b5a700,59afc338d05a30b5a700__2f3bc3fb__clean__seg0000__snr10,1.0
25,24,59afc338d05a30b5a700,59afc338d05a30b5a700__2f3bc3fb__clean__seg0000__snr5,1.0
25,24,59afc338d05a30b5a700,59afc338d05a30b5a700__2f3bc3fb__clean__seg0000__snr0,1.0
25,24,59afc338d05a30b5a700,59afc338d05a30b5a700__132d4443__clean__seg0000__snr20,1.0
25,24,59afc338d05a30b5a700,59afc338d05a30b5a700__132d4443__clean__seg0000__snr10,1.0
25,24,59afc338d05a30b5a700,59afc338d05a30b5a700__132d4443__clean__seg0000__snr5,1.0
25,24,59afc338d05a30b5a700,59afc338d05a30b5a700__132d4443__clean__seg0000__snr0,1.0
25,24,59afc338d05a30b5a700,59afc338d05a30b5a700__a9e29176__clean__seg0000__snr20,1.0
25,24,59afc338d05a30b5a700,59afc338d05a30b5a700__a9e29176__clean__seg0000__snr10,1.0
25,24,59afc338d05a30b5a700,59afc338d05a30b5a700__a9e29176__clean__seg0000__snr5,1.0
25,24,59afc338d05a30b5a700,59afc338d05a30b5a700__a9e29176__clean__seg0000__snr0,1.0
25,24,59afc338d05a30b5a700,59afc338d05a30b5a700__f46321e8__clean__seg0000__snr20,1.0
25,24,59afc338d05a30b5a700,59afc338d05a30b5a700__f46321e8__clean__seg0000__snr10,1.0
25,24,59afc338d05a30b5a700,59afc338d05a30b5a700__f46321e8__clean__seg0000__snr5,1.0
25,24,59afc338d05a30b5a700,59afc338d05a30b5a700__f46321e8__clean__seg0000__snr0,1.0
25,24,59afc338d05a30b5a700,59afc338d05a30b5a700__330d10b5__clean__seg0000__snr20,1.0
25,24,59afc338d05a30b5a700,59afc338d05a30b5a700__330d10b5__clean__seg0000__snr10,1.0
25,24,59afc338d05a30b5a700,59afc338d05a30b5a700__330d10b5__clean__seg0000__snr5,1.0
25,24,59afc338d05a30b5a700,59afc338d05a30b5a700__330d10b5__clean__seg0000__snr0,1.0
25,24,59afc338d05a30b5a700,59afc338d05a30b5a700__9f3f5da2__clean__seg0000__snr20,1.0
25,24,59afc338d05a30b5a700,59afc338d05a30b5a700__9f3f5da2__clean__seg0000__snr10,1.0
25,24,59afc338d05a30b5a700,59afc338d05a30b5a700__9f3f5da2__clean__seg0000__snr5,1.0
25,24,59afc338d05a30b5a700,59afc338d05a30b5a700__9f3f5da2__clean__seg0000__snr0,1.0
25,24,59afc338d05a30b5a700,59afc338d05a30b5a700__a73caf13__clean__seg0000__snr20,1.0
25,24,59afc338d05a30b5a700,59afc338d05a30b5a700__a73caf13__clean__seg0000__snr10,1.0
25,24,59afc338d05a30b5a700,59afc338d05a30b5a700__a73caf13__clean__seg0000__snr5,1.0
25,24,59afc338d05a30b5a700,59afc338d05a30b5a700__a73caf13__clean__seg0000__snr0,1.0
25,24,59afc338d05a30b5a700,59afc338d05a30b5a700__26726fa8__clean__seg0000__snr20,1.0
25,24,59afc338d05a30b5a700,59afc338d05a30b5a700__26726fa8__clean__seg0000__snr10,1.0
25,24,59afc338d05a30b5a700,59afc338d05a30b5a700__26726fa8__clean__seg0000__snr5,1.0
25,24,59afc338d05a30b5a700,59afc338d05a30b5a700__26726fa8__clean__seg0000__snr0,1.0
25,24,59afc338d05a30b5a700,59afc338d05a30b5a700__8e064373__clean__seg0000__snr20,1.0
25,24,59afc338d05a30b5a700,59afc338d05a30b5a700__8e064373__clean__seg0000__snr10,1.0
25,24,59afc338d05a30b5a700,59afc338d05a30b5a700__8e064373__clean__seg0000__snr5,1.0
25,24,59afc338d05a30b5a700,59afc338d05a30b5a700__8e064373__clean__seg0000__snr0,1.0
25,24,59afc338d05a30b5a700,59afc338d05a30b5a700__c8548dce__clean__seg0000__snr20,1.0
25,24,59afc338d05a30b5a700,59afc338d05a30b5a700__c8548dce__clean__seg0000__snr10,1.0
25,24,59afc338d05a30b5a700,59afc338d05a30b5a700__c8548dce__clean__seg0000__snr5,1.0
25,24,59afc338d05a30b5a700,59afc338d05a30b5a700__c8548dce__clean__seg0000__snr0,1.0
25,24,59afc338d05a30b5a700,59afc338d05a30b5a700__8a253ece__clean__seg0000__snr20,1.0
25,24,59afc338d05a30b5a700,59afc338d05a30b5a700__8a253ece__clean__seg0000__snr10,1.0
25,24,59afc338d05a30b5a700,59afc338d05a30b5a700__8a253ece__clean__seg0000__snr5,1.0
25,24,59afc338d05a30b5a700,59afc338d05a30b5a700__8a253ece__clean__seg0000__snr0,1.0
25,24,59afc338d05a30b5a700,59afc338d05a30b5a700__f49edb0c__clean__seg0000__snr20,1.0
25,24,59afc338d05a30b5a700,59afc338d05a30b5a700__f49edb0c__clean__seg0000__snr10,1.0
25,24,59afc338d05a30b5a700,59afc338d05a30b5a700__f49edb0c__clean__seg0000__snr5,1.0
25,24,59afc338d05a30b5a700,59afc338d05a30b5a700__f49edb0c__clean__seg0000__snr0,1.0
25,24,59afc338d05a30b5a700,59afc338d05a30b5a700__876b3c94__clean__seg0000__snr20,1.0
25,24,59afc338d05a30b5a700,59afc338d05a30b5a700__876b3c94__clean__seg0000__snr10,1.0
25,24,59afc338d05a30b5a700,59afc338d05a30b5a700__876b3c94__clean__seg0000__snr5,1.0
25,24,59afc338d05a30b5a700,59afc338d05a30b5a700__876b3c94__clean__seg0000__snr0,1.0
25,24,59afc338d05a30b5a700,59afc338d05a30b5a700__82305d36__clean__seg0000__snr20,1.0
25,24,59afc338d05a30b5a700,59afc338d05a30b5a700__82305d36__clean__seg0000__snr10,1.0
25,24,59afc338d05a30b5a700,59afc338d05a30b5a700__82305d36__clean__seg0000__snr5,1.0
25,24,59afc338d05a30b5a700,59afc338d05a30b5a700__82305d36__clean__seg0000__snr0,1.0
25,24,59afc338d05a30b5a700,59afc338d05a30b5a700__23544855__clean__seg0000__snr20,1.0
25,24,59afc338d05a30b5a700,59afc338d05a30b5a700__23544855__clean__seg0000__snr10,1.0
25,24,59afc338d05a30b5a700,59afc338d05a30b5a700__23544855__clean__seg0000__snr5,1.0
25,24,59afc338d05a30b5a700,59afc338d05a30b5a700__23544855__clean__seg0000__snr0,1.0
25,24,59afc338d05a30b5a700,59afc338d05a30b5a700__160a1b13__clean__seg0000__snr20,1.0
25,24,59afc338d05a30b5a700,59afc338d05a30b5a700__160a1b13__clean__seg0000__snr10,1.0
25,24,59afc338d05a30b5a700,59afc338d05a30b5a700__160a1b13__clean__seg0000__snr5,1.0
25,24,59afc338d05a30b5a700,59afc338d05a30b5a700__160a1b13__clean__seg0000__snr0,1.0
25,24,59afc338d05a30b5a700,59afc338d05a30b5a700__b4e151b4__clean__seg0000__snr20,1.0
25,24,59afc338d05a30b5a700,59afc338d05a30b5a700__b4e151b4__clean__seg0000__snr10,1.0
25,24,59afc338d05a30b5a700,59afc338d05a30b5a700__b4e151b4__clean__seg0000__snr5,1.0
25,24,59afc338d05a30b5a700,59afc338d05a30b5a700__b4e151b4__clean__seg0000__snr0,1.0
25,24,59afc338d05a30b5a700,59afc338d05a30b5a700__39b413ba__clean__seg0000__snr20,1.0
25,24,59afc338d05a30b5a700,59afc338d05a30b5a700__39b413ba__clean__seg0000__snr10,1.0
25,24,59afc338d05a30b5a700,59afc338d05a30b5a700__39b413ba__clean__seg0000__snr5,1.0
25,24,59afc338d05a30b5a700,59afc338d05a30b5a700__39b413ba__clean__seg0000__snr0,1.0
25,24,59afc338d05a30b5a700,59afc338d05a30b5a700__e334901f__clean__seg0000__snr20,1.0
25,24,59afc338d05a30b5a700,59afc338d05a30b5a700__e334901f__clean__seg0000__snr10,1.0
25,24,59afc338d05a30b5a700,59afc338d05a30b5a700__e334901f__clean__seg0000__snr5,1.0
25,24,59afc338d05a30b5a700,59afc338d05a30b5a700__e334901f__clean__seg0000__snr0,1.0
25,24,59afc338d05a30b5a700,59afc338d05a30b5a700__6735a02b__clean__seg0000__snr20,1.0
25,24,59afc338d05a30b5a700,59afc338d05a30b5a700__6735a02b__clean__seg0000__snr10,1.0
25,24,59afc338d05a30b5a700,59afc338d05a30b5a700__6735a02b__clean__seg0000__snr5,1.0
25,24,59afc338d05a30b5a700,59afc338d05a30b5a700__6735a02b__clean__seg0000__snr0,1.0
25,24,59afc338d05a30b5a700,59afc338d05a30b5a700__1aff25e7__clean__seg0000__snr20,1.0
25,24,59afc338d05a30b5a700,59afc338d05a30b5a700__1aff25e7__clean__seg0000__snr10,1.0
25,24,59afc338d05a30b5a700,59afc338d05a30b5a700__1aff25e7__clean__seg0000__snr5,1.0
25,24,59afc338d05a30b5a700,59afc338d05a30b5a700__1aff25e7__clean__seg0000__snr0,1.0
25,24,59afc338d05a30b5a700,59afc338d05a30b5a700__faa861c2__clean__seg0000__snr20,1.0
25,24,59afc338d05a30b5a700,59afc338d05a30b5a700__faa861c2__clean__seg0000__snr10,1.0
25,24,59afc338d05a30b5a700,59afc338d05a30b5a700__faa861c2__clean__seg0000__snr5,1.0
25,24,59afc338d05a30b5a700,59afc338d05a30b5a700__faa861c2__clean__seg0000__snr0,1.0
25,24,59afc338d05a30b5a700,59afc338d05a30b5a700__e8f549bf__clean__seg0000__snr20,1.0
25,24,59afc338d05a30b5a700,59afc338d05a30b5a700__e8f549bf__clean__seg0000__snr10,1.0
25,24,59afc338d05a30b5a700,59afc338d05a30b5a700__e8f549bf__clean__seg0000__snr5,1.0
25,24,59afc338d05a30b5a700,59afc338d05a30b5a700__e8f549bf__clean__seg0000__snr0,1.0
25,24,59afc338d05a30b5a700,59afc338d05a30b5a700__2e4ac529__clean__seg0000__snr20,1.0
25,24,59afc338d05a30b5a700,59afc338d05a30b5a700__2e4ac529__clean__seg0000__snr10,1.0
25,24,59afc338d05a30b5a700,59afc338d05a30b5a700__2e4ac529__clean__seg0000__snr5,1.0
25,24,59afc338d05a30b5a700,59afc338d05a30b5a700__2e4ac529__clean__seg0000__snr0,1.0
25,24,59afc338d05a30b5a700,59afc338d05a30b5a700__5b83d65a__clean__seg0000__snr20,1.0
25,24,59afc338d05a30b5a700,59afc338d05a30b5a700__5b83d65a__clean__seg0000__snr10,1.0
25,24,59afc338d05a30b5a700,59afc338d05a30b5a700__5b83d65a__clean__seg0000__snr5,1.0
25,24,59afc338d05a30b5a700,59afc338d05a30b5a700__5b83d65a__clean__seg0000__snr0,1.0
25,24,59afc338d05a30b5a700,59afc338d05a30b5a700__7420ad37__clean__seg0000__snr20,1.0
25,24,59afc338d05a30b5a700,59afc338d05a30b5a700__7420ad37__clean__seg0000__snr10,1.0
25,24,59afc338d05a30b5a700,59afc338d05a30b5a700__7420ad37__clean__seg0000__snr5,1.0
25,24,59afc338d05a30b5a700,59afc338d05a30b5a700__7420ad37__clean__seg0000__snr0,1.0
25,24,59afc338d05a30b5a700,59afc338d05a30b5a700__720f6e45__clean__seg0000__snr20,1.0
25,24,59afc338d05a30b5a700,59afc338d05a30b5a700__720f6e45__clean__seg0000__snr10,1.0
25,24,59afc338d05a30b5a700,59afc338d05a30b5a700__720f6e45__clean__seg0000__snr5,1.0
25,24,59afc338d05a30b5a700,59afc338d05a30b5a700__720f6e45__clean__seg0000__snr0,1.0
25,24,59afc338d05a30b5a700,59afc338d05a30b5a700__38c9eb12__clean__seg0000__snr20,1.0
25,24,59afc338d05a30b5a700,59afc338d05a30b5a700__38c9eb12__clean__seg0000__snr10,1.0
25,24,59afc338d05a30b5a700,59afc338d05a30b5a700__38c9eb12__clean__seg0000__snr5,1.0
25,24,59afc338d05a30b5a700,59afc338d05a30b5a700__38c9eb12__clean__seg0000__snr0,1.0
25,24,59afc338d05a30b5a700,59afc338d05a30b5a700__a52cd07c__clean__seg0000__snr20,1.0
25,24,59afc338d05a30b5a700,59afc338d05a30b5a700__a52cd07c__clean__seg0000__snr10,1.0
25,24,59afc338d05a30b5a700,59afc338d05a30b5a700__a52cd07c__clean__seg0000__snr5,1.0
25,24,59afc338d05a30b5a700,59afc338d05a30b5a700__a52cd07c__clean__seg0000__snr0,1.0
25,24,59afc338d05a30b5a700,59afc338d05a30b5a700__6fefa413__clean__seg0000__snr20,1.0
25,24,59afc338d05a30b5a700,59afc338d05a30b5a700__6fefa413__clean__seg0000__snr10,1.0
25,24,59afc338d05a30b5a700,59afc338d05a30b5a700__6fefa413__clean__seg0000__snr5,1.0
25,24,59afc338d05a30b5a700,59afc338d05a30b5a700__6fefa413__clean__seg0000__snr0,1.0
25,24,59afc338d05a30b5a700,59afc338d05a30b5a700__6c649250__clean__seg0000__snr20,1.0
25,24,59afc338d05a30b5a700,59afc338d05a30b5a700__6c649250__clean__seg0000__snr10,1.0
25,24,59afc338d05a30b5a700,59afc338d05a30b5a700__6c649250__clean__seg0000__snr5,1.0
25,24,59afc338d05a30b5a700,59afc338d05a30b5a700__6c649250__clean__seg0000__snr0,1.0
25,24,59afc338d05a30b5a700,59afc338d05a30b5a700__e83d2838__clean__seg0000__snr20,1.0
25,24,59afc338d05a30b5a700,59afc338d05a30b5a700__e83d2838__clean__seg0000__snr10,1.0
25,24,59afc338d05a30b5a700,59afc338d05a30b5a700__e83d2838__clean__seg0000__snr5,1.0
25,24,59afc338d05a30b5a700,59afc338d05a30b5a700__e83d2838__clean__seg0000__snr0,1.0
25,24,59afc338d05a30b5a700,59afc338d05a30b5a700__8e6353cb__clean__seg0000__snr20,1.0
25,24,59afc338d05a30b5a700,59afc338d05a30b5a700__8e6353cb__clean__seg0000__snr10,1.0
25,24,59afc338d05a30b5a700,59afc338d05a30b5a700__8e6353cb__clean__seg0000__snr5,1.0
25,24,59afc338d05a30b5a700,59afc338d05a30b5a700__8e6353cb__clean__seg0000__snr0,1.0
25,24,a981f15ee66ea0e3405e,a981f15ee66ea0e3405e__7db454a5__clean__seg0000__snr20,0.0
25,24,a981f15ee66ea0e3405e,a981f15ee66ea0e3405e__7db454a5__clean__seg0000__snr10,0.0
25,24,a981f15ee66ea0e3405e,a981f15ee66ea0e3405e__7db454a5__clean__seg0000__snr5,0.0
25,24,a981f15ee66ea0e3405e,a981f15ee66ea0e3405e__7db454a5__clean__seg0000__snr0,0.0
25,24,a981f15ee66ea0e3405e,a981f15ee66ea0e3405e__5f099ec6__clean__seg0000__snr20,0.0
25,24,a981f15ee66ea0e3405e,a981f15ee66ea0e3405e__5f099ec6__clean__seg0000__snr10,0.0
25,24,a981f15ee66ea0e3405e,a981f15ee66ea0e3405e__5f099ec6__clean__seg0000__snr5,0.0
25,24,a981f15ee66ea0e3405e,a981f15ee66ea0e3405e__5f099ec6__clean__seg0000__snr0,0.0
25,24,a981f15ee66ea0e3405e,a981f15ee66ea0e3405e__4bbb836b__clean__seg0000__snr20,0.0
25,24,a981f15ee66ea0e3405e,a981f15ee66ea0e3405e__4bbb836b__clean__seg0000__snr10,0.0
25,24,a981f15ee66ea0e3405e,a981f15ee66ea0e3405e__4bbb836b__clean__seg0000__snr5,0.0
25,24,a981f15ee66ea0e3405e,a981f15ee66ea0e3405e__4bbb836b__clean__seg0000__snr0,0.0
25,24,a981f15ee66ea0e3405e,a981f15ee66ea0e3405e__0575cc1f__clean__seg0000__snr20,0.0
25,24,a981f15ee66ea0e3405e,a981f15ee66ea0e3405e__0575cc1f__clean__seg0000__snr10,0.0
25,24,a981f15ee66ea0e3405e,a981f15ee66ea0e3405e__0575cc1f__clean__seg0000__snr5,0.0
25,24,a981f15ee66ea0e3405e,a981f15ee66ea0e3405e__0575cc1f__clean__seg0000__snr0,0.0
25,24,a981f15ee66ea0e3405e,a981f15ee66ea0e3405e__0f818c28__clean__seg0000__snr20,0.0
25,24,a981f15ee66ea0e3405e,a981f15ee66ea0e3405e__0f818c28__clean__seg0000__snr10,0.0
25,24,a981f15ee66ea0e3405e,a981f15ee66ea0e3405e__0f818c28__clean__seg0000__snr5,0.0
25,24,a981f15ee66ea0e3405e,a981f15ee66ea0e3405e__0f818c28__clean__seg0000__snr0,0.0
25,24,a981f15ee66ea0e3405e,a981f15ee66ea0e3405e__d8e4852a__clean__seg0000__snr20,0.0
25,24,a981f15ee66ea0e3405e,a981f15ee66ea0e3405e__d8e4852a__clean__seg0000__snr10,0.0
25,24,a981f15ee66ea0e3405e,a981f15ee66ea0e3405e__d8e4852a__clean__seg0000__snr5,0.0
25,24,a981f15ee66ea0e3405e,a981f15ee66ea0e3405e__d8e4852a__clean__seg0000__snr0,0.0
25,24,a981f15ee66ea0e3405e,a981f15ee66ea0e3405e__1bb636a6__clean__seg0000__snr20,0.0
25,24,a981f15ee66ea0e3405e,a981f15ee66ea0e3405e__1bb636a6__clean__seg0000__snr10,0.0
25,24,a981f15ee66ea0e3405e,a981f15ee66ea0e3405e__1bb636a6__clean__seg0000__snr5,0.0
25,24,a981f15ee66ea0e3405e,a981f15ee66ea0e3405e__1bb636a6__clean__seg0000__snr0,0.0
25,24,a981f15ee66ea0e3405e,a981f15ee66ea0e3405e__91c64163__clean__seg0000__snr20,0.0
25,24,a981f15ee66ea0e3405e,a981f15ee66ea0e3405e__91c64163__clean__seg0000__snr10,0.0
25,24,a981f15ee66ea0e3405e,a981f15ee66ea0e3405e__91c64163__clean__seg0000__snr5,0.0
25,24,a981f15ee66ea0e3405e,a981f15ee66ea0e3405e__91c64163__clean__seg0000__snr0,0.0
25,24,a981f15ee66ea0e3405e,a981f15ee66ea0e3405e__5da5865c__clean__seg0000__snr20,0.0
25,24,a981f15ee66ea0e3405e,a981f15ee66ea0e3405e__5da5865c__clean__seg0000__snr10,0.0
25,24,a981f15ee66ea0e3405e,a981f15ee66ea0e3405e__5da5865c__clean__seg0000__snr5,0.0
25,24,a981f15ee66ea0e3405e,a981f15ee66ea0e3405e__5da5865c__clean__seg0000__snr0,0.0
25,24,a981f15ee66ea0e3405e,a981f15ee66ea0e3405e__08cd89bf__clean__seg0000__snr20,0.0
25,24,a981f15ee66ea0e3405e,a981f15ee66ea0e3405e__08cd89bf__clean__seg0000__snr10,0.0
25,24,a981f15ee66ea0e3405e,a981f15ee66ea0e3405e__08cd89bf__clean__seg0000__snr5,0.0
25,24,a981f15ee66ea0e3405e,a981f15ee66ea0e3405e__08cd89bf__clean__seg0000__snr0,0.0
25,24,a981f15ee66ea0e3405e,a981f15ee66ea0e3405e__2d687382__clean__seg0000__snr20,0.0
25,24,a981f15ee66ea0e3405e,a981f15ee66ea0e3405e__2d687382__clean__seg0000__snr10,0.0
25,24,a981f15ee66ea0e3405e,a981f15ee66ea0e3405e__2d687382__clean__seg0000__snr5,0.0
25,24,a981f15ee66ea0e3405e,a981f15ee66ea0e3405e__2d687382__clean__seg0000__snr0,0.0
25,24,a981f15ee66ea0e3405e,a981f15ee66ea0e3405e__7f3bb07d__clean__seg0000__snr20,0.0
25,24,a981f15ee66ea0e3405e,a981f15ee66ea0e3405e__7f3bb07d__clean__seg0000__snr10,0.0
25,24,a981f15ee66ea0e3405e,a981f15ee66ea0e3405e__7f3bb07d__clean__seg0000__snr5,0.0
25,24,a981f15ee66ea0e3405e,a981f15ee66ea0e3405e__7f3bb07d__clean__seg0000__snr0,0.0
25,24,a981f15ee66ea0e3405e,a981f15ee66ea0e3405e__2d87d2d9__clean__seg0000__snr20,0.0
25,24,a981f15ee66ea0e3405e,a981f15ee66ea0e3405e__2d87d2d9__clean__seg0000__snr10,0.0
25,24,a981f15ee66ea0e3405e,a981f15ee66ea0e3405e__2d87d2d9__clean__seg0000__snr5,0.0
25,24,a981f15ee66ea0e3405e,a981f15ee66ea0e3405e__2d87d2d9__clean__seg0000__snr0,0.0
25,24,a981f15ee66ea0e3405e,a981f15ee66ea0e3405e__abb70088__clean__seg0000__snr20,0.0
25,24,a981f15ee66ea0e3405e,a981f15ee66ea0e3405e__abb70088__clean__seg0000__snr10,0.0
25,24,a981f15ee66ea0e3405e,a981f15ee66ea0e3405e__abb70088__clean__seg0000__snr5,0.0
25,24,a981f15ee66ea0e3405e,a981f15ee66ea0e3405e__abb70088__clean__seg0000__snr0,0.0
25,24,a981f15ee66ea0e3405e,a981f15ee66ea0e3405e__b3ba0f72__clean__seg0000__snr20,0.0
25,24,a981f15ee66ea0e3405e,a981f15ee66ea0e3405e__b3ba0f72__clean__seg0000__snr10,0.0
25,24,a981f15ee66ea0e3405e,a981f15ee66ea0e3405e__b3ba0f72__clean__seg0000__snr5,0.0
25,24,a981f15ee66ea0e3405e,a981f15ee66ea0e3405e__b3ba0f72__clean__seg0000__snr0,0.0
25,24,a981f15ee66ea0e3405e,a981f15ee66ea0e3405e__7855dc20__clean__seg0000__snr20,0.0
25,24,a981f15ee66ea0e3405e,a981f15ee66ea0e3405e__7855dc20__clean__seg0000__snr10,0.0
25,24,a981f15ee66ea0e3405e,a981f15ee66ea0e3405e__7855dc20__clean__seg0000__snr5,0.0
25,24,a981f15ee66ea0e3405e,a981f15ee66ea0e3405e__7855dc20__clean__seg0000__snr0,0.0
25,24,a981f15ee66ea0e3405e,a981f15ee66ea0e3405e__44a4a9f6__clean__seg0000__snr20,0.0
25,24,a981f15ee66ea0e3405e,a981f15ee66ea0e3405e__44a4a9f6__clean__seg0000__snr10,0.0
25,24,a981f15ee66ea0e3405e,a981f15ee66ea0e3405e__44a4a9f6__clean__seg0000__snr5,0.0
25,24,a981f15ee66ea0e3405e,a981f15ee66ea0e3405e__44a4a9f6__clean__seg0000__snr0,0.0
25,24,a981f15ee66ea0e3405e,a981f15ee66ea0e3405e__ef50df18__clean__seg0000__snr20,0.0
25,24,a981f15ee66ea0e3405e,a981f15ee66ea0e3405e__ef50df18__clean__seg0000__snr10,0.0
25,24,a981f15ee66ea0e3405e,a981f15ee66ea0e3405e__ef50df18__clean__seg0000__snr5,0.0
25,24,a981f15ee66ea0e3405e,a981f15ee66ea0e3405e__ef50df18__clean__seg0000__snr0,0.0
25,24,a981f15ee66ea0e3405e,a981f15ee66ea0e3405e__00189ae6__clean__seg0000__snr20,0.0
25,24,a981f15ee66ea0e3405e,a981f15ee66ea0e3405e__00189ae6__clean__seg0000__snr10,0.0
25,24,a981f15ee66ea0e3405e,a981f15ee66ea0e3405e__00189ae6__clean__seg0000__snr5,0.0
25,24,a981f15ee66ea0e3405e,a981f15ee66ea0e3405e__00189ae6__clean__seg0000__snr0,0.0
25,24,a981f15ee66ea0e3405e,a981f15ee66ea0e3405e__83b4049e__clean__seg0000__snr20,0.0
25,24,a981f15ee66ea0e3405e,a981f15ee66ea0e3405e__83b4049e__clean__seg0000__snr10,0.0
25,24,a981f15ee66ea0e3405e,a981f15ee66ea0e3405e__83b4049e__clean__seg0000__snr5,0.0
25,24,a981f15ee66ea0e3405e,a981f15ee66ea0e3405e__83b4049e__clean__seg0000__snr0,0.0
25,24,a981f15ee66ea0e3405e,a981f15ee66ea0e3405e__8c4355c3__clean__seg0000__snr20,0.0
25,24,a981f15ee66ea0e3405e,a981f15ee66ea0e3405e__8c4355c3__clean__seg0000__snr10,0.0
25,24,a981f15ee66ea0e3405e,a981f15ee66ea0e3405e__8c4355c3__clean__seg0000__snr5,0.0
25,24,a981f15ee66ea0e3405e,a981f15ee66ea0e3405e__8c4355c3__clean__seg0000__snr0,0.0
25,24,a981f15ee66ea0e3405e,a981f15ee66ea0e3405e__e967ced1__clean__seg0000__snr20,0.0
25,24,a981f15ee66ea0e3405e,a981f15ee66ea0e3405e__e967ced1__clean__seg0000__snr10,0.0
25,24,a981f15ee66ea0e3405e,a981f15ee66ea0e3405e__e967ced1__clean__seg0000__snr5,0.0
25,24,a981f15ee66ea0e3405e,a981f15ee66ea0e3405e__e967ced1__clean__seg0000__snr0,0.0
25,24,a981f15ee66ea0e3405e,a981f15ee66ea0e3405e__c0cf4009__clean__seg0000__snr20,0.0
25,24,a981f15ee66ea0e3405e,a981f15ee66ea0e3405e__c0cf4009__clean__seg0000__snr10,0.0
25,24,a981f15ee66ea0e3405e,a981f15ee66ea0e3405e__c0cf4009__clean__seg0000__snr5,0.0
25,24,a981f15ee66ea0e3405e,a981f15ee66ea0e3405e__c0cf4009__clean__seg0000__snr0,0.0
25,24,a981f15ee66ea0e3405e,a981f15ee66ea0e3405e__dbbbbc1b__clean__seg0000__snr20,0.0
25,24,a981f15ee66ea0e3405e,a981f15ee66ea0e3405e__dbbbbc1b__clean__seg0000__snr10,0.0
25,24,a981f15ee66ea0e3405e,a981f15ee66ea0e3405e__dbbbbc1b__clean__seg0000__snr5,0.0
25,24,a981f15ee66ea0e3405e,a981f15ee66ea0e3405e__dbbbbc1b__clean__seg0000__snr0,0.0
25,24,a981f15ee66ea0e3405e,a981f15ee66ea0e3405e__8de02f02__clean__seg0000__snr20,0.0
25,24,a981f15ee66ea0e3405e,a981f15ee66ea0e3405e__8de02f02__clean__seg0000__snr10,0.0
25,24,a981f15ee66ea0e3405e,a981f15ee66ea0e3405e__8de02f02__clean__seg0000__snr5,0.0
25,24,a981f15ee66ea0e3405e,a981f15ee66ea0e3405e__8de02f02__clean__seg0000__snr0,0.0
25,24,a981f15ee66ea0e3405e,a981f15ee66ea0e3405e__8492d3d4__clean__seg0000__snr20,0.0
25,24,a981f15ee66ea0e3405e,a981f15ee66ea0e3405e__8492d3d4__clean__seg0000__snr10,0.0
25,24,a981f15ee66ea0e3405e,a981f15ee66ea0e3405e__8492d3d4__clean__seg0000__snr5,0.0
25,24,a981f15ee66ea0e3405e,a981f15ee66ea0e3405e__8492d3d4__clean__seg0000__snr0,0.0
25,24,a981f15ee66ea0e3405e,a981f15ee66ea0e3405e__1c209c4c__clean__seg0000__snr20,0.0
25,24,a981f15ee66ea0e3405e,a981f15ee66ea0e3405e__1c209c4c__clean__seg0000__snr10,0.0
25,24,a981f15ee66ea0e3405e,a981f15ee66ea0e3405e__1c209c4c__clean__seg0000__snr5,0.0
25,24,a981f15ee66ea0e3405e,a981f15ee66ea0e3405e__1c209c4c__clean__seg0000__snr0,0.0
25,24,a981f15ee66ea0e3405e,a981f15ee66ea0e3405e__e62ec0d1__clean__seg0000__snr20,0.0
25,24,a981f15ee66ea0e3405e,a981f15ee66ea0e3405e__e62ec0d1__clean__seg0000__snr10,0.0
25,24,a981f15ee66ea0e3405e,a981f15ee66ea0e3405e__e62ec0d1__clean__seg0000__snr5,0.0
25,24,a981f15ee66ea0e3405e,a981f15ee66ea0e3405e__e62ec0d1__clean__seg0000__snr0,0.0
25,24,a981f15ee66ea0e3405e,a981f15ee66ea0e3405e__743aa6f4__clean__seg0000__snr20,0.0
25,24,a981f15ee66ea0e3405e,a981f15ee66ea0e3405e__743aa6f4__clean__seg0000__snr10,0.0
25,24,a981f15ee66ea0e3405e,a981f15ee66ea0e3405e__743aa6f4__clean__seg0000__snr5,0.0
25,24,a981f15ee66ea0e3405e,a981f15ee66ea0e3405e__743aa6f4__clean__seg0000__snr0,0.0
25,24,a981f15ee66ea0e3405e,a981f15ee66ea0e3405e__c056d3d3__clean__seg0000__snr20,0.0
25,24,a981f15ee66ea0e3405e,a981f15ee66ea0e3405e__c056d3d3__clean__seg0000__snr10,0.0
25,24,a981f15ee66ea0e3405e,a981f15ee66ea0e3405e__c056d3d3__clean__seg0000__snr5,0.0
25,24,a981f15ee66ea0e3405e,a981f15ee66ea0e3405e__c056d3d3__clean__seg0000__snr0,0.0
25,24,a981f15ee66ea0e3405e,a981f15ee66ea0e3405e__66dcac88__clean__seg0000__snr20,0.0
25,24,a981f15ee66ea0e3405e,a981f15ee66ea0e3405e__66dcac88__clean__seg0000__snr10,0.0
25,24,a981f15ee66ea0e3405e,a981f15ee66ea0e3405e__66dcac88__clean__seg0000__snr5,0.0
25,24,a981f15ee66ea0e3405e,a981f15ee66ea0e3405e__66dcac88__clean__seg0000__snr0,0.0
25,24,a981f15ee66ea0e3405e,a981f15ee66ea0e3405e__b1a11045__clean__seg0000__snr20,0.0
25,24,a981f15ee66ea0e3405e,a981f15ee66ea0e3405e__b1a11045__clean__seg0000__snr10,0.0
25,24,a981f15ee66ea0e3405e,a981f15ee66ea0e3405e__b1a11045__clean__seg0000__snr5,0.0
25,24,a981f15ee66ea0e3405e,a981f15ee66ea0e3405e__b1a11045__clean__seg0000__snr0,0.0
25,24,a981f15ee66ea0e3405e,a981f15ee66ea0e3405e__46a680c4__clean__seg0000__snr20,0.0
25,24,a981f15ee66ea0e3405e,a981f15ee66ea0e3405e__46a680c4__clean__seg0000__snr10,0.0
25,24,a981f15ee66ea0e3405e,a981f15ee66ea0e3405e__46a680c4__clean__seg0000__snr5,0.0
25,24,a981f15ee66ea0e3405e,a981f15ee66ea0e3405e__46a680c4__clean__seg0000__snr0,0.0
25,24,a981f15ee66ea0e3405e,a981f15ee66ea0e3405e__1baf4304__clean__seg0000__snr20,0.0
25,24,a981f15ee66ea0e3405e,a981f15ee66ea0e3405e__1baf4304__clean__seg0000__snr10,0.0
25,24,a981f15ee66ea0e3405e,a981f15ee66ea0e3405e__1baf4304__clean__seg0000__snr5,0.0
25,24,a981f15ee66ea0e3405e,a981f15ee66ea0e3405e__1baf4304__clean__seg0000__snr0,0.0
25,24,a981f15ee66ea0e3405e,a981f15ee66ea0e3405e__fec4458e__clean__seg0000__snr20,0.0
25,24,a981f15ee66ea0e3405e,a981f15ee66ea0e3405e__fec4458e__clean__seg0000__snr10,0.0
25,24,a981f15ee66ea0e3405e,a981f15ee66ea0e3405e__fec4458e__clean__seg0000__snr5,0.0
25,24,a981f15ee66ea0e3405e,a981f15ee66ea0e3405e__fec4458e__clean__seg0000__snr0,0.0
25,24,a981f15ee66ea0e3405e,a981f15ee66ea0e3405e__ef6c7385__clean__seg0000__snr20,0.0
25,24,a981f15ee66ea0e3405e,a981f15ee66ea0e3405e__ef6c7385__clean__seg0000__snr10,0.0
25,24,a981f15ee66ea0e3405e,a981f15ee66ea0e3405e__ef6c7385__clean__seg0000__snr5,0.0
25,24,a981f15ee66ea0e3405e,a981f15ee66ea0e3405e__ef6c7385__clean__seg0000__snr0,0.0
25,24,a981f15ee66ea0e3405e,a981f15ee66ea0e3405e__ff15b0ee__clean__seg0000__snr20,0.0
25,24,a981f15ee66ea0e3405e,a981f15ee66ea0e3405e__ff15b0ee__clean__seg0000__snr10,0.0
25,24,a981f15ee66ea0e3405e,a981f15ee66ea0e3405e__ff15b0ee__clean__seg0000__snr5,0.0
25,24,a981f15ee66ea0e3405e,a981f15ee66ea0e3405e__ff15b0ee__clean__seg0000__snr0,0.0
25,24,a981f15ee66ea0e3405e,a981f15ee66ea0e3405e__bf433760__clean__seg0000__snr20,0.0
25,24,a981f15ee66ea0e3405e,a981f15ee66ea0e3405e__bf433760__clean__seg0000__snr10,0.0
25,24,a981f15ee66ea0e3405e,a981f15ee66ea0e3405e__bf433760__clean__seg0000__snr5,0.0
25,24,a981f15ee66ea0e3405e,a981f15ee66ea0e3405e__bf433760__clean__seg0000__snr0,0.0
25,24,a981f15ee66ea0e3405e,a981f15ee66ea0e3405e__64e4a06c__clean__seg0000__snr20,0.0
25,24,a981f15ee66ea0e3405e,a981f15ee66ea0e3405e__64e4a06c__clean__seg0000__snr10,0.0
25,24,a981f15ee66ea0e3405e,a981f15ee66ea0e3405e__64e4a06c__clean__seg0000__snr5,0.0
25,24,a981f15ee66ea0e3405e,a981f15ee66ea0e3405e__64e4a06c__clean__seg0000__snr0,0.0
25,24,a981f15ee66ea0e3405e,a981f15ee66ea0e3405e__b156bcc1__clean__seg0000__snr20,0.0
25,24,a981f15ee66ea0e3405e,a981f15ee66ea0e3405e__b156bcc1__clean__seg0000__snr10,0.0
25,24,a981f15ee66ea0e3405e,a981f15ee66ea0e3405e__b156bcc1__clean__seg0000__snr5,0.0
25,24,a981f15ee66ea0e3405e,a981f15ee66ea0e3405e__b156bcc1__clean__seg0000__snr0,0.0
25,24,a981f15ee66ea0e3405e,a981f15ee66ea0e3405e__4954585e__clean__seg0000__snr20,0.0
25,24,a981f15ee66ea0e3405e,a981f15ee66ea0e3405e__4954585e__clean__seg0000__snr10,0.0
25,24,a981f15ee66ea0e3405e,a981f15ee66ea0e3405e__4954585e__clean__seg0000__snr5,0.0
25,24,a981f15ee66ea0e3405e,a981f15ee66ea0e3405e__4954585e__clean__seg0000__snr0,0.0
25,24,a981f15ee66ea0e3405e,a981f15ee66ea0e3405e__5acf6dc6__clean__seg0000__snr20,0.0
25,24,a981f15ee66ea0e3405e,a981f15ee66ea0e3405e__5acf6dc6__clean__seg0000__snr10,0.0
25,24,a981f15ee66ea0e3405e,a981f15ee66ea0e3405e__5acf6dc6__clean__seg0000__snr5,0.0
25,24,a981f15ee66ea0e3405e,a981f15ee66ea0e3405e__5acf6dc6__clean__seg0000__snr0,0.0
25,24,a981f15ee66ea0e3405e,a981f15ee66ea0e3405e__d0f943d7__clean__seg0000__snr20,0.0
25,24,a981f15ee66ea0e3405e,a981f15ee66ea0e3405e__d0f943d7__clean__seg0000__snr10,0.0
25,24,a981f15ee66ea0e3405e,a981f15ee66ea0e3405e__d0f943d7__clean__seg0000__snr5,0.0
25,24,a981f15ee66ea0e3405e,a981f15ee66ea0e3405e__d0f943d7__clean__seg0000__snr0,0.0
25,24,a981f15ee66ea0e3405e,a981f15ee66ea0e3405e__1492eca6__clean__seg0000__snr20,0.0
25,24,a981f15ee66ea0e3405e,a981f15ee66ea0e3405e__1492eca6__clean__seg0000__snr10,0.0
25,24,a981f15ee66ea0e3405e,a981f15ee66ea0e3405e__1492eca6__clean__seg0000__snr5,0.0
25,24,a981f15ee66ea0e3405e,a981f15ee66ea0e3405e__1492eca6__clean__seg0000__snr0,0.0
25,24,a981f15ee66ea0e3405e,a981f15ee66ea0e3405e__7b84772c__clean__seg0000__snr20,0.0
25,24,a981f15ee66ea0e3405e,a981f15ee66ea0e3405e__7b84772c__clean__seg0000__snr10,0.0
25,24,a981f15ee66ea0e3405e,a981f15ee66ea0e3405e__7b84772c__clean__seg0000__snr5,0.0
25,24,a981f15ee66ea0e3405e,a981f15ee66ea0e3405e__7b84772c__clean__seg0000__snr0,0.0
25,24,a981f15ee66ea0e3405e,a981f15ee66ea0e3405e__dd2cd124__clean__seg0000__snr20,0.0
25,24,a981f15ee66ea0e3405e,a981f15ee66ea0e3405e__dd2cd124__clean__seg0000__snr10,0.0
25,24,a981f15ee66ea0e3405e,a981f15ee66ea0e3405e__dd2cd124__clean__seg0000__snr5,0.0
25,24,a981f15ee66ea0e3405e,a981f15ee66ea0e3405e__dd2cd124__clean__seg0000__snr0,0.0
25,24,a981f15ee66ea0e3405e,a981f15ee66ea0e3405e__6f4676f7__clean__seg0000__snr20,0.0
25,24,a981f15ee66ea0e3405e,a981f15ee66ea0e3405e__6f4676f7__clean__seg0000__snr10,0.0
25,24,a981f15ee66ea0e3405e,a981f15ee66ea0e3405e__6f4676f7__clean__seg0000__snr5,0.0
25,24,a981f15ee66ea0e3405e,a981f15ee66ea0e3405e__6f4676f7__clean__seg0000__snr0,0.0
25,24,a981f15ee66ea0e3405e,a981f15ee66ea0e3405e__77eae2d2__clean__seg0000__snr20,0.0
25,24,a981f15ee66ea0e3405e,a981f15ee66ea0e3405e__77eae2d2__clean__seg0000__snr10,0.0
25,24,a981f15ee66ea0e3405e,a981f15ee66ea0e3405e__77eae2d2__clean__seg0000__snr5,0.0
25,24,a981f15ee66ea0e3405e,a981f15ee66ea0e3405e__77eae2d2__clean__seg0000__snr0,0.0
25,24,a981f15ee66ea0e3405e,a981f15ee66ea0e3405e__8e6f32d0__clean__seg0000__snr20,0.0
25,24,a981f15ee66ea0e3405e,a981f15ee66ea0e3405e__8e6f32d0__clean__seg0000__snr10,0.0
25,24,a981f15ee66ea0e3405e,a981f15ee66ea0e3405e__8e6f32d0__clean__seg0000__snr5,0.0
25,24,a981f15ee66ea0e3405e,a981f15ee66ea0e3405e__8e6f32d0__clean__seg0000__snr0,0.0
25,24,a981f15ee66ea0e3405e,a981f15ee66ea0e3405e__4b856be3__clean__seg0000__snr20,0.0
25,24,a981f15ee66ea0e3405e,a981f15ee66ea0e3405e__4b856be3__clean__seg0000__snr10,0.0
25,24,a981f15ee66ea0e3405e,a981f15ee66ea0e3405e__4b856be3__clean__seg0000__snr5,0.0
25,24,a981f15ee66ea0e3405e,a981f15ee66ea0e3405e__4b856be3__clean__seg0000__snr0,0.0
25,24,c4ada69e2e1c242ffde1,c4ada69e2e1c242ffde1__2b0b6d92__clean__seg0000__snr20,0.0
25,24,c4ada69e2e1c242ffde1,c4ada69e2e1c242ffde1__2b0b6d92__clean__seg0000__snr10,0.0
25,24,c4ada69e2e1c242ffde1,c4ada69e2e1c242ffde1__2b0b6d92__clean__seg0000__snr5,0.0
25,24,c4ada69e2e1c242ffde1,c4ada69e2e1c242ffde1__2b0b6d92__clean__seg0000__snr0,0.0
25,24,c4ada69e2e1c242ffde1,c4ada69e2e1c242ffde1__2b0b6d92__clean__seg0001__snr20,0.0
25,24,c4ada69e2e1c242ffde1,c4ada69e2e1c242ffde1__2b0b6d92__clean__seg0001__snr10,0.0
25,24,c4ada69e2e1c242ffde1,c4ada69e2e1c242ffde1__2b0b6d92__clean__seg0001__snr5,0.0
25,24,c4ada69e2e1c242ffde1,c4ada69e2e1c242ffde1__2b0b6d92__clean__seg0001__snr0,0.0
25,24,c4ada69e2e1c242ffde1,c4ada69e2e1c242ffde1__2b0b6d92__clean__seg0002__snr20,0.0
25,24,c4ada69e2e1c242ffde1,c4ada69e2e1c242ffde1__2b0b6d92__clean__seg0002__snr10,0.0
25,24,c4ada69e2e1c242ffde1,c4ada69e2e1c242ffde1__2b0b6d92__clean__seg0002__snr5,0.0
25,24,c4ada69e2e1c242ffde1,c4ada69e2e1c242ffde1__2b0b6d92__clean__seg0002__snr0,0.0
25,24,c4ada69e2e1c242ffde1,c4ada69e2e1c242ffde1__2b0b6d92__clean__seg0003__snr20,0.0
25,24,c4ada69e2e1c242ffde1,c4ada69e2e1c242ffde1__2b0b6d92__clean__seg0003__snr10,0.0
25,24,c4ada69e2e1c242ffde1,c4ada69e2e1c242ffde1__2b0b6d92__clean__seg0003__snr5,0.0
25,24,c4ada69e2e1c242ffde1,c4ada69e2e1c242ffde1__2b0b6d92__clean__seg0003__snr0,0.0
25,24,c4ada69e2e1c242ffde1,c4ada69e2e1c242ffde1__2b0b6d92__clean__seg0004__snr20,0.0
25,24,c4ada69e2e1c242ffde1,c4ada69e2e1c242ffde1__2b0b6d92__clean__seg0004__snr10,0.0
25,24,c4ada69e2e1c242ffde1,c4ada69e2e1c242ffde1__2b0b6d92__clean__seg0004__snr5,0.0
25,24,c4ada69e2e1c242ffde1,c4ada69e2e1c242ffde1__2b0b6d92__clean__seg0004__snr0,0.0
25,24,694d0e63f6288262abe2,694d0e63f6288262abe2__dddea2a3__clean__seg0000__snr20,0.0
25,24,694d0e63f6288262abe2,694d0e63f6288262abe2__dddea2a3__clean__seg0000__snr10,0.0
25,24,694d0e63f6288262abe2,694d0e63f6288262abe2__dddea2a3__clean__seg0000__snr5,0.0
25,24,694d0e63f6288262abe2,694d0e63f6288262abe2__dddea2a3__clean__seg0000__snr0,0.0
25,24,694d0e63f6288262abe2,694d0e63f6288262abe2__dddea2a3__clean__seg0001__snr20,0.0
25,24,694d0e63f6288262abe2,694d0e63f6288262abe2__dddea2a3__clean__seg0001__snr10,0.0
25,24,694d0e63f6288262abe2,694d0e63f6288262abe2__dddea2a3__clean__seg0001__snr5,0.0
25,24,694d0e63f6288262abe2,694d0e63f6288262abe2__dddea2a3__clean__seg0001__snr0,0.0
25,24,694d0e63f6288262abe2,694d0e63f6288262abe2__dddea2a3__clean__seg0002__snr20,0.0
25,24,694d0e63f6288262abe2,694d0e63f6288262abe2__dddea2a3__clean__seg0002__snr10,0.0
25,24,694d0e63f6288262abe2,694d0e63f6288262abe2__dddea2a3__clean__seg0002__snr5,0.0
25,24,694d0e63f6288262abe2,694d0e63f6288262abe2__dddea2a3__clean__seg0002__snr0,0.0
25,24,694d0e63f6288262abe2,694d0e63f6288262abe2__dddea2a3__clean__seg0003__snr20,0.0
25,24,694d0e63f6288262abe2,694d0e63f6288262abe2__dddea2a3__clean__seg0003__snr10,0.0
25,24,694d0e63f6288262abe2,694d0e63f6288262abe2__dddea2a3__clean__seg0003__snr5,0.0
25,24,694d0e63f6288262abe2,694d0e63f6288262abe2__dddea2a3__clean__seg0003__snr0,0.0
25,24,694d0e63f6288262abe2,694d0e63f6288262abe2__dddea2a3__clean__seg0004__snr20,0.0
25,24,694d0e63f6288262abe2,694d0e63f6288262abe2__dddea2a3__clean__seg0004__snr10,0.0
25,24,694d0e63f6288262abe2,694d0e63f6288262abe2__dddea2a3__clean__seg0004__snr5,0.0
25,24,694d0e63f6288262abe2,694d0e63f6288262abe2__dddea2a3__clean__seg0004__snr0,0.0
25,24,a4b9d8cfa81b71379780,a4b9d8cfa81b71379780__81e63a7b__clean__seg0000__snr20,0.0
25,24,a4b9d8cfa81b71379780,a4b9d8cfa81b71379780__81e63a7b__clean__seg0000__snr10,0.0
25,24,a4b9d8cfa81b71379780,a4b9d8cfa81b71379780__81e63a7b__clean__seg0000__snr5,0.0
25,24,a4b9d8cfa81b71379780,a4b9d8cfa81b71379780__81e63a7b__clean__seg0000__snr0,0.0
25,24,a4b9d8cfa81b71379780,a4b9d8cfa81b71379780__81e63a7b__clean__seg0001__snr20,0.0
25,24,a4b9d8cfa81b71379780,a4b9d8cfa81b71379780__81e63a7b__clean__seg0001__snr10,0.0
25,24,a4b9d8cfa81b71379780,a4b9d8cfa81b71379780__81e63a7b__clean__seg0001__snr5,0.0
25,24,a4b9d8cfa81b71379780,a4b9d8cfa81b71379780__81e63a7b__clean__seg0001__snr0,0.0
25,24,a4b9d8cfa81b71379780,a4b9d8cfa81b71379780__81e63a7b__clean__seg0002__snr20,0.0
25,24,a4b9d8cfa81b71379780,a4b9d8cfa81b71379780__81e63a7b__clean__seg0002__snr10,0.0
25,24,a4b9d8cfa81b71379780,a4b9d8cfa81b71379780__81e63a7b__clean__seg0002__snr5,0.0
25,24,a4b9d8cfa81b71379780,a4b9d8cfa81b71379780__81e63a7b__clean__seg0002__snr0,0.0
25,24,a4b9d8cfa81b71379780,a4b9d8cfa81b71379780__81e63a7b__clean__seg0003__snr20,0.0
25,24,a4b9d8cfa81b71379780,a4b9d8cfa81b71379780__81e63a7b__clean__seg0003__snr10,0.0
25,24,a4b9d8cfa81b71379780,a4b9d8cfa81b71379780__81e63a7b__clean__seg0003__snr5,0.0
25,24,a4b9d8cfa81b71379780,a4b9d8cfa81b71379780__81e63a7b__clean__seg0003__snr0,0.0
25,24,a4b9d8cfa81b71379780,a4b9d8cfa81b71379780__81e63a7b__clean__seg0004__snr20,0.0
25,24,a4b9d8cfa81b71379780,a4b9d8cfa81b71379780__81e63a7b__clean__seg0004__snr10,0.0
25,24,a4b9d8cfa81b71379780,a4b9d8cfa81b71379780__81e63a7b__clean__seg0004__snr5,0.0
25,24,a4b9d8cfa81b71379780,a4b9d8cfa81b71379780__81e63a7b__clean__seg0004__snr0,0.0
25,24,a4b9d8cfa81b71379780,a4b9d8cfa81b71379780__493e8dd2__clean__seg0000__snr20,0.0
25,24,a4b9d8cfa81b71379780,a4b9d8cfa81b71379780__493e8dd2__clean__seg0000__snr10,0.0
25,24,a4b9d8cfa81b71379780,a4b9d8cfa81b71379780__493e8dd2__clean__seg0000__snr5,0.0
25,24,a4b9d8cfa81b71379780,a4b9d8cfa81b71379780__493e8dd2__clean__seg0000__snr0,0.0
25,24,a4b9d8cfa81b71379780,a4b9d8cfa81b71379780__493e8dd2__clean__seg0001__snr20,0.0
25,24,a4b9d8cfa81b71379780,a4b9d8cfa81b71379780__493e8dd2__clean__seg0001__snr10,0.0
25,24,a4b9d8cfa81b71379780,a4b9d8cfa81b71379780__493e8dd2__clean__seg0001__snr5,0.0
25,24,a4b9d8cfa81b71379780,a4b9d8cfa81b71379780__493e8dd2__clean__seg0001__snr0,0.0
25,24,a4b9d8cfa81b71379780,a4b9d8cfa81b71379780__493e8dd2__clean__seg0002__snr20,0.0
25,24,a4b9d8cfa81b71379780,a4b9d8cfa81b71379780__493e8dd2__clean__seg0002__snr10,0.0
25,24,a4b9d8cfa81b71379780,a4b9d8cfa81b71379780__493e8dd2__clean__seg0002__snr5,0.0
25,24,a4b9d8cfa81b71379780,a4b9d8cfa81b71379780__493e8dd2__clean__seg0002__snr0,0.0
25,24,a4b9d8cfa81b71379780,a4b9d8cfa81b71379780__493e8dd2__clean__seg0003__snr20,0.0
25,24,a4b9d8cfa81b71379780,a4b9d8cfa81b71379780__493e8dd2__clean__seg0003__snr10,0.0
25,24,a4b9d8cfa81b71379780,a4b9d8cfa81b71379780__493e8dd2__clean__seg0003__snr5,0.0
25,24,a4b9d8cfa81b71379780,a4b9d8cfa81b71379780__493e8dd2__clean__seg0003__snr0,0.0
25,24,a4b9d8cfa81b71379780,a4b9d8cfa81b71379780__493e8dd2__clean__seg0004__snr20,0.0
25,24,a4b9d8cfa81b71379780,a4b9d8cfa81b71379780__493e8dd2__clean__seg0004__snr10,0.0
25,24,a4b9d8cfa81b71379780,a4b9d8cfa81b71379780__493e8dd2__clean__seg0004__snr5,0.0
25,24,a4b9d8cfa81b71379780,a4b9d8cfa81b71379780__493e8dd2__clean__seg0004__snr0,0.0
25,24,a4b9d8cfa81b71379780,a4b9d8cfa81b71379780__51bc88e6__clean__seg0000__snr20,0.0
25,24,a4b9d8cfa81b71379780,a4b9d8cfa81b71379780__51bc88e6__clean__seg0000__snr10,0.0
25,24,a4b9d8cfa81b71379780,a4b9d8cfa81b71379780__51bc88e6__clean__seg0000__snr5,0.0
25,24,a4b9d8cfa81b71379780,a4b9d8cfa81b71379780__51bc88e6__clean__seg0000__snr0,0.0
25,24,a4b9d8cfa81b71379780,a4b9d8cfa81b71379780__51bc88e6__clean__seg0001__snr20,0.0
25,24,a4b9d8cfa81b71379780,a4b9d8cfa81b71379780__51bc88e6__clean__seg0001__snr10,0.0
25,24,a4b9d8cfa81b71379780,a4b9d8cfa81b71379780__51bc88e6__clean__seg0001__snr5,0.0
25,24,a4b9d8cfa81b71379780,a4b9d8cfa81b71379780__51bc88e6__clean__seg0001__snr0,0.0
25,24,a4b9d8cfa81b71379780,a4b9d8cfa81b71379780__51bc88e6__clean__seg0002__snr20,0.0
25,24,a4b9d8cfa81b71379780,a4b9d8cfa81b71379780__51bc88e6__clean__seg0002__snr10,0.0
25,24,a4b9d8cfa81b71379780,a4b9d8cfa81b71379780__51bc88e6__clean__seg0002__snr5,0.0
25,24,a4b9d8cfa81b71379780,a4b9d8cfa81b71379780__51bc88e6__clean__seg0002__snr0,0.0
25,24,a4b9d8cfa81b71379780,a4b9d8cfa81b71379780__51bc88e6__clean__seg0003__snr20,0.0
25,24,a4b9d8cfa81b71379780,a4b9d8cfa81b71379780__51bc88e6__clean__seg0003__snr10,0.0
25,24,a4b9d8cfa81b71379780,a4b9d8cfa81b71379780__51bc88e6__clean__seg0003__snr5,0.0
25,24,a4b9d8cfa81b71379780,a4b9d8cfa81b71379780__51bc88e6__clean__seg0003__snr0,0.0
25,24,a4b9d8cfa81b71379780,a4b9d8cfa81b71379780__51bc88e6__clean__seg0004__snr20,0.0
25,24,a4b9d8cfa81b71379780,a4b9d8cfa81b71379780__51bc88e6__clean__seg0004__snr10,0.0
25,24,a4b9d8cfa81b71379780,a4b9d8cfa81b71379780__51bc88e6__clean__seg0004__snr5,0.0
25,24,a4b9d8cfa81b71379780,a4b9d8cfa81b71379780__51bc88e6__clean__seg0004__snr0,0.0
25,24,a9a1895075cc0fceeb54,a9a1895075cc0fceeb54__ac2b7431__clean__seg0000__snr20,0.0
25,24,a9a1895075cc0fceeb54,a9a1895075cc0fceeb54__ac2b7431__clean__seg0000__snr10,0.0
25,24,a9a1895075cc0fceeb54,a9a1895075cc0fceeb54__ac2b7431__clean__seg0000__snr5,0.0
25,24,a9a1895075cc0fceeb54,a9a1895075cc0fceeb54__ac2b7431__clean__seg0000__snr0,0.0
25,24,a9a1895075cc0fceeb54,a9a1895075cc0fceeb54__ac2b7431__clean__seg0001__snr20,0.0
25,24,a9a1895075cc0fceeb54,a9a1895075cc0fceeb54__ac2b7431__clean__seg0001__snr10,0.0
25,24,a9a1895075cc0fceeb54,a9a1895075cc0fceeb54__ac2b7431__clean__seg0001__snr5,0.0
25,24,a9a1895075cc0fceeb54,a9a1895075cc0fceeb54__ac2b7431__clean__seg0001__snr0,0.0
25,24,a9a1895075cc0fceeb54,a9a1895075cc0fceeb54__ac2b7431__clean__seg0002__snr20,0.0
25,24,a9a1895075cc0fceeb54,a9a1895075cc0fceeb54__ac2b7431__clean__seg0002__snr10,0.0
25,24,a9a1895075cc0fceeb54,a9a1895075cc0fceeb54__ac2b7431__clean__seg0002__snr5,0.0
25,24,a9a1895075cc0fceeb54,a9a1895075cc0fceeb54__ac2b7431__clean__seg0002__snr0,0.0
25,24,a9a1895075cc0fceeb54,a9a1895075cc0fceeb54__ac2b7431__clean__seg0003__snr20,0.0
25,24,a9a1895075cc0fceeb54,a9a1895075cc0fceeb54__ac2b7431__clean__seg0003__snr10,0.0
25,24,a9a1895075cc0fceeb54,a9a1895075cc0fceeb54__ac2b7431__clean__seg0003__snr5,0.0
25,24,a9a1895075cc0fceeb54,a9a1895075cc0fceeb54__ac2b7431__clean__seg0003__snr0,0.0
25,24,a9a1895075cc0fceeb54,a9a1895075cc0fceeb54__ac2b7431__clean__seg0004__snr20,0.0
25,24,a9a1895075cc0fceeb54,a9a1895075cc0fceeb54__ac2b7431__clean__seg0004__snr10,0.0
25,24,a9a1895075cc0fceeb54,a9a1895075cc0fceeb54__ac2b7431__clean__seg0004__snr5,0.0
25,24,a9a1895075cc0fceeb54,a9a1895075cc0fceeb54__ac2b7431__clean__seg0004__snr0,0.0
25,24,bddaaf3656ae2aec7197,bddaaf3656ae2aec7197__97020fea__clean__seg0000__snr20,0.0
25,24,bddaaf3656ae2aec7197,bddaaf3656ae2aec7197__97020fea__clean__seg0000__snr10,0.0
25,24,bddaaf3656ae2aec7197,bddaaf3656ae2aec7197__97020fea__clean__seg0000__snr5,0.0
25,24,bddaaf3656ae2aec7197,bddaaf3656ae2aec7197__97020fea__clean__seg0000__snr0,0.0
25,24,bddaaf3656ae2aec7197,bddaaf3656ae2aec7197__97020fea__clean__seg0001__snr20,0.0
25,24,bddaaf3656ae2aec7197,bddaaf3656ae2aec7197__97020fea__clean__seg0001__snr10,0.0
25,24,bddaaf3656ae2aec7197,bddaaf3656ae2aec7197__97020fea__clean__seg0001__snr5,0.0
25,24,bddaaf3656ae2aec7197,bddaaf3656ae2aec7197__97020fea__clean__seg0001__snr0,0.0
25,24,bddaaf3656ae2aec7197,bddaaf3656ae2aec7197__97020fea__clean__seg0002__snr20,0.0
25,24,bddaaf3656ae2aec7197,bddaaf3656ae2aec7197__97020fea__clean__seg0002__snr10,0.0
25,24,bddaaf3656ae2aec7197,bddaaf3656ae2aec7197__97020fea__clean__seg0002__snr5,0.0
25,24,bddaaf3656ae2aec7197,bddaaf3656ae2aec7197__97020fea__clean__seg0002__snr0,0.0
25,24,bddaaf3656ae2aec7197,bddaaf3656ae2aec7197__97020fea__clean__seg0003__snr20,0.0
25,24,bddaaf3656ae2aec7197,bddaaf3656ae2aec7197__97020fea__clean__seg0003__snr10,0.0
25,24,bddaaf3656ae2aec7197,bddaaf3656ae2aec7197__97020fea__clean__seg0003__snr5,0.0
25,24,bddaaf3656ae2aec7197,bddaaf3656ae2aec7197__97020fea__clean__seg0003__snr0,0.0
25,24,bddaaf3656ae2aec7197,bddaaf3656ae2aec7197__97020fea__clean__seg0004__snr20,0.0
25,24,bddaaf3656ae2aec7197,bddaaf3656ae2aec7197__97020fea__clean__seg0004__snr10,0.0
25,24,bddaaf3656ae2aec7197,bddaaf3656ae2aec7197__97020fea__clean__seg0004__snr5,0.0
25,24,bddaaf3656ae2aec7197,bddaaf3656ae2aec7197__97020fea__clean__seg0004__snr0,0.0
25,24,92cdd45513f9c27c3e26,92cdd45513f9c27c3e26__3e006b1e__clean__seg0000__snr20,0.0
25,24,92cdd45513f9c27c3e26,92cdd45513f9c27c3e26__3e006b1e__clean__seg0000__snr10,0.0
25,24,92cdd45513f9c27c3e26,92cdd45513f9c27c3e26__3e006b1e__clean__seg0000__snr5,0.0
25,24,92cdd45513f9c27c3e26,92cdd45513f9c27c3e26__3e006b1e__clean__seg0000__snr0,0.0
25,24,92cdd45513f9c27c3e26,92cdd45513f9c27c3e26__3e006b1e__clean__seg0001__snr20,0.0
25,24,92cdd45513f9c27c3e26,92cdd45513f9c27c3e26__3e006b1e__clean__seg0001__snr10,0.0
25,24,92cdd45513f9c27c3e26,92cdd45513f9c27c3e26__3e006b1e__clean__seg0001__snr5,0.0
25,24,92cdd45513f9c27c3e26,92cdd45513f9c27c3e26__3e006b1e__clean__seg0001__snr0,0.0
25,24,92cdd45513f9c27c3e26,92cdd45513f9c27c3e26__3e006b1e__clean__seg0002__snr20,0.0
25,24,92cdd45513f9c27c3e26,92cdd45513f9c27c3e26__3e006b1e__clean__seg0002__snr10,0.0
25,24,92cdd45513f9c27c3e26,92cdd45513f9c27c3e26__3e006b1e__clean__seg0002__snr5,0.0
25,24,92cdd45513f9c27c3e26,92cdd45513f9c27c3e26__3e006b1e__clean__seg0002__snr0,0.0
25,24,92cdd45513f9c27c3e26,92cdd45513f9c27c3e26__3e006b1e__clean__seg0003__snr20,0.0
25,24,92cdd45513f9c27c3e26,92cdd45513f9c27c3e26__3e006b1e__clean__seg0003__snr10,0.0
25,24,92cdd45513f9c27c3e26,92cdd45513f9c27c3e26__3e006b1e__clean__seg0003__snr5,0.0
25,24,92cdd45513f9c27c3e26,92cdd45513f9c27c3e26__3e006b1e__clean__seg0003__snr0,0.0
25,24,92cdd45513f9c27c3e26,92cdd45513f9c27c3e26__3e006b1e__clean__seg0004__snr20,0.0
25,24,92cdd45513f9c27c3e26,92cdd45513f9c27c3e26__3e006b1e__clean__seg0004__snr10,0.0
25,24,92cdd45513f9c27c3e26,92cdd45513f9c27c3e26__3e006b1e__clean__seg0004__snr5,0.0
25,24,92cdd45513f9c27c3e26,92cdd45513f9c27c3e26__3e006b1e__clean__seg0004__snr0,0.0
25,24,25a125898ca1bfe351d7,25a125898ca1bfe351d7__1e388dc4__clean__seg0000__snr20,0.0
25,24,25a125898ca1bfe351d7,25a125898ca1bfe351d7__1e388dc4__clean__seg0000__snr10,0.0
25,24,25a125898ca1bfe351d7,25a125898ca1bfe351d7__1e388dc4__clean__seg0000__snr5,0.0
25,24,25a125898ca1bfe351d7,25a125898ca1bfe351d7__1e388dc4__clean__seg0000__snr0,0.0
25,24,25a125898ca1bfe351d7,25a125898ca1bfe351d7__1e388dc4__clean__seg0001__snr20,0.0
25,24,25a125898ca1bfe351d7,25a125898ca1bfe351d7__1e388dc4__clean__seg0001__snr10,0.0
25,24,25a125898ca1bfe351d7,25a125898ca1bfe351d7__1e388dc4__clean__seg0001__snr5,0.0
25,24,25a125898ca1bfe351d7,25a125898ca1bfe351d7__1e388dc4__clean__seg0001__snr0,0.0
25,24,25a125898ca1bfe351d7,25a125898ca1bfe351d7__1e388dc4__clean__seg0002__snr20,0.0
25,24,25a125898ca1bfe351d7,25a125898ca1bfe351d7__1e388dc4__clean__seg0002__snr10,0.0
25,24,25a125898ca1bfe351d7,25a125898ca1bfe351d7__1e388dc4__clean__seg0002__snr5,0.0
25,24,25a125898ca1bfe351d7,25a125898ca1bfe351d7__1e388dc4__clean__seg0002__snr0,0.0
25,24,25a125898ca1bfe351d7,25a125898ca1bfe351d7__1e388dc4__clean__seg0003__snr20,0.0
25,24,25a125898ca1bfe351d7,25a125898ca1bfe351d7__1e388dc4__clean__seg0003__snr10,0.0
25,24,25a125898ca1bfe351d7,25a125898ca1bfe351d7__1e388dc4__clean__seg0003__snr5,0.0
25,24,25a125898ca1bfe351d7,25a125898ca1bfe351d7__1e388dc4__clean__seg0003__snr0,0.0
25,24,25a125898ca1bfe351d7,25a125898ca1bfe351d7__1e388dc4__clean__seg0004__snr20,0.0
25,24,25a125898ca1bfe351d7,25a125898ca1bfe351d7__1e388dc4__clean__seg0004__snr10,0.0
25,24,25a125898ca1bfe351d7,25a125898ca1bfe351d7__1e388dc4__clean__seg0004__snr5,0.0
25,24,25a125898ca1bfe351d7,25a125898ca1bfe351d7__1e388dc4__clean__seg0004__snr0,0.0
25,24,d3609b1094e0729f14a9,d3609b1094e0729f14a9__4b6701cb__clean__seg0000__snr20,0.0
25,24,d3609b1094e0729f14a9,d3609b1094e0729f14a9__4b6701cb__clean__seg0000__snr10,0.0
25,24,d3609b1094e0729f14a9,d3609b1094e0729f14a9__4b6701cb__clean__seg0000__snr5,0.0
25,24,d3609b1094e0729f14a9,d3609b1094e0729f14a9__4b6701cb__clean__seg0000__snr0,0.0
25,24,d3609b1094e0729f14a9,d3609b1094e0729f14a9__4b6701cb__clean__seg0001__snr20,0.0
25,24,d3609b1094e0729f14a9,d3609b1094e0729f14a9__4b6701cb__clean__seg0001__snr10,0.0
25,24,d3609b1094e0729f14a9,d3609b1094e0729f14a9__4b6701cb__clean__seg0001__snr5,0.0
25,24,d3609b1094e0729f14a9,d3609b1094e0729f14a9__4b6701cb__clean__seg0001__snr0,0.0
25,24,d3609b1094e0729f14a9,d3609b1094e0729f14a9__4b6701cb__clean__seg0002__snr20,0.0
25,24,d3609b1094e0729f14a9,d3609b1094e0729f14a9__4b6701cb__clean__seg0002__snr10,0.0
25,24,d3609b1094e0729f14a9,d3609b1094e0729f14a9__4b6701cb__clean__seg0002__snr5,0.0
25,24,d3609b1094e0729f14a9,d3609b1094e0729f14a9__4b6701cb__clean__seg0002__snr0,0.0
25,24,d3609b1094e0729f14a9,d3609b1094e0729f14a9__4b6701cb__clean__seg0003__snr20,0.0
25,24,d3609b1094e0729f14a9,d3609b1094e0729f14a9__4b6701cb__clean__seg0003__snr10,0.0
25,24,d3609b1094e0729f14a9,d3609b1094e0729f14a9__4b6701cb__clean__seg0003__snr5,0.0
25,24,d3609b1094e0729f14a9,d3609b1094e0729f14a9__4b6701cb__clean__seg0003__snr0,0.0
25,24,d3609b1094e0729f14a9,d3609b1094e0729f14a9__4b6701cb__clean__seg0004__snr20,0.0
25,24,d3609b1094e0729f14a9,d3609b1094e0729f14a9__4b6701cb__clean__seg0004__snr10,0.0
25,24,d3609b1094e0729f14a9,d3609b1094e0729f14a9__4b6701cb__clean__seg0004__snr5,0.0
25,24,d3609b1094e0729f14a9,d3609b1094e0729f14a9__4b6701cb__clean__seg0004__snr0,0.0
25,24,6ff321467b0c6ad6d971,6ff321467b0c6ad6d971__dda91665__clean__seg0000__snr20,0.0
25,24,6ff321467b0c6ad6d971,6ff321467b0c6ad6d971__dda91665__clean__seg0000__snr10,0.0
25,24,6ff321467b0c6ad6d971,6ff321467b0c6ad6d971__dda91665__clean__seg0000__snr5,0.0
25,24,6ff321467b0c6ad6d971,6ff321467b0c6ad6d971__dda91665__clean__seg0000__snr0,0.0
25,24,6ff321467b0c6ad6d971,6ff321467b0c6ad6d971__dda91665__clean__seg0001__snr20,0.0
25,24,6ff321467b0c6ad6d971,6ff321467b0c6ad6d971__dda91665__clean__seg0001__snr10,0.0
25,24,6ff321467b0c6ad6d971,6ff321467b0c6ad6d971__dda91665__clean__seg0001__snr5,0.0
25,24,6ff321467b0c6ad6d971,6ff321467b0c6ad6d971__dda91665__clean__seg0001__snr0,0.0
25,24,6ff321467b0c6ad6d971,6ff321467b0c6ad6d971__dda91665__clean__seg0002__snr20,0.0
25,24,6ff321467b0c6ad6d971,6ff321467b0c6ad6d971__dda91665__clean__seg0002__snr10,0.0
25,24,6ff321467b0c6ad6d971,6ff321467b0c6ad6d971__dda91665__clean__seg0002__snr5,0.0
25,24,6ff321467b0c6ad6d971,6ff321467b0c6ad6d971__dda91665__clean__seg0002__snr0,0.0
25,24,6ff321467b0c6ad6d971,6ff321467b0c6ad6d971__dda91665__clean__seg0003__snr20,0.0
25,24,6ff321467b0c6ad6d971,6ff321467b0c6ad6d971__dda91665__clean__seg0003__snr10,0.0
25,24,6ff321467b0c6ad6d971,6ff321467b0c6ad6d971__dda91665__clean__seg0003__snr5,0.0
25,24,6ff321467b0c6ad6d971,6ff321467b0c6ad6d971__dda91665__clean__seg0003__snr0,0.0
25,24,6ff321467b0c6ad6d971,6ff321467b0c6ad6d971__dda91665__clean__seg0004__snr20,0.0
25,24,6ff321467b0c6ad6d971,6ff321467b0c6ad6d971__dda91665__clean__seg0004__snr10,0.0
25,24,6ff321467b0c6ad6d971,6ff321467b0c6ad6d971__dda91665__clean__seg0004__snr5,0.0
25,24,6ff321467b0c6ad6d971,6ff321467b0c6ad6d971__dda91665__clean__seg0004__snr0,0.0
