file_path,source_dataset,original_class,binary_label,scenario,recording_id,recommended_split,external_test
data/raw/svanstrom/Data/Audio/BACKGROUND_001.wav,svanstrom,background,0.0,,c3cede731328e2a80025,,False
data/raw/svanstrom/Data/Audio/BACKGROUND_002.wav,svanstrom,background,0.0,,119462c5d29efcec11ee,,False
data/raw/svanstrom/Data/Audio/BACKGROUND_003.wav,svanstrom,background,0.0,,77ab04d38fc4c317abf1,,False
data/raw/svanstrom/Data/Audio/BACKGROUND_004.wav,svanstrom,background,0.0,,37fa07b8e6109437482a,,False
data/raw/svanstrom/Data/Audio/BACKGROUND_005.wav,svanstrom,background,0.0,,69ead035bbccc6f9360e,,False
data/raw/svanstrom/Data/Audio/BACKGROUND_006.wav,svanstrom,background,0.0,,de23d2549792e4be862a,,False
data/raw/svanstrom/Data/Audio/BACKGROUND_007.wav,svanstrom,background,0.0,,903f161cbd3ff8ce8b78,,False
data/raw/svanstrom/Data/Audio/BACKGROUND_008.wav,svanstrom,background,0.0,,768c0108c8dad9641312,,False
data/raw/svanstrom/Data/Audio/BACKGROUND_009.wav,svanstrom,background,0.0,,e76b9ff084cb16439ea3,,False
data/raw/svanstrom/Data/Audio/BACKGROUND_010.wav,svanstrom,background,0.0,,4531e5f8b87111751634,,False
data/raw/svanstrom/Data/Audio/BACKGROUND_011.wav,svanstrom,background,0.0,,623f3803b5d4cf4f1b0f,,False
data/raw/svanstrom/Data/Audio/BACKGROUND_012.wav,svanstrom,background,0.0,,c104302cc03df9b0d75c,,False
data/raw/svanstrom/Data/Audio/BACKGROUND_013.wav,svanstrom,background,0.0,,1bef38d9e4594522fffb,,False
data/raw/svanstrom/Data/Audio/BACKGROUND_014.wav,svanstrom,background,0.0,,dcaa37e49053602968b4,,False
data/raw/svanstrom/Data/Audio/BACKGROUND_015.wav,svanstrom,background,0.0,,4fe01c5d81aca94891dd,,False
data/raw/svanstrom/Data/Audio/BACKGROUND_016.wav,svanstrom,background,0.0,,87ebd4ceb0d01780ae66,,False
data/raw/svanstrom/Data/Audio/BACKGROUND_017.wav,svanstrom,background,0.0,,f04747320bba4ccb8d1b,,False
data/raw/svanstrom/Data/Audio/BACKGROUND_018.wav,svanstrom,background,0.0,,f2b4ee5f02a017e8f4ee,,False
data/raw/svanstrom/Data/Audio/BACKGROUND_019.wav,svanstrom,background,0.0,,a24681e7c6dba17878c7,,False
data/raw/svanstrom/Data/Audio/BACKGROUND_020.wav,svanstrom,background,0.0,,c9af5f531e7bb9bd0539,,False
data/raw/svanstrom/Data/Audio/BACKGROUND_021.wav,svanstrom,background,0.0,,9ef9dda23ae9ee8bc85c,,False
data/raw/svanstrom/Data/Audio/BACKGROUND_022.wav,svanstrom,background,0.0,,22874d71be2a728d4e2d,,False
data/raw/svanstrom/Data/Audio/BACKGROUND_023.wav,svanstrom,background,0.0,,f3f24e15d44bf68e01e9,,False
data/raw/svanstrom/Data/Audio/BACKGROUND_024.wav,svanstrom,background,0.0,,455bc0fdb8fa7f0ea1b5,,False
data/raw/svanstrom/Data/Audio/BACKGROUND_025.wav,svanstrom,background,0.0,,315599fa87fab3eded48,,False
data/raw/svanstrom/Data/Audio/BACKGROUND_026.wav,svanstrom,background,0.0,,3a4679a94148edf64ff5,,False
data/raw/svanstrom/Data/Audio/BACKGROUND_027.wav,svanstrom,background,0.0,,99757fb121c2cbf79961,,False
data/raw/svanstrom/Data/Audio/BACKGROUND_028.wav,svanstrom,background,0.0,,6f3dc4454c6f20e6f62f,,False
data/raw/svanstrom/Data/Audio/BACKGROUND_029.wav,svanstrom,background,0.0,,eb996f33afdcbba7b878,,False
data/raw/svanstrom/Data/Audio/BACKGROUND_030.wav,svanstrom,background,0.0,,bec1befbc48fe1a8af89,,False
data/raw/svanstrom/Data/Audio/DRONE_001.wav,svanstrom,drone,1.0,,01aa3ba6754ff4726c84,,False
data/raw/svanstrom/Data/Audio/DRONE_002.wav,svanstrom,drone,1.0,,70c994c587baa5a41551,,False
data/raw/svanstrom/Data/Audio/DRONE_003.wav,svanstrom,drone,1.0,,d28637a456d48a388788,,False
data/raw/svanstrom/Data/Audio/DRONE_004.wav,svanstrom,drone,1.0,,16eaed2048f1ae4b2806,,False
data/raw/svanstrom/Data/Audio/DRONE_005.wav,svanstrom,drone,1.0,,01a7f88ee71c999c0de0,,False
data/raw/svanstrom/Data/Audio/DRONE_006.wav,svanstrom,drone,1.0,,b9984398737c957bc34f,,False
data/raw/svanstrom/Data/Audio/DRONE_007.wav,svanstrom,drone,1.0,,4a273a22aa498e1aec05,,False
data/raw/svanstrom/Data/Audio/DRONE_008.wav,svanstrom,drone,1.0,,9dcba3f25ec981357f87,,False
data/raw/svanstrom/Data/Audio/DRONE_009.wav,svanstrom,drone,1.0,,a19effb29fc4c84477c1,,False
data/raw/svanstrom/Data/Audio/DRONE_010.wav,svanstrom,drone,1.0,,0f6a7ccbbd15583bec69,,False
data/raw/svanstrom/Data/Audio/DRONE_011.wav,svanstrom,drone,1.0,,bd6d343079570a3f4965,,False
data/raw/svanstrom/Data/Audio/DRONE_012.wav,svanstrom,drone,1.0,,51bdb3c707983550cb8a,,False
data/raw/svanstrom/Data/Audio/DRONE_013.wav,svanstrom,drone,1.0,,d6e8a555466cc7188c65,,False
data/raw/svanstrom/Data/Audio/DRONE_014.wav,svanstrom,drone,1.0,,11dfc1796bba6ee77aa0,,False
data/raw/svanstrom/Data/Audio/DRONE_015.wav,svanstrom,drone,1.0,,1b7b94479c9af0d5c7e1,,False
data/raw/svanstrom/Data/Audio/DRONE_016.wav,svanstrom,drone,1.0,,95f6736df257a01fd8e1,,False
data/raw/svanstrom/Data/Audio/DRONE_017.wav,svanstrom,drone,1.0,,ac9174af234dc953af8e,,False
data/raw/svanstrom/Data/Audio/DRONE_018.wav,svanstrom,drone,1.0,,60b2305f8ea1ec1e33af,,False
data/raw/svanstrom/Data/Audio/DRONE_019.wav,svanstrom,drone,1.0,,69a8f57142620cb342ea,,False
data/raw/svanstrom/Data/Audio/DRONE_020.wav,svanstrom,drone,1.0,,aaddb14da50ab4fc581d,,False
data/raw/svanstrom/Data/Audio/DRONE_021.wav,svanstrom,drone,1.0,,e833ce1814679fcdc78a,,False
data/raw/svanstrom/Data/Audio/DRONE_022.wav,svanstrom,drone,1.0,,37bca436d24e9956341c,,False
data/raw/svanstrom/Data/Audio/DRONE_023.wav,svanstrom,drone,1.0,,44a955ea3f047ba395ee,,False
data/raw/svanstrom/Data/Audio/DRONE_024.wav,svanstrom,drone,1.0,,9218130a64d6a546f494,,False
data/raw/svanstrom/Data/Audio/DRONE_025.wav,svanstrom,drone,1.0,,2eaee8b72ce7f20c6a36,,False
data/raw/svanstrom/Data/Audio/DRONE_026.wav,svanstrom,drone,1.0,,5b778003dd76fcaedc50,,False
data/raw/svanstrom/Data/Audio/DRONE_027.wav,svanstrom,drone,1.0,,a240155bbcdd9abb994c,,False
data/raw/svanstrom/Data/Audio/DRONE_028.wav,svanstrom,drone,1.0,,ecc4fe1370042ea490e0,,False
data/raw/svanstrom/Data/Audio/DRONE_029.wav,svanstrom,drone,1.0,,4b51cceb611465f1886e,,False
data/raw/svanstrom/Data/Audio/DRONE_030.wav,svanstrom,drone,1.0,,de63da796aabec8cce0e,,False
data/raw/svanstrom/Data/Audio/HELICOPTER_001.wav,svanstrom,helicopter,0.0,battlefield/noisy-field;airspace,23e4f8f73326c31d97e7,,False
data/raw/svanstrom/Data/Audio/HELICOPTER_002.wav,svanstrom,helicopter,0.0,battlefield/noisy-field;airspace,02d585b63f782a3efd86,,False
data/raw/svanstrom/Data/Audio/HELICOPTER_003.wav,svanstrom,helicopter,0.0,battlefield/noisy-field;airspace,0acc71db0bc99d574ff5,,False
data/raw/svanstrom/Data/Audio/HELICOPTER_004.wav,svanstrom,helicopter,0.0,battlefield/noisy-field;airspace,33a9557ba88fc751535b,,False
data/raw/svanstrom/Data/Audio/HELICOPTER_005.wav,svanstrom,helicopter,0.0,battlefield/noisy-field;airspace,ef81c59f3479944b4646,,False
data/raw/svanstrom/Data/Audio/HELICOPTER_006.wav,svanstrom,helicopter,0.0,battlefield/noisy-field;airspace,d3c18a93788e4689bbf4,,False
data/raw/svanstrom/Data/Audio/HELICOPTER_007.wav,svanstrom,helicopter,0.0,battlefield/noisy-field;airspace,1279c244ccdd9a91a214,,False
data/raw/svanstrom/Data/Audio/HELICOPTER_008.wav,svanstrom,helicopter,0.0,battlefield/noisy-field;airspace,9fdf972bde7ee06bdfb1,,False
data/raw/svanstrom/Data/Audio/HELICOPTER_009.wav,svanstrom,helicopter,0.0,battlefield/noisy-field;airspace,71834d183ffc335fff0f,,False
data/raw/svanstrom/Data/Audio/HELICOPTER_010.wav,svanstrom,helicopter,0.0,battlefield/noisy-field;airspace,fb889de96c8efc52e990,,False
data/raw/svanstrom/Data/Audio/HELICOPTER_011.wav,svanstrom,helicopter,0.0,battlefield/noisy-field;airspace,f1314a2b484f99eeabdf,,False
data/raw/svanstrom/Data/Audio/HELICOPTER_012.wav,svanstrom,helicopter,0.0,battlefield/noisy-field;airspace,2e47eb3ecc4684f27ec9,,False
data/raw/svanstrom/Data/Audio/HELICOPTER_013.wav,svanstrom,helicopter,0.0,battlefield/noisy-field;airspace,7a83a22cc71f1e7ee91b,,False
data/raw/svanstrom/Data/Audio/HELICOPTER_014.wav,svanstrom,helicopter,0.0,battlefield/noisy-field;airspace,2ba12e0cbaa800b46575,,False
data/raw/svanstrom/Data/Audio/HELICOPTER_015.wav,svanstrom,helicopter,0.0,battlefield/noisy-field;airspace,46ce4f44882e899eb7e0,,False
data/raw/svanstrom/Data/Audio/HELICOPTER_016.wav,svanstrom,helicopter,0.0,battlefield/noisy-field;airspace,eee9f8c4488e48c166a6,,False
data/raw/svanstrom/Data/Audio/HELICOPTER_017.wav,svanstrom,helicopter,0.0,battlefield/noisy-field;airspace,8b43d7c75ef4959f5d89,,False
data/raw/svanstrom/Data/Audio/HELICOPTER_018.wav,svanstrom,helicopter,0.0,battlefield/noisy-field;airspace,591f94e14ee031cb57c9,,False
data/raw/svanstrom/Data/Audio/HELICOPTER_019.wav,svanstrom,helicopter,0.0,battlefield/noisy-field;airspace,3ff4e9f26a4fcc6b04c3,,False
data/raw/svanstrom/Data/Audio/HELICOPTER_020.wav,svanstrom,helicopter,0.0,battlefield/noisy-field;airspace,bbe46918b16bcef95286,,False
data/raw/svanstrom/Data/Audio/HELICOPTER_021.wav,svanstrom,helicopter,0.0,battlefield/noisy-field;airspace,a304889a6b7138b763e5,,False
data/raw/svanstrom/Data/Audio/HELICOPTER_022.wav,svanstrom,helicopter,0.0,battlefield/noisy-field;airspace,c9508f1628989d69991b,,False
data/raw/svanstrom/Data/Audio/HELICOPTER_023.wav,svanstrom,helicopter,0.0,battlefield/noisy-field;airspace,aa77f9697fbf5ab6b942,,False
data/raw/svanstrom/Data/Audio/HELICOPTER_024.wav,svanstrom,helicopter,0.0,battlefield/noisy-field;airspace,3e8cf51cf8ab00000c85,,False
data/raw/svanstrom/Data/Audio/HELICOPTER_025.wav,svanstrom,helicopter,0.0,battlefield/noisy-field;airspace,cf3fa18debbd5c37d7dd,,False
data/raw/svanstrom/Data/Audio/HELICOPTER_026.wav,svanstrom,helicopter,0.0,battlefield/noisy-field;airspace,caddda0c60559f3f7795,,False
data/raw/svanstrom/Data/Audio/HELICOPTER_027.wav,svanstrom,helicopter,0.0,battlefield/noisy-field;airspace,d849c7779eacf882fc71,,False
data/raw/svanstrom/Data/Audio/HELICOPTER_028.wav,svanstrom,helicopter,0.0,battlefield/noisy-field;airspace,d6e10d4d1f5389d0ab4c,,False
data/raw/svanstrom/Data/Audio/HELICOPTER_029.wav,svanstrom,helicopter,0.0,battlefield/noisy-field;airspace,3df3badb703578d98d77,,False
data/raw/svanstrom/Data/Audio/HELICOPTER_030.wav,svanstrom,helicopter,0.0,battlefield/noisy-field;airspace,8fd7b5bdcfbccefdafea,,False
data/raw/ddl/audio/drone/drone_0001.wav,ddl,drone,1.0,,30270cff49ec531cdd76,val,False
data/raw/ddl/audio/drone/drone_0002.wav,ddl,drone,1.0,,30270cff49ec531cdd76,val,False
data/raw/ddl/audio/drone/drone_0003.wav,ddl,drone,1.0,,30270cff49ec531cdd76,val,False
data/raw/ddl/audio/drone/drone_0004.wav,ddl,drone,1.0,,30270cff49ec531cdd76,val,False
data/raw/ddl/audio/drone/drone_0005.wav,ddl,drone,1.0,,30270cff49ec531cdd76,val,False
data/raw/ddl/audio/drone/drone_0006.wav,ddl,drone,1.0,,30270cff49ec531cdd76,val,False
data/raw/ddl/audio/drone/drone_0007.wav,ddl,drone,1.0,,30270cff49ec531cdd76,val,False
data/raw/ddl/audio/drone/drone_0008.wav,ddl,drone,1.0,,30270cff49ec531cdd76,val,False
data/raw/ddl/audio/drone/drone_0009.wav,ddl,drone,1.0,,30270cff49ec531cdd76,val,False
data/raw/ddl/audio/drone/drone_0010.wav,ddl,drone,1.0,,30270cff49ec531cdd76,val,False
data/raw/ddl/audio/drone/drone_0011.wav,ddl,drone,1.0,,30270cff49ec531cdd76,val,False
data/raw/ddl/audio/drone/drone_0012.wav,ddl,drone,1.0,,30270cff49ec531cdd76,val,False
data/raw/ddl/audio/drone/drone_0013.wav,ddl,drone,1.0,,30270cff49ec531cdd76,val,False
data/raw/ddl/audio/drone/drone_0014.wav,ddl,drone,1.0,,30270cff49ec531cdd76,val,False
data/raw/ddl/audio/drone/drone_0015.wav,ddl,drone,1.0,,30270cff49ec531cdd76,val,False
data/raw/ddl/audio/drone/drone_0016.wav,ddl,drone,1.0,,30270cff49ec531cdd76,val,False
data/raw/ddl/audio/drone/drone_0017.wav,ddl,drone,1.0,,30270cff49ec531cdd76,val,False
data/raw/ddl/audio/drone/drone_0018.wav,ddl,drone,1.0,,30270cff49ec531cdd76,val,False
data/raw/ddl/audio/drone/drone_0019.wav,ddl,drone,1.0,,30270cff49ec531cdd76,val,False
data/raw/ddl/audio/drone/drone_0020.wav,ddl,drone,1.0,,30270cff49ec531cdd76,val,False
data/raw/ddl/audio/drone/drone_0021.wav,ddl,drone,1.0,,30270cff49ec531cdd76,val,False
data/raw/ddl/audio/drone/drone_0022.wav,ddl,drone,1.0,,30270cff49ec531cdd76,val,False
data/raw/ddl/audio/drone/drone_0023.wav,ddl,drone,1.0,,30270cff49ec531cdd76,val,False
data/raw/ddl/audio/drone/drone_0024.wav,ddl,drone,1.0,,30270cff49ec531cdd76,val,False
data/raw/ddl/audio/drone/drone_0025.wav,ddl,drone,1.0,,30270cff49ec531cdd76,val,False
data/raw/ddl/audio/drone/drone_0026.wav,ddl,drone,1.0,,30270cff49ec531cdd76,val,False
data/raw/ddl/audio/drone/drone_0027.wav,ddl,drone,1.0,,30270cff49ec531cdd76,val,False
data/raw/ddl/audio/drone/drone_0028.wav,ddl,drone,1.0,,30270cff49ec531cdd76,val,False
data/raw/ddl/audio/drone/drone_0029.wav,ddl,drone,1.0,,30270cff49ec531cdd76,val,False
data/raw/ddl/audio/drone/drone_0030.wav,ddl,drone,1.0,,30270cff49ec531cdd76,val,False
data/raw/ddl/audio/drone/drone_0031.wav,ddl,drone,1.0,,30270cff49ec531cdd76,val,False
data/raw/ddl/audio/drone/drone_0032.wav,ddl,drone,1.0,,30270cff49ec531cdd76,val,False
data/raw/ddl/audio/drone/drone_0033.wav,ddl,drone,1.0,,30270cff49ec531cdd76,val,False
data/raw/ddl/audio/drone/drone_0034.wav,ddl,drone,1.0,,30270cff49ec531cdd76,val,False
data/raw/ddl/audio/drone/drone_0035.wav,ddl,drone,1.0,,30270cff49ec531cdd76,val,False
data/raw/ddl/audio/drone/drone_0036.wav,ddl,drone,1.0,,30270cff49ec531cdd76,val,False
data/raw/ddl/audio/drone/drone_0037.wav,ddl,drone,1.0,,30270cff49ec531cdd76,val,False
data/raw/ddl/audio/drone/drone_0038.wav,ddl,drone,1.0,,30270cff49ec531cdd76,val,False
data/raw/ddl/audio/drone/drone_0039.wav,ddl,drone,1.0,,30270cff49ec531cdd76,val,False
data/raw/ddl/audio/drone/drone_0040.wav,ddl,drone,1.0,,30270cff49ec531cdd76,val,False
data/raw/ddl/audio/drone/drone_0041.wav,ddl,drone,1.0,,30270cff49ec531cdd76,val,False
data/raw/ddl/audio/drone/drone_0042.wav,ddl,drone,1.0,,30270cff49ec531cdd76,val,False
data/raw/ddl/audio/drone/drone_0043.wav,ddl,drone,1.0,,30270cff49ec531cdd76,val,False
data/raw/ddl/audio/drone/drone_0044.wav,ddl,drone,1.0,,30270cff49ec531cdd76,val,False
data/raw/ddl/audio/drone/drone_0045.wav,ddl,drone,1.0,,30270cff49ec531cdd76,val,False
data/raw/ddl/audio/drone/drone_0046.wav,ddl,drone,1.0,,30270cff49ec531cdd76,val,False
data/raw/ddl/audio/drone/drone_0047.wav,ddl,drone,1.0,,30270cff49ec531cdd76,val,False
data/raw/ddl/audio/drone/drone_0048.wav,ddl,drone,1.0,,30270cff49ec531cdd76,val,False
data/raw/ddl/audio/drone/drone_0049.wav,ddl,drone,1.0,,30270cff49ec531cdd76,val,False
data/raw/ddl/audio/drone/drone_0050.wav,ddl,drone,1.0,,30270cff49ec531cdd76,val,False
data/raw/ddl/audio/drone/drone_0051.wav,ddl,drone,1.0,,30270cff49ec531cdd76,val,False
data/raw/ddl/audio/drone/drone_0052.wav,ddl,drone,1.0,,30270cff49ec531cdd76,val,False
data/raw/ddl/audio/drone/drone_0053.wav,ddl,drone,1.0,,30270cff49ec531cdd76,val,False
data/raw/ddl/audio/drone/drone_0054.wav,ddl,drone,1.0,,30270cff49ec531cdd76,val,False
data/raw/ddl/audio/drone/drone_0055.wav,ddl,drone,1.0,,30270cff49ec531cdd76,val,False
data/raw/ddl/audio/drone/drone_0056.wav,ddl,drone,1.0,,30270cff49ec531cdd76,val,False
data/raw/ddl/audio/drone/drone_0057.wav,ddl,drone,1.0,,30270cff49ec531cdd76,val,False
data/raw/ddl/audio/drone/drone_0058.wav,ddl,drone,1.0,,30270cff49ec531cdd76,val,False
data/raw/ddl/audio/drone/drone_0059.wav,ddl,drone,1.0,,30270cff49ec531cdd76,val,False
data/raw/ddl/audio/drone/drone_0060.wav,ddl,drone,1.0,,30270cff49ec531cdd76,val,False
data/raw/ddl/audio/drone/drone_0061.wav,ddl,drone,1.0,,30270cff49ec531cdd76,val,False
data/raw/ddl/audio/drone/drone_0062.wav,ddl,drone,1.0,,30270cff49ec531cdd76,val,False
data/raw/ddl/audio/drone/drone_0063.wav,ddl,drone,1.0,,30270cff49ec531cdd76,val,False
data/raw/ddl/audio/drone/drone_0064.wav,ddl,drone,1.0,,30270cff49ec531cdd76,val,False
data/raw/ddl/audio/drone/drone_0065.wav,ddl,drone,1.0,,30270cff49ec531cdd76,val,False
data/raw/ddl/audio/drone/drone_0066.wav,ddl,drone,1.0,,30270cff49ec531cdd76,val,False
data/raw/ddl/audio/drone/drone_0067.wav,ddl,drone,1.0,,30270cff49ec531cdd76,val,False
data/raw/ddl/audio/drone/drone_0068.wav,ddl,drone,1.0,,30270cff49ec531cdd76,val,False
data/raw/ddl/audio/drone/drone_0069.wav,ddl,drone,1.0,,30270cff49ec531cdd76,val,False
data/raw/ddl/audio/drone/drone_0070.wav,ddl,drone,1.0,,30270cff49ec531cdd76,val,False
data/raw/ddl/audio/drone/drone_0071.wav,ddl,drone,1.0,,30270cff49ec531cdd76,val,False
data/raw/ddl/audio/drone/drone_0072.wav,ddl,drone,1.0,,30270cff49ec531cdd76,val,False
data/raw/ddl/audio/drone/drone_0073.wav,ddl,drone,1.0,,30270cff49ec531cdd76,val,False
data/raw/ddl/audio/drone/drone_0074.wav,ddl,drone,1.0,,30270cff49ec531cdd76,val,False
data/raw/ddl/audio/drone/drone_0075.wav,ddl,drone,1.0,,30270cff49ec531cdd76,val,False
data/raw/ddl/audio/drone/drone_0076.wav,ddl,drone,1.0,,30270cff49ec531cdd76,val,False
data/raw/ddl/audio/drone/drone_0077.wav,ddl,drone,1.0,,30270cff49ec531cdd76,val,False
data/raw/ddl/audio/drone/drone_0078.wav,ddl,drone,1.0,,803dcaa5ce366ffe779c,test,False
data/raw/ddl/audio/drone/drone_0079.wav,ddl,drone,1.0,,803dcaa5ce366ffe779c,test,False
data/raw/ddl/audio/drone/drone_0080.wav,ddl,drone,1.0,,803dcaa5ce366ffe779c,test,False
data/raw/ddl/audio/drone/drone_0081.wav,ddl,drone,1.0,,803dcaa5ce366ffe779c,test,False
data/raw/ddl/audio/drone/drone_0082.wav,ddl,drone,1.0,,803dcaa5ce366ffe779c,test,False
data/raw/ddl/audio/drone/drone_0083.wav,ddl,drone,1.0,,803dcaa5ce366ffe779c,test,False
data/raw/ddl/audio/drone/drone_0084.wav,ddl,drone,1.0,,803dcaa5ce366ffe779c,test,False
data/raw/ddl/audio/drone/drone_0085.wav,ddl,drone,1.0,,803dcaa5ce366ffe779c,test,False
data/raw/ddl/audio/drone/drone_0086.wav,ddl,drone,1.0,,803dcaa5ce366ffe779c,test,False
data/raw/ddl/audio/drone/drone_0087.wav,ddl,drone,1.0,,803dcaa5ce366ffe779c,test,False
data/raw/ddl/audio/drone/drone_0088.wav,ddl,drone,1.0,,803dcaa5ce366ffe779c,test,False
data/raw/ddl/audio/drone/drone_0089.wav,ddl,drone,1.0,,803dcaa5ce366ffe779c,test,False
data/raw/ddl/audio/drone/drone_0090.wav,ddl,drone,1.0,,803dcaa5ce366ffe779c,test,False
data/raw/ddl/audio/drone/drone_0091.wav,ddl,drone,1.0,,803dcaa5ce366ffe779c,test,False
data/raw/ddl/audio/drone/drone_0092.wav,ddl,drone,1.0,,803dcaa5ce366ffe779c,test,False
data/raw/ddl/audio/drone/drone_0093.wav,ddl,drone,1.0,,803dcaa5ce366ffe779c,test,False
data/raw/ddl/audio/drone/drone_0094.wav,ddl,drone,1.0,,803dcaa5ce366ffe779c,test,False
data/raw/ddl/audio/drone/drone_0095.wav,ddl,drone,1.0,,803dcaa5ce366ffe779c,test,False
data/raw/ddl/audio/drone/drone_0096.wav,ddl,drone,1.0,,803dcaa5ce366ffe779c,test,False
data/raw/ddl/audio/drone/drone_0097.wav,ddl,drone,1.0,,803dcaa5ce366ffe779c,test,False
data/raw/ddl/audio/drone/drone_0098.wav,ddl,drone,1.0,,803dcaa5ce366ffe779c,test,False
data/raw/ddl/audio/drone/drone_0099.wav,ddl,drone,1.0,,803dcaa5ce366ffe779c,test,False
data/raw/ddl/audio/drone/drone_0100.wav,ddl,drone,1.0,,803dcaa5ce366ffe779c,test,False
data/raw/ddl/audio/drone/drone_0101.wav,ddl,drone,1.0,,803dcaa5ce366ffe779c,test,False
data/raw/ddl/audio/drone/drone_0102.wav,ddl,drone,1.0,,803dcaa5ce366ffe779c,test,False
data/raw/ddl/audio/drone/drone_0103.wav,ddl,drone,1.0,,803dcaa5ce366ffe779c,test,False
data/raw/ddl/audio/drone/drone_0104.wav,ddl,drone,1.0,,803dcaa5ce366ffe779c,test,False
data/raw/ddl/audio/drone/drone_0105.wav,ddl,drone,1.0,,803dcaa5ce366ffe779c,test,False
data/raw/ddl/audio/drone/drone_0106.wav,ddl,drone,1.0,,803dcaa5ce366ffe779c,test,False
data/raw/ddl/audio/drone/drone_0107.wav,ddl,drone,1.0,,803dcaa5ce366ffe779c,test,False
data/raw/ddl/audio/drone/drone_0108.wav,ddl,drone,1.0,,803dcaa5ce366ffe779c,test,False
data/raw/ddl/audio/drone/drone_0109.wav,ddl,drone,1.0,,803dcaa5ce366ffe779c,test,False
data/raw/ddl/audio/drone/drone_0110.wav,ddl,drone,1.0,,803dcaa5ce366ffe779c,test,False
data/raw/ddl/audio/drone/drone_0111.wav,ddl,drone,1.0,,803dcaa5ce366ffe779c,test,False
data/raw/ddl/audio/drone/drone_0112.wav,ddl,drone,1.0,,803dcaa5ce366ffe779c,test,False
data/raw/ddl/audio/drone/drone_0113.wav,ddl,drone,1.0,,803dcaa5ce366ffe779c,test,False
data/raw/ddl/audio/drone/drone_0114.wav,ddl,drone,1.0,,803dcaa5ce366ffe779c,test,False
data/raw/ddl/audio/drone/drone_0115.wav,ddl,drone,1.0,,803dcaa5ce366ffe779c,test,False
data/raw/ddl/audio/drone/drone_0116.wav,ddl,drone,1.0,,803dcaa5ce366ffe779c,test,False
data/raw/ddl/audio/drone/drone_0117.wav,ddl,drone,1.0,,803dcaa5ce366ffe779c,test,False
data/raw/ddl/audio/drone/drone_0118.wav,ddl,drone,1.0,,803dcaa5ce366ffe779c,test,False
data/raw/ddl/audio/drone/drone_0119.wav,ddl,drone,1.0,,803dcaa5ce366ffe779c,test,False
data/raw/ddl/audio/drone/drone_0120.wav,ddl,drone,1.0,,803dcaa5ce366ffe779c,test,False
data/raw/ddl/audio/drone/drone_0121.wav,ddl,drone,1.0,,803dcaa5ce366ffe779c,test,False
data/raw/ddl/audio/drone/drone_0122.wav,ddl,drone,1.0,,803dcaa5ce366ffe779c,test,False
data/raw/ddl/audio/drone/drone_0123.wav,ddl,drone,1.0,,803dcaa5ce366ffe779c,test,False
data/raw/ddl/audio/drone/drone_0124.wav,ddl,drone,1.0,,803dcaa5ce366ffe779c,test,False
data/raw/ddl/audio/drone/drone_0125.wav,ddl,drone,1.0,,803dcaa5ce366ffe779c,test,False
data/raw/ddl/audio/drone/drone_0126.wav,ddl,drone,1.0,,803dcaa5ce366ffe779c,test,False
data/raw/ddl/audio/drone/drone_0127.wav,ddl,drone,1.0,,803dcaa5ce366ffe779c,test,False
data/raw/ddl/audio/drone/drone_0128.wav,ddl,drone,1.0,,803dcaa5ce366ffe779c,test,False
data/raw/ddl/audio/drone/drone_0129.wav,ddl,drone,1.0,,803dcaa5ce366ffe779c,test,False
data/raw/ddl/audio/drone/drone_0130.wav,ddl,drone,1.0,,803dcaa5ce366ffe779c,test,False
data/raw/ddl/audio/drone/drone_0131.wav,ddl,drone,1.0,,803dcaa5ce366ffe779c,test,False
data/raw/ddl/audio/drone/drone_0132.wav,ddl,drone,1.0,,803dcaa5ce366ffe779c,test,False
data/raw/ddl/audio/drone/drone_0133.wav,ddl,drone,1.0,,803dcaa5ce366ffe779c,test,False
data/raw/ddl/audio/drone/drone_0134.wav,ddl,drone,1.0,,803dcaa5ce366ffe779c,test,False
data/raw/ddl/audio/drone/drone_0135.wav,ddl,drone,1.0,,803dcaa5ce366ffe779c,test,False
data/raw/ddl/audio/drone/drone_0136.wav,ddl,drone,1.0,,803dcaa5ce366ffe779c,test,False
data/raw/ddl/audio/drone/drone_0137.wav,ddl,drone,1.0,,803dcaa5ce366ffe779c,test,False
data/raw/ddl/audio/drone/drone_0138.wav,ddl,drone,1.0,,803dcaa5ce366ffe779c,test,False
data/raw/ddl/audio/drone/drone_0139.wav,ddl,drone,1.0,,803dcaa5ce366ffe779c,test,False
data/raw/ddl/audio/drone/drone_0140.wav,ddl,drone,1.0,,803dcaa5ce366ffe779c,test,False
data/raw/ddl/audio/drone/drone_0141.wav,ddl,drone,1.0,,803dcaa5ce366ffe779c,test,False
data/raw/ddl/audio/drone/drone_0142.wav,ddl,drone,1.0,,803dcaa5ce366ffe779c,test,False
data/raw/ddl/audio/drone/drone_0143.wav,ddl,drone,1.0,,803dcaa5ce366ffe779c,test,False
data/raw/ddl/audio/drone/drone_0144.wav,ddl,drone,1.0,,803dcaa5ce366ffe779c,test,False
data/raw/ddl/audio/drone/drone_0145.wav,ddl,drone,1.0,,803dcaa5ce366ffe779c,test,False
data/raw/ddl/audio/drone/drone_0146.wav,ddl,drone,1.0,,803dcaa5ce366ffe779c,test,False
data/raw/ddl/audio/drone/drone_0147.wav,ddl,drone,1.0,,584482f232f075ddd9c7,test,False
data/raw/ddl/audio/drone/drone_0148.wav,ddl,drone,1.0,,584482f232f075ddd9c7,test,False
data/raw/ddl/audio/drone/drone_0149.wav,ddl,drone,1.0,,584482f232f075ddd9c7,test,False
data/raw/ddl/audio/drone/drone_0150.wav,ddl,drone,1.0,,584482f232f075ddd9c7,test,False
data/raw/ddl/audio/drone/drone_0151.wav,ddl,drone,1.0,,584482f232f075ddd9c7,test,False
data/raw/ddl/audio/drone/drone_0152.wav,ddl,drone,1.0,,584482f232f075ddd9c7,test,False
data/raw/ddl/audio/drone/drone_0153.wav,ddl,drone,1.0,,584482f232f075ddd9c7,test,False
data/raw/ddl/audio/drone/drone_0154.wav,ddl,drone,1.0,,584482f232f075ddd9c7,test,False
data/raw/ddl/audio/drone/drone_0155.wav,ddl,drone,1.0,,584482f232f075ddd9c7,test,False
data/raw/ddl/audio/drone/drone_0156.wav,ddl,drone,1.0,,584482f232f075ddd9c7,test,False
data/raw/ddl/audio/drone/drone_0157.wav,ddl,drone,1.0,,584482f232f075ddd9c7,test,False
data/raw/ddl/audio/drone/drone_0158.wav,ddl,drone,1.0,,584482f232f075ddd9c7,test,False
data/raw/ddl/audio/drone/drone_0159.wav,ddl,drone,1.0,,584482f232f075ddd9c7,test,False
data/raw/ddl/audio/drone/drone_0160.wav,ddl,drone,1.0,,584482f232f075ddd9c7,test,False
data/raw/ddl/audio/drone/drone_0161.wav,ddl,drone,1.0,,584482f232f075ddd9c7,test,False
data/raw/ddl/audio/drone/drone_0162.wav,ddl,drone,1.0,,584482f232f075ddd9c7,test,False
data/raw/ddl/audio/drone/drone_0163.wav,ddl,drone,1.0,,584482f232f075ddd9c7,test,False
data/raw/ddl/audio/drone/drone_0164.wav,ddl,drone,1.0,,584482f232f075ddd9c7,test,False
data/raw/ddl/audio/drone/drone_0165.wav,ddl,drone,1.0,,584482f232f075ddd9c7,test,False
data/raw/ddl/audio/drone/drone_0166.wav,ddl,drone,1.0,,584482f232f075ddd9c7,test,False
data/raw/ddl/audio/drone/drone_0167.wav,ddl,drone,1.0,,584482f232f075ddd9c7,test,False
data/raw/ddl/audio/drone/drone_0168.wav,ddl,drone,1.0,,584482f232f075ddd9c7,test,False
data/raw/ddl/audio/drone/drone_0169.wav,ddl,drone,1.0,,584482f232f075ddd9c7,test,False
data/raw/ddl/audio/drone/drone_0170.wav,ddl,drone,1.0,,584482f232f075ddd9c7,test,False
data/raw/ddl/audio/drone/drone_0171.wav,ddl,drone,1.0,,584482f232f075ddd9c7,test,False
data/raw/ddl/audio/drone/drone_0172.wav,ddl,drone,1.0,,584482f232f075ddd9c7,test,False
data/raw/ddl/audio/drone/drone_0173.wav,ddl,drone,1.0,,584482f232f075ddd9c7,test,False
data/raw/ddl/audio/drone/drone_0174.wav,ddl,drone,1.0,,584482f232f075ddd9c7,test,False
data/raw/ddl/audio/drone/drone_0175.wav,ddl,drone,1.0,,584482f232f075ddd9c7,test,False
data/raw/ddl/audio/drone/drone_0176.wav,ddl,drone,1.0,,584482f232f075ddd9c7,test,False
data/raw/ddl/audio/drone/drone_0177.wav,ddl,drone,1.0,,584482f232f075ddd9c7,test,False
data/raw/ddl/audio/drone/drone_0178.wav,ddl,drone,1.0,,584482f232f075ddd9c7,test,False
data/raw/ddl/audio/drone/drone_0179.wav,ddl,drone,1.0,,584482f232f075ddd9c7,test,False
data/raw/ddl/audio/drone/drone_0180.wav,ddl,drone,1.0,,584482f232f075ddd9c7,test,False
data/raw/ddl/audio/drone/drone_0181.wav,ddl,drone,1.0,,584482f232f075ddd9c7,test,False
data/raw/ddl/audio/drone/drone_0182.wav,ddl,drone,1.0,,584482f232f075ddd9c7,test,False
data/raw/ddl/audio/drone/drone_0183.wav,ddl,drone,1.0,,584482f232f075ddd9c7,test,False
data/raw/ddl/audio/drone/drone_0184.wav,ddl,drone,1.0,,555f5397622fd77f9440,val,False
data/raw/ddl/audio/drone/drone_0185.wav,ddl,drone,1.0,,555f5397622fd77f9440,val,False
data/raw/ddl/audio/drone/drone_0186.wav,ddl,drone,1.0,,555f5397622fd77f9440,val,False
data/raw/ddl/audio/drone/drone_0187.wav,ddl,drone,1.0,,555f5397622fd77f9440,val,False
data/raw/ddl/audio/drone/drone_0188.wav,ddl,drone,1.0,,555f5397622fd77f9440,val,False
data/raw/ddl/audio/drone/drone_0189.wav,ddl,drone,1.0,,555f5397622fd77f9440,val,False
data/raw/ddl/audio/drone/drone_0190.wav,ddl,drone,1.0,,555f5397622fd77f9440,val,False
data/raw/ddl/audio/drone/drone_0191.wav,ddl,drone,1.0,,555f5397622fd77f9440,val,False
data/raw/ddl/audio/drone/drone_0192.wav,ddl,drone,1.0,,555f5397622fd77f9440,val,False
data/raw/ddl/audio/drone/drone_0193.wav,ddl,drone,1.0,,555f5397622fd77f9440,val,False
data/raw/ddl/audio/drone/drone_0194.wav,ddl,drone,1.0,,555f5397622fd77f9440,val,False
data/raw/ddl/audio/drone/drone_0195.wav,ddl,drone,1.0,,555f5397622fd77f9440,val,False
data/raw/ddl/audio/drone/drone_0196.wav,ddl,drone,1.0,,555f5397622fd77f9440,val,False
data/raw/ddl/audio/drone/drone_0197.wav,ddl,drone,1.0,,555f5397622fd77f9440,val,False
data/raw/ddl/audio/drone/drone_0198.wav,ddl,drone,1.0,,555f5397622fd77f9440,val,False
data/raw/ddl/audio/drone/drone_0199.wav,ddl,drone,1.0,,555f5397622fd77f9440,val,False
data/raw/ddl/audio/drone/drone_0200.wav,ddl,drone,1.0,,555f5397622fd77f9440,val,False
data/raw/ddl/audio/drone/drone_0201.wav,ddl,drone,1.0,,555f5397622fd77f9440,val,False
data/raw/ddl/audio/drone/drone_0202.wav,ddl,drone,1.0,,555f5397622fd77f9440,val,False
data/raw/ddl/audio/drone/drone_0203.wav,ddl,drone,1.0,,555f5397622fd77f9440,val,False
data/raw/ddl/audio/drone/drone_0204.wav,ddl,drone,1.0,,555f5397622fd77f9440,val,False
data/raw/ddl/audio/drone/drone_0205.wav,ddl,drone,1.0,,555f5397622fd77f9440,val,False
data/raw/ddl/audio/drone/drone_0206.wav,ddl,drone,1.0,,555f5397622fd77f9440,val,False
data/raw/ddl/audio/drone/drone_0207.wav,ddl,drone,1.0,,555f5397622fd77f9440,val,False
data/raw/ddl/audio/drone/drone_0208.wav,ddl,drone,1.0,,555f5397622fd77f9440,val,False
data/raw/ddl/audio/drone/drone_0209.wav,ddl,drone,1.0,,555f5397622fd77f9440,val,False
data/raw/ddl/audio/drone/drone_0210.wav,ddl,drone,1.0,,555f5397622fd77f9440,val,False
data/raw/ddl/audio/drone/drone_0211.wav,ddl,drone,1.0,,555f5397622fd77f9440,val,False
data/raw/ddl/audio/drone/drone_0212.wav,ddl,drone,1.0,,555f5397622fd77f9440,val,False
data/raw/ddl/audio/drone/drone_0213.wav,ddl,drone,1.0,,555f5397622fd77f9440,val,False
data/raw/ddl/audio/drone/drone_0214.wav,ddl,drone,1.0,,555f5397622fd77f9440,val,False
data/raw/ddl/audio/drone/drone_0215.wav,ddl,drone,1.0,,555f5397622fd77f9440,val,False
data/raw/ddl/audio/drone/drone_0216.wav,ddl,drone,1.0,,555f5397622fd77f9440,val,False
data/raw/ddl/audio/drone/drone_0217.wav,ddl,drone,1.0,,555f5397622fd77f9440,val,False
data/raw/ddl/audio/drone/drone_0218.wav,ddl,drone,1.0,,555f5397622fd77f9440,val,False
data/raw/ddl/audio/drone/drone_0219.wav,ddl,drone,1.0,,555f5397622fd77f9440,val,False
data/raw/ddl/audio/drone/drone_0220.wav,ddl,drone,1.0,,555f5397622fd77f9440,val,False
data/raw/ddl/audio/drone/drone_0221.wav,ddl,drone,1.0,,555f5397622fd77f9440,val,False
data/raw/ddl/audio/drone/drone_0222.wav,ddl,drone,1.0,,555f5397622fd77f9440,val,False
data/raw/ddl/audio/drone/drone_0223.wav,ddl,drone,1.0,,555f5397622fd77f9440,val,False
data/raw/ddl/audio/drone/drone_0224.wav,ddl,drone,1.0,,555f5397622fd77f9440,val,False
data/raw/ddl/audio/drone/drone_0225.wav,ddl,drone,1.0,,555f5397622fd77f9440,val,False
data/raw/ddl/audio/drone/drone_0226.wav,ddl,drone,1.0,,555f5397622fd77f9440,val,False
data/raw/ddl/audio/drone/drone_0227.wav,ddl,drone,1.0,,555f5397622fd77f9440,val,False
data/raw/ddl/audio/drone/drone_0228.wav,ddl,drone,1.0,,555f5397622fd77f9440,val,False
data/raw/ddl/audio/drone/drone_0229.wav,ddl,drone,1.0,,555f5397622fd77f9440,val,False
data/raw/ddl/audio/drone/drone_0230.wav,ddl,drone,1.0,,555f5397622fd77f9440,val,False
data/raw/ddl/audio/drone/drone_0231.wav,ddl,drone,1.0,,555f5397622fd77f9440,val,False
data/raw/ddl/audio/drone/drone_0232.wav,ddl,drone,1.0,,555f5397622fd77f9440,val,False
data/raw/ddl/audio/drone/drone_0233.wav,ddl,drone,1.0,,555f5397622fd77f9440,val,False
data/raw/ddl/audio/drone/drone_0234.wav,ddl,drone,1.0,,555f5397622fd77f9440,val,False
data/raw/ddl/audio/drone/drone_0235.wav,ddl,drone,1.0,,555f5397622fd77f9440,val,False
data/raw/ddl/audio/drone/drone_0236.wav,ddl,drone,1.0,,555f5397622fd77f9440,val,False
data/raw/ddl/audio/drone/drone_0237.wav,ddl,drone,1.0,,555f5397622fd77f9440,val,False
data/raw/ddl/audio/drone/drone_0238.wav,ddl,drone,1.0,,555f5397622fd77f9440,val,False
data/raw/ddl/audio/drone/drone_0239.wav,ddl,drone,1.0,,555f5397622fd77f9440,val,False
data/raw/ddl/audio/drone/drone_0240.wav,ddl,drone,1.0,,555f5397622fd77f9440,val,False
data/raw/ddl/audio/drone/drone_0241.wav,ddl,drone,1.0,,555f5397622fd77f9440,val,False
data/raw/ddl/audio/drone/drone_0242.wav,ddl,drone,1.0,,555f5397622fd77f9440,val,False
data/raw/ddl/audio/drone/drone_0243.wav,ddl,drone,1.0,,555f5397622fd77f9440,val,False
data/raw/ddl/audio/drone/drone_0244.wav,ddl,drone,1.0,,555f5397622fd77f9440,val,False
data/raw/ddl/audio/drone/drone_0245.wav,ddl,drone,1.0,,555f5397622fd77f9440,val,False
data/raw/ddl/audio/drone/drone_0246.wav,ddl,drone,1.0,,555f5397622fd77f9440,val,False
data/raw/ddl/audio/drone/drone_0247.wav,ddl,drone,1.0,,555f5397622fd77f9440,val,False
data/raw/ddl/audio/drone/drone_0248.wav,ddl,drone,1.0,,555f5397622fd77f9440,val,False
data/raw/ddl/audio/drone/drone_0249.wav,ddl,drone,1.0,,7b76b965f0cbe37e8fc1,test,False
data/raw/ddl/audio/drone/drone_0250.wav,ddl,drone,1.0,,7b76b965f0cbe37e8fc1,test,False
data/raw/ddl/audio/drone/drone_0251.wav,ddl,drone,1.0,,7b76b965f0cbe37e8fc1,test,False
data/raw/ddl/audio/drone/drone_0252.wav,ddl,drone,1.0,,7b76b965f0cbe37e8fc1,test,False
data/raw/ddl/audio/drone/drone_0253.wav,ddl,drone,1.0,,7b76b965f0cbe37e8fc1,test,False
data/raw/ddl/audio/drone/drone_0254.wav,ddl,drone,1.0,,7b76b965f0cbe37e8fc1,test,False
data/raw/ddl/audio/drone/drone_0255.wav,ddl,drone,1.0,,7b76b965f0cbe37e8fc1,test,False
data/raw/ddl/audio/drone/drone_0256.wav,ddl,drone,1.0,,7b76b965f0cbe37e8fc1,test,False
data/raw/ddl/audio/drone/drone_0257.wav,ddl,drone,1.0,,7b76b965f0cbe37e8fc1,test,False
data/raw/ddl/audio/drone/drone_0258.wav,ddl,drone,1.0,,7b76b965f0cbe37e8fc1,test,False
data/raw/ddl/audio/drone/drone_0259.wav,ddl,drone,1.0,,7b76b965f0cbe37e8fc1,test,False
data/raw/ddl/audio/drone/drone_0260.wav,ddl,drone,1.0,,7b76b965f0cbe37e8fc1,test,False
data/raw/ddl/audio/drone/drone_0261.wav,ddl,drone,1.0,,7b76b965f0cbe37e8fc1,test,False
data/raw/ddl/audio/drone/drone_0262.wav,ddl,drone,1.0,,7b76b965f0cbe37e8fc1,test,False
data/raw/ddl/audio/drone/drone_0263.wav,ddl,drone,1.0,,7b76b965f0cbe37e8fc1,test,False
data/raw/ddl/audio/drone/drone_0264.wav,ddl,drone,1.0,,5c05029d81947eeeb140,val,False
data/raw/ddl/audio/drone/drone_0265.wav,ddl,drone,1.0,,5c05029d81947eeeb140,val,False
data/raw/ddl/audio/drone/drone_0266.wav,ddl,drone,1.0,,5c05029d81947eeeb140,val,False
data/raw/ddl/audio/drone/drone_0267.wav,ddl,drone,1.0,,5c05029d81947eeeb140,val,False
data/raw/ddl/audio/drone/drone_0268.wav,ddl,drone,1.0,,5c05029d81947eeeb140,val,False
data/raw/ddl/audio/drone/drone_0269.wav,ddl,drone,1.0,,5c05029d81947eeeb140,val,False
data/raw/ddl/audio/drone/drone_0270.wav,ddl,drone,1.0,,5c05029d81947eeeb140,val,False
data/raw/ddl/audio/drone/drone_0271.wav,ddl,drone,1.0,,5c05029d81947eeeb140,val,False
data/raw/ddl/audio/drone/drone_0272.wav,ddl,drone,1.0,,5c05029d81947eeeb140,val,False
data/raw/ddl/audio/drone/drone_0273.wav,ddl,drone,1.0,,5c05029d81947eeeb140,val,False
data/raw/ddl/audio/drone/drone_0274.wav,ddl,drone,1.0,,5c05029d81947eeeb140,val,False
data/raw/ddl/audio/drone/drone_0275.wav,ddl,drone,1.0,,5c05029d81947eeeb140,val,False
data/raw/ddl/audio/drone/drone_0276.wav,ddl,drone,1.0,,5c05029d81947eeeb140,val,False
data/raw/ddl/audio/drone/drone_0277.wav,ddl,drone,1.0,,5c05029d81947eeeb140,val,False
data/raw/ddl/audio/drone/drone_0278.wav,ddl,drone,1.0,,5c05029d81947eeeb140,val,False
data/raw/ddl/audio/drone/drone_0279.wav,ddl,drone,1.0,,5c05029d81947eeeb140,val,False
data/raw/ddl/audio/drone/drone_0280.wav,ddl,drone,1.0,,5c05029d81947eeeb140,val,False
data/raw/ddl/audio/drone/drone_0281.wav,ddl,drone,1.0,,5c05029d81947eeeb140,val,False
data/raw/ddl/audio/drone/drone_0282.wav,ddl,drone,1.0,,5c05029d81947eeeb140,val,False
data/raw/ddl/audio/drone/drone_0283.wav,ddl,drone,1.0,,5c05029d81947eeeb140,val,False
data/raw/ddl/audio/drone/drone_0284.wav,ddl,drone,1.0,,5c05029d81947eeeb140,val,False
data/raw/ddl/audio/drone/drone_0285.wav,ddl,drone,1.0,,5c05029d81947eeeb140,val,False
data/raw/ddl/audio/drone/drone_0286.wav,ddl,drone,1.0,,5c05029d81947eeeb140,val,False
data/raw/ddl/audio/drone/drone_0287.wav,ddl,drone,1.0,,5c05029d81947eeeb140,val,False
data/raw/ddl/audio/drone/drone_0288.wav,ddl,drone,1.0,,5c05029d81947eeeb140,val,False
data/raw/ddl/audio/drone/drone_0289.wav,ddl,drone,1.0,,5c05029d81947eeeb140,val,False
data/raw/ddl/audio/drone/drone_0290.wav,ddl,drone,1.0,,5c05029d81947eeeb140,val,False
data/raw/ddl/audio/drone/drone_0291.wav,ddl,drone,1.0,,5c05029d81947eeeb140,val,False
data/raw/ddl/audio/drone/drone_0292.wav,ddl,drone,1.0,,5c05029d81947eeeb140,val,False
data/raw/ddl/audio/drone/drone_0293.wav,ddl,drone,1.0,,5c05029d81947eeeb140,val,False
data/raw/ddl/audio/drone/drone_0294.wav,ddl,drone,1.0,,5c05029d81947eeeb140,val,False
data/raw/ddl/audio/drone/drone_0295.wav,ddl,drone,1.0,,5c05029d81947eeeb140,val,False
data/raw/ddl/audio/drone/drone_0296.wav,ddl,drone,1.0,,5c05029d81947eeeb140,val,False
data/raw/ddl/audio/drone/drone_0297.wav,ddl,drone,1.0,,5c05029d81947eeeb140,val,False
data/raw/ddl/audio/drone/drone_0298.wav,ddl,drone,1.0,,5c05029d81947eeeb140,val,False
data/raw/ddl/audio/drone/drone_0299.wav,ddl,drone,1.0,,5c05029d81947eeeb140,val,False
data/raw/ddl/audio/drone/drone_0300.wav,ddl,drone,1.0,,5c05029d81947eeeb140,val,False
data/raw/ddl/audio/drone/drone_0301.wav,ddl,drone,1.0,,5c05029d81947eeeb140,val,False
data/raw/ddl/audio/drone/drone_0302.wav,ddl,drone,1.0,,5c05029d81947eeeb140,val,False
data/raw/ddl/audio/drone/drone_0303.wav,ddl,drone,1.0,,5c05029d81947eeeb140,val,False
data/raw/ddl/audio/drone/drone_0304.wav,ddl,drone,1.0,,5c05029d81947eeeb140,val,False
data/raw/ddl/audio/drone/drone_0305.wav,ddl,drone,1.0,,5c05029d81947eeeb140,val,False
data/raw/ddl/audio/drone/drone_0306.wav,ddl,drone,1.0,,5c05029d81947eeeb140,val,False
data/raw/ddl/audio/drone/drone_0307.wav,ddl,drone,1.0,,5c05029d81947eeeb140,val,False
data/raw/ddl/audio/drone/drone_0308.wav,ddl,drone,1.0,,5c05029d81947eeeb140,val,False
data/raw/ddl/audio/drone/drone_0309.wav,ddl,drone,1.0,,5c05029d81947eeeb140,val,False
data/raw/ddl/audio/drone/drone_0310.wav,ddl,drone,1.0,,5c05029d81947eeeb140,val,False
data/raw/ddl/audio/drone/drone_0311.wav,ddl,drone,1.0,,5c05029d81947eeeb140,val,False
data/raw/ddl/audio/drone/drone_0312.wav,ddl,drone,1.0,,5c05029d81947eeeb140,val,False
data/raw/ddl/audio/drone/drone_0313.wav,ddl,drone,1.0,,5c05029d81947eeeb140,val,False
data/raw/ddl/audio/drone/drone_0314.wav,ddl,drone,1.0,,5c05029d81947eeeb140,val,False
data/raw/ddl/audio/drone/drone_0315.wav,ddl,drone,1.0,,5c05029d81947eeeb140,val,False
data/raw/ddl/audio/drone/drone_0316.wav,ddl,drone,1.0,,5c05029d81947eeeb140,val,False
data/raw/ddl/audio/drone/drone_0317.wav,ddl,drone,1.0,,5c05029d81947eeeb140,val,False
data/raw/ddl/audio/drone/drone_0318.wav,ddl,drone,1.0,,5c05029d81947eeeb140,val,False
data/raw/ddl/audio/drone/drone_0319.wav,ddl,drone,1.0,,5c05029d81947eeeb140,val,False
data/raw/ddl/audio/drone/drone_0320.wav,ddl,drone,1.0,,5c05029d81947eeeb140,val,False
data/raw/ddl/audio/drone/drone_0321.wav,ddl,drone,1.0,,5c05029d81947eeeb140,val,False
data/raw/ddl/audio/drone/drone_0322.wav,ddl,drone,1.0,,5c05029d81947eeeb140,val,False
data/raw/ddl/audio/drone/drone_0323.wav,ddl,drone,1.0,,5c05029d81947eeeb140,val,False
data/raw/ddl/audio/drone/drone_0324.wav,ddl,drone,1.0,,5c05029d81947eeeb140,val,False
data/raw/ddl/audio/drone/drone_0325.wav,ddl,drone,1.0,,5c05029d81947eeeb140,val,False
data/raw/ddl/audio/drone/drone_0326.wav,ddl,drone,1.0,,5c05029d81947eeeb140,val,False
data/raw/ddl/audio/drone/drone_0327.wav,ddl,drone,1.0,,5c05029d81947eeeb140,val,False
data/raw/ddl/audio/drone/drone_0328.wav,ddl,drone,1.0,,5c05029d81947eeeb140,val,False
data/raw/ddl/audio/drone/drone_0329.wav,ddl,drone,1.0,,5c05029d81947eeeb140,val,False
data/raw/ddl/audio/drone/drone_0330.wav,ddl,drone,1.0,,5c05029d81947eeeb140,val,False
data/raw/ddl/audio/drone/drone_0331.wav,ddl,drone,1.0,,5c05029d81947eeeb140,val,False
data/raw/ddl/audio/drone/drone_0332.wav,ddl,drone,1.0,,5c05029d81947eeeb140,val,False
data/raw/ddl/audio/drone/drone_0333.wav,ddl,drone,1.0,,5c05029d81947eeeb140,val,False
data/raw/ddl/audio/drone/drone_0334.wav,ddl,drone,1.0,,5c05029d81947eeeb140,val,False
data/raw/ddl/audio/drone/drone_0335.wav,ddl,drone,1.0,,5c05029d81947eeeb140,val,False
data/raw/ddl/audio/drone/drone_0336.wav,ddl,drone,1.0,,5c05029d81947eeeb140,val,False
data/raw/ddl/audio/drone/drone_0337.wav,ddl,drone,1.0,,5c05029d81947eeeb140,val,False
data/raw/ddl/audio/drone/drone_0338.wav,ddl,drone,1.0,,5c05029d81947eeeb140,val,False
data/raw/ddl/audio/drone/drone_0339.wav,ddl,drone,1.0,,5c05029d81947eeeb140,val,False
data/raw/ddl/audio/drone/drone_0340.wav,ddl,drone,1.0,,5c05029d81947eeeb140,val,False
data/raw/ddl/audio/drone/drone_0341.wav,ddl,drone,1.0,,5c05029d81947eeeb140,val,False
data/raw/ddl/audio/drone/drone_0342.wav,ddl,drone,1.0,,5c05029d81947eeeb140,val,False
data/raw/ddl/audio/drone/drone_0343.wav,ddl,drone,1.0,,5c05029d81947eeeb140,val,False
data/raw/ddl/audio/drone/drone_0344.wav,ddl,drone,1.0,,5c05029d81947eeeb140,val,False
data/raw/ddl/audio/drone/drone_0345.wav,ddl,drone,1.0,,5c05029d81947eeeb140,val,False
data/raw/ddl/audio/drone/drone_0346.wav,ddl,drone,1.0,,5c05029d81947eeeb140,val,False
data/raw/ddl/audio/drone/drone_0347.wav,ddl,drone,1.0,,5c05029d81947eeeb140,val,False
data/raw/ddl/audio/drone/drone_0348.wav,ddl,drone,1.0,,5c05029d81947eeeb140,val,False
data/raw/ddl/audio/drone/drone_0349.wav,ddl,drone,1.0,,5c05029d81947eeeb140,val,False
data/raw/ddl/audio/drone/drone_0350.wav,ddl,drone,1.0,,5c05029d81947eeeb140,val,False
data/raw/ddl/audio/drone/drone_0351.wav,ddl,drone,1.0,,5c05029d81947eeeb140,val,False
data/raw/ddl/audio/drone/drone_0352.wav,ddl,drone,1.0,,5c05029d81947eeeb140,val,False
data/raw/ddl/audio/drone/drone_0353.wav,ddl,drone,1.0,,5c05029d81947eeeb140,val,False
data/raw/ddl/audio/drone/drone_0354.wav,ddl,drone,1.0,,5c05029d81947eeeb140,val,False
data/raw/ddl/audio/drone/drone_0355.wav,ddl,drone,1.0,,5c05029d81947eeeb140,val,False
data/raw/ddl/audio/drone/drone_0356.wav,ddl,drone,1.0,,5c05029d81947eeeb140,val,False
data/raw/ddl/audio/drone/drone_0357.wav,ddl,drone,1.0,,5c05029d81947eeeb140,val,False
data/raw/ddl/audio/drone/drone_0358.wav,ddl,drone,1.0,,5c05029d81947eeeb140,val,False
data/raw/ddl/audio/drone/drone_0359.wav,ddl,drone,1.0,,5c05029d81947eeeb140,val,False
data/raw/ddl/audio/drone/drone_0360.wav,ddl,drone,1.0,,5c05029d81947eeeb140,val,False
data/raw/ddl/audio/drone/drone_0361.wav,ddl,drone,1.0,,5c05029d81947eeeb140,val,False
data/raw/ddl/audio/drone/drone_0362.wav,ddl,drone,1.0,,5c05029d81947eeeb140,val,False
data/raw/ddl/audio/drone/drone_0363.wav,ddl,drone,1.0,,5c05029d81947eeeb140,val,False
data/raw/ddl/audio/drone/drone_0364.wav,ddl,drone,1.0,,5c05029d81947eeeb140,val,False
data/raw/ddl/audio/drone/drone_0365.wav,ddl,drone,1.0,,5c05029d81947eeeb140,val,False
data/raw/ddl/audio/drone/drone_0366.wav,ddl,drone,1.0,,5c05029d81947eeeb140,val,False
data/raw/ddl/audio/drone/drone_0367.wav,ddl,drone,1.0,,5c05029d81947eeeb140,val,False
data/raw/ddl/audio/drone/drone_0368.wav,ddl,drone,1.0,,5c05029d81947eeeb140,val,False
data/raw/ddl/audio/drone/drone_0369.wav,ddl,drone,1.0,,5c05029d81947eeeb140,val,False
data/raw/ddl/audio/drone/drone_0370.wav,ddl,drone,1.0,,5c05029d81947eeeb140,val,False
data/raw/ddl/audio/drone/drone_0371.wav,ddl,drone,1.0,,5c05029d81947eeeb140,val,False
data/raw/ddl/audio/drone/drone_0372.wav,ddl,drone,1.0,,5c05029d81947eeeb140,val,False
data/raw/ddl/audio/drone/drone_0373.wav,ddl,drone,1.0,,5c05029d81947eeeb140,val,False
data/raw/ddl/audio/drone/drone_0374.wav,ddl,drone,1.0,,5c05029d81947eeeb140,val,False
data/raw/ddl/audio/drone/drone_0375.wav,ddl,drone,1.0,,5c05029d81947eeeb140,val,False
data/raw/ddl/audio/drone/drone_0376.wav,ddl,drone,1.0,,5c05029d81947eeeb140,val,False
data/raw/ddl/audio/drone/drone_0377.wav,ddl,drone,1.0,,5c05029d81947eeeb140,val,False
data/raw/ddl/audio/drone/drone_0378.wav,ddl,drone,1.0,,5c05029d81947eeeb140,val,False
data/raw/ddl/audio/drone/drone_0379.wav,ddl,drone,1.0,,5c05029d81947eeeb140,val,False
data/raw/ddl/audio/drone/drone_0380.wav,ddl,drone,1.0,,5c05029d81947eeeb140,val,False
data/raw/ddl/audio/drone/drone_0381.wav,ddl,drone,1.0,,5c05029d81947eeeb140,val,False
data/raw/ddl/audio/drone/drone_0382.wav,ddl,drone,1.0,,5c05029d81947eeeb140,val,False
data/raw/ddl/audio/drone/drone_0383.wav,ddl,drone,1.0,,5c05029d81947eeeb140,val,False
data/raw/ddl/audio/drone/drone_0384.wav,ddl,drone,1.0,,5c05029d81947eeeb140,val,False
data/raw/ddl/audio/drone/drone_0385.wav,ddl,drone,1.0,,5c05029d81947eeeb140,val,False
data/raw/ddl/audio/drone/drone_0386.wav,ddl,drone,1.0,,5c05029d81947eeeb140,val,False
data/raw/ddl/audio/drone/drone_0387.wav,ddl,drone,1.0,,5c05029d81947eeeb140,val,False
data/raw/ddl/audio/drone/drone_0388.wav,ddl,drone,1.0,,5c05029d81947eeeb140,val,False
data/raw/ddl/audio/drone/drone_0389.wav,ddl,drone,1.0,,5c05029d81947eeeb140,val,False
data/raw/ddl/audio/drone/drone_0390.wav,ddl,drone,1.0,,5c05029d81947eeeb140,val,False
data/raw/ddl/audio/drone/drone_0391.wav,ddl,drone,1.0,,5c05029d81947eeeb140,val,False
data/raw/ddl/audio/drone/drone_0392.wav,ddl,drone,1.0,,5c05029d81947eeeb140,val,False
data/raw/ddl/audio/drone/drone_0393.wav,ddl,drone,1.0,,5c05029d81947eeeb140,val,False
data/raw/ddl/audio/drone/drone_0394.wav,ddl,drone,1.0,,5c05029d81947eeeb140,val,False
data/raw/ddl/audio/drone/drone_0395.wav,ddl,drone,1.0,,5c05029d81947eeeb140,val,False
data/raw/ddl/audio/drone/drone_0396.wav,ddl,drone,1.0,,5c05029d81947eeeb140,val,False
data/raw/ddl/audio/drone/drone_0397.wav,ddl,drone,1.0,,5c05029d81947eeeb140,val,False
data/raw/ddl/audio/drone/drone_0398.wav,ddl,drone,1.0,,5c05029d81947eeeb140,val,False
data/raw/ddl/audio/drone/drone_0399.wav,ddl,drone,1.0,,5c05029d81947eeeb140,val,False
data/raw/ddl/audio/drone/drone_0400.wav,ddl,drone,1.0,,5c05029d81947eeeb140,val,False
data/raw/ddl/audio/drone/drone_0401.wav,ddl,drone,1.0,,5c05029d81947eeeb140,val,False
data/raw/ddl/audio/drone/drone_0402.wav,ddl,drone,1.0,,5c05029d81947eeeb140,val,False
data/raw/ddl/audio/drone/drone_0403.wav,ddl,drone,1.0,,5c05029d81947eeeb140,val,False
data/raw/ddl/audio/drone/drone_0404.wav,ddl,drone,1.0,,5c05029d81947eeeb140,val,False
data/raw/ddl/audio/drone/drone_0405.wav,ddl,drone,1.0,,5c05029d81947eeeb140,val,False
data/raw/ddl/audio/drone/drone_0406.wav,ddl,drone,1.0,,5c05029d81947eeeb140,val,False
data/raw/ddl/audio/drone/drone_0407.wav,ddl,drone,1.0,,5c05029d81947eeeb140,val,False
data/raw/ddl/audio/drone/drone_0408.wav,ddl,drone,1.0,,5c05029d81947eeeb140,val,False
data/raw/ddl/audio/drone/drone_0409.wav,ddl,drone,1.0,,5c05029d81947eeeb140,val,False
data/raw/ddl/audio/drone/drone_0410.wav,ddl,drone,1.0,,5c05029d81947eeeb140,val,False
data/raw/ddl/audio/drone/drone_0411.wav,ddl,drone,1.0,,5c05029d81947eeeb140,val,False
data/raw/ddl/audio/drone/drone_0412.wav,ddl,drone,1.0,,5c05029d81947eeeb140,val,False
data/raw/ddl/audio/drone/drone_0413.wav,ddl,drone,1.0,,5c05029d81947eeeb140,val,False
data/raw/ddl/audio/drone/drone_0414.wav,ddl,drone,1.0,,5c05029d81947eeeb140,val,False
data/raw/ddl/audio/drone/drone_0415.wav,ddl,drone,1.0,,5c05029d81947eeeb140,val,False
data/raw/ddl/audio/drone/drone_0416.wav,ddl,drone,1.0,,5c05029d81947eeeb140,val,False
data/raw/ddl/audio/drone/drone_0417.wav,ddl,drone,1.0,,5c05029d81947eeeb140,val,False
data/raw/ddl/audio/drone/drone_0418.wav,ddl,drone,1.0,,5c05029d81947eeeb140,val,False
data/raw/ddl/audio/drone/drone_0419.wav,ddl,drone,1.0,,5c05029d81947eeeb140,val,False
data/raw/ddl/audio/drone/drone_0420.wav,ddl,drone,1.0,,5c05029d81947eeeb140,val,False
data/raw/ddl/audio/drone/drone_0421.wav,ddl,drone,1.0,,5c05029d81947eeeb140,val,False
data/raw/ddl/audio/drone/drone_0422.wav,ddl,drone,1.0,,5c05029d81947eeeb140,val,False
data/raw/ddl/audio/drone/drone_0423.wav,ddl,drone,1.0,,5c05029d81947eeeb140,val,False
data/raw/ddl/audio/drone/drone_0424.wav,ddl,drone,1.0,,5c05029d81947eeeb140,val,False
data/raw/ddl/audio/drone/drone_0425.wav,ddl,drone,1.0,,5c05029d81947eeeb140,val,False
data/raw/ddl/audio/drone/drone_0426.wav,ddl,drone,1.0,,5c05029d81947eeeb140,val,False
data/raw/ddl/audio/drone/drone_0427.wav,ddl,drone,1.0,,5c05029d81947eeeb140,val,False
data/raw/ddl/audio/drone/drone_0428.wav,ddl,drone,1.0,,5c05029d81947eeeb140,val,False
data/raw/ddl/audio/drone/drone_0429.wav,ddl,drone,1.0,,5c05029d81947eeeb140,val,False
data/raw/ddl/audio/drone/drone_0430.wav,ddl,drone,1.0,,5c05029d81947eeeb140,val,False
data/raw/ddl/audio/drone/drone_0431.wav,ddl,drone,1.0,,5c05029d81947eeeb140,val,False
data/raw/ddl/audio/drone/drone_0432.wav,ddl,drone,1.0,,5c05029d81947eeeb140,val,False
data/raw/ddl/audio/drone/drone_0433.wav,ddl,drone,1.0,,5c05029d81947eeeb140,val,False
data/raw/ddl/audio/drone/drone_0434.wav,ddl,drone,1.0,,5c05029d81947eeeb140,val,False
data/raw/ddl/audio/drone/drone_0435.wav,ddl,drone,1.0,,5c05029d81947eeeb140,val,False
data/raw/ddl/audio/drone/drone_0436.wav,ddl,drone,1.0,,5c05029d81947eeeb140,val,False
data/raw/ddl/audio/drone/drone_0437.wav,ddl,drone,1.0,,5c05029d81947eeeb140,val,False
data/raw/ddl/audio/drone/drone_0438.wav,ddl,drone,1.0,,5c05029d81947eeeb140,val,False
data/raw/ddl/audio/drone/drone_0439.wav,ddl,drone,1.0,,5c05029d81947eeeb140,val,False
data/raw/ddl/audio/drone/drone_0440.wav,ddl,drone,1.0,,5c05029d81947eeeb140,val,False
data/raw/ddl/audio/drone/drone_0441.wav,ddl,drone,1.0,,5c05029d81947eeeb140,val,False
data/raw/ddl/audio/drone/drone_0442.wav,ddl,drone,1.0,,5c05029d81947eeeb140,val,False
data/raw/ddl/audio/drone/drone_0443.wav,ddl,drone,1.0,,5c05029d81947eeeb140,val,False
data/raw/ddl/audio/drone/drone_0444.wav,ddl,drone,1.0,,5c05029d81947eeeb140,val,False
data/raw/ddl/audio/drone/drone_0445.wav,ddl,drone,1.0,,5c05029d81947eeeb140,val,False
data/raw/ddl/audio/drone/drone_0446.wav,ddl,drone,1.0,,5c05029d81947eeeb140,val,False
data/raw/ddl/audio/drone/drone_0447.wav,ddl,drone,1.0,,5c05029d81947eeeb140,val,False
data/raw/ddl/audio/drone/drone_0448.wav,ddl,drone,1.0,,5c05029d81947eeeb140,val,False
data/raw/ddl/audio/drone/drone_0449.wav,ddl,drone,1.0,,5c05029d81947eeeb140,val,False
data/raw/ddl/audio/drone/drone_0450.wav,ddl,drone,1.0,,5c05029d81947eeeb140,val,False
data/raw/ddl/audio/drone/drone_0451.wav,ddl,drone,1.0,,5c05029d81947eeeb140,val,False
data/raw/ddl/audio/drone/drone_0452.wav,ddl,drone,1.0,,5c05029d81947eeeb140,val,False
data/raw/ddl/audio/drone/drone_0453.wav,ddl,drone,1.0,,5c05029d81947eeeb140,val,False
data/raw/ddl/audio/drone/drone_0454.wav,ddl,drone,1.0,,5c05029d81947eeeb140,val,False
data/raw/ddl/audio/drone/drone_0455.wav,ddl,drone,1.0,,5c05029d81947eeeb140,val,False
data/raw/ddl/audio/drone/drone_0456.wav,ddl,drone,1.0,,5c05029d81947eeeb140,val,False
data/raw/ddl/audio/drone/drone_0457.wav,ddl,drone,1.0,,5c05029d81947eeeb140,val,False
data/raw/ddl/audio/drone/drone_0458.wav,ddl,drone,1.0,,5c05029d81947eeeb140,val,False
data/raw/ddl/audio/drone/drone_0459.wav,ddl,drone,1.0,,5c05029d81947eeeb140,val,False
data/raw/ddl/audio/drone/drone_0460.wav,ddl,drone,1.0,,5c05029d81947eeeb140,val,False
data/raw/ddl/audio/drone/drone_0461.wav,ddl,drone,1.0,,5c05029d81947eeeb140,val,False
data/raw/ddl/audio/drone/drone_0462.wav,ddl,drone,1.0,,5c05029d81947eeeb140,val,False
data/raw/ddl/audio/drone/drone_0463.wav,ddl,drone,1.0,,5c05029d81947eeeb140,val,False
data/raw/ddl/audio/drone/drone_0464.wav,ddl,drone,1.0,,5c05029d81947eeeb140,val,False
data/raw/ddl/audio/drone/drone_0465.wav,ddl,drone,1.0,,5c05029d81947eeeb140,val,False
data/raw/ddl/audio/drone/drone_0466.wav,ddl,drone,1.0,,5c05029d81947eeeb140,val,False
data/raw/ddl/audio/drone/drone_0467.wav,ddl,drone,1.0,,5c05029d81947eeeb140,val,False
data/raw/ddl/audio/drone/drone_0468.wav,ddl,drone,1.0,,5c05029d81947eeeb140,val,False
data/raw/ddl/audio/drone/drone_0469.wav,ddl,drone,1.0,,5c05029d81947eeeb140,val,False
data/raw/ddl/audio/drone/drone_0470.wav,ddl,drone,1.0,,5c05029d81947eeeb140,val,False
data/raw/ddl/audio/drone/drone_0471.wav,ddl,drone,1.0,,5c05029d81947eeeb140,val,False
data/raw/ddl/audio/drone/drone_0472.wav,ddl,drone,1.0,,5c05029d81947eeeb140,val,False
data/raw/ddl/audio/drone/drone_0473.wav,ddl,drone,1.0,,5c05029d81947eeeb140,val,False
data/raw/ddl/audio/drone/drone_0474.wav,ddl,drone,1.0,,5c05029d81947eeeb140,val,False
data/raw/ddl/audio/drone/drone_0475.wav,ddl,drone,1.0,,5c05029d81947eeeb140,val,False
data/raw/ddl/audio/drone/drone_0476.wav,ddl,drone,1.0,,5c05029d81947eeeb140,val,False
data/raw/ddl/audio/drone/drone_0477.wav,ddl,drone,1.0,,5c05029d81947eeeb140,val,False
data/raw/ddl/audio/drone/drone_0478.wav,ddl,drone,1.0,,5c05029d81947eeeb140,val,False
data/raw/ddl/audio/drone/drone_0479.wav,ddl,drone,1.0,,5c05029d81947eeeb140,val,False
data/raw/ddl/audio/drone/drone_0480.wav,ddl,drone,1.0,,5c05029d81947eeeb140,val,False
data/raw/ddl/audio/drone/drone_0481.wav,ddl,drone,1.0,,5c05029d81947eeeb140,val,False
data/raw/ddl/audio/drone/drone_0482.wav,ddl,drone,1.0,,5c05029d81947eeeb140,val,False
data/raw/ddl/audio/drone/drone_0483.wav,ddl,drone,1.0,,5c05029d81947eeeb140,val,False
data/raw/ddl/audio/drone/drone_0484.wav,ddl,drone,1.0,,5c05029d81947eeeb140,val,False
data/raw/ddl/audio/drone/drone_0485.wav,ddl,drone,1.0,,5c05029d81947eeeb140,val,False
data/raw/ddl/audio/drone/drone_0486.wav,ddl,drone,1.0,,5c05029d81947eeeb140,val,False
data/raw/ddl/audio/drone/drone_0487.wav,ddl,drone,1.0,,5c05029d81947eeeb140,val,False
data/raw/ddl/audio/drone/drone_0488.wav,ddl,drone,1.0,,5c05029d81947eeeb140,val,False
data/raw/ddl/audio/drone/drone_0489.wav,ddl,drone,1.0,,5c05029d81947eeeb140,val,False
data/raw/ddl/audio/drone/drone_0490.wav,ddl,drone,1.0,,5c05029d81947eeeb140,val,False
data/raw/ddl/audio/drone/drone_0491.wav,ddl,drone,1.0,,5c05029d81947eeeb140,val,False
data/raw/ddl/audio/drone/drone_0492.wav,ddl,drone,1.0,,5c05029d81947eeeb140,val,False
data/raw/ddl/audio/drone/drone_0493.wav,ddl,drone,1.0,,5c05029d81947eeeb140,val,False
data/raw/ddl/audio/drone/drone_0494.wav,ddl,drone,1.0,,5c05029d81947eeeb140,val,False
data/raw/ddl/audio/drone/drone_0495.wav,ddl,drone,1.0,,5c05029d81947eeeb140,val,False
data/raw/ddl/audio/drone/drone_0496.wav,ddl,drone,1.0,,5c05029d81947eeeb140,val,False
data/raw/ddl/audio/drone/drone_0497.wav,ddl,drone,1.0,,5c05029d81947eeeb140,val,False
data/raw/ddl/audio/drone/drone_0498.wav,ddl,drone,1.0,,5c05029d81947eeeb140,val,False
data/raw/ddl/audio/drone/drone_0499.wav,ddl,drone,1.0,,5c05029d81947eeeb140,val,False
data/raw/ddl/audio/drone/drone_0500.wav,ddl,drone,1.0,,5c05029d81947eeeb140,val,False
data/raw/ddl/audio/drone/drone_0501.wav,ddl,drone,1.0,,5c05029d81947eeeb140,val,False
data/raw/ddl/audio/drone/drone_0502.wav,ddl,drone,1.0,,5c05029d81947eeeb140,val,False
data/raw/ddl/audio/drone/drone_0503.wav,ddl,drone,1.0,,5c05029d81947eeeb140,val,False
data/raw/ddl/audio/drone/drone_0504.wav,ddl,drone,1.0,,5c05029d81947eeeb140,val,False
data/raw/ddl/audio/drone/drone_0505.wav,ddl,drone,1.0,,5c05029d81947eeeb140,val,False
data/raw/ddl/audio/drone/drone_0506.wav,ddl,drone,1.0,,5c05029d81947eeeb140,val,False
data/raw/ddl/audio/drone/drone_0507.wav,ddl,drone,1.0,,5c05029d81947eeeb140,val,False
data/raw/ddl/audio/drone/drone_0508.wav,ddl,drone,1.0,,5c05029d81947eeeb140,val,False
data/raw/ddl/audio/drone/drone_0509.wav,ddl,drone,1.0,,5c05029d81947eeeb140,val,False
data/raw/ddl/audio/drone/drone_0510.wav,ddl,drone,1.0,,5c05029d81947eeeb140,val,False
data/raw/ddl/audio/drone/drone_0511.wav,ddl,drone,1.0,,5c05029d81947eeeb140,val,False
data/raw/ddl/audio/drone/drone_0512.wav,ddl,drone,1.0,,5c05029d81947eeeb140,val,False
data/raw/ddl/audio/drone/drone_0513.wav,ddl,drone,1.0,,5c05029d81947eeeb140,val,False
data/raw/ddl/audio/drone/drone_0514.wav,ddl,drone,1.0,,5c05029d81947eeeb140,val,False
data/raw/ddl/audio/drone/drone_0515.wav,ddl,drone,1.0,,5c05029d81947eeeb140,val,False
data/raw/ddl/audio/drone/drone_0516.wav,ddl,drone,1.0,,5c05029d81947eeeb140,val,False
data/raw/ddl/audio/drone/drone_0517.wav,ddl,drone,1.0,,5c05029d81947eeeb140,val,False
data/raw/ddl/audio/drone/drone_0518.wav,ddl,drone,1.0,,5c05029d81947eeeb140,val,False
data/raw/ddl/audio/drone/drone_0519.wav,ddl,drone,1.0,,5c05029d81947eeeb140,val,False
data/raw/ddl/audio/drone/drone_0520.wav,ddl,drone,1.0,,5c05029d81947eeeb140,val,False
data/raw/ddl/audio/drone/drone_0521.wav,ddl,drone,1.0,,5c05029d81947eeeb140,val,False
data/raw/ddl/audio/drone/drone_0522.wav,ddl,drone,1.0,,5c05029d81947eeeb140,val,False
data/raw/ddl/audio/drone/drone_0523.wav,ddl,drone,1.0,,5c05029d81947eeeb140,val,False
data/raw/ddl/audio/drone/drone_0524.wav,ddl,drone,1.0,,5c05029d81947eeeb140,val,False
data/raw/ddl/audio/drone/drone_0525.wav,ddl,drone,1.0,,5c05029d81947eeeb140,val,False
data/raw/ddl/audio/drone/drone_0526.wav,ddl,drone,1.0,,5c05029d81947eeeb140,val,False
data/raw/ddl/audio/drone/drone_0527.wav,ddl,drone,1.0,,5c05029d81947eeeb140,val,False
data/raw/ddl/audio/drone/drone_0528.wav,ddl,drone,1.0,,5c05029d81947eeeb140,val,False
data/raw/ddl/audio/drone/drone_0529.wav,ddl,drone,1.0,,5c05029d81947eeeb140,val,False
data/raw/ddl/audio/drone/drone_0530.wav,ddl,drone,1.0,,5c05029d81947eeeb140,val,False
data/raw/ddl/audio/drone/drone_0531.wav,ddl,drone,1.0,,5c05029d81947eeeb140,val,False
data/raw/ddl/audio/drone/drone_0532.wav,ddl,drone,1.0,,5c05029d81947eeeb140,val,False
data/raw/ddl/audio/drone/drone_0533.wav,ddl,drone,1.0,,5c05029d81947eeeb140,val,False
data/raw/ddl/audio/drone/drone_0534.wav,ddl,drone,1.0,,5c05029d81947eeeb140,val,False
data/raw/ddl/audio/drone/drone_0535.wav,ddl,drone,1.0,,5c05029d81947eeeb140,val,False
data/raw/ddl/audio/drone/drone_0536.wav,ddl,drone,1.0,,5c05029d81947eeeb140,val,False
data/raw/ddl/audio/drone/drone_0537.wav,ddl,drone,1.0,,5c05029d81947eeeb140,val,False
data/raw/ddl/audio/drone/drone_0538.wav,ddl,drone,1.0,,5c05029d81947eeeb140,val,False
data/raw/ddl/audio/drone/drone_0539.wav,ddl,drone,1.0,,5c05029d81947eeeb140,val,False
data/raw/ddl/audio/drone/drone_0540.wav,ddl,drone,1.0,,5c05029d81947eeeb140,val,False
data/raw/ddl/audio/drone/drone_0541.wav,ddl,drone,1.0,,5c05029d81947eeeb140,val,False
data/raw/ddl/audio/drone/drone_0542.wav,ddl,drone,1.0,,5c05029d81947eeeb140,val,False
data/raw/ddl/audio/drone/drone_0543.wav,ddl,drone,1.0,,5c05029d81947eeeb140,val,False
data/raw/ddl/audio/drone/drone_0544.wav,ddl,drone,1.0,,5c05029d81947eeeb140,val,False
data/raw/ddl/audio/drone/drone_0545.wav,ddl,drone,1.0,,5c05029d81947eeeb140,val,False
data/raw/ddl/audio/drone/drone_0546.wav,ddl,drone,1.0,,5c05029d81947eeeb140,val,False
data/raw/ddl/audio/drone/drone_0547.wav,ddl,drone,1.0,,5c05029d81947eeeb140,val,False
data/raw/ddl/audio/drone/drone_0548.wav,ddl,drone,1.0,,5c05029d81947eeeb140,val,False
data/raw/ddl/audio/drone/drone_0549.wav,ddl,drone,1.0,,5c05029d81947eeeb140,val,False
data/raw/ddl/audio/drone/drone_0550.wav,ddl,drone,1.0,,5c05029d81947eeeb140,val,False
data/raw/ddl/audio/drone/drone_0551.wav,ddl,drone,1.0,,8b0378d5a538fb9b25a9,test,False
data/raw/ddl/audio/drone/drone_0552.wav,ddl,drone,1.0,,8b0378d5a538fb9b25a9,test,False
data/raw/ddl/audio/drone/drone_0553.wav,ddl,drone,1.0,,8b0378d5a538fb9b25a9,test,False
data/raw/ddl/audio/drone/drone_0554.wav,ddl,drone,1.0,,8b0378d5a538fb9b25a9,test,False
data/raw/ddl/audio/drone/drone_0555.wav,ddl,drone,1.0,,8b0378d5a538fb9b25a9,test,False
data/raw/ddl/audio/drone/drone_0556.wav,ddl,drone,1.0,,8b0378d5a538fb9b25a9,test,False
data/raw/ddl/audio/drone/drone_0557.wav,ddl,drone,1.0,,8b0378d5a538fb9b25a9,test,False
data/raw/ddl/audio/drone/drone_0558.wav,ddl,drone,1.0,,8b0378d5a538fb9b25a9,test,False
data/raw/ddl/audio/drone/drone_0559.wav,ddl,drone,1.0,,8b0378d5a538fb9b25a9,test,False
data/raw/ddl/audio/drone/drone_0560.wav,ddl,drone,1.0,,8b0378d5a538fb9b25a9,test,False
data/raw/ddl/audio/drone/drone_0561.wav,ddl,drone,1.0,,8b0378d5a538fb9b25a9,test,False
data/raw/ddl/audio/drone/drone_0562.wav,ddl,drone,1.0,,8b0378d5a538fb9b25a9,test,False
data/raw/ddl/audio/drone/drone_0563.wav,ddl,drone,1.0,,8b0378d5a538fb9b25a9,test,False
data/raw/ddl/audio/drone/drone_0564.wav,ddl,drone,1.0,,8b0378d5a538fb9b25a9,test,False
data/raw/ddl/audio/drone/drone_0565.wav,ddl,drone,1.0,,8b0378d5a538fb9b25a9,test,False
data/raw/ddl/audio/drone/drone_0566.wav,ddl,drone,1.0,,8b0378d5a538fb9b25a9,test,False
data/raw/ddl/audio/drone/drone_0567.wav,ddl,drone,1.0,,8b0378d5a538fb9b25a9,test,False
data/raw/ddl/audio/drone/drone_0568.wav,ddl,drone,1.0,,8b0378d5a538fb9b25a9,test,False
data/raw/ddl/audio/drone/drone_0569.wav,ddl,drone,1.0,,8b0378d5a538fb9b25a9,test,False
data/raw/ddl/audio/drone/drone_0570.wav,ddl,drone,1.0,,8b0378d5a538fb9b25a9,test,False
data/raw/ddl/audio/drone/drone_0571.wav,ddl,drone,1.0,,8b0378d5a538fb9b25a9,test,False
data/raw/ddl/audio/drone/drone_0572.wav,ddl,drone,1.0,,8b0378d5a538fb9b25a9,test,False
data/raw/ddl/audio/drone/drone_0573.wav,ddl,drone,1.0,,8b0378d5a538fb9b25a9,test,False
data/raw/ddl/audio/drone/drone_0574.wav,ddl,drone,1.0,,8b0378d5a538fb9b25a9,test,False
data/raw/ddl/audio/drone/drone_0575.wav,ddl,drone,1.0,,8b0378d5a538fb9b25a9,test,False
data/raw/ddl/audio/drone/drone_0576.wav,ddl,drone,1.0,,8b0378d5a538fb9b25a9,test,False
data/raw/ddl/audio/drone/drone_0577.wav,ddl,drone,1.0,,8b0378d5a538fb9b25a9,test,False
data/raw/ddl/audio/drone/drone_0578.wav,ddl,drone,1.0,,8b0378d5a538fb9b25a9,test,False
data/raw/ddl/audio/drone/drone_0579.wav,ddl,drone,1.0,,8b0378d5a538fb9b25a9,test,False
data/raw/ddl/audio/drone/drone_0580.wav,ddl,drone,1.0,,8b0378d5a538fb9b25a9,test,False
data/raw/ddl/audio/drone/drone_0581.wav,ddl,drone,1.0,,8b0378d5a538fb9b25a9,test,False
data/raw/ddl/audio/drone/drone_0582.wav,ddl,drone,1.0,,8b0378d5a538fb9b25a9,test,False
data/raw/ddl/audio/drone/drone_0583.wav,ddl,drone,1.0,,8b0378d5a538fb9b25a9,test,False
data/raw/ddl/audio/drone/drone_0584.wav,ddl,drone,1.0,,8b0378d5a538fb9b25a9,test,False
data/raw/ddl/audio/drone/drone_0585.wav,ddl,drone,1.0,,8b0378d5a538fb9b25a9,test,False
data/raw/ddl/audio/drone/drone_0586.wav,ddl,drone,1.0,,8b0378d5a538fb9b25a9,test,False
data/raw/ddl/audio/drone/drone_0587.wav,ddl,drone,1.0,,8b0378d5a538fb9b25a9,test,False
data/raw/ddl/audio/drone/drone_0588.wav,ddl,drone,1.0,,8b0378d5a538fb9b25a9,test,False
data/raw/ddl/audio/drone/drone_0589.wav,ddl,drone,1.0,,8b0378d5a538fb9b25a9,test,False
data/raw/ddl/audio/drone/drone_0590.wav,ddl,drone,1.0,,8b0378d5a538fb9b25a9,test,False
data/raw/ddl/audio/drone/drone_0591.wav,ddl,drone,1.0,,8b0378d5a538fb9b25a9,test,False
data/raw/ddl/audio/drone/drone_0592.wav,ddl,drone,1.0,,8b0378d5a538fb9b25a9,test,False
data/raw/ddl/audio/drone/drone_0593.wav,ddl,drone,1.0,,8b0378d5a538fb9b25a9,test,False
data/raw/ddl/audio/drone/drone_0594.wav,ddl,drone,1.0,,8b0378d5a538fb9b25a9,test,False
data/raw/ddl/audio/drone/drone_0595.wav,ddl,drone,1.0,,8b0378d5a538fb9b25a9,test,False
data/raw/ddl/audio/drone/drone_0596.wav,ddl,drone,1.0,,8b0378d5a538fb9b25a9,test,False
data/raw/ddl/audio/drone/drone_0597.wav,ddl,drone,1.0,,8b0378d5a538fb9b25a9,test,False
data/raw/ddl/audio/drone/drone_0598.wav,ddl,drone,1.0,,8b0378d5a538fb9b25a9,test,False
data/raw/ddl/audio/drone/drone_0599.wav,ddl,drone,1.0,,8b0378d5a538fb9b25a9,test,False
data/raw/ddl/audio/drone/drone_0600.wav,ddl,drone,1.0,,8b0378d5a538fb9b25a9,test,False
data/raw/ddl/audio/drone/drone_0601.wav,ddl,drone,1.0,,8b0378d5a538fb9b25a9,test,False
data/raw/ddl/audio/drone/drone_0602.wav,ddl,drone,1.0,,8b0378d5a538fb9b25a9,test,False
data/raw/ddl/audio/drone/drone_0603.wav,ddl,drone,1.0,,8b0378d5a538fb9b25a9,test,False
data/raw/ddl/audio/drone/drone_0604.wav,ddl,drone,1.0,,8b0378d5a538fb9b25a9,test,False
data/raw/ddl/audio/drone/drone_0605.wav,ddl,drone,1.0,,8b0378d5a538fb9b25a9,test,False
data/raw/ddl/audio/drone/drone_0606.wav,ddl,drone,1.0,,8b0378d5a538fb9b25a9,test,False
data/raw/ddl/audio/drone/drone_0607.wav,ddl,drone,1.0,,8b0378d5a538fb9b25a9,test,False
data/raw/ddl/audio/drone/drone_0608.wav,ddl,drone,1.0,,8b0378d5a538fb9b25a9,test,False
data/raw/ddl/audio/drone/drone_0609.wav,ddl,drone,1.0,,8b0378d5a538fb9b25a9,test,False
data/raw/ddl/audio/drone/drone_0610.wav,ddl,drone,1.0,,8b0378d5a538fb9b25a9,test,False
data/raw/ddl/audio/drone/drone_0611.wav,ddl,drone,1.0,,8b0378d5a538fb9b25a9,test,False
data/raw/ddl/audio/drone/drone_0612.wav,ddl,drone,1.0,,8b0378d5a538fb9b25a9,test,False
data/raw/ddl/audio/drone/drone_0613.wav,ddl,drone,1.0,,8b0378d5a538fb9b25a9,test,False
data/raw/ddl/audio/drone/drone_0614.wav,ddl,drone,1.0,,9163f4a28ab9b4058366,train,False
data/raw/ddl/audio/drone/drone_0615.wav,ddl,drone,1.0,,8e76e325ccbee7f11350,train,False
data/raw/ddl/audio/drone/drone_0616.wav,ddl,drone,1.0,,8e76e325ccbee7f11350,train,False
data/raw/ddl/audio/drone/drone_0617.wav,ddl,drone,1.0,,8e76e325ccbee7f11350,train,False
data/raw/ddl/audio/drone/drone_0618.wav,ddl,drone,1.0,,8e76e325ccbee7f11350,train,False
data/raw/ddl/audio/drone/drone_0619.wav,ddl,drone,1.0,,8e76e325ccbee7f11350,train,False
data/raw/ddl/audio/drone/drone_0620.wav,ddl,drone,1.0,,8e76e325ccbee7f11350,train,False
data/raw/ddl/audio/drone/drone_0621.wav,ddl,drone,1.0,,8e76e325ccbee7f11350,train,False
data/raw/ddl/audio/drone/drone_0622.wav,ddl,drone,1.0,,8e76e325ccbee7f11350,train,False
data/raw/ddl/audio/drone/drone_0623.wav,ddl,drone,1.0,,8e76e325ccbee7f11350,train,False
data/raw/ddl/audio/drone/drone_0624.wav,ddl,drone,1.0,,8e76e325ccbee7f11350,train,False
data/raw/ddl/audio/drone/drone_0625.wav,ddl,drone,1.0,,8e76e325ccbee7f11350,train,False
data/raw/ddl/audio/drone/drone_0626.wav,ddl,drone,1.0,,8e76e325ccbee7f11350,train,False
data/raw/ddl/audio/drone/drone_0627.wav,ddl,drone,1.0,,8e76e325ccbee7f11350,train,False
data/raw/ddl/audio/drone/drone_0628.wav,ddl,drone,1.0,,8e76e325ccbee7f11350,train,False
data/raw/ddl/audio/drone/drone_0629.wav,ddl,drone,1.0,,8e76e325ccbee7f11350,train,False
data/raw/ddl/audio/drone/drone_0630.wav,ddl,drone,1.0,,8e76e325ccbee7f11350,train,False
data/raw/ddl/audio/drone/drone_0631.wav,ddl,drone,1.0,,8e76e325ccbee7f11350,train,False
data/raw/ddl/audio/drone/drone_0632.wav,ddl,drone,1.0,,8e76e325ccbee7f11350,train,False
data/raw/ddl/audio/drone/drone_0633.wav,ddl,drone,1.0,,8e76e325ccbee7f11350,train,False
data/raw/ddl/audio/drone/drone_0634.wav,ddl,drone,1.0,,8e76e325ccbee7f11350,train,False
data/raw/ddl/audio/drone/drone_0635.wav,ddl,drone,1.0,,8e76e325ccbee7f11350,train,False
data/raw/ddl/audio/drone/drone_0636.wav,ddl,drone,1.0,,8e76e325ccbee7f11350,train,False
data/raw/ddl/audio/drone/drone_0637.wav,ddl,drone,1.0,,8e76e325ccbee7f11350,train,False
data/raw/ddl/audio/drone/drone_0638.wav,ddl,drone,1.0,,8e76e325ccbee7f11350,train,False
data/raw/ddl/audio/drone/drone_0639.wav,ddl,drone,1.0,,8e76e325ccbee7f11350,train,False
data/raw/ddl/audio/drone/drone_0640.wav,ddl,drone,1.0,,8e76e325ccbee7f11350,train,False
data/raw/ddl/audio/drone/drone_0641.wav,ddl,drone,1.0,,8e76e325ccbee7f11350,train,False
data/raw/ddl/audio/drone/drone_0642.wav,ddl,drone,1.0,,8e76e325ccbee7f11350,train,False
data/raw/ddl/audio/drone/drone_0643.wav,ddl,drone,1.0,,8e76e325ccbee7f11350,train,False
data/raw/ddl/audio/drone/drone_0644.wav,ddl,drone,1.0,,8e76e325ccbee7f11350,train,False
data/raw/ddl/audio/drone/drone_0645.wav,ddl,drone,1.0,,8e76e325ccbee7f11350,train,False
data/raw/ddl/audio/drone/drone_0646.wav,ddl,drone,1.0,,8e76e325ccbee7f11350,train,False
data/raw/ddl/audio/drone/drone_0647.wav,ddl,drone,1.0,,8e76e325ccbee7f11350,train,False
data/raw/ddl/audio/drone/drone_0648.wav,ddl,drone,1.0,,8e76e325ccbee7f11350,train,False
data/raw/ddl/audio/drone/drone_0649.wav,ddl,drone,1.0,,8e76e325ccbee7f11350,train,False
data/raw/ddl/audio/drone/drone_0650.wav,ddl,drone,1.0,,8e76e325ccbee7f11350,train,False
data/raw/ddl/audio/drone/drone_0651.wav,ddl,drone,1.0,,8e76e325ccbee7f11350,train,False
data/raw/ddl/audio/drone/drone_0652.wav,ddl,drone,1.0,,8e76e325ccbee7f11350,train,False
data/raw/ddl/audio/drone/drone_0653.wav,ddl,drone,1.0,,8e76e325ccbee7f11350,train,False
data/raw/ddl/audio/drone/drone_0654.wav,ddl,drone,1.0,,8e76e325ccbee7f11350,train,False
data/raw/ddl/audio/drone/drone_0655.wav,ddl,drone,1.0,,8e76e325ccbee7f11350,train,False
data/raw/ddl/audio/drone/drone_0656.wav,ddl,drone,1.0,,8e76e325ccbee7f11350,train,False
data/raw/ddl/audio/drone/drone_0657.wav,ddl,drone,1.0,,8e76e325ccbee7f11350,train,False
data/raw/ddl/audio/drone/drone_0658.wav,ddl,drone,1.0,,8e76e325ccbee7f11350,train,False
data/raw/ddl/audio/drone/drone_0659.wav,ddl,drone,1.0,,8e76e325ccbee7f11350,train,False
data/raw/ddl/audio/drone/drone_0660.wav,ddl,drone,1.0,,8e76e325ccbee7f11350,train,False
data/raw/ddl/audio/drone/drone_0661.wav,ddl,drone,1.0,,8e76e325ccbee7f11350,train,False
data/raw/ddl/audio/drone/drone_0662.wav,ddl,drone,1.0,,8e76e325ccbee7f11350,train,False
data/raw/ddl/audio/drone/drone_0663.wav,ddl,drone,1.0,,8e76e325ccbee7f11350,train,False
data/raw/ddl/audio/drone/drone_0664.wav,ddl,drone,1.0,,8e76e325ccbee7f11350,train,False
data/raw/ddl/audio/drone/drone_0665.wav,ddl,drone,1.0,,8e76e325ccbee7f11350,train,False
data/raw/ddl/audio/drone/drone_0666.wav,ddl,drone,1.0,,8e76e325ccbee7f11350,train,False
data/raw/ddl/audio/drone/drone_0667.wav,ddl,drone,1.0,,8e76e325ccbee7f11350,train,False
data/raw/ddl/audio/drone/drone_0668.wav,ddl,drone,1.0,,8e76e325ccbee7f11350,train,False
data/raw/ddl/audio/drone/drone_0669.wav,ddl,drone,1.0,,8e76e325ccbee7f11350,train,False
data/raw/ddl/audio/drone/drone_0670.wav,ddl,drone,1.0,,8e76e325ccbee7f11350,train,False
data/raw/ddl/audio/drone/drone_0671.wav,ddl,drone,1.0,,8e76e325ccbee7f11350,train,False
data/raw/ddl/audio/drone/drone_0672.wav,ddl,drone,1.0,,8e76e325ccbee7f11350,train,False
data/raw/ddl/audio/drone/drone_0673.wav,ddl,drone,1.0,,8e76e325ccbee7f11350,train,False
data/raw/ddl/audio/drone/drone_0674.wav,ddl,drone,1.0,,8e76e325ccbee7f11350,train,False
data/raw/ddl/audio/drone/drone_0675.wav,ddl,drone,1.0,,8e76e325ccbee7f11350,train,False
data/raw/ddl/audio/drone/drone_0676.wav,ddl,drone,1.0,,8e76e325ccbee7f11350,train,False
data/raw/ddl/audio/drone/drone_0677.wav,ddl,drone,1.0,,8e76e325ccbee7f11350,train,False
data/raw/ddl/audio/drone/drone_0678.wav,ddl,drone,1.0,,0fe7613a9adfe96fcf20,train,False
data/raw/ddl/audio/drone/drone_0679.wav,ddl,drone,1.0,,0fe7613a9adfe96fcf20,train,False
data/raw/ddl/audio/drone/drone_0680.wav,ddl,drone,1.0,,0fe7613a9adfe96fcf20,train,False
data/raw/ddl/audio/drone/drone_0681.wav,ddl,drone,1.0,,0fe7613a9adfe96fcf20,train,False
data/raw/ddl/audio/drone/drone_0682.wav,ddl,drone,1.0,,0fe7613a9adfe96fcf20,train,False
data/raw/ddl/audio/drone/drone_0683.wav,ddl,drone,1.0,,0fe7613a9adfe96fcf20,train,False
data/raw/ddl/audio/drone/drone_0684.wav,ddl,drone,1.0,,0fe7613a9adfe96fcf20,train,False
data/raw/ddl/audio/drone/drone_0685.wav,ddl,drone,1.0,,0fe7613a9adfe96fcf20,train,False
data/raw/ddl/audio/drone/drone_0686.wav,ddl,drone,1.0,,0fe7613a9adfe96fcf20,train,False
data/raw/ddl/audio/drone/drone_0687.wav,ddl,drone,1.0,,0fe7613a9adfe96fcf20,train,False
data/raw/ddl/audio/drone/drone_0688.wav,ddl,drone,1.0,,0fe7613a9adfe96fcf20,train,False
data/raw/ddl/audio/drone/drone_0689.wav,ddl,drone,1.0,,0fe7613a9adfe96fcf20,train,False
data/raw/ddl/audio/drone/drone_0690.wav,ddl,drone,1.0,,0fe7613a9adfe96fcf20,train,False
data/raw/ddl/audio/drone/drone_0691.wav,ddl,drone,1.0,,74bdf63cafb6a64136ea,val,False
data/raw/ddl/audio/drone/drone_0692.wav,ddl,drone,1.0,,74bdf63cafb6a64136ea,val,False
data/raw/ddl/audio/drone/drone_0693.wav,ddl,drone,1.0,,74bdf63cafb6a64136ea,val,False
data/raw/ddl/audio/drone/drone_0694.wav,ddl,drone,1.0,,74bdf63cafb6a64136ea,val,False
data/raw/ddl/audio/drone/drone_0695.wav,ddl,drone,1.0,,74bdf63cafb6a64136ea,val,False
data/raw/ddl/audio/drone/drone_0696.wav,ddl,drone,1.0,,74bdf63cafb6a64136ea,val,False
data/raw/ddl/audio/drone/drone_0697.wav,ddl,drone,1.0,,74bdf63cafb6a64136ea,val,False
data/raw/ddl/audio/drone/drone_0698.wav,ddl,drone,1.0,,74bdf63cafb6a64136ea,val,False
data/raw/ddl/audio/drone/drone_0699.wav,ddl,drone,1.0,,74bdf63cafb6a64136ea,val,False
data/raw/ddl/audio/drone/drone_0700.wav,ddl,drone,1.0,,74bdf63cafb6a64136ea,val,False
data/raw/ddl/audio/drone/drone_0701.wav,ddl,drone,1.0,,74bdf63cafb6a64136ea,val,False
data/raw/ddl/audio/drone/drone_0702.wav,ddl,drone,1.0,,74bdf63cafb6a64136ea,val,False
data/raw/ddl/audio/drone/drone_0703.wav,ddl,drone,1.0,,74bdf63cafb6a64136ea,val,False
data/raw/ddl/audio/drone/drone_0704.wav,ddl,drone,1.0,,74bdf63cafb6a64136ea,val,False
data/raw/ddl/audio/drone/drone_0705.wav,ddl,drone,1.0,,74bdf63cafb6a64136ea,val,False
data/raw/ddl/audio/drone/drone_0706.wav,ddl,drone,1.0,,74bdf63cafb6a64136ea,val,False
data/raw/ddl/audio/drone/drone_0707.wav,ddl,drone,1.0,,74bdf63cafb6a64136ea,val,False
data/raw/ddl/audio/drone/drone_0708.wav,ddl,drone,1.0,,74bdf63cafb6a64136ea,val,False
data/raw/ddl/audio/drone/drone_0709.wav,ddl,drone,1.0,,74bdf63cafb6a64136ea,val,False
data/raw/ddl/audio/drone/drone_0710.wav,ddl,drone,1.0,,74bdf63cafb6a64136ea,val,False
data/raw/ddl/audio/drone/drone_0711.wav,ddl,drone,1.0,,74bdf63cafb6a64136ea,val,False
data/raw/ddl/audio/drone/drone_0712.wav,ddl,drone,1.0,,74bdf63cafb6a64136ea,val,False
data/raw/ddl/audio/drone/drone_0713.wav,ddl,drone,1.0,,74bdf63cafb6a64136ea,val,False
data/raw/ddl/audio/drone/drone_0714.wav,ddl,drone,1.0,,74bdf63cafb6a64136ea,val,False
data/raw/ddl/audio/drone/drone_0715.wav,ddl,drone,1.0,,74bdf63cafb6a64136ea,val,False
data/raw/ddl/audio/drone/drone_0716.wav,ddl,drone,1.0,,74bdf63cafb6a64136ea,val,False
data/raw/ddl/audio/drone/drone_0717.wav,ddl,drone,1.0,,74bdf63cafb6a64136ea,val,False
data/raw/ddl/audio/drone/drone_0718.wav,ddl,drone,1.0,,74bdf63cafb6a64136ea,val,False
data/raw/ddl/audio/drone/drone_0719.wav,ddl,drone,1.0,,74bdf63cafb6a64136ea,val,False
data/raw/ddl/audio/drone/drone_0720.wav,ddl,drone,1.0,,74bdf63cafb6a64136ea,val,False
data/raw/ddl/audio/drone/drone_0721.wav,ddl,drone,1.0,,74bdf63cafb6a64136ea,val,False
data/raw/ddl/audio/drone/drone_0722.wav,ddl,drone,1.0,,74bdf63cafb6a64136ea,val,False
data/raw/ddl/audio/drone/drone_0723.wav,ddl,drone,1.0,,74bdf63cafb6a64136ea,val,False
data/raw/ddl/audio/drone/drone_0724.wav,ddl,drone,1.0,,74bdf63cafb6a64136ea,val,False
data/raw/ddl/audio/drone/drone_0725.wav,ddl,drone,1.0,,74bdf63cafb6a64136ea,val,False
data/raw/ddl/audio/drone/drone_0726.wav,ddl,drone,1.0,,74bdf63cafb6a64136ea,val,False
data/raw/ddl/audio/drone/drone_0727.wav,ddl,drone,1.0,,74bdf63cafb6a64136ea,val,False
data/raw/ddl/audio/drone/drone_0728.wav,ddl,drone,1.0,,74bdf63cafb6a64136ea,val,False
data/raw/ddl/audio/drone/drone_0729.wav,ddl,drone,1.0,,74bdf63cafb6a64136ea,val,False
data/raw/ddl/audio/drone/drone_0730.wav,ddl,drone,1.0,,74bdf63cafb6a64136ea,val,False
data/raw/ddl/audio/drone/drone_0731.wav,ddl,drone,1.0,,74bdf63cafb6a64136ea,val,False
data/raw/ddl/audio/drone/drone_0732.wav,ddl,drone,1.0,,74bdf63cafb6a64136ea,val,False
data/raw/ddl/audio/drone/drone_0733.wav,ddl,drone,1.0,,74bdf63cafb6a64136ea,val,False
data/raw/ddl/audio/drone/drone_0734.wav,ddl,drone,1.0,,74bdf63cafb6a64136ea,val,False
data/raw/ddl/audio/drone/drone_0735.wav,ddl,drone,1.0,,74bdf63cafb6a64136ea,val,False
data/raw/ddl/audio/drone/drone_0736.wav,ddl,drone,1.0,,74bdf63cafb6a64136ea,val,False
data/raw/ddl/audio/drone/drone_0737.wav,ddl,drone,1.0,,74bdf63cafb6a64136ea,val,False
data/raw/ddl/audio/drone/drone_0738.wav,ddl,drone,1.0,,6d1dd9a8826e57f5f69c,train,False
data/raw/ddl/audio/drone/drone_0739.wav,ddl,drone,1.0,,6d1dd9a8826e57f5f69c,train,False
data/raw/ddl/audio/drone/drone_0740.wav,ddl,drone,1.0,,6d1dd9a8826e57f5f69c,train,False
data/raw/ddl/audio/drone/drone_0741.wav,ddl,drone,1.0,,6d1dd9a8826e57f5f69c,train,False
data/raw/ddl/audio/drone/drone_0742.wav,ddl,drone,1.0,,6d1dd9a8826e57f5f69c,train,False
data/raw/ddl/audio/drone/drone_0743.wav,ddl,drone,1.0,,6d1dd9a8826e57f5f69c,train,False
data/raw/ddl/audio/drone/drone_0744.wav,ddl,drone,1.0,,6d1dd9a8826e57f5f69c,train,False
data/raw/ddl/audio/drone/drone_0745.wav,ddl,drone,1.0,,6d1dd9a8826e57f5f69c,train,False
data/raw/ddl/audio/drone/drone_0746.wav,ddl,drone,1.0,,6d1dd9a8826e57f5f69c,train,False
data/raw/ddl/audio/drone/drone_0747.wav,ddl,drone,1.0,,6d1dd9a8826e57f5f69c,train,False
data/raw/ddl/audio/drone/drone_0748.wav,ddl,drone,1.0,,6d1dd9a8826e57f5f69c,train,False
data/raw/ddl/audio/drone/drone_0749.wav,ddl,drone,1.0,,6d1dd9a8826e57f5f69c,train,False
data/raw/ddl/audio/drone/drone_0750.wav,ddl,drone,1.0,,6d1dd9a8826e57f5f69c,train,False
data/raw/ddl/audio/drone/drone_0751.wav,ddl,drone,1.0,,6d1dd9a8826e57f5f69c,train,False
data/raw/ddl/audio/drone/drone_0752.wav,ddl,drone,1.0,,6d1dd9a8826e57f5f69c,train,False
data/raw/ddl/audio/drone/drone_0753.wav,ddl,drone,1.0,,6d1dd9a8826e57f5f69c,train,False
data/raw/ddl/audio/drone/drone_0754.wav,ddl,drone,1.0,,6d1dd9a8826e57f5f69c,train,False
data/raw/ddl/audio/drone/drone_0755.wav,ddl,drone,1.0,,6d1dd9a8826e57f5f69c,train,False
data/raw/ddl/audio/drone/drone_0756.wav,ddl,drone,1.0,,6d1dd9a8826e57f5f69c,train,False
data/raw/ddl/audio/drone/drone_0757.wav,ddl,drone,1.0,,6d1dd9a8826e57f5f69c,train,False
data/raw/ddl/audio/drone/drone_0758.wav,ddl,drone,1.0,,6d1dd9a8826e57f5f69c,train,False
data/raw/ddl/audio/drone/drone_0759.wav,ddl,drone,1.0,,6d1dd9a8826e57f5f69c,train,False
data/raw/ddl/audio/drone/drone_0760.wav,ddl,drone,1.0,,6d1dd9a8826e57f5f69c,train,False
data/raw/ddl/audio/drone/drone_0761.wav,ddl,drone,1.0,,6d1dd9a8826e57f5f69c,train,False
data/raw/ddl/audio/drone/drone_0762.wav,ddl,drone,1.0,,6d1dd9a8826e57f5f69c,train,False
data/raw/ddl/audio/drone/drone_0763.wav,ddl,drone,1.0,,6d1dd9a8826e57f5f69c,train,False
data/raw/ddl/audio/drone/drone_0764.wav,ddl,drone,1.0,,6d1dd9a8826e57f5f69c,train,False
data/raw/ddl/audio/drone/drone_0765.wav,ddl,drone,1.0,,6d1dd9a8826e57f5f69c,train,False
data/raw/ddl/audio/drone/drone_0766.wav,ddl,drone,1.0,,6d1dd9a8826e57f5f69c,train,False
data/raw/ddl/audio/drone/drone_0767.wav,ddl,drone,1.0,,6d1dd9a8826e57f5f69c,train,False
data/raw/ddl/audio/drone/drone_0768.wav,ddl,drone,1.0,,6d1dd9a8826e57f5f69c,train,False
data/raw/ddl/audio/drone/drone_0769.wav,ddl,drone,1.0,,6d1dd9a8826e57f5f69c,train,False
data/raw/ddl/audio/drone/drone_0770.wav,ddl,drone,1.0,,6d1dd9a8826e57f5f69c,train,False
data/raw/ddl/audio/drone/drone_0771.wav,ddl,drone,1.0,,6d1dd9a8826e57f5f69c,train,False
data/raw/ddl/audio/drone/drone_0772.wav,ddl,drone,1.0,,6d1dd9a8826e57f5f69c,train,False
data/raw/ddl/audio/drone/drone_0773.wav,ddl,drone,1.0,,6d1dd9a8826e57f5f69c,train,False
data/raw/ddl/audio/drone/drone_0774.wav,ddl,drone,1.0,,6d1dd9a8826e57f5f69c,train,False
data/raw/ddl/audio/drone/drone_0775.wav,ddl,drone,1.0,,6d1dd9a8826e57f5f69c,train,False
data/raw/ddl/audio/drone/drone_0776.wav,ddl,drone,1.0,,6d1dd9a8826e57f5f69c,train,False
data/raw/ddl/audio/drone/drone_0777.wav,ddl,drone,1.0,,1102f32781b8ae6712b6,test,False
data/raw/ddl/audio/drone/drone_0778.wav,ddl,drone,1.0,,1102f32781b8ae6712b6,test,False
data/raw/ddl/audio/drone/drone_0779.wav,ddl,drone,1.0,,1102f32781b8ae6712b6,test,False
data/raw/ddl/audio/drone/drone_0780.wav,ddl,drone,1.0,,1102f32781b8ae6712b6,test,False
data/raw/ddl/audio/drone/drone_0781.wav,ddl,drone,1.0,,1102f32781b8ae6712b6,test,False
data/raw/ddl/audio/drone/drone_0782.wav,ddl,drone,1.0,,1102f32781b8ae6712b6,test,False
data/raw/ddl/audio/drone/drone_0783.wav,ddl,drone,1.0,,1102f32781b8ae6712b6,test,False
data/raw/ddl/audio/drone/drone_0784.wav,ddl,drone,1.0,,1102f32781b8ae6712b6,test,False
data/raw/ddl/audio/drone/drone_0785.wav,ddl,drone,1.0,,1102f32781b8ae6712b6,test,False
data/raw/ddl/audio/drone/drone_0786.wav,ddl,drone,1.0,,1102f32781b8ae6712b6,test,False
data/raw/ddl/audio/drone/drone_0787.wav,ddl,drone,1.0,,1102f32781b8ae6712b6,test,False
data/raw/ddl/audio/drone/drone_0788.wav,ddl,drone,1.0,,1102f32781b8ae6712b6,test,False
data/raw/ddl/audio/drone/drone_0789.wav,ddl,drone,1.0,,1102f32781b8ae6712b6,test,False
data/raw/ddl/audio/drone/drone_0790.wav,ddl,drone,1.0,,1102f32781b8ae6712b6,test,False
data/raw/ddl/audio/drone/drone_0791.wav,ddl,drone,1.0,,1102f32781b8ae6712b6,test,False
data/raw/ddl/audio/drone/drone_0792.wav,ddl,drone,1.0,,1102f32781b8ae6712b6,test,False
data/raw/ddl/audio/drone/drone_0793.wav,ddl,drone,1.0,,1102f32781b8ae6712b6,test,False
data/raw/ddl/audio/drone/drone_0794.wav,ddl,drone,1.0,,1102f32781b8ae6712b6,test,False
data/raw/ddl/audio/drone/drone_0795.wav,ddl,drone,1.0,,1102f32781b8ae6712b6,test,False
data/raw/ddl/audio/drone/drone_0796.wav,ddl,drone,1.0,,1102f32781b8ae6712b6,test,False
data/raw/ddl/audio/drone/drone_0797.wav,ddl,drone,1.0,,1102f32781b8ae6712b6,test,False
data/raw/ddl/audio/drone/drone_0798.wav,ddl,drone,1.0,,1102f32781b8ae6712b6,test,False
data/raw/ddl/audio/drone/drone_0799.wav,ddl,drone,1.0,,1102f32781b8ae6712b6,test,False
data/raw/ddl/audio/drone/drone_0800.wav,ddl,drone,1.0,,1102f32781b8ae6712b6,test,False
data/raw/ddl/audio/drone/drone_0801.wav,ddl,drone,1.0,,1102f32781b8ae6712b6,test,False
data/raw/ddl/audio/drone/drone_0802.wav,ddl,drone,1.0,,1102f32781b8ae6712b6,test,False
data/raw/ddl/audio/drone/drone_0803.wav,ddl,drone,1.0,,1102f32781b8ae6712b6,test,False
data/raw/ddl/audio/drone/drone_0804.wav,ddl,drone,1.0,,1102f32781b8ae6712b6,test,False
data/raw/ddl/audio/drone/drone_0805.wav,ddl,drone,1.0,,1102f32781b8ae6712b6,test,False
data/raw/ddl/audio/drone/drone_0806.wav,ddl,drone,1.0,,1102f32781b8ae6712b6,test,False
data/raw/ddl/audio/drone/drone_0807.wav,ddl,drone,1.0,,1102f32781b8ae6712b6,test,False
data/raw/ddl/audio/drone/drone_0808.wav,ddl,drone,1.0,,1102f32781b8ae6712b6,test,False
data/raw/ddl/audio/drone/drone_0809.wav,ddl,drone,1.0,,1102f32781b8ae6712b6,test,False
data/raw/ddl/audio/drone/drone_0810.wav,ddl,drone,1.0,,1102f32781b8ae6712b6,test,False
data/raw/ddl/audio/drone/drone_0811.wav,ddl,drone,1.0,,1102f32781b8ae6712b6,test,False
data/raw/ddl/audio/drone/drone_0812.wav,ddl,drone,1.0,,1102f32781b8ae6712b6,test,False
data/raw/ddl/audio/drone/drone_0813.wav,ddl,drone,1.0,,1102f32781b8ae6712b6,test,False
data/raw/ddl/audio/drone/drone_0814.wav,ddl,drone,1.0,,1102f32781b8ae6712b6,test,False
data/raw/ddl/audio/drone/drone_0815.wav,ddl,drone,1.0,,1102f32781b8ae6712b6,test,False
data/raw/ddl/audio/drone/drone_0816.wav,ddl,drone,1.0,,1102f32781b8ae6712b6,test,False
data/raw/ddl/audio/drone/drone_0817.wav,ddl,drone,1.0,,1102f32781b8ae6712b6,test,False
data/raw/ddl/audio/drone/drone_0818.wav,ddl,drone,1.0,,1102f32781b8ae6712b6,test,False
data/raw/ddl/audio/drone/drone_0819.wav,ddl,drone,1.0,,1102f32781b8ae6712b6,test,False
data/raw/ddl/audio/drone/drone_0820.wav,ddl,drone,1.0,,1102f32781b8ae6712b6,test,False
data/raw/ddl/audio/drone/drone_0821.wav,ddl,drone,1.0,,1102f32781b8ae6712b6,test,False
data/raw/ddl/audio/drone/drone_0822.wav,ddl,drone,1.0,,1102f32781b8ae6712b6,test,False
data/raw/ddl/audio/drone/drone_0823.wav,ddl,drone,1.0,,1102f32781b8ae6712b6,test,False
data/raw/ddl/audio/drone/drone_0824.wav,ddl,drone,1.0,,1102f32781b8ae6712b6,test,False
data/raw/ddl/audio/drone/drone_0825.wav,ddl,drone,1.0,,1102f32781b8ae6712b6,test,False
data/raw/ddl/audio/drone/drone_0826.wav,ddl,drone,1.0,,1102f32781b8ae6712b6,test,False
data/raw/ddl/audio/drone/drone_0827.wav,ddl,drone,1.0,,1102f32781b8ae6712b6,test,False
data/raw/ddl/audio/drone/drone_0828.wav,ddl,drone,1.0,,1102f32781b8ae6712b6,test,False
data/raw/ddl/audio/drone/drone_0829.wav,ddl,drone,1.0,,1102f32781b8ae6712b6,test,False
data/raw/ddl/audio/drone/drone_0830.wav,ddl,drone,1.0,,1102f32781b8ae6712b6,test,False
data/raw/ddl/audio/drone/drone_0831.wav,ddl,drone,1.0,,1102f32781b8ae6712b6,test,False
data/raw/ddl/audio/drone/drone_0832.wav,ddl,drone,1.0,,1102f32781b8ae6712b6,test,False
data/raw/ddl/audio/drone/drone_0833.wav,ddl,drone,1.0,,1102f32781b8ae6712b6,test,False
data/raw/ddl/audio/drone/drone_0834.wav,ddl,drone,1.0,,1102f32781b8ae6712b6,test,False
data/raw/ddl/audio/drone/drone_0835.wav,ddl,drone,1.0,,1102f32781b8ae6712b6,test,False
data/raw/ddl/audio/drone/drone_0836.wav,ddl,drone,1.0,,1102f32781b8ae6712b6,test,False
data/raw/ddl/audio/drone/drone_0837.wav,ddl,drone,1.0,,1102f32781b8ae6712b6,test,False
data/raw/ddl/audio/drone/drone_0838.wav,ddl,drone,1.0,,1102f32781b8ae6712b6,test,False
data/raw/ddl/audio/drone/drone_0839.wav,ddl,drone,1.0,,1102f32781b8ae6712b6,test,False
data/raw/ddl/audio/drone/drone_0840.wav,ddl,drone,1.0,,22a24482dc772ce57f1f,train,False
data/raw/ddl/audio/drone/drone_0841.wav,ddl,drone,1.0,,22a24482dc772ce57f1f,train,False
data/raw/ddl/audio/drone/drone_0842.wav,ddl,drone,1.0,,22a24482dc772ce57f1f,train,False
data/raw/ddl/audio/drone/drone_0843.wav,ddl,drone,1.0,,22a24482dc772ce57f1f,train,False
data/raw/ddl/audio/drone/drone_0844.wav,ddl,drone,1.0,,22a24482dc772ce57f1f,train,False
data/raw/ddl/audio/drone/drone_0845.wav,ddl,drone,1.0,,22a24482dc772ce57f1f,train,False
data/raw/ddl/audio/drone/drone_0846.wav,ddl,drone,1.0,,22a24482dc772ce57f1f,train,False
data/raw/ddl/audio/drone/drone_0847.wav,ddl,drone,1.0,,22a24482dc772ce57f1f,train,False
data/raw/ddl/audio/drone/drone_0848.wav,ddl,drone,1.0,,22a24482dc772ce57f1f,train,False
data/raw/ddl/audio/drone/drone_0849.wav,ddl,drone,1.0,,22a24482dc772ce57f1f,train,False
data/raw/ddl/audio/drone/drone_0850.wav,ddl,drone,1.0,,22a24482dc772ce57f1f,train,False
data/raw/ddl/audio/drone/drone_0851.wav,ddl,drone,1.0,,22a24482dc772ce57f1f,train,False
data/raw/ddl/audio/drone/drone_0852.wav,ddl,drone,1.0,,22a24482dc772ce57f1f,train,False
data/raw/ddl/audio/drone/drone_0853.wav,ddl,drone,1.0,,22a24482dc772ce57f1f,train,False
data/raw/ddl/audio/drone/drone_0854.wav,ddl,drone,1.0,,22a24482dc772ce57f1f,train,False
data/raw/ddl/audio/drone/drone_0855.wav,ddl,drone,1.0,,22a24482dc772ce57f1f,train,False
data/raw/ddl/audio/drone/drone_0856.wav,ddl,drone,1.0,,22a24482dc772ce57f1f,train,False
data/raw/ddl/audio/drone/drone_0857.wav,ddl,drone,1.0,,22a24482dc772ce57f1f,train,False
data/raw/ddl/audio/drone/drone_0858.wav,ddl,drone,1.0,,22a24482dc772ce57f1f,train,False
data/raw/ddl/audio/drone/drone_0859.wav,ddl,drone,1.0,,22a24482dc772ce57f1f,train,False
data/raw/ddl/audio/drone/drone_0860.wav,ddl,drone,1.0,,22a24482dc772ce57f1f,train,False
data/raw/ddl/audio/drone/drone_0861.wav,ddl,drone,1.0,,22a24482dc772ce57f1f,train,False
data/raw/ddl/audio/drone/drone_0862.wav,ddl,drone,1.0,,22a24482dc772ce57f1f,train,False
data/raw/ddl/audio/drone/drone_0863.wav,ddl,drone,1.0,,22a24482dc772ce57f1f,train,False
data/raw/ddl/audio/drone/drone_0864.wav,ddl,drone,1.0,,22a24482dc772ce57f1f,train,False
data/raw/ddl/audio/drone/drone_0865.wav,ddl,drone,1.0,,22a24482dc772ce57f1f,train,False
data/raw/ddl/audio/drone/drone_0866.wav,ddl,drone,1.0,,22a24482dc772ce57f1f,train,False
data/raw/ddl/audio/drone/drone_0867.wav,ddl,drone,1.0,,22a24482dc772ce57f1f,train,False
data/raw/ddl/audio/drone/drone_0868.wav,ddl,drone,1.0,,22a24482dc772ce57f1f,train,False
data/raw/ddl/audio/drone/drone_0869.wav,ddl,drone,1.0,,22a24482dc772ce57f1f,train,False
data/raw/ddl/audio/drone/drone_0870.wav,ddl,drone,1.0,,22a24482dc772ce57f1f,train,False
data/raw/ddl/audio/drone/drone_0871.wav,ddl,drone,1.0,,22a24482dc772ce57f1f,train,False
data/raw/ddl/audio/drone/drone_0872.wav,ddl,drone,1.0,,22a24482dc772ce57f1f,train,False
data/raw/ddl/audio/drone/drone_0873.wav,ddl,drone,1.0,,22a24482dc772ce57f1f,train,False
data/raw/ddl/audio/drone/drone_0874.wav,ddl,drone,1.0,,22a24482dc772ce57f1f,train,False
data/raw/ddl/audio/drone/drone_0875.wav,ddl,drone,1.0,,22a24482dc772ce57f1f,train,False
data/raw/ddl/audio/drone/drone_0876.wav,ddl,drone,1.0,,22a24482dc772ce57f1f,train,False
data/raw/ddl/audio/drone/drone_0877.wav,ddl,drone,1.0,,46b4d07596f835fcb40a,train,False
data/raw/ddl/audio/drone/drone_0878.wav,ddl,drone,1.0,,46b4d07596f835fcb40a,train,False
data/raw/ddl/audio/drone/drone_0879.wav,ddl,drone,1.0,,46b4d07596f835fcb40a,train,False
data/raw/ddl/audio/drone/drone_0880.wav,ddl,drone,1.0,,46b4d07596f835fcb40a,train,False
data/raw/ddl/audio/drone/drone_0881.wav,ddl,drone,1.0,,46b4d07596f835fcb40a,train,False
data/raw/ddl/audio/drone/drone_0882.wav,ddl,drone,1.0,,46b4d07596f835fcb40a,train,False
data/raw/ddl/audio/drone/drone_0883.wav,ddl,drone,1.0,,46b4d07596f835fcb40a,train,False
data/raw/ddl/audio/drone/drone_0884.wav,ddl,drone,1.0,,46b4d07596f835fcb40a,train,False
data/raw/ddl/audio/drone/drone_0885.wav,ddl,drone,1.0,,46b4d07596f835fcb40a,train,False
data/raw/ddl/audio/drone/drone_0886.wav,ddl,drone,1.0,,46b4d07596f835fcb40a,train,False
data/raw/ddl/audio/drone/drone_0887.wav,ddl,drone,1.0,,46b4d07596f835fcb40a,train,False
data/raw/ddl/audio/drone/drone_0888.wav,ddl,drone,1.0,,46b4d07596f835fcb40a,train,False
data/raw/ddl/audio/drone/drone_0889.wav,ddl,drone,1.0,,46b4d07596f835fcb40a,train,False
data/raw/ddl/audio/drone/drone_0890.wav,ddl,drone,1.0,,46b4d07596f835fcb40a,train,False
data/raw/ddl/audio/drone/drone_0891.wav,ddl,drone,1.0,,46b4d07596f835fcb40a,train,False
data/raw/ddl/audio/drone/drone_0892.wav,ddl,drone,1.0,,46b4d07596f835fcb40a,train,False
data/raw/ddl/audio/drone/drone_0893.wav,ddl,drone,1.0,,46b4d07596f835fcb40a,train,False
data/raw/ddl/audio/drone/drone_0894.wav,ddl,drone,1.0,,46b4d07596f835fcb40a,train,False
data/raw/ddl/audio/drone/drone_0895.wav,ddl,drone,1.0,,46b4d07596f835fcb40a,train,False
data/raw/ddl/audio/drone/drone_0896.wav,ddl,drone,1.0,,46b4d07596f835fcb40a,train,False
data/raw/ddl/audio/drone/drone_0897.wav,ddl,drone,1.0,,46b4d07596f835fcb40a,train,False
data/raw/ddl/audio/drone/drone_0898.wav,ddl,drone,1.0,,46b4d07596f835fcb40a,train,False
data/raw/ddl/audio/drone/drone_0899.wav,ddl,drone,1.0,,46b4d07596f835fcb40a,train,False
data/raw/ddl/audio/drone/drone_0900.wav,ddl,drone,1.0,,46b4d07596f835fcb40a,train,False
data/raw/ddl/audio/drone/drone_0901.wav,ddl,drone,1.0,,46b4d07596f835fcb40a,train,False
data/raw/ddl/audio/drone/drone_0902.wav,ddl,drone,1.0,,46b4d07596f835fcb40a,train,False
data/raw/ddl/audio/drone/drone_0903.wav,ddl,drone,1.0,,46b4d07596f835fcb40a,train,False
data/raw/ddl/audio/drone/drone_0904.wav,ddl,drone,1.0,,46b4d07596f835fcb40a,train,False
data/raw/ddl/audio/drone/drone_0905.wav,ddl,drone,1.0,,46b4d07596f835fcb40a,train,False
data/raw/ddl/audio/drone/drone_0906.wav,ddl,drone,1.0,,46b4d07596f835fcb40a,train,False
data/raw/ddl/audio/drone/drone_0907.wav,ddl,drone,1.0,,46b4d07596f835fcb40a,train,False
data/raw/ddl/audio/drone/drone_0908.wav,ddl,drone,1.0,,46b4d07596f835fcb40a,train,False
data/raw/ddl/audio/drone/drone_0909.wav,ddl,drone,1.0,,46b4d07596f835fcb40a,train,False
data/raw/ddl/audio/drone/drone_0910.wav,ddl,drone,1.0,,a00df456e8f2238a5834,train,False
data/raw/ddl/audio/drone/drone_0911.wav,ddl,drone,1.0,,a00df456e8f2238a5834,train,False
data/raw/ddl/audio/drone/drone_0912.wav,ddl,drone,1.0,,a00df456e8f2238a5834,train,False
data/raw/ddl/audio/drone/drone_0913.wav,ddl,drone,1.0,,a00df456e8f2238a5834,train,False
data/raw/ddl/audio/drone/drone_0914.wav,ddl,drone,1.0,,a00df456e8f2238a5834,train,False
data/raw/ddl/audio/drone/drone_0915.wav,ddl,drone,1.0,,a00df456e8f2238a5834,train,False
data/raw/ddl/audio/drone/drone_0916.wav,ddl,drone,1.0,,a00df456e8f2238a5834,train,False
data/raw/ddl/audio/drone/drone_0917.wav,ddl,drone,1.0,,a00df456e8f2238a5834,train,False
data/raw/ddl/audio/drone/drone_0918.wav,ddl,drone,1.0,,a00df456e8f2238a5834,train,False
data/raw/ddl/audio/drone/drone_0919.wav,ddl,drone,1.0,,a00df456e8f2238a5834,train,False
data/raw/ddl/audio/drone/drone_0920.wav,ddl,drone,1.0,,a00df456e8f2238a5834,train,False
data/raw/ddl/audio/drone/drone_0921.wav,ddl,drone,1.0,,a00df456e8f2238a5834,train,False
data/raw/ddl/audio/drone/drone_0922.wav,ddl,drone,1.0,,a00df456e8f2238a5834,train,False
data/raw/ddl/audio/drone/drone_0923.wav,ddl,drone,1.0,,a00df456e8f2238a5834,train,False
data/raw/ddl/audio/drone/drone_0924.wav,ddl,drone,1.0,,a00df456e8f2238a5834,train,False
data/raw/ddl/audio/drone/drone_0925.wav,ddl,drone,1.0,,a00df456e8f2238a5834,train,False
data/raw/ddl/audio/drone/drone_0926.wav,ddl,drone,1.0,,a00df456e8f2238a5834,train,False
data/raw/ddl/audio/drone/drone_0927.wav,ddl,drone,1.0,,a00df456e8f2238a5834,train,False
data/raw/ddl/audio/drone/drone_0928.wav,ddl,drone,1.0,,a00df456e8f2238a5834,train,False
data/raw/ddl/audio/drone/drone_0929.wav,ddl,drone,1.0,,a00df456e8f2238a5834,train,False
data/raw/ddl/audio/drone/drone_0930.wav,ddl,drone,1.0,,a00df456e8f2238a5834,train,False
data/raw/ddl/audio/drone/drone_0931.wav,ddl,drone,1.0,,a00df456e8f2238a5834,train,False
data/raw/ddl/audio/drone/drone_0932.wav,ddl,drone,1.0,,a00df456e8f2238a5834,train,False
data/raw/ddl/audio/drone/drone_0933.wav,ddl,drone,1.0,,a00df456e8f2238a5834,train,False
data/raw/ddl/audio/drone/drone_0934.wav,ddl,drone,1.0,,a00df456e8f2238a5834,train,False
data/raw/ddl/audio/drone/drone_0935.wav,ddl,drone,1.0,,a00df456e8f2238a5834,train,False
data/raw/ddl/audio/drone/drone_0936.wav,ddl,drone,1.0,,a00df456e8f2238a5834,train,False
data/raw/ddl/audio/drone/drone_0937.wav,ddl,drone,1.0,,a00df456e8f2238a5834,train,False
data/raw/ddl/audio/drone/drone_0938.wav,ddl,drone,1.0,,a00df456e8f2238a5834,train,False
data/raw/ddl/audio/drone/drone_0939.wav,ddl,drone,1.0,,a00df456e8f2238a5834,train,False
data/raw/ddl/audio/drone/drone_0940.wav,ddl,drone,1.0,,a00df456e8f2238a5834,train,False
data/raw/ddl/audio/drone/drone_0941.wav,ddl,drone,1.0,,a00df456e8f2238a5834,train,False
data/raw/ddl/audio/drone/drone_0942.wav,ddl,drone,1.0,,a00df456e8f2238a5834,train,False
data/raw/ddl/audio/drone/drone_0943.wav,ddl,drone,1.0,,a00df456e8f2238a5834,train,False
data/raw/ddl/audio/drone/drone_0944.wav,ddl,drone,1.0,,a00df456e8f2238a5834,train,False
data/raw/ddl/audio/drone/drone_0945.wav,ddl,drone,1.0,,a00df456e8f2238a5834,train,False
data/raw/ddl/audio/drone/drone_0946.wav,ddl,drone,1.0,,a00df456e8f2238a5834,train,False
data/raw/ddl/audio/drone/drone_0947.wav,ddl,drone,1.0,,a00df456e8f2238a5834,train,False
data/raw/ddl/audio/drone/drone_0948.wav,ddl,drone,1.0,,a00df456e8f2238a5834,train,False
data/raw/ddl/audio/drone/drone_0949.wav,ddl,drone,1.0,,a00df456e8f2238a5834,train,False
data/raw/ddl/audio/drone/drone_0950.wav,ddl,drone,1.0,,a00df456e8f2238a5834,train,False
data/raw/ddl/audio/drone/drone_0951.wav,ddl,drone,1.0,,a00df456e8f2238a5834,train,False
data/raw/ddl/audio/drone/drone_0952.wav,ddl,drone,1.0,,a00df456e8f2238a5834,train,False
data/raw/ddl/audio/drone/drone_0953.wav,ddl,drone,1.0,,a00df456e8f2238a5834,train,False
data/raw/ddl/audio/drone/drone_0954.wav,ddl,drone,1.0,,a00df456e8f2238a5834,train,False
data/raw/ddl/audio/drone/drone_0955.wav,ddl,drone,1.0,,a00df456e8f2238a5834,train,False
data/raw/ddl/audio/drone/drone_0956.wav,ddl,drone,1.0,,a00df456e8f2238a5834,train,False
data/raw/ddl/audio/drone/drone_0957.wav,ddl,drone,1.0,,a00df456e8f2238a5834,train,False
data/raw/ddl/audio/drone/drone_0958.wav,ddl,drone,1.0,,a00df456e8f2238a5834,train,False
data/raw/ddl/audio/drone/drone_0959.wav,ddl,drone,1.0,,f567aa08b183ed996ef4,train,False
data/raw/ddl/audio/drone/drone_0960.wav,ddl,drone,1.0,,f567aa08b183ed996ef4,train,False
data/raw/ddl/audio/drone/drone_0961.wav,ddl,drone,1.0,,f567aa08b183ed996ef4,train,False
data/raw/ddl/audio/drone/drone_0962.wav,ddl,drone,1.0,,f567aa08b183ed996ef4,train,False
data/raw/ddl/audio/drone/drone_0963.wav,ddl,drone,1.0,,f567aa08b183ed996ef4,train,False
data/raw/ddl/audio/drone/drone_0964.wav,ddl,drone,1.0,,f567aa08b183ed996ef4,train,False
data/raw/ddl/audio/drone/drone_0965.wav,ddl,drone,1.0,,f567aa08b183ed996ef4,train,False
data/raw/ddl/audio/drone/drone_0966.wav,ddl,drone,1.0,,f567aa08b183ed996ef4,train,False
data/raw/ddl/audio/drone/drone_0967.wav,ddl,drone,1.0,,f567aa08b183ed996ef4,train,False
data/raw/ddl/audio/drone/drone_0968.wav,ddl,drone,1.0,,f567aa08b183ed996ef4,train,False
data/raw/ddl/audio/drone/drone_0969.wav,ddl,drone,1.0,,f567aa08b183ed996ef4,train,False
data/raw/ddl/audio/drone/drone_0970.wav,ddl,drone,1.0,,f567aa08b183ed996ef4,train,False
data/raw/ddl/audio/drone/drone_0971.wav,ddl,drone,1.0,,f567aa08b183ed996ef4,train,False
data/raw/ddl/audio/drone/drone_0972.wav,ddl,drone,1.0,,f567aa08b183ed996ef4,train,False
data/raw/ddl/audio/drone/drone_0973.wav,ddl,drone,1.0,,f567aa08b183ed996ef4,train,False
data/raw/ddl/audio/drone/drone_0974.wav,ddl,drone,1.0,,f567aa08b183ed996ef4,train,False
data/raw/ddl/audio/drone/drone_0975.wav,ddl,drone,1.0,,f567aa08b183ed996ef4,train,False
data/raw/ddl/audio/drone/drone_0976.wav,ddl,drone,1.0,,f567aa08b183ed996ef4,train,False
data/raw/ddl/audio/drone/drone_0977.wav,ddl,drone,1.0,,f567aa08b183ed996ef4,train,False
data/raw/ddl/audio/drone/drone_0978.wav,ddl,drone,1.0,,f567aa08b183ed996ef4,train,False
data/raw/ddl/audio/drone/drone_0979.wav,ddl,drone,1.0,,f567aa08b183ed996ef4,train,False
data/raw/ddl/audio/drone/drone_0980.wav,ddl,drone,1.0,,f567aa08b183ed996ef4,train,False
data/raw/ddl/audio/drone/drone_0981.wav,ddl,drone,1.0,,f567aa08b183ed996ef4,train,False
data/raw/ddl/audio/drone/drone_0982.wav,ddl,drone,1.0,,f567aa08b183ed996ef4,train,False
data/raw/ddl/audio/drone/drone_0983.wav,ddl,drone,1.0,,f567aa08b183ed996ef4,train,False
data/raw/ddl/audio/drone/drone_0984.wav,ddl,drone,1.0,,f567aa08b183ed996ef4,train,False
data/raw/ddl/audio/drone/drone_0985.wav,ddl,drone,1.0,,f567aa08b183ed996ef4,train,False
data/raw/ddl/audio/drone/drone_0986.wav,ddl,drone,1.0,,f567aa08b183ed996ef4,train,False
data/raw/ddl/audio/drone/drone_0987.wav,ddl,drone,1.0,,f567aa08b183ed996ef4,train,False
data/raw/ddl/audio/drone/drone_0988.wav,ddl,drone,1.0,,f567aa08b183ed996ef4,train,False
data/raw/ddl/audio/drone/drone_0989.wav,ddl,drone,1.0,,f567aa08b183ed996ef4,train,False
data/raw/ddl/audio/drone/drone_0990.wav,ddl,drone,1.0,,f567aa08b183ed996ef4,train,False
data/raw/ddl/audio/drone/drone_0991.wav,ddl,drone,1.0,,f567aa08b183ed996ef4,train,False
data/raw/ddl/audio/drone/drone_0992.wav,ddl,drone,1.0,,f567aa08b183ed996ef4,train,False
data/raw/ddl/audio/drone/drone_0993.wav,ddl,drone,1.0,,f567aa08b183ed996ef4,train,False
data/raw/ddl/audio/drone/drone_0994.wav,ddl,drone,1.0,,f567aa08b183ed996ef4,train,False
data/raw/ddl/audio/drone/drone_0995.wav,ddl,drone,1.0,,f567aa08b183ed996ef4,train,False
data/raw/ddl/audio/drone/drone_0996.wav,ddl,drone,1.0,,f567aa08b183ed996ef4,train,False
data/raw/ddl/audio/drone/drone_0997.wav,ddl,drone,1.0,,f567aa08b183ed996ef4,train,False
data/raw/ddl/audio/drone/drone_0998.wav,ddl,drone,1.0,,f567aa08b183ed996ef4,train,False
data/raw/ddl/audio/drone/drone_0999.wav,ddl,drone,1.0,,f567aa08b183ed996ef4,train,False
data/raw/ddl/audio/drone/drone_1000.wav,ddl,drone,1.0,,f567aa08b183ed996ef4,train,False
data/raw/ddl/audio/drone/drone_1001.wav,ddl,drone,1.0,,f567aa08b183ed996ef4,train,False
data/raw/ddl/audio/drone/drone_1002.wav,ddl,drone,1.0,,f567aa08b183ed996ef4,train,False
data/raw/ddl/audio/drone/drone_1003.wav,ddl,drone,1.0,,f567aa08b183ed996ef4,train,False
data/raw/ddl/audio/drone/drone_1004.wav,ddl,drone,1.0,,f567aa08b183ed996ef4,train,False
data/raw/ddl/audio/drone/drone_1005.wav,ddl,drone,1.0,,f567aa08b183ed996ef4,train,False
data/raw/ddl/audio/drone/drone_1006.wav,ddl,drone,1.0,,f567aa08b183ed996ef4,train,False
data/raw/ddl/audio/drone/drone_1007.wav,ddl,drone,1.0,,f567aa08b183ed996ef4,train,False
data/raw/ddl/audio/drone/drone_1008.wav,ddl,drone,1.0,,f567aa08b183ed996ef4,train,False
data/raw/ddl/audio/drone/drone_1009.wav,ddl,drone,1.0,,f567aa08b183ed996ef4,train,False
data/raw/ddl/audio/drone/drone_1010.wav,ddl,drone,1.0,,f567aa08b183ed996ef4,train,False
data/raw/ddl/audio/drone/drone_1011.wav,ddl,drone,1.0,,f567aa08b183ed996ef4,train,False
data/raw/ddl/audio/drone/drone_1012.wav,ddl,drone,1.0,,f567aa08b183ed996ef4,train,False
data/raw/ddl/audio/drone/drone_1013.wav,ddl,drone,1.0,,f567aa08b183ed996ef4,train,False
data/raw/ddl/audio/drone/drone_1014.wav,ddl,drone,1.0,,f567aa08b183ed996ef4,train,False
data/raw/ddl/audio/drone/drone_1015.wav,ddl,drone,1.0,,f567aa08b183ed996ef4,train,False
data/raw/ddl/audio/drone/drone_1016.wav,ddl,drone,1.0,,f567aa08b183ed996ef4,train,False
data/raw/ddl/audio/drone/drone_1017.wav,ddl,drone,1.0,,f567aa08b183ed996ef4,train,False
data/raw/ddl/audio/drone/drone_1018.wav,ddl,drone,1.0,,f567aa08b183ed996ef4,train,False
data/raw/ddl/audio/drone/drone_1019.wav,ddl,drone,1.0,,f567aa08b183ed996ef4,train,False
data/raw/ddl/audio/drone/drone_1020.wav,ddl,drone,1.0,,f567aa08b183ed996ef4,train,False
data/raw/ddl/audio/drone/drone_1021.wav,ddl,drone,1.0,,f567aa08b183ed996ef4,train,False
data/raw/ddl/audio/drone/drone_1022.wav,ddl,drone,1.0,,f567aa08b183ed996ef4,train,False
data/raw/ddl/audio/drone/drone_1023.wav,ddl,drone,1.0,,f567aa08b183ed996ef4,train,False
data/raw/ddl/audio/drone/drone_1024.wav,ddl,drone,1.0,,f567aa08b183ed996ef4,train,False
data/raw/ddl/audio/drone/drone_1025.wav,ddl,drone,1.0,,f567aa08b183ed996ef4,train,False
data/raw/ddl/audio/drone/drone_1026.wav,ddl,drone,1.0,,f567aa08b183ed996ef4,train,False
data/raw/ddl/audio/drone/drone_1027.wav,ddl,drone,1.0,,f567aa08b183ed996ef4,train,False
data/raw/ddl/audio/drone/drone_1028.wav,ddl,drone,1.0,,f567aa08b183ed996ef4,train,False
data/raw/ddl/audio/drone/drone_1029.wav,ddl,drone,1.0,,f567aa08b183ed996ef4,train,False
data/raw/ddl/audio/drone/drone_1030.wav,ddl,drone,1.0,,f567aa08b183ed996ef4,train,False
data/raw/ddl/audio/drone/drone_1031.wav,ddl,drone,1.0,,f567aa08b183ed996ef4,train,False
data/raw/ddl/audio/drone/drone_1032.wav,ddl,drone,1.0,,f567aa08b183ed996ef4,train,False
data/raw/ddl/audio/drone/drone_1033.wav,ddl,drone,1.0,,f567aa08b183ed996ef4,train,False
data/raw/ddl/audio/drone/drone_1034.wav,ddl,drone,1.0,,f567aa08b183ed996ef4,train,False
data/raw/ddl/audio/drone/drone_1035.wav,ddl,drone,1.0,,f567aa08b183ed996ef4,train,False
data/raw/ddl/audio/drone/drone_1036.wav,ddl,drone,1.0,,f567aa08b183ed996ef4,train,False
data/raw/ddl/audio/drone/drone_1037.wav,ddl,drone,1.0,,f567aa08b183ed996ef4,train,False
data/raw/ddl/audio/drone/drone_1038.wav,ddl,drone,1.0,,f567aa08b183ed996ef4,train,False
data/raw/ddl/audio/drone/drone_1039.wav,ddl,drone,1.0,,f567aa08b183ed996ef4,train,False
data/raw/ddl/audio/drone/drone_1040.wav,ddl,drone,1.0,,f567aa08b183ed996ef4,train,False
data/raw/ddl/audio/drone/drone_1041.wav,ddl,drone,1.0,,f567aa08b183ed996ef4,train,False
data/raw/ddl/audio/drone/drone_1042.wav,ddl,drone,1.0,,f567aa08b183ed996ef4,train,False
data/raw/ddl/audio/drone/drone_1043.wav,ddl,drone,1.0,,f567aa08b183ed996ef4,train,False
data/raw/ddl/audio/drone/drone_1044.wav,ddl,drone,1.0,,f567aa08b183ed996ef4,train,False
data/raw/ddl/audio/drone/drone_1045.wav,ddl,drone,1.0,,f567aa08b183ed996ef4,train,False
data/raw/ddl/audio/drone/drone_1046.wav,ddl,drone,1.0,,f567aa08b183ed996ef4,train,False
data/raw/ddl/audio/drone/drone_1047.wav,ddl,drone,1.0,,f567aa08b183ed996ef4,train,False
data/raw/ddl/audio/drone/drone_1048.wav,ddl,drone,1.0,,f567aa08b183ed996ef4,train,False
data/raw/ddl/audio/drone/drone_1049.wav,ddl,drone,1.0,,f567aa08b183ed996ef4,train,False
data/raw/ddl/audio/drone/drone_1050.wav,ddl,drone,1.0,,f567aa08b183ed996ef4,train,False
data/raw/ddl/audio/drone/drone_1051.wav,ddl,drone,1.0,,f567aa08b183ed996ef4,train,False
data/raw/ddl/audio/drone/drone_1052.wav,ddl,drone,1.0,,f567aa08b183ed996ef4,train,False
data/raw/ddl/audio/drone/drone_1053.wav,ddl,drone,1.0,,f567aa08b183ed996ef4,train,False
data/raw/ddl/audio/drone/drone_1054.wav,ddl,drone,1.0,,f567aa08b183ed996ef4,train,False
data/raw/ddl/audio/drone/drone_1055.wav,ddl,drone,1.0,,f567aa08b183ed996ef4,train,False
data/raw/ddl/audio/drone/drone_1056.wav,ddl,drone,1.0,,f567aa08b183ed996ef4,train,False
data/raw/ddl/audio/drone/drone_1057.wav,ddl,drone,1.0,,f567aa08b183ed996ef4,train,False
data/raw/ddl/audio/drone/drone_1058.wav,ddl,drone,1.0,,f567aa08b183ed996ef4,train,False
data/raw/ddl/audio/drone/drone_1059.wav,ddl,drone,1.0,,f567aa08b183ed996ef4,train,False
data/raw/ddl/audio/drone/drone_1060.wav,ddl,drone,1.0,,f567aa08b183ed996ef4,train,False
data/raw/ddl/audio/drone/drone_1061.wav,ddl,drone,1.0,,f567aa08b183ed996ef4,train,False
data/raw/ddl/audio/drone/drone_1062.wav,ddl,drone,1.0,,f567aa08b183ed996ef4,train,False
data/raw/ddl/audio/drone/drone_1063.wav,ddl,drone,1.0,,f567aa08b183ed996ef4,train,False
data/raw/ddl/audio/drone/drone_1064.wav,ddl,drone,1.0,,f567aa08b183ed996ef4,train,False
data/raw/ddl/audio/drone/drone_1065.wav,ddl,drone,1.0,,f567aa08b183ed996ef4,train,False
data/raw/ddl/audio/drone/drone_1066.wav,ddl,drone,1.0,,f567aa08b183ed996ef4,train,False
data/raw/ddl/audio/drone/drone_1067.wav,ddl,drone,1.0,,f567aa08b183ed996ef4,train,False
data/raw/ddl/audio/drone/drone_1068.wav,ddl,drone,1.0,,f567aa08b183ed996ef4,train,False
data/raw/ddl/audio/drone/drone_1069.wav,ddl,drone,1.0,,f567aa08b183ed996ef4,train,False
data/raw/ddl/audio/drone/drone_1070.wav,ddl,drone,1.0,,f567aa08b183ed996ef4,train,False
data/raw/ddl/audio/drone/drone_1071.wav,ddl,drone,1.0,,f567aa08b183ed996ef4,train,False
data/raw/ddl/audio/drone/drone_1072.wav,ddl,drone,1.0,,f567aa08b183ed996ef4,train,False
data/raw/ddl/audio/drone/drone_1073.wav,ddl,drone,1.0,,f567aa08b183ed996ef4,train,False
data/raw/ddl/audio/drone/drone_1074.wav,ddl,drone,1.0,,f567aa08b183ed996ef4,train,False
data/raw/ddl/audio/drone/drone_1075.wav,ddl,drone,1.0,,f567aa08b183ed996ef4,train,False
data/raw/ddl/audio/drone/drone_1076.wav,ddl,drone,1.0,,f567aa08b183ed996ef4,train,False
data/raw/ddl/audio/drone/drone_1077.wav,ddl,drone,1.0,,f567aa08b183ed996ef4,train,False
data/raw/ddl/audio/drone/drone_1078.wav,ddl,drone,1.0,,f567aa08b183ed996ef4,train,False
data/raw/ddl/audio/drone/drone_1079.wav,ddl,drone,1.0,,f567aa08b183ed996ef4,train,False
data/raw/ddl/audio/drone/drone_1080.wav,ddl,drone,1.0,,f567aa08b183ed996ef4,train,False
data/raw/ddl/audio/drone/drone_1081.wav,ddl,drone,1.0,,f567aa08b183ed996ef4,train,False
data/raw/ddl/audio/drone/drone_1082.wav,ddl,drone,1.0,,f567aa08b183ed996ef4,train,False
data/raw/ddl/audio/drone/drone_1083.wav,ddl,drone,1.0,,f567aa08b183ed996ef4,train,False
data/raw/ddl/audio/drone/drone_1084.wav,ddl,drone,1.0,,f567aa08b183ed996ef4,train,False
data/raw/ddl/audio/drone/drone_1085.wav,ddl,drone,1.0,,f567aa08b183ed996ef4,train,False
data/raw/ddl/audio/drone/drone_1086.wav,ddl,drone,1.0,,f567aa08b183ed996ef4,train,False
data/raw/ddl/audio/drone/drone_1087.wav,ddl,drone,1.0,,f567aa08b183ed996ef4,train,False
data/raw/ddl/audio/drone/drone_1088.wav,ddl,drone,1.0,,f567aa08b183ed996ef4,train,False
data/raw/ddl/audio/drone/drone_1089.wav,ddl,drone,1.0,,f567aa08b183ed996ef4,train,False
data/raw/ddl/audio/drone/drone_1090.wav,ddl,drone,1.0,,f567aa08b183ed996ef4,train,False
data/raw/ddl/audio/drone/drone_1091.wav,ddl,drone,1.0,,f567aa08b183ed996ef4,train,False
data/raw/ddl/audio/drone/drone_1092.wav,ddl,drone,1.0,,f567aa08b183ed996ef4,train,False
data/raw/ddl/audio/drone/drone_1093.wav,ddl,drone,1.0,,f567aa08b183ed996ef4,train,False
data/raw/ddl/audio/drone/drone_1094.wav,ddl,drone,1.0,,f567aa08b183ed996ef4,train,False
data/raw/ddl/audio/drone/drone_1095.wav,ddl,drone,1.0,,f567aa08b183ed996ef4,train,False
data/raw/ddl/audio/drone/drone_1096.wav,ddl,drone,1.0,,f567aa08b183ed996ef4,train,False
data/raw/ddl/audio/drone/drone_1097.wav,ddl,drone,1.0,,f567aa08b183ed996ef4,train,False
data/raw/ddl/audio/drone/drone_1098.wav,ddl,drone,1.0,,f567aa08b183ed996ef4,train,False
data/raw/ddl/audio/drone/drone_1099.wav,ddl,drone,1.0,,f567aa08b183ed996ef4,train,False
data/raw/ddl/audio/drone/drone_1100.wav,ddl,drone,1.0,,f567aa08b183ed996ef4,train,False
data/raw/ddl/audio/drone/drone_1101.wav,ddl,drone,1.0,,f567aa08b183ed996ef4,train,False
data/raw/ddl/audio/drone/drone_1102.wav,ddl,drone,1.0,,f567aa08b183ed996ef4,train,False
data/raw/ddl/audio/drone/drone_1103.wav,ddl,drone,1.0,,f567aa08b183ed996ef4,train,False
data/raw/ddl/audio/drone/drone_1104.wav,ddl,drone,1.0,,f567aa08b183ed996ef4,train,False
data/raw/ddl/audio/drone/drone_1105.wav,ddl,drone,1.0,,f567aa08b183ed996ef4,train,False
data/raw/ddl/audio/drone/drone_1106.wav,ddl,drone,1.0,,f567aa08b183ed996ef4,train,False
data/raw/ddl/audio/drone/drone_1107.wav,ddl,drone,1.0,,f567aa08b183ed996ef4,train,False
data/raw/ddl/audio/drone/drone_1108.wav,ddl,drone,1.0,,f567aa08b183ed996ef4,train,False
data/raw/ddl/audio/drone/drone_1109.wav,ddl,drone,1.0,,f567aa08b183ed996ef4,train,False
data/raw/ddl/audio/drone/drone_1110.wav,ddl,drone,1.0,,f567aa08b183ed996ef4,train,False
data/raw/ddl/audio/drone/drone_1111.wav,ddl,drone,1.0,,f567aa08b183ed996ef4,train,False
data/raw/ddl/audio/drone/drone_1112.wav,ddl,drone,1.0,,f567aa08b183ed996ef4,train,False
data/raw/ddl/audio/drone/drone_1113.wav,ddl,drone,1.0,,f567aa08b183ed996ef4,train,False
data/raw/ddl/audio/drone/drone_1114.wav,ddl,drone,1.0,,f567aa08b183ed996ef4,train,False
data/raw/ddl/audio/drone/drone_1115.wav,ddl,drone,1.0,,f567aa08b183ed996ef4,train,False
data/raw/ddl/audio/drone/drone_1116.wav,ddl,drone,1.0,,f567aa08b183ed996ef4,train,False
data/raw/ddl/audio/drone/drone_1117.wav,ddl,drone,1.0,,f567aa08b183ed996ef4,train,False
data/raw/ddl/audio/drone/drone_1118.wav,ddl,drone,1.0,,f567aa08b183ed996ef4,train,False
data/raw/ddl/audio/drone/drone_1119.wav,ddl,drone,1.0,,f567aa08b183ed996ef4,train,False
data/raw/ddl/audio/drone/drone_1120.wav,ddl,drone,1.0,,f567aa08b183ed996ef4,train,False
data/raw/ddl/audio/drone/drone_1121.wav,ddl,drone,1.0,,f567aa08b183ed996ef4,train,False
data/raw/ddl/audio/drone/drone_1122.wav,ddl,drone,1.0,,f567aa08b183ed996ef4,train,False
data/raw/ddl/audio/drone/drone_1123.wav,ddl,drone,1.0,,f567aa08b183ed996ef4,train,False
data/raw/ddl/audio/drone/drone_1124.wav,ddl,drone,1.0,,f567aa08b183ed996ef4,train,False
data/raw/ddl/audio/drone/drone_1125.wav,ddl,drone,1.0,,f567aa08b183ed996ef4,train,False
data/raw/ddl/audio/drone/drone_1126.wav,ddl,drone,1.0,,f567aa08b183ed996ef4,train,False
data/raw/ddl/audio/drone/drone_1127.wav,ddl,drone,1.0,,f567aa08b183ed996ef4,train,False
data/raw/ddl/audio/drone/drone_1128.wav,ddl,drone,1.0,,f567aa08b183ed996ef4,train,False
data/raw/ddl/audio/drone/drone_1129.wav,ddl,drone,1.0,,f567aa08b183ed996ef4,train,False
data/raw/ddl/audio/drone/drone_1130.wav,ddl,drone,1.0,,f567aa08b183ed996ef4,train,False
data/raw/ddl/audio/drone/drone_1131.wav,ddl,drone,1.0,,f567aa08b183ed996ef4,train,False
data/raw/ddl/audio/drone/drone_1132.wav,ddl,drone,1.0,,f567aa08b183ed996ef4,train,False
data/raw/ddl/audio/drone/drone_1133.wav,ddl,drone,1.0,,f567aa08b183ed996ef4,train,False
data/raw/ddl/audio/drone/drone_1134.wav,ddl,drone,1.0,,f567aa08b183ed996ef4,train,False
data/raw/ddl/audio/drone/drone_1135.wav,ddl,drone,1.0,,f567aa08b183ed996ef4,train,False
data/raw/ddl/audio/drone/drone_1136.wav,ddl,drone,1.0,,f567aa08b183ed996ef4,train,False
data/raw/ddl/audio/drone/drone_1137.wav,ddl,drone,1.0,,f567aa08b183ed996ef4,train,False
data/raw/ddl/audio/drone/drone_1138.wav,ddl,drone,1.0,,f567aa08b183ed996ef4,train,False
data/raw/ddl/audio/drone/drone_1139.wav,ddl,drone,1.0,,f567aa08b183ed996ef4,train,False
data/raw/ddl/audio/drone/drone_1140.wav,ddl,drone,1.0,,f567aa08b183ed996ef4,train,False
data/raw/ddl/audio/drone/drone_1141.wav,ddl,drone,1.0,,f567aa08b183ed996ef4,train,False
data/raw/ddl/audio/drone/drone_1142.wav,ddl,drone,1.0,,f567aa08b183ed996ef4,train,False
data/raw/ddl/audio/drone/drone_1143.wav,ddl,drone,1.0,,f567aa08b183ed996ef4,train,False
data/raw/ddl/audio/drone/drone_1144.wav,ddl,drone,1.0,,f567aa08b183ed996ef4,train,False
data/raw/ddl/audio/drone/drone_1145.wav,ddl,drone,1.0,,f567aa08b183ed996ef4,train,False
data/raw/ddl/audio/drone/drone_1146.wav,ddl,drone,1.0,,f567aa08b183ed996ef4,train,False
data/raw/ddl/audio/drone/drone_1147.wav,ddl,drone,1.0,,f567aa08b183ed996ef4,train,False
data/raw/ddl/audio/drone/drone_1148.wav,ddl,drone,1.0,,f567aa08b183ed996ef4,train,False
data/raw/ddl/audio/drone/drone_1149.wav,ddl,drone,1.0,,f567aa08b183ed996ef4,train,False
data/raw/ddl/audio/drone/drone_1150.wav,ddl,drone,1.0,,f567aa08b183ed996ef4,train,False
data/raw/ddl/audio/drone/drone_1151.wav,ddl,drone,1.0,,f567aa08b183ed996ef4,train,False
data/raw/ddl/audio/drone/drone_1152.wav,ddl,drone,1.0,,f567aa08b183ed996ef4,train,False
data/raw/ddl/audio/drone/drone_1153.wav,ddl,drone,1.0,,f567aa08b183ed996ef4,train,False
data/raw/ddl/audio/drone/drone_1154.wav,ddl,drone,1.0,,f567aa08b183ed996ef4,train,False
data/raw/ddl/audio/drone/drone_1155.wav,ddl,drone,1.0,,f567aa08b183ed996ef4,train,False
data/raw/ddl/audio/drone/drone_1156.wav,ddl,drone,1.0,,f567aa08b183ed996ef4,train,False
data/raw/ddl/audio/drone/drone_1157.wav,ddl,drone,1.0,,f567aa08b183ed996ef4,train,False
data/raw/ddl/audio/drone/drone_1158.wav,ddl,drone,1.0,,f567aa08b183ed996ef4,train,False
data/raw/ddl/audio/drone/drone_1159.wav,ddl,drone,1.0,,f567aa08b183ed996ef4,train,False
data/raw/ddl/audio/drone/drone_1160.wav,ddl,drone,1.0,,f567aa08b183ed996ef4,train,False
data/raw/ddl/audio/drone/drone_1161.wav,ddl,drone,1.0,,f567aa08b183ed996ef4,train,False
data/raw/ddl/audio/drone/drone_1162.wav,ddl,drone,1.0,,f567aa08b183ed996ef4,train,False
data/raw/ddl/audio/drone/drone_1163.wav,ddl,drone,1.0,,f567aa08b183ed996ef4,train,False
data/raw/ddl/audio/drone/drone_1164.wav,ddl,drone,1.0,,f567aa08b183ed996ef4,train,False
data/raw/ddl/audio/drone/drone_1165.wav,ddl,drone,1.0,,f567aa08b183ed996ef4,train,False
data/raw/ddl/audio/drone/drone_1166.wav,ddl,drone,1.0,,f567aa08b183ed996ef4,train,False
data/raw/ddl/audio/drone/drone_1167.wav,ddl,drone,1.0,,f567aa08b183ed996ef4,train,False
data/raw/ddl/audio/drone/drone_1168.wav,ddl,drone,1.0,,f567aa08b183ed996ef4,train,False
data/raw/ddl/audio/drone/drone_1169.wav,ddl,drone,1.0,,f567aa08b183ed996ef4,train,False
data/raw/ddl/audio/drone/drone_1170.wav,ddl,drone,1.0,,f567aa08b183ed996ef4,train,False
data/raw/ddl/audio/drone/drone_1171.wav,ddl,drone,1.0,,f567aa08b183ed996ef4,train,False
data/raw/ddl/audio/drone/drone_1172.wav,ddl,drone,1.0,,f567aa08b183ed996ef4,train,False
data/raw/ddl/audio/drone/drone_1173.wav,ddl,drone,1.0,,f567aa08b183ed996ef4,train,False
data/raw/ddl/audio/drone/drone_1174.wav,ddl,drone,1.0,,f567aa08b183ed996ef4,train,False
data/raw/ddl/audio/drone/drone_1175.wav,ddl,drone,1.0,,f567aa08b183ed996ef4,train,False
data/raw/ddl/audio/drone/drone_1176.wav,ddl,drone,1.0,,f567aa08b183ed996ef4,train,False
data/raw/ddl/audio/drone/drone_1177.wav,ddl,drone,1.0,,f567aa08b183ed996ef4,train,False
data/raw/ddl/audio/drone/drone_1178.wav,ddl,drone,1.0,,f567aa08b183ed996ef4,train,False
data/raw/ddl/audio/drone/drone_1179.wav,ddl,drone,1.0,,f567aa08b183ed996ef4,train,False
data/raw/ddl/audio/drone/drone_1180.wav,ddl,drone,1.0,,f567aa08b183ed996ef4,train,False
data/raw/ddl/audio/drone/drone_1181.wav,ddl,drone,1.0,,f567aa08b183ed996ef4,train,False
data/raw/ddl/audio/drone/drone_1182.wav,ddl,drone,1.0,,f567aa08b183ed996ef4,train,False
data/raw/ddl/audio/drone/drone_1183.wav,ddl,drone,1.0,,f567aa08b183ed996ef4,train,False
data/raw/ddl/audio/drone/drone_1184.wav,ddl,drone,1.0,,f567aa08b183ed996ef4,train,False
data/raw/ddl/audio/drone/drone_1185.wav,ddl,drone,1.0,,f567aa08b183ed996ef4,train,False
data/raw/ddl/audio/drone/drone_1186.wav,ddl,drone,1.0,,f567aa08b183ed996ef4,train,False
data/raw/ddl/audio/drone/drone_1187.wav,ddl,drone,1.0,,f567aa08b183ed996ef4,train,False
data/raw/ddl/audio/drone/drone_1188.wav,ddl,drone,1.0,,f567aa08b183ed996ef4,train,False
data/raw/ddl/audio/drone/drone_1189.wav,ddl,drone,1.0,,f567aa08b183ed996ef4,train,False
data/raw/ddl/audio/drone/drone_1190.wav,ddl,drone,1.0,,f567aa08b183ed996ef4,train,False
data/raw/ddl/audio/drone/drone_1191.wav,ddl,drone,1.0,,f567aa08b183ed996ef4,train,False
data/raw/ddl/audio/drone/drone_1192.wav,ddl,drone,1.0,,f567aa08b183ed996ef4,train,False
data/raw/ddl/audio/drone/drone_1193.wav,ddl,drone,1.0,,f567aa08b183ed996ef4,train,False
data/raw/ddl/audio/drone/drone_1194.wav,ddl,drone,1.0,,f567aa08b183ed996ef4,train,False
data/raw/ddl/audio/drone/drone_1195.wav,ddl,drone,1.0,,f567aa08b183ed996ef4,train,False
data/raw/ddl/audio/drone/drone_1196.wav,ddl,drone,1.0,,f567aa08b183ed996ef4,train,False
data/raw/ddl/audio/drone/drone_1197.wav,ddl,drone,1.0,,f567aa08b183ed996ef4,train,False
data/raw/ddl/audio/drone/drone_1198.wav,ddl,drone,1.0,,f567aa08b183ed996ef4,train,False
data/raw/ddl/audio/drone/drone_1199.wav,ddl,drone,1.0,,f567aa08b183ed996ef4,train,False
data/raw/ddl/audio/drone/drone_1200.wav,ddl,drone,1.0,,f567aa08b183ed996ef4,train,False
data/raw/ddl/audio/drone/drone_1201.wav,ddl,drone,1.0,,f567aa08b183ed996ef4,train,False
data/raw/ddl/audio/drone/drone_1202.wav,ddl,drone,1.0,,f567aa08b183ed996ef4,train,False
data/raw/ddl/audio/drone/drone_1203.wav,ddl,drone,1.0,,f567aa08b183ed996ef4,train,False
data/raw/ddl/audio/drone/drone_1204.wav,ddl,drone,1.0,,f567aa08b183ed996ef4,train,False
data/raw/ddl/audio/drone/drone_1205.wav,ddl,drone,1.0,,f567aa08b183ed996ef4,train,False
data/raw/ddl/audio/drone/drone_1206.wav,ddl,drone,1.0,,f567aa08b183ed996ef4,train,False
data/raw/ddl/audio/drone/drone_1207.wav,ddl,drone,1.0,,f567aa08b183ed996ef4,train,False
data/raw/ddl/audio/drone/drone_1208.wav,ddl,drone,1.0,,f567aa08b183ed996ef4,train,False
data/raw/ddl/audio/drone/drone_1209.wav,ddl,drone,1.0,,f567aa08b183ed996ef4,train,False
data/raw/ddl/audio/drone/drone_1210.wav,ddl,drone,1.0,,f567aa08b183ed996ef4,train,False
data/raw/ddl/audio/drone/drone_1211.wav,ddl,drone,1.0,,f567aa08b183ed996ef4,train,False
data/raw/ddl/audio/drone/drone_1212.wav,ddl,drone,1.0,,f567aa08b183ed996ef4,train,False
data/raw/ddl/audio/drone/drone_1213.wav,ddl,drone,1.0,,f567aa08b183ed996ef4,train,False
data/raw/ddl/audio/drone/drone_1214.wav,ddl,drone,1.0,,f567aa08b183ed996ef4,train,False
data/raw/ddl/audio/drone/drone_1215.wav,ddl,drone,1.0,,f567aa08b183ed996ef4,train,False
data/raw/ddl/audio/drone/drone_1216.wav,ddl,drone,1.0,,f567aa08b183ed996ef4,train,False
data/raw/ddl/audio/drone/drone_1217.wav,ddl,drone,1.0,,f567aa08b183ed996ef4,train,False
data/raw/ddl/audio/drone/drone_1218.wav,ddl,drone,1.0,,f567aa08b183ed996ef4,train,False
data/raw/ddl/audio/drone/drone_1219.wav,ddl,drone,1.0,,f567aa08b183ed996ef4,train,False
data/raw/ddl/audio/drone/drone_1220.wav,ddl,drone,1.0,,f567aa08b183ed996ef4,train,False
data/raw/ddl/audio/drone/drone_1221.wav,ddl,drone,1.0,,f567aa08b183ed996ef4,train,False
data/raw/ddl/audio/drone/drone_1222.wav,ddl,drone,1.0,,f567aa08b183ed996ef4,train,False
data/raw/ddl/audio/drone/drone_1223.wav,ddl,drone,1.0,,f567aa08b183ed996ef4,train,False
data/raw/ddl/audio/drone/drone_1224.wav,ddl,drone,1.0,,f567aa08b183ed996ef4,train,False
data/raw/ddl/audio/drone/drone_1225.wav,ddl,drone,1.0,,f567aa08b183ed996ef4,train,False
data/raw/ddl/audio/drone/drone_1226.wav,ddl,drone,1.0,,f567aa08b183ed996ef4,train,False
data/raw/ddl/audio/drone/drone_1227.wav,ddl,drone,1.0,,f567aa08b183ed996ef4,train,False
data/raw/ddl/audio/drone/drone_1228.wav,ddl,drone,1.0,,f567aa08b183ed996ef4,train,False
data/raw/ddl/audio/drone/drone_1229.wav,ddl,drone,1.0,,f567aa08b183ed996ef4,train,False
data/raw/ddl/audio/drone/drone_1230.wav,ddl,drone,1.0,,f567aa08b183ed996ef4,train,False
data/raw/ddl/audio/drone/drone_1231.wav,ddl,drone,1.0,,f567aa08b183ed996ef4,train,False
data/raw/ddl/audio/drone/drone_1232.wav,ddl,drone,1.0,,f567aa08b183ed996ef4,train,False
data/raw/ddl/audio/drone/drone_1233.wav,ddl,drone,1.0,,f567aa08b183ed996ef4,train,False
data/raw/ddl/audio/drone/drone_1234.wav,ddl,drone,1.0,,f567aa08b183ed996ef4,train,False
data/raw/ddl/audio/drone/drone_1235.wav,ddl,drone,1.0,,f567aa08b183ed996ef4,train,False
data/raw/ddl/audio/drone/drone_1236.wav,ddl,drone,1.0,,f567aa08b183ed996ef4,train,False
data/raw/ddl/audio/drone/drone_1237.wav,ddl,drone,1.0,,f567aa08b183ed996ef4,train,False
data/raw/ddl/audio/drone/drone_1238.wav,ddl,drone,1.0,,f567aa08b183ed996ef4,train,False
data/raw/ddl/audio/drone/drone_1239.wav,ddl,drone,1.0,,f567aa08b183ed996ef4,train,False
data/raw/ddl/audio/drone/drone_1240.wav,ddl,drone,1.0,,f567aa08b183ed996ef4,train,False
data/raw/ddl/audio/drone/drone_1241.wav,ddl,drone,1.0,,f567aa08b183ed996ef4,train,False
data/raw/ddl/audio/drone/drone_1242.wav,ddl,drone,1.0,,f567aa08b183ed996ef4,train,False
data/raw/ddl/audio/drone/drone_1243.wav,ddl,drone,1.0,,f567aa08b183ed996ef4,train,False
data/raw/ddl/audio/drone/drone_1244.wav,ddl,drone,1.0,,f567aa08b183ed996ef4,train,False
data/raw/ddl/audio/drone/drone_1245.wav,ddl,drone,1.0,,f567aa08b183ed996ef4,train,False
data/raw/ddl/audio/drone/drone_1246.wav,ddl,drone,1.0,,f567aa08b183ed996ef4,train,False
data/raw/ddl/audio/drone/drone_1247.wav,ddl,drone,1.0,,f567aa08b183ed996ef4,train,False
data/raw/ddl/audio/drone/drone_1248.wav,ddl,drone,1.0,,f567aa08b183ed996ef4,train,False
data/raw/ddl/audio/drone/drone_1249.wav,ddl,drone,1.0,,f567aa08b183ed996ef4,train,False
data/raw/ddl/audio/drone/drone_1250.wav,ddl,drone,1.0,,f567aa08b183ed996ef4,train,False
data/raw/ddl/audio/drone/drone_1251.wav,ddl,drone,1.0,,f567aa08b183ed996ef4,train,False
data/raw/ddl/audio/drone/drone_1252.wav,ddl,drone,1.0,,f567aa08b183ed996ef4,train,False
data/raw/ddl/audio/drone/drone_1253.wav,ddl,drone,1.0,,f567aa08b183ed996ef4,train,False
data/raw/ddl/audio/drone/drone_1254.wav,ddl,drone,1.0,,f567aa08b183ed996ef4,train,False
data/raw/ddl/audio/drone/drone_1255.wav,ddl,drone,1.0,,f567aa08b183ed996ef4,train,False
data/raw/ddl/audio/drone/drone_1256.wav,ddl,drone,1.0,,f567aa08b183ed996ef4,train,False
data/raw/ddl/audio/drone/drone_1257.wav,ddl,drone,1.0,,f567aa08b183ed996ef4,train,False
data/raw/ddl/audio/drone/drone_1258.wav,ddl,drone,1.0,,f567aa08b183ed996ef4,train,False
data/raw/ddl/audio/drone/drone_1259.wav,ddl,drone,1.0,,f567aa08b183ed996ef4,train,False
data/raw/ddl/audio/drone/drone_1260.wav,ddl,drone,1.0,,f567aa08b183ed996ef4,train,False
data/raw/ddl/audio/drone/drone_1261.wav,ddl,drone,1.0,,f567aa08b183ed996ef4,train,False
data/raw/ddl/audio/drone/drone_1262.wav,ddl,drone,1.0,,f567aa08b183ed996ef4,train,False
data/raw/ddl/audio/drone/drone_1263.wav,ddl,drone,1.0,,f567aa08b183ed996ef4,train,False
data/raw/ddl/audio/drone/drone_1264.wav,ddl,drone,1.0,,f567aa08b183ed996ef4,train,False
data/raw/ddl/audio/drone/drone_1265.wav,ddl,drone,1.0,,f567aa08b183ed996ef4,train,False
data/raw/ddl/audio/drone/drone_1266.wav,ddl,drone,1.0,,f567aa08b183ed996ef4,train,False
data/raw/ddl/audio/drone/drone_1267.wav,ddl,drone,1.0,,f567aa08b183ed996ef4,train,False
data/raw/ddl/audio/drone/drone_1268.wav,ddl,drone,1.0,,f567aa08b183ed996ef4,train,False
data/raw/ddl/audio/drone/drone_1269.wav,ddl,drone,1.0,,f567aa08b183ed996ef4,train,False
data/raw/ddl/audio/drone/drone_1270.wav,ddl,drone,1.0,,4c6477b4a50df5b8a6c5,val,False
data/raw/ddl/audio/drone/drone_1271.wav,ddl,drone,1.0,,4c6477b4a50df5b8a6c5,val,False
data/raw/ddl/audio/drone/drone_1272.wav,ddl,drone,1.0,,4c6477b4a50df5b8a6c5,val,False
data/raw/ddl/audio/drone/drone_1273.wav,ddl,drone,1.0,,4c6477b4a50df5b8a6c5,val,False
data/raw/ddl/audio/drone/drone_1274.wav,ddl,drone,1.0,,4c6477b4a50df5b8a6c5,val,False
data/raw/ddl/audio/drone/drone_1275.wav,ddl,drone,1.0,,4c6477b4a50df5b8a6c5,val,False
data/raw/ddl/audio/drone/drone_1276.wav,ddl,drone,1.0,,4c6477b4a50df5b8a6c5,val,False
data/raw/ddl/audio/drone/drone_1277.wav,ddl,drone,1.0,,4c6477b4a50df5b8a6c5,val,False
data/raw/ddl/audio/drone/drone_1278.wav,ddl,drone,1.0,,4c6477b4a50df5b8a6c5,val,False
data/raw/ddl/audio/drone/drone_1279.wav,ddl,drone,1.0,,4c6477b4a50df5b8a6c5,val,False
data/raw/ddl/audio/drone/drone_1280.wav,ddl,drone,1.0,,4c6477b4a50df5b8a6c5,val,False
data/raw/ddl/audio/drone/drone_1281.wav,ddl,drone,1.0,,4c6477b4a50df5b8a6c5,val,False
data/raw/ddl/audio/drone/drone_1282.wav,ddl,drone,1.0,,4c6477b4a50df5b8a6c5,val,False
data/raw/ddl/audio/drone/drone_1283.wav,ddl,drone,1.0,,4c6477b4a50df5b8a6c5,val,False
data/raw/ddl/audio/drone/drone_1284.wav,ddl,drone,1.0,,4c6477b4a50df5b8a6c5,val,False
data/raw/ddl/audio/drone/drone_1285.wav,ddl,drone,1.0,,4c6477b4a50df5b8a6c5,val,False
data/raw/ddl/audio/drone/drone_1286.wav,ddl,drone,1.0,,4c6477b4a50df5b8a6c5,val,False
data/raw/ddl/audio/drone/drone_1287.wav,ddl,drone,1.0,,4c6477b4a50df5b8a6c5,val,False
data/raw/ddl/audio/drone/drone_1288.wav,ddl,drone,1.0,,4c6477b4a50df5b8a6c5,val,False
data/raw/ddl/audio/drone/drone_1289.wav,ddl,drone,1.0,,4c6477b4a50df5b8a6c5,val,False
data/raw/ddl/audio/drone/drone_1290.wav,ddl,drone,1.0,,4c6477b4a50df5b8a6c5,val,False
data/raw/ddl/audio/drone/drone_1291.wav,ddl,drone,1.0,,4c6477b4a50df5b8a6c5,val,False
data/raw/ddl/audio/drone/drone_1292.wav,ddl,drone,1.0,,4c6477b4a50df5b8a6c5,val,False
data/raw/ddl/audio/drone/drone_1293.wav,ddl,drone,1.0,,4c6477b4a50df5b8a6c5,val,False
data/raw/ddl/audio/drone/drone_1294.wav,ddl,drone,1.0,,4c6477b4a50df5b8a6c5,val,False
data/raw/ddl/audio/drone/drone_1295.wav,ddl,drone,1.0,,4c6477b4a50df5b8a6c5,val,False
data/raw/ddl/audio/drone/drone_1296.wav,ddl,drone,1.0,,4c6477b4a50df5b8a6c5,val,False
data/raw/ddl/audio/drone/drone_1297.wav,ddl,drone,1.0,,4c6477b4a50df5b8a6c5,val,False
data/raw/ddl/audio/drone/drone_1298.wav,ddl,drone,1.0,,4c6477b4a50df5b8a6c5,val,False
data/raw/ddl/audio/drone/drone_1299.wav,ddl,drone,1.0,,4c6477b4a50df5b8a6c5,val,False
data/raw/ddl/audio/drone/drone_1300.wav,ddl,drone,1.0,,4c6477b4a50df5b8a6c5,val,False
data/raw/ddl/audio/drone/drone_1301.wav,ddl,drone,1.0,,4c6477b4a50df5b8a6c5,val,False
data/raw/ddl/audio/drone/drone_1302.wav,ddl,drone,1.0,,4c6477b4a50df5b8a6c5,val,False
data/raw/ddl/audio/drone/drone_1303.wav,ddl,drone,1.0,,4c6477b4a50df5b8a6c5,val,False
data/raw/ddl/audio/drone/drone_1304.wav,ddl,drone,1.0,,4c6477b4a50df5b8a6c5,val,False
data/raw/ddl/audio/drone/drone_1305.wav,ddl,drone,1.0,,4c6477b4a50df5b8a6c5,val,False
data/raw/ddl/audio/drone/drone_1306.wav,ddl,drone,1.0,,4c6477b4a50df5b8a6c5,val,False
data/raw/ddl/audio/drone/drone_1307.wav,ddl,drone,1.0,,024375ef3d6d1d3cb5d5,val,False
data/raw/ddl/audio/drone/drone_1308.wav,ddl,drone,1.0,,024375ef3d6d1d3cb5d5,val,False
data/raw/ddl/audio/drone/drone_1309.wav,ddl,drone,1.0,,024375ef3d6d1d3cb5d5,val,False
data/raw/ddl/audio/drone/drone_1310.wav,ddl,drone,1.0,,024375ef3d6d1d3cb5d5,val,False
data/raw/ddl/audio/drone/drone_1311.wav,ddl,drone,1.0,,024375ef3d6d1d3cb5d5,val,False
data/raw/ddl/audio/drone/drone_1312.wav,ddl,drone,1.0,,024375ef3d6d1d3cb5d5,val,False
data/raw/ddl/audio/drone/drone_1313.wav,ddl,drone,1.0,,024375ef3d6d1d3cb5d5,val,False
data/raw/ddl/audio/drone/drone_1314.wav,ddl,drone,1.0,,024375ef3d6d1d3cb5d5,val,False
data/raw/ddl/audio/drone/drone_1315.wav,ddl,drone,1.0,,024375ef3d6d1d3cb5d5,val,False
data/raw/ddl/audio/drone/drone_1316.wav,ddl,drone,1.0,,024375ef3d6d1d3cb5d5,val,False
data/raw/ddl/audio/drone/drone_1317.wav,ddl,drone,1.0,,024375ef3d6d1d3cb5d5,val,False
data/raw/ddl/audio/drone/drone_1318.wav,ddl,drone,1.0,,024375ef3d6d1d3cb5d5,val,False
data/raw/ddl/audio/drone/drone_1319.wav,ddl,drone,1.0,,024375ef3d6d1d3cb5d5,val,False
data/raw/ddl/audio/drone/drone_1320.wav,ddl,drone,1.0,,024375ef3d6d1d3cb5d5,val,False
data/raw/ddl/audio/drone/drone_1321.wav,ddl,drone,1.0,,024375ef3d6d1d3cb5d5,val,False
data/raw/ddl/audio/drone/drone_1322.wav,ddl,drone,1.0,,024375ef3d6d1d3cb5d5,val,False
data/raw/ddl/audio/drone/drone_1323.wav,ddl,drone,1.0,,024375ef3d6d1d3cb5d5,val,False
data/raw/ddl/audio/drone/drone_1324.wav,ddl,drone,1.0,,024375ef3d6d1d3cb5d5,val,False
data/raw/ddl/audio/drone/drone_1325.wav,ddl,drone,1.0,,024375ef3d6d1d3cb5d5,val,False
data/raw/ddl/audio/drone/drone_1326.wav,ddl,drone,1.0,,024375ef3d6d1d3cb5d5,val,False
data/raw/ddl/audio/drone/drone_1327.wav,ddl,drone,1.0,,024375ef3d6d1d3cb5d5,val,False
data/raw/ddl/audio/drone/drone_1328.wav,ddl,drone,1.0,,024375ef3d6d1d3cb5d5,val,False
data/raw/ddl/audio/drone/drone_1329.wav,ddl,drone,1.0,,024375ef3d6d1d3cb5d5,val,False
data/raw/ddl/audio/drone/drone_1330.wav,ddl,drone,1.0,,024375ef3d6d1d3cb5d5,val,False
data/raw/ddl/audio/drone/drone_1331.wav,ddl,drone,1.0,,024375ef3d6d1d3cb5d5,val,False
data/raw/ddl/audio/drone/drone_1332.wav,ddl,drone,1.0,,024375ef3d6d1d3cb5d5,val,False
data/raw/ddl/audio/drone/drone_1333.wav,ddl,drone,1.0,,024375ef3d6d1d3cb5d5,val,False
data/raw/ddl/audio/drone/drone_1334.wav,ddl,drone,1.0,,024375ef3d6d1d3cb5d5,val,False
data/raw/ddl/audio/drone/drone_1335.wav,ddl,drone,1.0,,024375ef3d6d1d3cb5d5,val,False
data/raw/ddl/audio/drone/drone_1336.wav,ddl,drone,1.0,,eb285527ff7289b9cb90,test,False
data/raw/ddl/audio/drone/drone_1337.wav,ddl,drone,1.0,,eb285527ff7289b9cb90,test,False
data/raw/ddl/audio/drone/drone_1338.wav,ddl,drone,1.0,,eb285527ff7289b9cb90,test,False
data/raw/ddl/audio/drone/drone_1339.wav,ddl,drone,1.0,,eb285527ff7289b9cb90,test,False
data/raw/ddl/audio/drone/drone_1340.wav,ddl,drone,1.0,,eb285527ff7289b9cb90,test,False
data/raw/ddl/audio/drone/drone_1341.wav,ddl,drone,1.0,,eb285527ff7289b9cb90,test,False
data/raw/ddl/audio/drone/drone_1342.wav,ddl,drone,1.0,,eb285527ff7289b9cb90,test,False
data/raw/ddl/audio/drone/drone_1343.wav,ddl,drone,1.0,,eb285527ff7289b9cb90,test,False
data/raw/ddl/audio/drone/drone_1344.wav,ddl,drone,1.0,,eb285527ff7289b9cb90,test,False
data/raw/ddl/audio/drone/drone_1345.wav,ddl,drone,1.0,,eb285527ff7289b9cb90,test,False
data/raw/ddl/audio/drone/drone_1346.wav,ddl,drone,1.0,,eb285527ff7289b9cb90,test,False
data/raw/ddl/audio/drone/drone_1347.wav,ddl,drone,1.0,,eb285527ff7289b9cb90,test,False
data/raw/ddl/audio/drone/drone_1348.wav,ddl,drone,1.0,,eb285527ff7289b9cb90,test,False
data/raw/ddl/audio/drone/drone_1349.wav,ddl,drone,1.0,,eb285527ff7289b9cb90,test,False
data/raw/ddl/audio/drone/drone_1350.wav,ddl,drone,1.0,,eb285527ff7289b9cb90,test,False
data/raw/ddl/audio/drone/drone_1351.wav,ddl,drone,1.0,,eb285527ff7289b9cb90,test,False
data/raw/ddl/audio/drone/drone_1352.wav,ddl,drone,1.0,,eb285527ff7289b9cb90,test,False
data/raw/ddl/audio/drone/drone_1353.wav,ddl,drone,1.0,,eb285527ff7289b9cb90,test,False
data/raw/ddl/audio/drone/drone_1354.wav,ddl,drone,1.0,,eb285527ff7289b9cb90,test,False
data/raw/ddl/audio/drone/drone_1355.wav,ddl,drone,1.0,,eb285527ff7289b9cb90,test,False
data/raw/ddl/audio/drone/drone_1356.wav,ddl,drone,1.0,,eb285527ff7289b9cb90,test,False
data/raw/ddl/audio/drone/drone_1357.wav,ddl,drone,1.0,,eb285527ff7289b9cb90,test,False
data/raw/ddl/audio/drone/drone_1358.wav,ddl,drone,1.0,,eb285527ff7289b9cb90,test,False
data/raw/ddl/audio/drone/drone_1359.wav,ddl,drone,1.0,,eb285527ff7289b9cb90,test,False
data/raw/ddl/audio/drone/drone_1360.wav,ddl,drone,1.0,,eb285527ff7289b9cb90,test,False
data/raw/ddl/audio/drone/drone_1361.wav,ddl,drone,1.0,,eb285527ff7289b9cb90,test,False
data/raw/ddl/audio/drone/drone_1362.wav,ddl,drone,1.0,,eb285527ff7289b9cb90,test,False
data/raw/ddl/audio/drone/drone_1363.wav,ddl,drone,1.0,,eb285527ff7289b9cb90,test,False
data/raw/ddl/audio/drone/drone_1364.wav,ddl,drone,1.0,,eb285527ff7289b9cb90,test,False
data/raw/ddl/audio/drone/drone_1365.wav,ddl,drone,1.0,,eb285527ff7289b9cb90,test,False
data/raw/ddl/audio/drone/drone_1366.wav,ddl,drone,1.0,,eb285527ff7289b9cb90,test,False
data/raw/ddl/audio/drone/drone_1367.wav,ddl,drone,1.0,,eb285527ff7289b9cb90,test,False
data/raw/ddl/audio/drone/drone_1368.wav,ddl,drone,1.0,,eb285527ff7289b9cb90,test,False
data/raw/ddl/audio/drone/drone_1369.wav,ddl,drone,1.0,,eb285527ff7289b9cb90,test,False
data/raw/ddl/audio/drone/drone_1370.wav,ddl,drone,1.0,,eb285527ff7289b9cb90,test,False
data/raw/ddl/audio/drone/drone_1371.wav,ddl,drone,1.0,,eb285527ff7289b9cb90,test,False
data/raw/ddl/audio/drone/drone_1372.wav,ddl,drone,1.0,,eb285527ff7289b9cb90,test,False
data/raw/ddl/audio/drone/drone_1373.wav,ddl,drone,1.0,,eb285527ff7289b9cb90,test,False
data/raw/ddl/audio/drone/drone_1374.wav,ddl,drone,1.0,,eb285527ff7289b9cb90,test,False
data/raw/ddl/audio/drone/drone_1375.wav,ddl,drone,1.0,,eb285527ff7289b9cb90,test,False
data/raw/ddl/audio/drone/drone_1376.wav,ddl,drone,1.0,,eb285527ff7289b9cb90,test,False
data/raw/ddl/audio/drone/drone_1377.wav,ddl,drone,1.0,,eb285527ff7289b9cb90,test,False
data/raw/ddl/audio/drone/drone_1378.wav,ddl,drone,1.0,,eb285527ff7289b9cb90,test,False
data/raw/ddl/audio/drone/drone_1379.wav,ddl,drone,1.0,,eb285527ff7289b9cb90,test,False
data/raw/ddl/audio/drone/drone_1380.wav,ddl,drone,1.0,,eb285527ff7289b9cb90,test,False
data/raw/ddl/audio/drone/drone_1381.wav,ddl,drone,1.0,,eb285527ff7289b9cb90,test,False
data/raw/ddl/audio/drone/drone_1382.wav,ddl,drone,1.0,,eb285527ff7289b9cb90,test,False
data/raw/ddl/audio/drone/drone_1383.wav,ddl,drone,1.0,,eb285527ff7289b9cb90,test,False
data/raw/ddl/audio/drone/drone_1384.wav,ddl,drone,1.0,,eb285527ff7289b9cb90,test,False
data/raw/ddl/audio/drone/drone_1385.wav,ddl,drone,1.0,,eb285527ff7289b9cb90,test,False
data/raw/ddl/audio/drone/drone_1386.wav,ddl,drone,1.0,,eb285527ff7289b9cb90,test,False
data/raw/ddl/audio/drone/drone_1387.wav,ddl,drone,1.0,,eb285527ff7289b9cb90,test,False
data/raw/ddl/audio/drone/drone_1388.wav,ddl,drone,1.0,,eb285527ff7289b9cb90,test,False
data/raw/ddl/audio/drone/drone_1389.wav,ddl,drone,1.0,,eb285527ff7289b9cb90,test,False
data/raw/ddl/audio/drone/drone_1390.wav,ddl,drone,1.0,,eb285527ff7289b9cb90,test,False
data/raw/ddl/audio/drone/drone_1391.wav,ddl,drone,1.0,,eb285527ff7289b9cb90,test,False
data/raw/ddl/audio/drone/drone_1392.wav,ddl,drone,1.0,,eb285527ff7289b9cb90,test,False
data/raw/ddl/audio/drone/drone_1393.wav,ddl,drone,1.0,,eb285527ff7289b9cb90,test,False
data/raw/ddl/audio/drone/drone_1394.wav,ddl,drone,1.0,,eb285527ff7289b9cb90,test,False
data/raw/ddl/audio/drone/drone_1395.wav,ddl,drone,1.0,,eb285527ff7289b9cb90,test,False
data/raw/ddl/audio/drone/drone_1396.wav,ddl,drone,1.0,,eb285527ff7289b9cb90,test,False
data/raw/ddl/audio/drone/drone_1397.wav,ddl,drone,1.0,,eb285527ff7289b9cb90,test,False
data/raw/ddl/audio/drone/drone_1398.wav,ddl,drone,1.0,,eb285527ff7289b9cb90,test,False
data/raw/ddl/audio/drone/drone_1399.wav,ddl,drone,1.0,,eb285527ff7289b9cb90,test,False
data/raw/ddl/audio/drone/drone_1400.wav,ddl,drone,1.0,,eb285527ff7289b9cb90,test,False
data/raw/ddl/audio/drone/drone_1401.wav,ddl,drone,1.0,,eb285527ff7289b9cb90,test,False
data/raw/ddl/audio/drone/drone_1402.wav,ddl,drone,1.0,,eb285527ff7289b9cb90,test,False
data/raw/ddl/audio/drone/drone_1403.wav,ddl,drone,1.0,,eb285527ff7289b9cb90,test,False
data/raw/ddl/audio/drone/drone_1404.wav,ddl,drone,1.0,,eb285527ff7289b9cb90,test,False
data/raw/ddl/audio/drone/drone_1405.wav,ddl,drone,1.0,,eb285527ff7289b9cb90,test,False
data/raw/ddl/audio/drone/drone_1406.wav,ddl,drone,1.0,,eb285527ff7289b9cb90,test,False
data/raw/ddl/audio/drone/drone_1407.wav,ddl,drone,1.0,,eb285527ff7289b9cb90,test,False
data/raw/ddl/audio/drone/drone_1408.wav,ddl,drone,1.0,,eb285527ff7289b9cb90,test,False
data/raw/ddl/audio/drone/drone_1409.wav,ddl,drone,1.0,,eb285527ff7289b9cb90,test,False
data/raw/ddl/audio/drone/drone_1410.wav,ddl,drone,1.0,,eb285527ff7289b9cb90,test,False
data/raw/ddl/audio/drone/drone_1411.wav,ddl,drone,1.0,,eb285527ff7289b9cb90,test,False
data/raw/ddl/audio/drone/drone_1412.wav,ddl,drone,1.0,,eb285527ff7289b9cb90,test,False
data/raw/ddl/audio/drone/drone_1413.wav,ddl,drone,1.0,,eb285527ff7289b9cb90,test,False
data/raw/ddl/audio/drone/drone_1414.wav,ddl,drone,1.0,,eb285527ff7289b9cb90,test,False
data/raw/ddl/audio/drone/drone_1415.wav,ddl,drone,1.0,,eb285527ff7289b9cb90,test,False
data/raw/ddl/audio/drone/drone_1416.wav,ddl,drone,1.0,,eb285527ff7289b9cb90,test,False
data/raw/ddl/audio/drone/drone_1417.wav,ddl,drone,1.0,,eb285527ff7289b9cb90,test,False
data/raw/ddl/audio/drone/drone_1418.wav,ddl,drone,1.0,,eb285527ff7289b9cb90,test,False
data/raw/ddl/audio/drone/drone_1419.wav,ddl,drone,1.0,,eb285527ff7289b9cb90,test,False
data/raw/ddl/audio/drone/drone_1420.wav,ddl,drone,1.0,,eb285527ff7289b9cb90,test,False
data/raw/ddl/audio/drone/drone_1421.wav,ddl,drone,1.0,,eb285527ff7289b9cb90,test,False
data/raw/ddl/audio/drone/drone_1422.wav,ddl,drone,1.0,,eb285527ff7289b9cb90,test,False
data/raw/ddl/audio/drone/drone_1423.wav,ddl,drone,1.0,,eb285527ff7289b9cb90,test,False
data/raw/ddl/audio/drone/drone_1424.wav,ddl,drone,1.0,,eb285527ff7289b9cb90,test,False
data/raw/ddl/audio/drone/drone_1425.wav,ddl,drone,1.0,,eb285527ff7289b9cb90,test,False
data/raw/ddl/audio/drone/drone_1426.wav,ddl,drone,1.0,,eb285527ff7289b9cb90,test,False
data/raw/ddl/audio/drone/drone_1427.wav,ddl,drone,1.0,,eb285527ff7289b9cb90,test,False
data/raw/ddl/audio/drone/drone_1428.wav,ddl,drone,1.0,,eb285527ff7289b9cb90,test,False
data/raw/ddl/audio/drone/drone_1429.wav,ddl,drone,1.0,,eb285527ff7289b9cb90,test,False
data/raw/ddl/audio/drone/drone_1430.wav,ddl,drone,1.0,,eb285527ff7289b9cb90,test,False
data/raw/ddl/audio/drone/drone_1431.wav,ddl,drone,1.0,,eb285527ff7289b9cb90,test,False
data/raw/ddl/audio/drone/drone_1432.wav,ddl,drone,1.0,,eb285527ff7289b9cb90,test,False
data/raw/ddl/audio/drone/drone_1433.wav,ddl,drone,1.0,,a7dc594e731b00a37d5d,val,False
data/raw/ddl/audio/drone/drone_1434.wav,ddl,drone,1.0,,a7dc594e731b00a37d5d,val,False
data/raw/ddl/audio/drone/drone_1435.wav,ddl,drone,1.0,,a7dc594e731b00a37d5d,val,False
data/raw/ddl/audio/drone/drone_1436.wav,ddl,drone,1.0,,a7dc594e731b00a37d5d,val,False
data/raw/ddl/audio/drone/drone_1437.wav,ddl,drone,1.0,,a7dc594e731b00a37d5d,val,False
data/raw/ddl/audio/drone/drone_1438.wav,ddl,drone,1.0,,a7dc594e731b00a37d5d,val,False
data/raw/ddl/audio/drone/drone_1439.wav,ddl,drone,1.0,,a7dc594e731b00a37d5d,val,False
data/raw/ddl/audio/drone/drone_1440.wav,ddl,drone,1.0,,a7dc594e731b00a37d5d,val,False
data/raw/ddl/audio/drone/drone_1441.wav,ddl,drone,1.0,,a7dc594e731b00a37d5d,val,False
data/raw/ddl/audio/drone/drone_1442.wav,ddl,drone,1.0,,a7dc594e731b00a37d5d,val,False
data/raw/ddl/audio/drone/drone_1443.wav,ddl,drone,1.0,,a7dc594e731b00a37d5d,val,False
data/raw/ddl/audio/drone/drone_1444.wav,ddl,drone,1.0,,a7dc594e731b00a37d5d,val,False
data/raw/ddl/audio/drone/drone_1445.wav,ddl,drone,1.0,,a7dc594e731b00a37d5d,val,False
data/raw/ddl/audio/drone/drone_1446.wav,ddl,drone,1.0,,a7dc594e731b00a37d5d,val,False
data/raw/ddl/audio/drone/drone_1447.wav,ddl,drone,1.0,,a7dc594e731b00a37d5d,val,False
data/raw/ddl/audio/drone/drone_1448.wav,ddl,drone,1.0,,a7dc594e731b00a37d5d,val,False
data/raw/ddl/audio/drone/drone_1449.wav,ddl,drone,1.0,,a7dc594e731b00a37d5d,val,False
data/raw/ddl/audio/drone/drone_1450.wav,ddl,drone,1.0,,a7dc594e731b00a37d5d,val,False
data/raw/ddl/audio/drone/drone_1451.wav,ddl,drone,1.0,,a7dc594e731b00a37d5d,val,False
data/raw/ddl/audio/drone/drone_1452.wav,ddl,drone,1.0,,a7dc594e731b00a37d5d,val,False
data/raw/ddl/audio/drone/drone_1453.wav,ddl,drone,1.0,,a7dc594e731b00a37d5d,val,False
data/raw/ddl/audio/drone/drone_1454.wav,ddl,drone,1.0,,a7dc594e731b00a37d5d,val,False
data/raw/ddl/audio/drone/drone_1455.wav,ddl,drone,1.0,,a7dc594e731b00a37d5d,val,False
data/raw/ddl/audio/drone/drone_1456.wav,ddl,drone,1.0,,a7dc594e731b00a37d5d,val,False
data/raw/ddl/audio/drone/drone_1457.wav,ddl,drone,1.0,,a7dc594e731b00a37d5d,val,False
data/raw/ddl/audio/drone/drone_1458.wav,ddl,drone,1.0,,a7dc594e731b00a37d5d,val,False
data/raw/ddl/audio/drone/drone_1459.wav,ddl,drone,1.0,,a7dc594e731b00a37d5d,val,False
data/raw/ddl/audio/drone/drone_1460.wav,ddl,drone,1.0,,a7dc594e731b00a37d5d,val,False
data/raw/ddl/audio/drone/drone_1461.wav,ddl,drone,1.0,,a7dc594e731b00a37d5d,val,False
data/raw/ddl/audio/drone/drone_1462.wav,ddl,drone,1.0,,a7dc594e731b00a37d5d,val,False
data/raw/ddl/audio/drone/drone_1463.wav,ddl,drone,1.0,,a7dc594e731b00a37d5d,val,False
data/raw/ddl/audio/drone/drone_1464.wav,ddl,drone,1.0,,a7dc594e731b00a37d5d,val,False
data/raw/ddl/audio/drone/drone_1465.wav,ddl,drone,1.0,,a7dc594e731b00a37d5d,val,False
data/raw/ddl/audio/drone/drone_1466.wav,ddl,drone,1.0,,a7dc594e731b00a37d5d,val,False
data/raw/ddl/audio/drone/drone_1467.wav,ddl,drone,1.0,,a7dc594e731b00a37d5d,val,False
data/raw/ddl/audio/drone/drone_1468.wav,ddl,drone,1.0,,a7dc594e731b00a37d5d,val,False
data/raw/ddl/audio/drone/drone_1469.wav,ddl,drone,1.0,,a7dc594e731b00a37d5d,val,False
data/raw/ddl/audio/drone/drone_1470.wav,ddl,drone,1.0,,a7dc594e731b00a37d5d,val,False
data/raw/ddl/audio/drone/drone_1471.wav,ddl,drone,1.0,,a7dc594e731b00a37d5d,val,False
data/raw/ddl/audio/drone/drone_1472.wav,ddl,drone,1.0,,a7dc594e731b00a37d5d,val,False
data/raw/ddl/audio/drone/drone_1473.wav,ddl,drone,1.0,,a7dc594e731b00a37d5d,val,False
data/raw/ddl/audio/drone/drone_1474.wav,ddl,drone,1.0,,f15a3dcdce3d25ff6640,train,False
data/raw/ddl/audio/drone/drone_1475.wav,ddl,drone,1.0,,f15a3dcdce3d25ff6640,train,False
data/raw/ddl/audio/drone/drone_1476.wav,ddl,drone,1.0,,f15a3dcdce3d25ff6640,train,False
data/raw/ddl/audio/drone/drone_1477.wav,ddl,drone,1.0,,f15a3dcdce3d25ff6640,train,False
data/raw/ddl/audio/drone/drone_1478.wav,ddl,drone,1.0,,f15a3dcdce3d25ff6640,train,False
data/raw/ddl/audio/drone/drone_1479.wav,ddl,drone,1.0,,f15a3dcdce3d25ff6640,train,False
data/raw/ddl/audio/drone/drone_1480.wav,ddl,drone,1.0,,f15a3dcdce3d25ff6640,train,False
data/raw/ddl/audio/drone/drone_1481.wav,ddl,drone,1.0,,f15a3dcdce3d25ff6640,train,False
data/raw/ddl/audio/drone/drone_1482.wav,ddl,drone,1.0,,f15a3dcdce3d25ff6640,train,False
data/raw/ddl/audio/drone/drone_1483.wav,ddl,drone,1.0,,f15a3dcdce3d25ff6640,train,False
data/raw/ddl/audio/drone/drone_1484.wav,ddl,drone,1.0,,f15a3dcdce3d25ff6640,train,False
data/raw/ddl/audio/drone/drone_1485.wav,ddl,drone,1.0,,f15a3dcdce3d25ff6640,train,False
data/raw/ddl/audio/drone/drone_1486.wav,ddl,drone,1.0,,f15a3dcdce3d25ff6640,train,False
data/raw/ddl/audio/drone/drone_1487.wav,ddl,drone,1.0,,f15a3dcdce3d25ff6640,train,False
data/raw/ddl/audio/drone/drone_1488.wav,ddl,drone,1.0,,f15a3dcdce3d25ff6640,train,False
data/raw/ddl/audio/drone/drone_1489.wav,ddl,drone,1.0,,f15a3dcdce3d25ff6640,train,False
data/raw/ddl/audio/drone/drone_1490.wav,ddl,drone,1.0,,f15a3dcdce3d25ff6640,train,False
data/raw/ddl/audio/drone/drone_1491.wav,ddl,drone,1.0,,f15a3dcdce3d25ff6640,train,False
data/raw/ddl/audio/drone/drone_1492.wav,ddl,drone,1.0,,f15a3dcdce3d25ff6640,train,False
data/raw/ddl/audio/drone/drone_1493.wav,ddl,drone,1.0,,f15a3dcdce3d25ff6640,train,False
data/raw/ddl/audio/drone/drone_1494.wav,ddl,drone,1.0,,f15a3dcdce3d25ff6640,train,False
data/raw/ddl/audio/drone/drone_1495.wav,ddl,drone,1.0,,f15a3dcdce3d25ff6640,train,False
data/raw/ddl/audio/drone/drone_1496.wav,ddl,drone,1.0,,f15a3dcdce3d25ff6640,train,False
data/raw/ddl/audio/drone/drone_1497.wav,ddl,drone,1.0,,f15a3dcdce3d25ff6640,train,False
data/raw/ddl/audio/drone/drone_1498.wav,ddl,drone,1.0,,f15a3dcdce3d25ff6640,train,False
data/raw/ddl/audio/drone/drone_1499.wav,ddl,drone,1.0,,f15a3dcdce3d25ff6640,train,False
data/raw/ddl/audio/drone/drone_1500.wav,ddl,drone,1.0,,f15a3dcdce3d25ff6640,train,False
data/raw/ddl/audio/drone/drone_1501.wav,ddl,drone,1.0,,f15a3dcdce3d25ff6640,train,False
data/raw/ddl/audio/drone/drone_1502.wav,ddl,drone,1.0,,f15a3dcdce3d25ff6640,train,False
data/raw/ddl/audio/drone/drone_1503.wav,ddl,drone,1.0,,f15a3dcdce3d25ff6640,train,False
data/raw/ddl/audio/drone/drone_1504.wav,ddl,drone,1.0,,f15a3dcdce3d25ff6640,train,False
data/raw/ddl/audio/drone/drone_1505.wav,ddl,drone,1.0,,f15a3dcdce3d25ff6640,train,False
data/raw/ddl/audio/drone/drone_1506.wav,ddl,drone,1.0,,f15a3dcdce3d25ff6640,train,False
data/raw/ddl/audio/drone/drone_1507.wav,ddl,drone,1.0,,f15a3dcdce3d25ff6640,train,False
data/raw/ddl/audio/drone/drone_1508.wav,ddl,drone,1.0,,f15a3dcdce3d25ff6640,train,False
data/raw/ddl/audio/drone/drone_1509.wav,ddl,drone,1.0,,f15a3dcdce3d25ff6640,train,False
data/raw/ddl/audio/drone/drone_1510.wav,ddl,drone,1.0,,f15a3dcdce3d25ff6640,train,False
data/raw/ddl/audio/drone/drone_1511.wav,ddl,drone,1.0,,f15a3dcdce3d25ff6640,train,False
data/raw/ddl/audio/drone/drone_1512.wav,ddl,drone,1.0,,f15a3dcdce3d25ff6640,train,False
data/raw/ddl/audio/drone/drone_1513.wav,ddl,drone,1.0,,f15a3dcdce3d25ff6640,train,False
data/raw/ddl/audio/drone/drone_1514.wav,ddl,drone,1.0,,f15a3dcdce3d25ff6640,train,False
data/raw/ddl/audio/drone/drone_1515.wav,ddl,drone,1.0,,f15a3dcdce3d25ff6640,train,False
data/raw/ddl/audio/drone/drone_1516.wav,ddl,drone,1.0,,f15a3dcdce3d25ff6640,train,False
data/raw/ddl/audio/drone/drone_1517.wav,ddl,drone,1.0,,f15a3dcdce3d25ff6640,train,False
data/raw/ddl/audio/drone/drone_1518.wav,ddl,drone,1.0,,f15a3dcdce3d25ff6640,train,False
data/raw/ddl/audio/drone/drone_1519.wav,ddl,drone,1.0,,f15a3dcdce3d25ff6640,train,False
data/raw/ddl/audio/drone/drone_1520.wav,ddl,drone,1.0,,f15a3dcdce3d25ff6640,train,False
data/raw/ddl/audio/drone/drone_1521.wav,ddl,drone,1.0,,f15a3dcdce3d25ff6640,train,False
data/raw/ddl/audio/drone/drone_1522.wav,ddl,drone,1.0,,f15a3dcdce3d25ff6640,train,False
data/raw/ddl/audio/drone/drone_1523.wav,ddl,drone,1.0,,f15a3dcdce3d25ff6640,train,False
data/raw/ddl/audio/drone/drone_1524.wav,ddl,drone,1.0,,f15a3dcdce3d25ff6640,train,False
data/raw/ddl/audio/drone/drone_1525.wav,ddl,drone,1.0,,f15a3dcdce3d25ff6640,train,False
data/raw/ddl/audio/drone/drone_1526.wav,ddl,drone,1.0,,f15a3dcdce3d25ff6640,train,False
data/raw/ddl/audio/drone/drone_1527.wav,ddl,drone,1.0,,f15a3dcdce3d25ff6640,train,False
data/raw/ddl/audio/drone/drone_1528.wav,ddl,drone,1.0,,f15a3dcdce3d25ff6640,train,False
data/raw/ddl/audio/drone/drone_1529.wav,ddl,drone,1.0,,f15a3dcdce3d25ff6640,train,False
data/raw/ddl/audio/drone/drone_1530.wav,ddl,drone,1.0,,f15a3dcdce3d25ff6640,train,False
data/raw/ddl/audio/drone/drone_1531.wav,ddl,drone,1.0,,f15a3dcdce3d25ff6640,train,False
data/raw/ddl/audio/drone/drone_1532.wav,ddl,drone,1.0,,f15a3dcdce3d25ff6640,train,False
data/raw/ddl/audio/drone/drone_1533.wav,ddl,drone,1.0,,f15a3dcdce3d25ff6640,train,False
data/raw/ddl/audio/drone/drone_1534.wav,ddl,drone,1.0,,f15a3dcdce3d25ff6640,train,False
data/raw/ddl/audio/drone/drone_1535.wav,ddl,drone,1.0,,f15a3dcdce3d25ff6640,train,False
data/raw/ddl/audio/drone/drone_1536.wav,ddl,drone,1.0,,f15a3dcdce3d25ff6640,train,False
data/raw/ddl/audio/drone/drone_1537.wav,ddl,drone,1.0,,f15a3dcdce3d25ff6640,train,False
data/raw/ddl/audio/drone/drone_1538.wav,ddl,drone,1.0,,f15a3dcdce3d25ff6640,train,False
data/raw/ddl/audio/drone/drone_1539.wav,ddl,drone,1.0,,f15a3dcdce3d25ff6640,train,False
data/raw/ddl/audio/drone/drone_1540.wav,ddl,drone,1.0,,f15a3dcdce3d25ff6640,train,False
data/raw/ddl/audio/drone/drone_1541.wav,ddl,drone,1.0,,f15a3dcdce3d25ff6640,train,False
data/raw/ddl/audio/drone/drone_1542.wav,ddl,drone,1.0,,f15a3dcdce3d25ff6640,train,False
data/raw/ddl/audio/drone/drone_1543.wav,ddl,drone,1.0,,f15a3dcdce3d25ff6640,train,False
data/raw/ddl/audio/drone/drone_1544.wav,ddl,drone,1.0,,f15a3dcdce3d25ff6640,train,False
data/raw/ddl/audio/drone/drone_1545.wav,ddl,drone,1.0,,f15a3dcdce3d25ff6640,train,False
data/raw/ddl/audio/drone/drone_1546.wav,ddl,drone,1.0,,f15a3dcdce3d25ff6640,train,False
data/raw/ddl/audio/drone/drone_1547.wav,ddl,drone,1.0,,f15a3dcdce3d25ff6640,train,False
data/raw/ddl/audio/drone/drone_1548.wav,ddl,drone,1.0,,f15a3dcdce3d25ff6640,train,False
data/raw/ddl/audio/drone/drone_1549.wav,ddl,drone,1.0,,f15a3dcdce3d25ff6640,train,False
data/raw/ddl/audio/drone/drone_1550.wav,ddl,drone,1.0,,f15a3dcdce3d25ff6640,train,False
data/raw/ddl/audio/drone/drone_1551.wav,ddl,drone,1.0,,f15a3dcdce3d25ff6640,train,False
data/raw/ddl/audio/drone/drone_1552.wav,ddl,drone,1.0,,f15a3dcdce3d25ff6640,train,False
data/raw/ddl/audio/drone/drone_1553.wav,ddl,drone,1.0,,f15a3dcdce3d25ff6640,train,False
data/raw/ddl/audio/drone/drone_1554.wav,ddl,drone,1.0,,f15a3dcdce3d25ff6640,train,False
data/raw/ddl/audio/drone/drone_1555.wav,ddl,drone,1.0,,f15a3dcdce3d25ff6640,train,False
data/raw/ddl/audio/drone/drone_1556.wav,ddl,drone,1.0,,f15a3dcdce3d25ff6640,train,False
data/raw/ddl/audio/drone/drone_1557.wav,ddl,drone,1.0,,f15a3dcdce3d25ff6640,train,False
data/raw/ddl/audio/drone/drone_1558.wav,ddl,drone,1.0,,f15a3dcdce3d25ff6640,train,False
data/raw/ddl/audio/drone/drone_1559.wav,ddl,drone,1.0,,83083f2b6a9a24355b2b,train,False
data/raw/ddl/audio/drone/drone_1560.wav,ddl,drone,1.0,,83083f2b6a9a24355b2b,train,False
data/raw/ddl/audio/drone/drone_1561.wav,ddl,drone,1.0,,83083f2b6a9a24355b2b,train,False
data/raw/ddl/audio/drone/drone_1562.wav,ddl,drone,1.0,,83083f2b6a9a24355b2b,train,False
data/raw/ddl/audio/drone/drone_1563.wav,ddl,drone,1.0,,83083f2b6a9a24355b2b,train,False
data/raw/ddl/audio/drone/drone_1564.wav,ddl,drone,1.0,,83083f2b6a9a24355b2b,train,False
data/raw/ddl/audio/drone/drone_1565.wav,ddl,drone,1.0,,83083f2b6a9a24355b2b,train,False
data/raw/ddl/audio/drone/drone_1566.wav,ddl,drone,1.0,,83083f2b6a9a24355b2b,train,False
data/raw/ddl/audio/drone/drone_1567.wav,ddl,drone,1.0,,83083f2b6a9a24355b2b,train,False
data/raw/ddl/audio/drone/drone_1568.wav,ddl,drone,1.0,,83083f2b6a9a24355b2b,train,False
data/raw/ddl/audio/drone/drone_1569.wav,ddl,drone,1.0,,83083f2b6a9a24355b2b,train,False
data/raw/ddl/audio/drone/drone_1570.wav,ddl,drone,1.0,,83083f2b6a9a24355b2b,train,False
data/raw/ddl/audio/drone/drone_1571.wav,ddl,drone,1.0,,83083f2b6a9a24355b2b,train,False
data/raw/ddl/audio/drone/drone_1572.wav,ddl,drone,1.0,,83083f2b6a9a24355b2b,train,False
data/raw/ddl/audio/drone/drone_1573.wav,ddl,drone,1.0,,83083f2b6a9a24355b2b,train,False
data/raw/ddl/audio/drone/drone_1574.wav,ddl,drone,1.0,,83083f2b6a9a24355b2b,train,False
data/raw/ddl/audio/drone/drone_1575.wav,ddl,drone,1.0,,83083f2b6a9a24355b2b,train,False
data/raw/ddl/audio/drone/drone_1576.wav,ddl,drone,1.0,,83083f2b6a9a24355b2b,train,False
data/raw/ddl/audio/drone/drone_1577.wav,ddl,drone,1.0,,83083f2b6a9a24355b2b,train,False
data/raw/ddl/audio/drone/drone_1578.wav,ddl,drone,1.0,,83083f2b6a9a24355b2b,train,False
data/raw/ddl/audio/drone/drone_1579.wav,ddl,drone,1.0,,83083f2b6a9a24355b2b,train,False
data/raw/ddl/audio/drone/drone_1580.wav,ddl,drone,1.0,,83083f2b6a9a24355b2b,train,False
data/raw/ddl/audio/drone/drone_1581.wav,ddl,drone,1.0,,83083f2b6a9a24355b2b,train,False
data/raw/ddl/audio/drone/drone_1582.wav,ddl,drone,1.0,,83083f2b6a9a24355b2b,train,False
data/raw/ddl/audio/drone/drone_1583.wav,ddl,drone,1.0,,83083f2b6a9a24355b2b,train,False
data/raw/ddl/audio/drone/drone_1584.wav,ddl,drone,1.0,,83083f2b6a9a24355b2b,train,False
data/raw/ddl/audio/drone/drone_1585.wav,ddl,drone,1.0,,83083f2b6a9a24355b2b,train,False
data/raw/ddl/audio/drone/drone_1586.wav,ddl,drone,1.0,,83083f2b6a9a24355b2b,train,False
data/raw/ddl/audio/drone/drone_1587.wav,ddl,drone,1.0,,83083f2b6a9a24355b2b,train,False
data/raw/ddl/audio/drone/drone_1588.wav,ddl,drone,1.0,,83083f2b6a9a24355b2b,train,False
data/raw/ddl/audio/drone/drone_1589.wav,ddl,drone,1.0,,83083f2b6a9a24355b2b,train,False
data/raw/ddl/audio/drone/drone_1590.wav,ddl,drone,1.0,,83083f2b6a9a24355b2b,train,False
data/raw/ddl/audio/drone/drone_1591.wav,ddl,drone,1.0,,83083f2b6a9a24355b2b,train,False
data/raw/ddl/audio/drone/drone_1592.wav,ddl,drone,1.0,,83083f2b6a9a24355b2b,train,False
data/raw/ddl/audio/drone/drone_1593.wav,ddl,drone,1.0,,83083f2b6a9a24355b2b,train,False
data/raw/ddl/audio/drone/drone_1594.wav,ddl,drone,1.0,,83083f2b6a9a24355b2b,train,False
data/raw/ddl/audio/drone/drone_1595.wav,ddl,drone,1.0,,83083f2b6a9a24355b2b,train,False
data/raw/ddl/audio/drone/drone_1596.wav,ddl,drone,1.0,,83083f2b6a9a24355b2b,train,False
data/raw/ddl/audio/drone/drone_1597.wav,ddl,drone,1.0,,83083f2b6a9a24355b2b,train,False
data/raw/ddl/audio/drone/drone_1598.wav,ddl,drone,1.0,,83083f2b6a9a24355b2b,train,False
data/raw/ddl/audio/drone/drone_1599.wav,ddl,drone,1.0,,83083f2b6a9a24355b2b,train,False
data/raw/ddl/audio/drone/drone_1600.wav,ddl,drone,1.0,,83083f2b6a9a24355b2b,train,False
data/raw/ddl/audio/drone/drone_1601.wav,ddl,drone,1.0,,83083f2b6a9a24355b2b,train,False
data/raw/ddl/audio/drone/drone_1602.wav,ddl,drone,1.0,,83083f2b6a9a24355b2b,train,False
data/raw/ddl/audio/drone/drone_1603.wav,ddl,drone,1.0,,83083f2b6a9a24355b2b,train,False
data/raw/ddl/audio/drone/drone_1604.wav,ddl,drone,1.0,,83083f2b6a9a24355b2b,train,False
data/raw/ddl/audio/drone/drone_1605.wav,ddl,drone,1.0,,83083f2b6a9a24355b2b,train,False
data/raw/ddl/audio/drone/drone_1606.wav,ddl,drone,1.0,,83083f2b6a9a24355b2b,train,False
data/raw/ddl/audio/drone/drone_1607.wav,ddl,drone,1.0,,83083f2b6a9a24355b2b,train,False
data/raw/ddl/audio/drone/drone_1608.wav,ddl,drone,1.0,,83083f2b6a9a24355b2b,train,False
data/raw/ddl/audio/drone/drone_1609.wav,ddl,drone,1.0,,83083f2b6a9a24355b2b,train,False
data/raw/ddl/audio/drone/drone_1610.wav,ddl,drone,1.0,,83083f2b6a9a24355b2b,train,False
data/raw/ddl/audio/drone/drone_1611.wav,ddl,drone,1.0,,83083f2b6a9a24355b2b,train,False
data/raw/ddl/audio/drone/drone_1612.wav,ddl,drone,1.0,,83083f2b6a9a24355b2b,train,False
data/raw/ddl/audio/drone/drone_1613.wav,ddl,drone,1.0,,83083f2b6a9a24355b2b,train,False
data/raw/ddl/audio/drone/drone_1614.wav,ddl,drone,1.0,,83083f2b6a9a24355b2b,train,False
data/raw/ddl/audio/drone/drone_1615.wav,ddl,drone,1.0,,83083f2b6a9a24355b2b,train,False
data/raw/ddl/audio/drone/drone_1616.wav,ddl,drone,1.0,,83083f2b6a9a24355b2b,train,False
data/raw/ddl/audio/drone/drone_1617.wav,ddl,drone,1.0,,83083f2b6a9a24355b2b,train,False
data/raw/ddl/audio/drone/drone_1618.wav,ddl,drone,1.0,,83083f2b6a9a24355b2b,train,False
data/raw/ddl/audio/drone/drone_1619.wav,ddl,drone,1.0,,83083f2b6a9a24355b2b,train,False
data/raw/ddl/audio/drone/drone_1620.wav,ddl,drone,1.0,,83083f2b6a9a24355b2b,train,False
data/raw/ddl/audio/drone/drone_1621.wav,ddl,drone,1.0,,83083f2b6a9a24355b2b,train,False
data/raw/ddl/audio/drone/drone_1622.wav,ddl,drone,1.0,,83083f2b6a9a24355b2b,train,False
data/raw/ddl/audio/drone/drone_1623.wav,ddl,drone,1.0,,83083f2b6a9a24355b2b,train,False
data/raw/ddl/audio/drone/drone_1624.wav,ddl,drone,1.0,,83083f2b6a9a24355b2b,train,False
data/raw/ddl/audio/drone/drone_1625.wav,ddl,drone,1.0,,83083f2b6a9a24355b2b,train,False
data/raw/ddl/audio/drone/drone_1626.wav,ddl,drone,1.0,,83083f2b6a9a24355b2b,train,False
data/raw/ddl/audio/drone/drone_1627.wav,ddl,drone,1.0,,83083f2b6a9a24355b2b,train,False
data/raw/ddl/audio/drone/drone_1628.wav,ddl,drone,1.0,,83083f2b6a9a24355b2b,train,False
data/raw/ddl/audio/drone/drone_1629.wav,ddl,drone,1.0,,83083f2b6a9a24355b2b,train,False
data/raw/ddl/audio/drone/drone_1630.wav,ddl,drone,1.0,,83083f2b6a9a24355b2b,train,False
data/raw/ddl/audio/drone/drone_1631.wav,ddl,drone,1.0,,83083f2b6a9a24355b2b,train,False
data/raw/ddl/audio/drone/drone_1632.wav,ddl,drone,1.0,,83083f2b6a9a24355b2b,train,False
data/raw/ddl/audio/drone/drone_1633.wav,ddl,drone,1.0,,83083f2b6a9a24355b2b,train,False
data/raw/ddl/audio/drone/drone_1634.wav,ddl,drone,1.0,,83083f2b6a9a24355b2b,train,False
data/raw/ddl/audio/drone/drone_1635.wav,ddl,drone,1.0,,83083f2b6a9a24355b2b,train,False
data/raw/ddl/audio/drone/drone_1636.wav,ddl,drone,1.0,,83083f2b6a9a24355b2b,train,False
data/raw/ddl/audio/drone/drone_1637.wav,ddl,drone,1.0,,83083f2b6a9a24355b2b,train,False
data/raw/ddl/audio/drone/drone_1638.wav,ddl,drone,1.0,,83083f2b6a9a24355b2b,train,False
data/raw/ddl/audio/drone/drone_1639.wav,ddl,drone,1.0,,83083f2b6a9a24355b2b,train,False
data/raw/ddl/audio/drone/drone_1640.wav,ddl,drone,1.0,,83083f2b6a9a24355b2b,train,False
data/raw/ddl/audio/drone/drone_1641.wav,ddl,drone,1.0,,83083f2b6a9a24355b2b,train,False
data/raw/ddl/audio/drone/drone_1642.wav,ddl,drone,1.0,,83083f2b6a9a24355b2b,train,False
data/raw/ddl/audio/drone/drone_1643.wav,ddl,drone,1.0,,83083f2b6a9a24355b2b,train,False
data/raw/ddl/audio/drone/drone_1644.wav,ddl,drone,1.0,,83083f2b6a9a24355b2b,train,False
data/raw/ddl/audio/drone/drone_1645.wav,ddl,drone,1.0,,83083f2b6a9a24355b2b,train,False
data/raw/ddl/audio/drone/drone_1646.wav,ddl,drone,1.0,,83083f2b6a9a24355b2b,train,False
data/raw/ddl/audio/drone/drone_1647.wav,ddl,drone,1.0,,83083f2b6a9a24355b2b,train,False
data/raw/ddl/audio/drone/drone_1648.wav,ddl,drone,1.0,,83083f2b6a9a24355b2b,train,False
data/raw/ddl/audio/drone/drone_1649.wav,ddl,drone,1.0,,83083f2b6a9a24355b2b,train,False
data/raw/ddl/audio/drone/drone_1650.wav,ddl,drone,1.0,,83083f2b6a9a24355b2b,train,False
data/raw/ddl/audio/drone/drone_1651.wav,ddl,drone,1.0,,83083f2b6a9a24355b2b,train,False
data/raw/ddl/audio/drone/drone_1652.wav,ddl,drone,1.0,,83083f2b6a9a24355b2b,train,False
data/raw/ddl/audio/drone/drone_1653.wav,ddl,drone,1.0,,83083f2b6a9a24355b2b,train,False
data/raw/ddl/audio/drone/drone_1654.wav,ddl,drone,1.0,,83083f2b6a9a24355b2b,train,False
data/raw/ddl/audio/drone/drone_1655.wav,ddl,drone,1.0,,83083f2b6a9a24355b2b,train,False
data/raw/ddl/audio/drone/drone_1656.wav,ddl,drone,1.0,,83083f2b6a9a24355b2b,train,False
data/raw/ddl/audio/drone/drone_1657.wav,ddl,drone,1.0,,83083f2b6a9a24355b2b,train,False
data/raw/ddl/audio/drone/drone_1658.wav,ddl,drone,1.0,,83083f2b6a9a24355b2b,train,False
data/raw/ddl/audio/drone/drone_1659.wav,ddl,drone,1.0,,83083f2b6a9a24355b2b,train,False
data/raw/ddl/audio/drone/drone_1660.wav,ddl,drone,1.0,,83083f2b6a9a24355b2b,train,False
data/raw/ddl/audio/drone/drone_1661.wav,ddl,drone,1.0,,83083f2b6a9a24355b2b,train,False
data/raw/ddl/audio/drone/drone_1662.wav,ddl,drone,1.0,,83083f2b6a9a24355b2b,train,False
data/raw/ddl/audio/drone/drone_1663.wav,ddl,drone,1.0,,83083f2b6a9a24355b2b,train,False
data/raw/ddl/audio/drone/drone_1664.wav,ddl,drone,1.0,,83083f2b6a9a24355b2b,train,False
data/raw/ddl/audio/drone/drone_1665.wav,ddl,drone,1.0,,83083f2b6a9a24355b2b,train,False
data/raw/ddl/audio/drone/drone_1666.wav,ddl,drone,1.0,,83083f2b6a9a24355b2b,train,False
data/raw/ddl/audio/drone/drone_1667.wav,ddl,drone,1.0,,83083f2b6a9a24355b2b,train,False
data/raw/ddl/audio/drone/drone_1668.wav,ddl,drone,1.0,,83083f2b6a9a24355b2b,train,False
data/raw/ddl/audio/drone/drone_1669.wav,ddl,drone,1.0,,83083f2b6a9a24355b2b,train,False
data/raw/ddl/audio/drone/drone_1670.wav,ddl,drone,1.0,,83083f2b6a9a24355b2b,train,False
data/raw/ddl/audio/drone/drone_1671.wav,ddl,drone,1.0,,83083f2b6a9a24355b2b,train,False
data/raw/ddl/audio/drone/drone_1672.wav,ddl,drone,1.0,,83083f2b6a9a24355b2b,train,False
data/raw/ddl/audio/drone/drone_1673.wav,ddl,drone,1.0,,83083f2b6a9a24355b2b,train,False
data/raw/ddl/audio/drone/drone_1674.wav,ddl,drone,1.0,,83083f2b6a9a24355b2b,train,False
data/raw/ddl/audio/drone/drone_1675.wav,ddl,drone,1.0,,83083f2b6a9a24355b2b,train,False
data/raw/ddl/audio/drone/drone_1676.wav,ddl,drone,1.0,,83083f2b6a9a24355b2b,train,False
data/raw/ddl/audio/drone/drone_1677.wav,ddl,drone,1.0,,83083f2b6a9a24355b2b,train,False
data/raw/ddl/audio/drone/drone_1678.wav,ddl,drone,1.0,,83083f2b6a9a24355b2b,train,False
data/raw/ddl/audio/drone/drone_1679.wav,ddl,drone,1.0,,83083f2b6a9a24355b2b,train,False
data/raw/ddl/audio/drone/drone_1680.wav,ddl,drone,1.0,,83083f2b6a9a24355b2b,train,False
data/raw/ddl/audio/drone/drone_1681.wav,ddl,drone,1.0,,83083f2b6a9a24355b2b,train,False
data/raw/ddl/audio/drone/drone_1682.wav,ddl,drone,1.0,,83083f2b6a9a24355b2b,train,False
data/raw/ddl/audio/drone/drone_1683.wav,ddl,drone,1.0,,83083f2b6a9a24355b2b,train,False
data/raw/ddl/audio/drone/drone_1684.wav,ddl,drone,1.0,,83083f2b6a9a24355b2b,train,False
data/raw/ddl/audio/drone/drone_1685.wav,ddl,drone,1.0,,83083f2b6a9a24355b2b,train,False
data/raw/ddl/audio/drone/drone_1686.wav,ddl,drone,1.0,,83083f2b6a9a24355b2b,train,False
data/raw/ddl/audio/drone/drone_1687.wav,ddl,drone,1.0,,83083f2b6a9a24355b2b,train,False
data/raw/ddl/audio/drone/drone_1688.wav,ddl,drone,1.0,,83083f2b6a9a24355b2b,train,False
data/raw/ddl/audio/drone/drone_1689.wav,ddl,drone,1.0,,83083f2b6a9a24355b2b,train,False
data/raw/ddl/audio/drone/drone_1690.wav,ddl,drone,1.0,,83083f2b6a9a24355b2b,train,False
data/raw/ddl/audio/drone/drone_1691.wav,ddl,drone,1.0,,83083f2b6a9a24355b2b,train,False
data/raw/ddl/audio/drone/drone_1692.wav,ddl,drone,1.0,,83083f2b6a9a24355b2b,train,False
data/raw/ddl/audio/drone/drone_1693.wav,ddl,drone,1.0,,83083f2b6a9a24355b2b,train,False
data/raw/ddl/audio/drone/drone_1694.wav,ddl,drone,1.0,,83083f2b6a9a24355b2b,train,False
data/raw/ddl/audio/drone/drone_1695.wav,ddl,drone,1.0,,83083f2b6a9a24355b2b,train,False
data/raw/ddl/audio/drone/drone_1696.wav,ddl,drone,1.0,,83083f2b6a9a24355b2b,train,False
data/raw/ddl/audio/drone/drone_1697.wav,ddl,drone,1.0,,83083f2b6a9a24355b2b,train,False
data/raw/ddl/audio/drone/drone_1698.wav,ddl,drone,1.0,,83083f2b6a9a24355b2b,train,False
data/raw/ddl/audio/drone/drone_1699.wav,ddl,drone,1.0,,83083f2b6a9a24355b2b,train,False
data/raw/ddl/audio/drone/drone_1700.wav,ddl,drone,1.0,,83083f2b6a9a24355b2b,train,False
data/raw/ddl/audio/drone/drone_1701.wav,ddl,drone,1.0,,83083f2b6a9a24355b2b,train,False
data/raw/ddl/audio/drone/drone_1702.wav,ddl,drone,1.0,,83083f2b6a9a24355b2b,train,False
data/raw/ddl/audio/drone/drone_1703.wav,ddl,drone,1.0,,83083f2b6a9a24355b2b,train,False
data/raw/ddl/audio/drone/drone_1704.wav,ddl,drone,1.0,,83083f2b6a9a24355b2b,train,False
data/raw/ddl/audio/drone/drone_1705.wav,ddl,drone,1.0,,83083f2b6a9a24355b2b,train,False
data/raw/ddl/audio/drone/drone_1706.wav,ddl,drone,1.0,,83083f2b6a9a24355b2b,train,False
data/raw/ddl/audio/drone/drone_1707.wav,ddl,drone,1.0,,83083f2b6a9a24355b2b,train,False
data/raw/ddl/audio/drone/drone_1708.wav,ddl,drone,1.0,,83083f2b6a9a24355b2b,train,False
data/raw/ddl/audio/drone/drone_1709.wav,ddl,drone,1.0,,83083f2b6a9a24355b2b,train,False
data/raw/ddl/audio/drone/drone_1710.wav,ddl,drone,1.0,,83083f2b6a9a24355b2b,train,False
data/raw/ddl/audio/drone/drone_1711.wav,ddl,drone,1.0,,83083f2b6a9a24355b2b,train,False
data/raw/ddl/audio/drone/drone_1712.wav,ddl,drone,1.0,,83083f2b6a9a24355b2b,train,False
data/raw/ddl/audio/drone/drone_1713.wav,ddl,drone,1.0,,83083f2b6a9a24355b2b,train,False
data/raw/ddl/audio/drone/drone_1714.wav,ddl,drone,1.0,,83083f2b6a9a24355b2b,train,False
data/raw/ddl/audio/drone/drone_1715.wav,ddl,drone,1.0,,83083f2b6a9a24355b2b,train,False
data/raw/ddl/audio/drone/drone_1716.wav,ddl,drone,1.0,,83083f2b6a9a24355b2b,train,False
data/raw/ddl/audio/drone/drone_1717.wav,ddl,drone,1.0,,83083f2b6a9a24355b2b,train,False
data/raw/ddl/audio/drone/drone_1718.wav,ddl,drone,1.0,,83083f2b6a9a24355b2b,train,False
data/raw/ddl/audio/drone/drone_1719.wav,ddl,drone,1.0,,83083f2b6a9a24355b2b,train,False
data/raw/ddl/audio/drone/drone_1720.wav,ddl,drone,1.0,,83083f2b6a9a24355b2b,train,False
data/raw/ddl/audio/drone/drone_1721.wav,ddl,drone,1.0,,83083f2b6a9a24355b2b,train,False
data/raw/ddl/audio/drone/drone_1722.wav,ddl,drone,1.0,,83083f2b6a9a24355b2b,train,False
data/raw/ddl/audio/drone/drone_1723.wav,ddl,drone,1.0,,83083f2b6a9a24355b2b,train,False
data/raw/ddl/audio/drone/drone_1724.wav,ddl,drone,1.0,,83083f2b6a9a24355b2b,train,False
data/raw/ddl/audio/drone/drone_1725.wav,ddl,drone,1.0,,83083f2b6a9a24355b2b,train,False
data/raw/ddl/audio/drone/drone_1726.wav,ddl,drone,1.0,,83083f2b6a9a24355b2b,train,False
data/raw/ddl/audio/drone/drone_1727.wav,ddl,drone,1.0,,83083f2b6a9a24355b2b,train,False
data/raw/ddl/audio/drone/drone_1728.wav,ddl,drone,1.0,,83083f2b6a9a24355b2b,train,False
data/raw/ddl/audio/drone/drone_1729.wav,ddl,drone,1.0,,83083f2b6a9a24355b2b,train,False
data/raw/ddl/audio/drone/drone_1730.wav,ddl,drone,1.0,,83083f2b6a9a24355b2b,train,False
data/raw/ddl/audio/drone/drone_1731.wav,ddl,drone,1.0,,83083f2b6a9a24355b2b,train,False
data/raw/ddl/audio/drone/drone_1732.wav,ddl,drone,1.0,,83083f2b6a9a24355b2b,train,False
data/raw/ddl/audio/drone/drone_1733.wav,ddl,drone,1.0,,83083f2b6a9a24355b2b,train,False
data/raw/ddl/audio/drone/drone_1734.wav,ddl,drone,1.0,,83083f2b6a9a24355b2b,train,False
data/raw/ddl/audio/drone/drone_1735.wav,ddl,drone,1.0,,83083f2b6a9a24355b2b,train,False
data/raw/ddl/audio/drone/drone_1736.wav,ddl,drone,1.0,,83083f2b6a9a24355b2b,train,False
data/raw/ddl/audio/drone/drone_1737.wav,ddl,drone,1.0,,83083f2b6a9a24355b2b,train,False
data/raw/ddl/audio/drone/drone_1738.wav,ddl,drone,1.0,,83083f2b6a9a24355b2b,train,False
data/raw/ddl/audio/drone/drone_1739.wav,ddl,drone,1.0,,83083f2b6a9a24355b2b,train,False
data/raw/ddl/audio/drone/drone_1740.wav,ddl,drone,1.0,,83083f2b6a9a24355b2b,train,False
data/raw/ddl/audio/drone/drone_1741.wav,ddl,drone,1.0,,83083f2b6a9a24355b2b,train,False
data/raw/ddl/audio/drone/drone_1742.wav,ddl,drone,1.0,,83083f2b6a9a24355b2b,train,False
data/raw/ddl/audio/drone/drone_1743.wav,ddl,drone,1.0,,83083f2b6a9a24355b2b,train,False
data/raw/ddl/audio/drone/drone_1744.wav,ddl,drone,1.0,,83083f2b6a9a24355b2b,train,False
data/raw/ddl/audio/drone/drone_1745.wav,ddl,drone,1.0,,83083f2b6a9a24355b2b,train,False
data/raw/ddl/audio/drone/drone_1746.wav,ddl,drone,1.0,,83083f2b6a9a24355b2b,train,False
data/raw/ddl/audio/drone/drone_1747.wav,ddl,drone,1.0,,83083f2b6a9a24355b2b,train,False
data/raw/ddl/audio/drone/drone_1748.wav,ddl,drone,1.0,,83083f2b6a9a24355b2b,train,False
data/raw/ddl/audio/drone/drone_1749.wav,ddl,drone,1.0,,83083f2b6a9a24355b2b,train,False
data/raw/ddl/audio/drone/drone_1750.wav,ddl,drone,1.0,,83083f2b6a9a24355b2b,train,False
data/raw/ddl/audio/drone/drone_1751.wav,ddl,drone,1.0,,83083f2b6a9a24355b2b,train,False
data/raw/ddl/audio/drone/drone_1752.wav,ddl,drone,1.0,,83083f2b6a9a24355b2b,train,False
data/raw/ddl/audio/drone/drone_1753.wav,ddl,drone,1.0,,83083f2b6a9a24355b2b,train,False
data/raw/ddl/audio/drone/drone_1754.wav,ddl,drone,1.0,,83083f2b6a9a24355b2b,train,False
data/raw/ddl/audio/drone/drone_1755.wav,ddl,drone,1.0,,83083f2b6a9a24355b2b,train,False
data/raw/ddl/audio/drone/drone_1756.wav,ddl,drone,1.0,,83083f2b6a9a24355b2b,train,False
data/raw/ddl/audio/drone/drone_1757.wav,ddl,drone,1.0,,83083f2b6a9a24355b2b,train,False
data/raw/ddl/audio/drone/drone_1758.wav,ddl,drone,1.0,,83083f2b6a9a24355b2b,train,False
data/raw/ddl/audio/drone/drone_1759.wav,ddl,drone,1.0,,83083f2b6a9a24355b2b,train,False
data/raw/ddl/audio/drone/drone_1760.wav,ddl,drone,1.0,,83083f2b6a9a24355b2b,train,False
data/raw/ddl/audio/drone/drone_1761.wav,ddl,drone,1.0,,83083f2b6a9a24355b2b,train,False
data/raw/ddl/audio/drone/drone_1762.wav,ddl,drone,1.0,,83083f2b6a9a24355b2b,train,False
data/raw/ddl/audio/drone/drone_1763.wav,ddl,drone,1.0,,83083f2b6a9a24355b2b,train,False
data/raw/ddl/audio/drone/drone_1764.wav,ddl,drone,1.0,,83083f2b6a9a24355b2b,train,False
data/raw/ddl/audio/drone/drone_1765.wav,ddl,drone,1.0,,83083f2b6a9a24355b2b,train,False
data/raw/ddl/audio/drone/drone_1766.wav,ddl,drone,1.0,,83083f2b6a9a24355b2b,train,False
data/raw/ddl/audio/drone/drone_1767.wav,ddl,drone,1.0,,83083f2b6a9a24355b2b,train,False
data/raw/ddl/audio/drone/drone_1768.wav,ddl,drone,1.0,,83083f2b6a9a24355b2b,train,False
data/raw/ddl/audio/drone/drone_1769.wav,ddl,drone,1.0,,83083f2b6a9a24355b2b,train,False
data/raw/ddl/audio/drone/drone_1770.wav,ddl,drone,1.0,,83083f2b6a9a24355b2b,train,False
data/raw/ddl/audio/drone/drone_1771.wav,ddl,drone,1.0,,83083f2b6a9a24355b2b,train,False
data/raw/ddl/audio/drone/drone_1772.wav,ddl,drone,1.0,,83083f2b6a9a24355b2b,train,False
data/raw/ddl/audio/drone/drone_1773.wav,ddl,drone,1.0,,83083f2b6a9a24355b2b,train,False
data/raw/ddl/audio/drone/drone_1774.wav,ddl,drone,1.0,,83083f2b6a9a24355b2b,train,False
data/raw/ddl/audio/drone/drone_1775.wav,ddl,drone,1.0,,83083f2b6a9a24355b2b,train,False
data/raw/ddl/audio/drone/drone_1776.wav,ddl,drone,1.0,,83083f2b6a9a24355b2b,train,False
data/raw/ddl/audio/drone/drone_1777.wav,ddl,drone,1.0,,83083f2b6a9a24355b2b,train,False
data/raw/ddl/audio/drone/drone_1778.wav,ddl,drone,1.0,,83083f2b6a9a24355b2b,train,False
data/raw/ddl/audio/drone/drone_1779.wav,ddl,drone,1.0,,83083f2b6a9a24355b2b,train,False
data/raw/ddl/audio/drone/drone_1780.wav,ddl,drone,1.0,,83083f2b6a9a24355b2b,train,False
data/raw/ddl/audio/drone/drone_1781.wav,ddl,drone,1.0,,83083f2b6a9a24355b2b,train,False
data/raw/ddl/audio/drone/drone_1782.wav,ddl,drone,1.0,,83083f2b6a9a24355b2b,train,False
data/raw/ddl/audio/drone/drone_1783.wav,ddl,drone,1.0,,83083f2b6a9a24355b2b,train,False
data/raw/ddl/audio/drone/drone_1784.wav,ddl,drone,1.0,,83083f2b6a9a24355b2b,train,False
data/raw/ddl/audio/drone/drone_1785.wav,ddl,drone,1.0,,83083f2b6a9a24355b2b,train,False
data/raw/ddl/audio/drone/drone_1786.wav,ddl,drone,1.0,,83083f2b6a9a24355b2b,train,False
data/raw/ddl/audio/drone/drone_1787.wav,ddl,drone,1.0,,83083f2b6a9a24355b2b,train,False
data/raw/ddl/audio/drone/drone_1788.wav,ddl,drone,1.0,,83083f2b6a9a24355b2b,train,False
data/raw/ddl/audio/drone/drone_1789.wav,ddl,drone,1.0,,83083f2b6a9a24355b2b,train,False
data/raw/ddl/audio/drone/drone_1790.wav,ddl,drone,1.0,,83083f2b6a9a24355b2b,train,False
data/raw/ddl/audio/drone/drone_1791.wav,ddl,drone,1.0,,83083f2b6a9a24355b2b,train,False
data/raw/ddl/audio/drone/drone_1792.wav,ddl,drone,1.0,,83083f2b6a9a24355b2b,train,False
data/raw/ddl/audio/drone/drone_1793.wav,ddl,drone,1.0,,83083f2b6a9a24355b2b,train,False
data/raw/ddl/audio/drone/drone_1794.wav,ddl,drone,1.0,,83083f2b6a9a24355b2b,train,False
data/raw/ddl/audio/drone/drone_1795.wav,ddl,drone,1.0,,83083f2b6a9a24355b2b,train,False
data/raw/ddl/audio/drone/drone_1796.wav,ddl,drone,1.0,,83083f2b6a9a24355b2b,train,False
data/raw/ddl/audio/drone/drone_1797.wav,ddl,drone,1.0,,83083f2b6a9a24355b2b,train,False
data/raw/ddl/audio/drone/drone_1798.wav,ddl,drone,1.0,,83083f2b6a9a24355b2b,train,False
data/raw/ddl/audio/drone/drone_1799.wav,ddl,drone,1.0,,83083f2b6a9a24355b2b,train,False
data/raw/ddl/audio/drone/drone_1800.wav,ddl,drone,1.0,,83083f2b6a9a24355b2b,train,False
data/raw/ddl/audio/drone/drone_1801.wav,ddl,drone,1.0,,83083f2b6a9a24355b2b,train,False
data/raw/ddl/audio/drone/drone_1802.wav,ddl,drone,1.0,,83083f2b6a9a24355b2b,train,False
data/raw/ddl/audio/drone/drone_1803.wav,ddl,drone,1.0,,83083f2b6a9a24355b2b,train,False
data/raw/ddl/audio/drone/drone_1804.wav,ddl,drone,1.0,,83083f2b6a9a24355b2b,train,False
data/raw/ddl/audio/drone/drone_1805.wav,ddl,drone,1.0,,83083f2b6a9a24355b2b,train,False
data/raw/ddl/audio/drone/drone_1806.wav,ddl,drone,1.0,,83083f2b6a9a24355b2b,train,False
data/raw/ddl/audio/drone/drone_1807.wav,ddl,drone,1.0,,83083f2b6a9a24355b2b,train,False
data/raw/ddl/audio/drone/drone_1808.wav,ddl,drone,1.0,,83083f2b6a9a24355b2b,train,False
data/raw/ddl/audio/drone/drone_1809.wav,ddl,drone,1.0,,83083f2b6a9a24355b2b,train,False
data/raw/ddl/audio/drone/drone_1810.wav,ddl,drone,1.0,,83083f2b6a9a24355b2b,train,False
data/raw/ddl/audio/drone/drone_1811.wav,ddl,drone,1.0,,83083f2b6a9a24355b2b,train,False
data/raw/ddl/audio/drone/drone_1812.wav,ddl,drone,1.0,,83083f2b6a9a24355b2b,train,False
data/raw/ddl/audio/drone/drone_1813.wav,ddl,drone,1.0,,83083f2b6a9a24355b2b,train,False
data/raw/ddl/audio/drone/drone_1814.wav,ddl,drone,1.0,,83083f2b6a9a24355b2b,train,False
data/raw/ddl/audio/drone/drone_1815.wav,ddl,drone,1.0,,83083f2b6a9a24355b2b,train,False
data/raw/ddl/audio/drone/drone_1816.wav,ddl,drone,1.0,,83083f2b6a9a24355b2b,train,False
data/raw/ddl/audio/drone/drone_1817.wav,ddl,drone,1.0,,83083f2b6a9a24355b2b,train,False
data/raw/ddl/audio/drone/drone_1818.wav,ddl,drone,1.0,,83083f2b6a9a24355b2b,train,False
data/raw/ddl/audio/drone/drone_1819.wav,ddl,drone,1.0,,83083f2b6a9a24355b2b,train,False
data/raw/ddl/audio/drone/drone_1820.wav,ddl,drone,1.0,,83083f2b6a9a24355b2b,train,False
data/raw/ddl/audio/drone/drone_1821.wav,ddl,drone,1.0,,83083f2b6a9a24355b2b,train,False
data/raw/ddl/audio/drone/drone_1822.wav,ddl,drone,1.0,,83083f2b6a9a24355b2b,train,False
data/raw/ddl/audio/drone/drone_1823.wav,ddl,drone,1.0,,83083f2b6a9a24355b2b,train,False
data/raw/ddl/audio/drone/drone_1824.wav,ddl,drone,1.0,,83083f2b6a9a24355b2b,train,False
data/raw/ddl/audio/drone/drone_1825.wav,ddl,drone,1.0,,83083f2b6a9a24355b2b,train,False
data/raw/ddl/audio/drone/drone_1826.wav,ddl,drone,1.0,,83083f2b6a9a24355b2b,train,False
data/raw/ddl/audio/drone/drone_1827.wav,ddl,drone,1.0,,83083f2b6a9a24355b2b,train,False
data/raw/ddl/audio/drone/drone_1828.wav,ddl,drone,1.0,,83083f2b6a9a24355b2b,train,False
data/raw/ddl/audio/drone/drone_1829.wav,ddl,drone,1.0,,83083f2b6a9a24355b2b,train,False
data/raw/ddl/audio/drone/drone_1830.wav,ddl,drone,1.0,,83083f2b6a9a24355b2b,train,False
data/raw/ddl/audio/drone/drone_1831.wav,ddl,drone,1.0,,83083f2b6a9a24355b2b,train,False
data/raw/ddl/audio/drone/drone_1832.wav,ddl,drone,1.0,,83083f2b6a9a24355b2b,train,False
data/raw/ddl/audio/drone/drone_1833.wav,ddl,drone,1.0,,83083f2b6a9a24355b2b,train,False
data/raw/ddl/audio/drone/drone_1834.wav,ddl,drone,1.0,,83083f2b6a9a24355b2b,train,False
data/raw/ddl/audio/drone/drone_1835.wav,ddl,drone,1.0,,83083f2b6a9a24355b2b,train,False
data/raw/ddl/audio/drone/drone_1836.wav,ddl,drone,1.0,,83083f2b6a9a24355b2b,train,False
data/raw/ddl/audio/drone/drone_1837.wav,ddl,drone,1.0,,83083f2b6a9a24355b2b,train,False
data/raw/ddl/audio/drone/drone_1838.wav,ddl,drone,1.0,,83083f2b6a9a24355b2b,train,False
data/raw/ddl/audio/drone/drone_1839.wav,ddl,drone,1.0,,83083f2b6a9a24355b2b,train,False
data/raw/ddl/audio/drone/drone_1840.wav,ddl,drone,1.0,,83083f2b6a9a24355b2b,train,False
data/raw/ddl/audio/drone/drone_1841.wav,ddl,drone,1.0,,83083f2b6a9a24355b2b,train,False
data/raw/ddl/audio/drone/drone_1842.wav,ddl,drone,1.0,,83083f2b6a9a24355b2b,train,False
data/raw/ddl/audio/drone/drone_1843.wav,ddl,drone,1.0,,83083f2b6a9a24355b2b,train,False
data/raw/ddl/audio/drone/drone_1844.wav,ddl,drone,1.0,,83083f2b6a9a24355b2b,train,False
data/raw/ddl/audio/drone/drone_1845.wav,ddl,drone,1.0,,83083f2b6a9a24355b2b,train,False
data/raw/ddl/audio/drone/drone_1846.wav,ddl,drone,1.0,,83083f2b6a9a24355b2b,train,False
data/raw/ddl/audio/drone/drone_1847.wav,ddl,drone,1.0,,83083f2b6a9a24355b2b,train,False
data/raw/ddl/audio/drone/drone_1848.wav,ddl,drone,1.0,,83083f2b6a9a24355b2b,train,False
data/raw/ddl/audio/drone/drone_1849.wav,ddl,drone,1.0,,83083f2b6a9a24355b2b,train,False
data/raw/ddl/audio/drone/drone_1850.wav,ddl,drone,1.0,,83083f2b6a9a24355b2b,train,False
data/raw/ddl/audio/drone/drone_1851.wav,ddl,drone,1.0,,83083f2b6a9a24355b2b,train,False
data/raw/ddl/audio/drone/drone_1852.wav,ddl,drone,1.0,,83083f2b6a9a24355b2b,train,False
data/raw/ddl/audio/drone/drone_1853.wav,ddl,drone,1.0,,83083f2b6a9a24355b2b,train,False
data/raw/ddl/audio/drone/drone_1854.wav,ddl,drone,1.0,,83083f2b6a9a24355b2b,train,False
data/raw/ddl/audio/drone/drone_1855.wav,ddl,drone,1.0,,83083f2b6a9a24355b2b,train,False
data/raw/ddl/audio/drone/drone_1856.wav,ddl,drone,1.0,,83083f2b6a9a24355b2b,train,False
data/raw/ddl/audio/drone/drone_1857.wav,ddl,drone,1.0,,83083f2b6a9a24355b2b,train,False
data/raw/ddl/audio/drone/drone_1858.wav,ddl,drone,1.0,,83083f2b6a9a24355b2b,train,False
data/raw/ddl/audio/drone/drone_1859.wav,ddl,drone,1.0,,83083f2b6a9a24355b2b,train,False
data/raw/ddl/audio/drone/drone_1860.wav,ddl,drone,1.0,,83083f2b6a9a24355b2b,train,False
data/raw/ddl/audio/drone/drone_1861.wav,ddl,drone,1.0,,83083f2b6a9a24355b2b,train,False
data/raw/ddl/audio/drone/drone_1862.wav,ddl,drone,1.0,,83083f2b6a9a24355b2b,train,False
data/raw/ddl/audio/drone/drone_1863.wav,ddl,drone,1.0,,83083f2b6a9a24355b2b,train,False
data/raw/ddl/audio/drone/drone_1864.wav,ddl,drone,1.0,,83083f2b6a9a24355b2b,train,False
data/raw/ddl/audio/drone/drone_1865.wav,ddl,drone,1.0,,83083f2b6a9a24355b2b,train,False
data/raw/ddl/audio/drone/drone_1866.wav,ddl,drone,1.0,,83083f2b6a9a24355b2b,train,False
data/raw/ddl/audio/drone/drone_1867.wav,ddl,drone,1.0,,83083f2b6a9a24355b2b,train,False
data/raw/ddl/audio/drone/drone_1868.wav,ddl,drone,1.0,,83083f2b6a9a24355b2b,train,False
data/raw/ddl/audio/drone/drone_1869.wav,ddl,drone,1.0,,83083f2b6a9a24355b2b,train,False
data/raw/ddl/audio/drone/drone_1870.wav,ddl,drone,1.0,,83083f2b6a9a24355b2b,train,False
data/raw/ddl/audio/drone/drone_1871.wav,ddl,drone,1.0,,83083f2b6a9a24355b2b,train,False
data/raw/ddl/audio/drone/drone_1872.wav,ddl,drone,1.0,,83083f2b6a9a24355b2b,train,False
data/raw/ddl/audio/drone/drone_1873.wav,ddl,drone,1.0,,83083f2b6a9a24355b2b,train,False
data/raw/ddl/audio/drone/drone_1874.wav,ddl,drone,1.0,,83083f2b6a9a24355b2b,train,False
data/raw/ddl/audio/drone/drone_1875.wav,ddl,drone,1.0,,83083f2b6a9a24355b2b,train,False
data/raw/ddl/audio/drone/drone_1876.wav,ddl,drone,1.0,,83083f2b6a9a24355b2b,train,False
data/raw/ddl/audio/drone/drone_1877.wav,ddl,drone,1.0,,83083f2b6a9a24355b2b,train,False
data/raw/ddl/audio/drone/drone_1878.wav,ddl,drone,1.0,,83083f2b6a9a24355b2b,train,False
data/raw/ddl/audio/drone/drone_1879.wav,ddl,drone,1.0,,83083f2b6a9a24355b2b,train,False
data/raw/ddl/audio/drone/drone_1880.wav,ddl,drone,1.0,,83083f2b6a9a24355b2b,train,False
data/raw/ddl/audio/drone/drone_1881.wav,ddl,drone,1.0,,83083f2b6a9a24355b2b,train,False
data/raw/ddl/audio/drone/drone_1882.wav,ddl,drone,1.0,,83083f2b6a9a24355b2b,train,False
data/raw/ddl/audio/drone/drone_1883.wav,ddl,drone,1.0,,83083f2b6a9a24355b2b,train,False
data/raw/ddl/audio/drone/drone_1884.wav,ddl,drone,1.0,,83083f2b6a9a24355b2b,train,False
data/raw/ddl/audio/drone/drone_1885.wav,ddl,drone,1.0,,83083f2b6a9a24355b2b,train,False
data/raw/ddl/audio/drone/drone_1886.wav,ddl,drone,1.0,,83083f2b6a9a24355b2b,train,False
data/raw/ddl/audio/drone/drone_1887.wav,ddl,drone,1.0,,83083f2b6a9a24355b2b,train,False
data/raw/ddl/audio/drone/drone_1888.wav,ddl,drone,1.0,,83083f2b6a9a24355b2b,train,False
data/raw/ddl/audio/drone/drone_1889.wav,ddl,drone,1.0,,83083f2b6a9a24355b2b,train,False
data/raw/ddl/audio/drone/drone_1890.wav,ddl,drone,1.0,,83083f2b6a9a24355b2b,train,False
data/raw/ddl/audio/drone/drone_1891.wav,ddl,drone,1.0,,83083f2b6a9a24355b2b,train,False
data/raw/ddl/audio/drone/drone_1892.wav,ddl,drone,1.0,,83083f2b6a9a24355b2b,train,False
data/raw/ddl/audio/drone/drone_1893.wav,ddl,drone,1.0,,83083f2b6a9a24355b2b,train,False
data/raw/ddl/audio/drone/drone_1894.wav,ddl,drone,1.0,,83083f2b6a9a24355b2b,train,False
data/raw/ddl/audio/drone/drone_1895.wav,ddl,drone,1.0,,83083f2b6a9a24355b2b,train,False
data/raw/ddl/audio/drone/drone_1896.wav,ddl,drone,1.0,,83083f2b6a9a24355b2b,train,False
data/raw/ddl/audio/drone/drone_1897.wav,ddl,drone,1.0,,83083f2b6a9a24355b2b,train,False
data/raw/ddl/audio/drone/drone_1898.wav,ddl,drone,1.0,,83083f2b6a9a24355b2b,train,False
data/raw/ddl/audio/drone/drone_1899.wav,ddl,drone,1.0,,83083f2b6a9a24355b2b,train,False
data/raw/ddl/audio/drone/drone_1900.wav,ddl,drone,1.0,,83083f2b6a9a24355b2b,train,False
data/raw/ddl/audio/drone/drone_1901.wav,ddl,drone,1.0,,83083f2b6a9a24355b2b,train,False
data/raw/ddl/audio/drone/drone_1902.wav,ddl,drone,1.0,,83083f2b6a9a24355b2b,train,False
data/raw/ddl/audio/drone/drone_1903.wav,ddl,drone,1.0,,83083f2b6a9a24355b2b,train,False
data/raw/ddl/audio/drone/drone_1904.wav,ddl,drone,1.0,,83083f2b6a9a24355b2b,train,False
data/raw/ddl/audio/drone/drone_1905.wav,ddl,drone,1.0,,83083f2b6a9a24355b2b,train,False
data/raw/ddl/audio/drone/drone_1906.wav,ddl,drone,1.0,,83083f2b6a9a24355b2b,train,False
data/raw/ddl/audio/drone/drone_1907.wav,ddl,drone,1.0,,83083f2b6a9a24355b2b,train,False
data/raw/ddl/audio/drone/drone_1908.wav,ddl,drone,1.0,,83083f2b6a9a24355b2b,train,False
data/raw/ddl/audio/drone/drone_1909.wav,ddl,drone,1.0,,83083f2b6a9a24355b2b,train,False
data/raw/ddl/audio/drone/drone_1910.wav,ddl,drone,1.0,,83083f2b6a9a24355b2b,train,False
data/raw/ddl/audio/drone/drone_1911.wav,ddl,drone,1.0,,83083f2b6a9a24355b2b,train,False
data/raw/ddl/audio/drone/drone_1912.wav,ddl,drone,1.0,,83083f2b6a9a24355b2b,train,False
data/raw/ddl/audio/drone/drone_1913.wav,ddl,drone,1.0,,83083f2b6a9a24355b2b,train,False
data/raw/ddl/audio/drone/drone_1914.wav,ddl,drone,1.0,,83083f2b6a9a24355b2b,train,False
data/raw/ddl/audio/drone/drone_1915.wav,ddl,drone,1.0,,83083f2b6a9a24355b2b,train,False
data/raw/ddl/audio/drone/drone_1916.wav,ddl,drone,1.0,,83083f2b6a9a24355b2b,train,False
data/raw/ddl/audio/drone/drone_1917.wav,ddl,drone,1.0,,83083f2b6a9a24355b2b,train,False
data/raw/ddl/audio/drone/drone_1918.wav,ddl,drone,1.0,,83083f2b6a9a24355b2b,train,False
data/raw/ddl/audio/drone/drone_1919.wav,ddl,drone,1.0,,83083f2b6a9a24355b2b,train,False
data/raw/ddl/audio/drone/drone_1920.wav,ddl,drone,1.0,,83083f2b6a9a24355b2b,train,False
data/raw/ddl/audio/drone/drone_1921.wav,ddl,drone,1.0,,83083f2b6a9a24355b2b,train,False
data/raw/ddl/audio/drone/drone_1922.wav,ddl,drone,1.0,,83083f2b6a9a24355b2b,train,False
data/raw/ddl/audio/drone/drone_1923.wav,ddl,drone,1.0,,83083f2b6a9a24355b2b,train,False
data/raw/ddl/audio/drone/drone_1924.wav,ddl,drone,1.0,,83083f2b6a9a24355b2b,train,False
data/raw/ddl/audio/drone/drone_1925.wav,ddl,drone,1.0,,83083f2b6a9a24355b2b,train,False
data/raw/ddl/audio/drone/drone_1926.wav,ddl,drone,1.0,,83083f2b6a9a24355b2b,train,False
data/raw/ddl/audio/drone/drone_1927.wav,ddl,drone,1.0,,83083f2b6a9a24355b2b,train,False
data/raw/ddl/audio/drone/drone_1928.wav,ddl,drone,1.0,,83083f2b6a9a24355b2b,train,False
data/raw/ddl/audio/drone/drone_1929.wav,ddl,drone,1.0,,83083f2b6a9a24355b2b,train,False
data/raw/ddl/audio/drone/drone_1930.wav,ddl,drone,1.0,,83083f2b6a9a24355b2b,train,False
data/raw/ddl/audio/drone/drone_1931.wav,ddl,drone,1.0,,83083f2b6a9a24355b2b,train,False
data/raw/ddl/audio/drone/drone_1932.wav,ddl,drone,1.0,,83083f2b6a9a24355b2b,train,False
data/raw/ddl/audio/drone/drone_1933.wav,ddl,drone,1.0,,83083f2b6a9a24355b2b,train,False
data/raw/ddl/audio/drone/drone_1934.wav,ddl,drone,1.0,,83083f2b6a9a24355b2b,train,False
data/raw/ddl/audio/drone/drone_1935.wav,ddl,drone,1.0,,83083f2b6a9a24355b2b,train,False
data/raw/ddl/audio/drone/drone_1936.wav,ddl,drone,1.0,,83083f2b6a9a24355b2b,train,False
data/raw/ddl/audio/drone/drone_1937.wav,ddl,drone,1.0,,83083f2b6a9a24355b2b,train,False
data/raw/ddl/audio/drone/drone_1938.wav,ddl,drone,1.0,,83083f2b6a9a24355b2b,train,False
data/raw/ddl/audio/drone/drone_1939.wav,ddl,drone,1.0,,83083f2b6a9a24355b2b,train,False
data/raw/ddl/audio/drone/drone_1940.wav,ddl,drone,1.0,,83083f2b6a9a24355b2b,train,False
data/raw/ddl/audio/drone/drone_1941.wav,ddl,drone,1.0,,83083f2b6a9a24355b2b,train,False
data/raw/ddl/audio/drone/drone_1942.wav,ddl,drone,1.0,,83083f2b6a9a24355b2b,train,False
data/raw/ddl/audio/drone/drone_1943.wav,ddl,drone,1.0,,83083f2b6a9a24355b2b,train,False
data/raw/ddl/audio/drone/drone_1944.wav,ddl,drone,1.0,,83083f2b6a9a24355b2b,train,False
data/raw/ddl/audio/drone/drone_1945.wav,ddl,drone,1.0,,83083f2b6a9a24355b2b,train,False
data/raw/ddl/audio/drone/drone_1946.wav,ddl,drone,1.0,,83083f2b6a9a24355b2b,train,False
data/raw/ddl/audio/drone/drone_1947.wav,ddl,drone,1.0,,83083f2b6a9a24355b2b,train,False
data/raw/ddl/audio/drone/drone_1948.wav,ddl,drone,1.0,,83083f2b6a9a24355b2b,train,False
data/raw/ddl/audio/drone/drone_1949.wav,ddl,drone,1.0,,83083f2b6a9a24355b2b,train,False
data/raw/ddl/audio/drone/drone_1950.wav,ddl,drone,1.0,,83083f2b6a9a24355b2b,train,False
data/raw/ddl/audio/drone/drone_1951.wav,ddl,drone,1.0,,83083f2b6a9a24355b2b,train,False
data/raw/ddl/audio/drone/drone_1952.wav,ddl,drone,1.0,,83083f2b6a9a24355b2b,train,False
data/raw/ddl/audio/drone/drone_1953.wav,ddl,drone,1.0,,83083f2b6a9a24355b2b,train,False
data/raw/ddl/audio/drone/drone_1954.wav,ddl,drone,1.0,,83083f2b6a9a24355b2b,train,False
data/raw/ddl/audio/drone/drone_1955.wav,ddl,drone,1.0,,83083f2b6a9a24355b2b,train,False
data/raw/ddl/audio/drone/drone_1956.wav,ddl,drone,1.0,,83083f2b6a9a24355b2b,train,False
data/raw/ddl/audio/drone/drone_1957.wav,ddl,drone,1.0,,83083f2b6a9a24355b2b,train,False
data/raw/ddl/audio/drone/drone_1958.wav,ddl,drone,1.0,,83083f2b6a9a24355b2b,train,False
data/raw/ddl/audio/drone/drone_1959.wav,ddl,drone,1.0,,83083f2b6a9a24355b2b,train,False
data/raw/ddl/audio/drone/drone_1960.wav,ddl,drone,1.0,,83083f2b6a9a24355b2b,train,False
data/raw/ddl/audio/drone/drone_1961.wav,ddl,drone,1.0,,83083f2b6a9a24355b2b,train,False
data/raw/ddl/audio/drone/drone_1962.wav,ddl,drone,1.0,,83083f2b6a9a24355b2b,train,False
data/raw/ddl/audio/drone/drone_1963.wav,ddl,drone,1.0,,83083f2b6a9a24355b2b,train,False
data/raw/ddl/audio/drone/drone_1964.wav,ddl,drone,1.0,,83083f2b6a9a24355b2b,train,False
data/raw/ddl/audio/drone/drone_1965.wav,ddl,drone,1.0,,83083f2b6a9a24355b2b,train,False
data/raw/ddl/audio/drone/drone_1966.wav,ddl,drone,1.0,,83083f2b6a9a24355b2b,train,False
data/raw/ddl/audio/drone/drone_1967.wav,ddl,drone,1.0,,83083f2b6a9a24355b2b,train,False
data/raw/ddl/audio/drone/drone_1968.wav,ddl,drone,1.0,,83083f2b6a9a24355b2b,train,False
data/raw/ddl/audio/drone/drone_1969.wav,ddl,drone,1.0,,83083f2b6a9a24355b2b,train,False
data/raw/ddl/audio/drone/drone_1970.wav,ddl,drone,1.0,,83083f2b6a9a24355b2b,train,False
data/raw/ddl/audio/drone/drone_1971.wav,ddl,drone,1.0,,83083f2b6a9a24355b2b,train,False
data/raw/ddl/audio/drone/drone_1972.wav,ddl,drone,1.0,,83083f2b6a9a24355b2b,train,False
data/raw/ddl/audio/drone/drone_1973.wav,ddl,drone,1.0,,83083f2b6a9a24355b2b,train,False
data/raw/ddl/audio/drone/drone_1974.wav,ddl,drone,1.0,,83083f2b6a9a24355b2b,train,False
data/raw/ddl/audio/drone/drone_1975.wav,ddl,drone,1.0,,83083f2b6a9a24355b2b,train,False
data/raw/ddl/audio/drone/drone_1976.wav,ddl,drone,1.0,,83083f2b6a9a24355b2b,train,False
data/raw/ddl/audio/drone/drone_1977.wav,ddl,drone,1.0,,83083f2b6a9a24355b2b,train,False
data/raw/ddl/audio/drone/drone_1978.wav,ddl,drone,1.0,,83083f2b6a9a24355b2b,train,False
data/raw/ddl/audio/drone/drone_1979.wav,ddl,drone,1.0,,83083f2b6a9a24355b2b,train,False
data/raw/ddl/audio/drone/drone_1980.wav,ddl,drone,1.0,,83083f2b6a9a24355b2b,train,False
data/raw/ddl/audio/drone/drone_1981.wav,ddl,drone,1.0,,83083f2b6a9a24355b2b,train,False
data/raw/ddl/audio/drone/drone_1982.wav,ddl,drone,1.0,,83083f2b6a9a24355b2b,train,False
data/raw/ddl/audio/drone/drone_1983.wav,ddl,drone,1.0,,83083f2b6a9a24355b2b,train,False
data/raw/ddl/audio/drone/drone_1984.wav,ddl,drone,1.0,,83083f2b6a9a24355b2b,train,False
data/raw/ddl/audio/drone/drone_1985.wav,ddl,drone,1.0,,83083f2b6a9a24355b2b,train,False
data/raw/ddl/audio/drone/drone_1986.wav,ddl,drone,1.0,,83083f2b6a9a24355b2b,train,False
data/raw/ddl/audio/drone/drone_1987.wav,ddl,drone,1.0,,83083f2b6a9a24355b2b,train,False
data/raw/ddl/audio/drone/drone_1988.wav,ddl,drone,1.0,,83083f2b6a9a24355b2b,train,False
data/raw/ddl/audio/drone/drone_1989.wav,ddl,drone,1.0,,83083f2b6a9a24355b2b,train,False
data/raw/ddl/audio/drone/drone_1990.wav,ddl,drone,1.0,,83083f2b6a9a24355b2b,train,False
data/raw/ddl/audio/drone/drone_1991.wav,ddl,drone,1.0,,83083f2b6a9a24355b2b,train,False
data/raw/ddl/audio/drone/drone_1992.wav,ddl,drone,1.0,,83083f2b6a9a24355b2b,train,False
data/raw/ddl/audio/drone/drone_1993.wav,ddl,drone,1.0,,83083f2b6a9a24355b2b,train,False
data/raw/ddl/audio/drone/drone_1994.wav,ddl,drone,1.0,,83083f2b6a9a24355b2b,train,False
data/raw/ddl/audio/drone/drone_1995.wav,ddl,drone,1.0,,83083f2b6a9a24355b2b,train,False
data/raw/ddl/audio/drone/drone_1996.wav,ddl,drone,1.0,,83083f2b6a9a24355b2b,train,False
data/raw/ddl/audio/drone/drone_1997.wav,ddl,drone,1.0,,83083f2b6a9a24355b2b,train,False
data/raw/ddl/audio/drone/drone_1998.wav,ddl,drone,1.0,,83083f2b6a9a24355b2b,train,False
data/raw/ddl/audio/drone/drone_1999.wav,ddl,drone,1.0,,83083f2b6a9a24355b2b,train,False
data/raw/ddl/audio/drone/drone_2000.wav,ddl,drone,1.0,,83083f2b6a9a24355b2b,train,False
data/raw/ddl/audio/drone/drone_2001.wav,ddl,drone,1.0,,83083f2b6a9a24355b2b,train,False
data/raw/ddl/audio/drone/drone_2002.wav,ddl,drone,1.0,,83083f2b6a9a24355b2b,train,False
data/raw/ddl/audio/drone/drone_2003.wav,ddl,drone,1.0,,83083f2b6a9a24355b2b,train,False
data/raw/ddl/audio/drone/drone_2004.wav,ddl,drone,1.0,,83083f2b6a9a24355b2b,train,False
data/raw/ddl/audio/drone/drone_2005.wav,ddl,drone,1.0,,83083f2b6a9a24355b2b,train,False
data/raw/ddl/audio/drone/drone_2006.wav,ddl,drone,1.0,,83083f2b6a9a24355b2b,train,False
data/raw/ddl/audio/drone/drone_2007.wav,ddl,drone,1.0,,83083f2b6a9a24355b2b,train,False
data/raw/ddl/audio/drone/drone_2008.wav,ddl,drone,1.0,,83083f2b6a9a24355b2b,train,False
data/raw/ddl/audio/drone/drone_2009.wav,ddl,drone,1.0,,83083f2b6a9a24355b2b,train,False
data/raw/ddl/audio/drone/drone_2010.wav,ddl,drone,1.0,,83083f2b6a9a24355b2b,train,False
data/raw/ddl/audio/drone/drone_2011.wav,ddl,drone,1.0,,83083f2b6a9a24355b2b,train,False
data/raw/ddl/audio/drone/drone_2012.wav,ddl,drone,1.0,,83083f2b6a9a24355b2b,train,False
data/raw/ddl/audio/drone/drone_2013.wav,ddl,drone,1.0,,83083f2b6a9a24355b2b,train,False
data/raw/ddl/audio/drone/drone_2014.wav,ddl,drone,1.0,,83083f2b6a9a24355b2b,train,False
data/raw/ddl/audio/drone/drone_2015.wav,ddl,drone,1.0,,83083f2b6a9a24355b2b,train,False
data/raw/ddl/audio/drone/drone_2016.wav,ddl,drone,1.0,,83083f2b6a9a24355b2b,train,False
data/raw/ddl/audio/drone/drone_2017.wav,ddl,drone,1.0,,83083f2b6a9a24355b2b,train,False
data/raw/ddl/audio/drone/drone_2018.wav,ddl,drone,1.0,,83083f2b6a9a24355b2b,train,False
data/raw/ddl/audio/drone/drone_2019.wav,ddl,drone,1.0,,83083f2b6a9a24355b2b,train,False
data/raw/ddl/audio/drone/drone_2020.wav,ddl,drone,1.0,,83083f2b6a9a24355b2b,train,False
data/raw/ddl/audio/drone/drone_2021.wav,ddl,drone,1.0,,83083f2b6a9a24355b2b,train,False
data/raw/ddl/audio/drone/drone_2022.wav,ddl,drone,1.0,,83083f2b6a9a24355b2b,train,False
data/raw/ddl/audio/drone/drone_2023.wav,ddl,drone,1.0,,83083f2b6a9a24355b2b,train,False
data/raw/ddl/audio/drone/drone_2024.wav,ddl,drone,1.0,,83083f2b6a9a24355b2b,train,False
data/raw/ddl/audio/drone/drone_2025.wav,ddl,drone,1.0,,83083f2b6a9a24355b2b,train,False
data/raw/ddl/audio/drone/drone_2026.wav,ddl,drone,1.0,,83083f2b6a9a24355b2b,train,False
data/raw/ddl/audio/drone/drone_2027.wav,ddl,drone,1.0,,83083f2b6a9a24355b2b,train,False
data/raw/ddl/audio/drone/drone_2028.wav,ddl,drone,1.0,,83083f2b6a9a24355b2b,train,False
data/raw/ddl/audio/drone/drone_2029.wav,ddl,drone,1.0,,83083f2b6a9a24355b2b,train,False
data/raw/ddl/audio/drone/drone_2030.wav,ddl,drone,1.0,,83083f2b6a9a24355b2b,train,False
data/raw/ddl/audio/drone/drone_2031.wav,ddl,drone,1.0,,83083f2b6a9a24355b2b,train,False
data/raw/ddl/audio/drone/drone_2032.wav,ddl,drone,1.0,,83083f2b6a9a24355b2b,train,False
data/raw/ddl/audio/drone/drone_2033.wav,ddl,drone,1.0,,83083f2b6a9a24355b2b,train,False
data/raw/ddl/audio/drone/drone_2034.wav,ddl,drone,1.0,,83083f2b6a9a24355b2b,train,False
data/raw/ddl/audio/drone/drone_2035.wav,ddl,drone,1.0,,83083f2b6a9a24355b2b,train,False
data/raw/ddl/audio/drone/drone_2036.wav,ddl,drone,1.0,,83083f2b6a9a24355b2b,train,False
data/raw/ddl/audio/drone/drone_2037.wav,ddl,drone,1.0,,83083f2b6a9a24355b2b,train,False
data/raw/ddl/audio/drone/drone_2038.wav,ddl,drone,1.0,,83083f2b6a9a24355b2b,train,False
data/raw/ddl/audio/drone/drone_2039.wav,ddl,drone,1.0,,83083f2b6a9a24355b2b,train,False
data/raw/ddl/audio/drone/drone_2040.wav,ddl,drone,1.0,,83083f2b6a9a24355b2b,train,False
data/raw/ddl/audio/drone/drone_2041.wav,ddl,drone,1.0,,83083f2b6a9a24355b2b,train,False
data/raw/ddl/audio/drone/drone_2042.wav,ddl,drone,1.0,,83083f2b6a9a24355b2b,train,False
data/raw/ddl/audio/drone/drone_2043.wav,ddl,drone,1.0,,83083f2b6a9a24355b2b,train,False
data/raw/ddl/audio/drone/drone_2044.wav,ddl,drone,1.0,,83083f2b6a9a24355b2b,train,False
data/raw/ddl/audio/drone/drone_2045.wav,ddl,drone,1.0,,83083f2b6a9a24355b2b,train,False
data/raw/ddl/audio/drone/drone_2046.wav,ddl,drone,1.0,,83083f2b6a9a24355b2b,train,False
data/raw/ddl/audio/drone/drone_2047.wav,ddl,drone,1.0,,83083f2b6a9a24355b2b,train,False
data/raw/ddl/audio/drone/drone_2048.wav,ddl,drone,1.0,,83083f2b6a9a24355b2b,train,False
data/raw/ddl/audio/drone/drone_2049.wav,ddl,drone,1.0,,83083f2b6a9a24355b2b,train,False
data/raw/ddl/audio/drone/drone_2050.wav,ddl,drone,1.0,,83083f2b6a9a24355b2b,train,False
data/raw/ddl/audio/drone/drone_2051.wav,ddl,drone,1.0,,83083f2b6a9a24355b2b,train,False
data/raw/ddl/audio/drone/drone_2052.wav,ddl,drone,1.0,,83083f2b6a9a24355b2b,train,False
data/raw/ddl/audio/drone/drone_2053.wav,ddl,drone,1.0,,83083f2b6a9a24355b2b,train,False
data/raw/ddl/audio/drone/drone_2054.wav,ddl,drone,1.0,,83083f2b6a9a24355b2b,train,False
data/raw/ddl/audio/drone/drone_2055.wav,ddl,drone,1.0,,83083f2b6a9a24355b2b,train,False
data/raw/ddl/audio/drone/drone_2056.wav,ddl,drone,1.0,,83083f2b6a9a24355b2b,train,False
data/raw/ddl/audio/drone/drone_2057.wav,ddl,drone,1.0,,83083f2b6a9a24355b2b,train,False
data/raw/ddl/audio/drone/drone_2058.wav,ddl,drone,1.0,,83083f2b6a9a24355b2b,train,False
data/raw/ddl/audio/drone/drone_2059.wav,ddl,drone,1.0,,83083f2b6a9a24355b2b,train,False
data/raw/ddl/audio/drone/drone_2060.wav,ddl,drone,1.0,,83083f2b6a9a24355b2b,train,False
data/raw/ddl/audio/drone/drone_2061.wav,ddl,drone,1.0,,83083f2b6a9a24355b2b,train,False
data/raw/ddl/audio/drone/drone_2062.wav,ddl,drone,1.0,,83083f2b6a9a24355b2b,train,False
data/raw/ddl/audio/drone/drone_2063.wav,ddl,drone,1.0,,83083f2b6a9a24355b2b,train,False
data/raw/ddl/audio/drone/drone_2064.wav,ddl,drone,1.0,,83083f2b6a9a24355b2b,train,False
data/raw/ddl/audio/drone/drone_2065.wav,ddl,drone,1.0,,83083f2b6a9a24355b2b,train,False
data/raw/ddl/audio/drone/drone_2066.wav,ddl,drone,1.0,,6416817c86e2098e5cd3,train,False
data/raw/ddl/audio/drone/drone_2067.wav,ddl,drone,1.0,,6416817c86e2098e5cd3,train,False
data/raw/ddl/audio/drone/drone_2068.wav,ddl,drone,1.0,,6416817c86e2098e5cd3,train,False
data/raw/ddl/audio/drone/drone_2069.wav,ddl,drone,1.0,,6416817c86e2098e5cd3,train,False
data/raw/ddl/audio/drone/drone_2070.wav,ddl,drone,1.0,,6416817c86e2098e5cd3,train,False
data/raw/ddl/audio/drone/drone_2071.wav,ddl,drone,1.0,,6416817c86e2098e5cd3,train,False
data/raw/ddl/audio/drone/drone_2072.wav,ddl,drone,1.0,,6416817c86e2098e5cd3,train,False
data/raw/ddl/audio/drone/drone_2073.wav,ddl,drone,1.0,,6416817c86e2098e5cd3,train,False
data/raw/ddl/audio/drone/drone_2074.wav,ddl,drone,1.0,,6416817c86e2098e5cd3,train,False
data/raw/ddl/audio/drone/drone_2075.wav,ddl,drone,1.0,,6416817c86e2098e5cd3,train,False
data/raw/ddl/audio/drone/drone_2076.wav,ddl,drone,1.0,,6416817c86e2098e5cd3,train,False
data/raw/ddl/audio/drone/drone_2077.wav,ddl,drone,1.0,,6416817c86e2098e5cd3,train,False
data/raw/ddl/audio/drone/drone_2078.wav,ddl,drone,1.0,,6416817c86e2098e5cd3,train,False
data/raw/ddl/audio/drone/drone_2079.wav,ddl,drone,1.0,,6416817c86e2098e5cd3,train,False
data/raw/ddl/audio/drone/drone_2080.wav,ddl,drone,1.0,,6416817c86e2098e5cd3,train,False
data/raw/ddl/audio/drone/drone_2081.wav,ddl,drone,1.0,,6416817c86e2098e5cd3,train,False
data/raw/ddl/audio/drone/drone_2082.wav,ddl,drone,1.0,,6416817c86e2098e5cd3,train,False
data/raw/ddl/audio/drone/drone_2083.wav,ddl,drone,1.0,,6416817c86e2098e5cd3,train,False
data/raw/ddl/audio/drone/drone_2084.wav,ddl,drone,1.0,,6416817c86e2098e5cd3,train,False
data/raw/ddl/audio/drone/drone_2085.wav,ddl,drone,1.0,,6416817c86e2098e5cd3,train,False
data/raw/ddl/audio/drone/drone_2086.wav,ddl,drone,1.0,,6416817c86e2098e5cd3,train,False
data/raw/ddl/audio/drone/drone_2087.wav,ddl,drone,1.0,,6416817c86e2098e5cd3,train,False
data/raw/ddl/audio/drone/drone_2088.wav,ddl,drone,1.0,,6416817c86e2098e5cd3,train,False
data/raw/ddl/audio/drone/drone_2089.wav,ddl,drone,1.0,,6416817c86e2098e5cd3,train,False
data/raw/ddl/audio/drone/drone_2090.wav,ddl,drone,1.0,,6416817c86e2098e5cd3,train,False
data/raw/ddl/audio/drone/drone_2091.wav,ddl,drone,1.0,,6416817c86e2098e5cd3,train,False
data/raw/ddl/audio/drone/drone_2092.wav,ddl,drone,1.0,,6416817c86e2098e5cd3,train,False
data/raw/ddl/audio/drone/drone_2093.wav,ddl,drone,1.0,,6416817c86e2098e5cd3,train,False
data/raw/ddl/audio/drone/drone_2094.wav,ddl,drone,1.0,,6416817c86e2098e5cd3,train,False
data/raw/ddl/audio/drone/drone_2095.wav,ddl,drone,1.0,,6416817c86e2098e5cd3,train,False
data/raw/ddl/audio/drone/drone_2096.wav,ddl,drone,1.0,,6416817c86e2098e5cd3,train,False
data/raw/ddl/audio/drone/drone_2097.wav,ddl,drone,1.0,,6416817c86e2098e5cd3,train,False
data/raw/ddl/audio/drone/drone_2098.wav,ddl,drone,1.0,,6416817c86e2098e5cd3,train,False
data/raw/ddl/audio/drone/drone_2099.wav,ddl,drone,1.0,,6416817c86e2098e5cd3,train,False
data/raw/ddl/audio/drone/drone_2100.wav,ddl,drone,1.0,,6416817c86e2098e5cd3,train,False
data/raw/ddl/audio/drone/drone_2101.wav,ddl,drone,1.0,,6416817c86e2098e5cd3,train,False
data/raw/ddl/audio/drone/drone_2102.wav,ddl,drone,1.0,,6416817c86e2098e5cd3,train,False
data/raw/ddl/audio/drone/drone_2103.wav,ddl,drone,1.0,,6416817c86e2098e5cd3,train,False
data/raw/ddl/audio/drone/drone_2104.wav,ddl,drone,1.0,,6416817c86e2098e5cd3,train,False
data/raw/ddl/audio/drone/drone_2105.wav,ddl,drone,1.0,,6416817c86e2098e5cd3,train,False
data/raw/ddl/audio/drone/drone_2106.wav,ddl,drone,1.0,,6416817c86e2098e5cd3,train,False
data/raw/ddl/audio/drone/drone_2107.wav,ddl,drone,1.0,,6416817c86e2098e5cd3,train,False
data/raw/ddl/audio/drone/drone_2108.wav,ddl,drone,1.0,,6416817c86e2098e5cd3,train,False
data/raw/ddl/audio/drone/drone_2109.wav,ddl,drone,1.0,,6416817c86e2098e5cd3,train,False
data/raw/ddl/audio/drone/drone_2110.wav,ddl,drone,1.0,,6416817c86e2098e5cd3,train,False
data/raw/ddl/audio/drone/drone_2111.wav,ddl,drone,1.0,,6416817c86e2098e5cd3,train,False
data/raw/ddl/audio/drone/drone_2112.wav,ddl,drone,1.0,,6416817c86e2098e5cd3,train,False
data/raw/ddl/audio/drone/drone_2113.wav,ddl,drone,1.0,,6416817c86e2098e5cd3,train,False
data/raw/ddl/audio/drone/drone_2114.wav,ddl,drone,1.0,,6416817c86e2098e5cd3,train,False
data/raw/ddl/audio/drone/drone_2115.wav,ddl,drone,1.0,,6416817c86e2098e5cd3,train,False
data/raw/ddl/audio/drone/drone_2116.wav,ddl,drone,1.0,,6416817c86e2098e5cd3,train,False
data/raw/ddl/audio/drone/drone_2117.wav,ddl,drone,1.0,,6416817c86e2098e5cd3,train,False
data/raw/ddl/audio/drone/drone_2118.wav,ddl,drone,1.0,,6416817c86e2098e5cd3,train,False
data/raw/ddl/audio/drone/drone_2119.wav,ddl,drone,1.0,,6416817c86e2098e5cd3,train,False
data/raw/ddl/audio/drone/drone_2120.wav,ddl,drone,1.0,,6416817c86e2098e5cd3,train,False
data/raw/ddl/audio/drone/drone_2121.wav,ddl,drone,1.0,,6416817c86e2098e5cd3,train,False
data/raw/ddl/audio/drone/drone_2122.wav,ddl,drone,1.0,,6416817c86e2098e5cd3,train,False
data/raw/ddl/audio/drone/drone_2123.wav,ddl,drone,1.0,,6416817c86e2098e5cd3,train,False
data/raw/ddl/audio/drone/drone_2124.wav,ddl,drone,1.0,,6416817c86e2098e5cd3,train,False
data/raw/ddl/audio/drone/drone_2125.wav,ddl,drone,1.0,,6416817c86e2098e5cd3,train,False
data/raw/ddl/audio/drone/drone_2126.wav,ddl,drone,1.0,,6416817c86e2098e5cd3,train,False
data/raw/ddl/audio/drone/drone_2127.wav,ddl,drone,1.0,,6416817c86e2098e5cd3,train,False
data/raw/ddl/audio/drone/drone_2128.wav,ddl,drone,1.0,,6416817c86e2098e5cd3,train,False
data/raw/ddl/audio/drone/drone_2129.wav,ddl,drone,1.0,,6416817c86e2098e5cd3,train,False
data/raw/ddl/audio/drone/drone_2130.wav,ddl,drone,1.0,,6416817c86e2098e5cd3,train,False
data/raw/ddl/audio/drone/drone_2131.wav,ddl,drone,1.0,,6416817c86e2098e5cd3,train,False
data/raw/ddl/audio/drone/drone_2132.wav,ddl,drone,1.0,,6416817c86e2098e5cd3,train,False
data/raw/ddl/audio/drone/drone_2133.wav,ddl,drone,1.0,,6416817c86e2098e5cd3,train,False
data/raw/ddl/audio/drone/drone_2134.wav,ddl,drone,1.0,,6416817c86e2098e5cd3,train,False
data/raw/ddl/audio/drone/drone_2135.wav,ddl,drone,1.0,,6416817c86e2098e5cd3,train,False
data/raw/ddl/audio/drone/drone_2136.wav,ddl,drone,1.0,,6416817c86e2098e5cd3,train,False
data/raw/ddl/audio/drone/drone_2137.wav,ddl,drone,1.0,,6416817c86e2098e5cd3,train,False
data/raw/ddl/audio/drone/drone_2138.wav,ddl,drone,1.0,,6416817c86e2098e5cd3,train,False
data/raw/ddl/audio/drone/drone_2139.wav,ddl,drone,1.0,,6416817c86e2098e5cd3,train,False
data/raw/ddl/audio/drone/drone_2140.wav,ddl,drone,1.0,,6416817c86e2098e5cd3,train,False
data/raw/ddl/audio/drone/drone_2141.wav,ddl,drone,1.0,,6416817c86e2098e5cd3,train,False
data/raw/ddl/audio/drone/drone_2142.wav,ddl,drone,1.0,,6416817c86e2098e5cd3,train,False
data/raw/ddl/audio/drone/drone_2143.wav,ddl,drone,1.0,,6416817c86e2098e5cd3,train,False
data/raw/ddl/audio/drone/drone_2144.wav,ddl,drone,1.0,,6416817c86e2098e5cd3,train,False
data/raw/ddl/audio/drone/drone_2145.wav,ddl,drone,1.0,,6416817c86e2098e5cd3,train,False
data/raw/ddl/audio/drone/drone_2146.wav,ddl,drone,1.0,,6416817c86e2098e5cd3,train,False
data/raw/ddl/audio/drone/drone_2147.wav,ddl,drone,1.0,,6416817c86e2098e5cd3,train,False
data/raw/ddl/audio/drone/drone_2148.wav,ddl,drone,1.0,,6416817c86e2098e5cd3,train,False
data/raw/ddl/audio/drone/drone_2149.wav,ddl,drone,1.0,,6416817c86e2098e5cd3,train,False
data/raw/ddl/audio/drone/drone_2150.wav,ddl,drone,1.0,,6416817c86e2098e5cd3,train,False
data/raw/ddl/audio/drone/drone_2151.wav,ddl,drone,1.0,,6416817c86e2098e5cd3,train,False
data/raw/ddl/audio/drone/drone_2152.wav,ddl,drone,1.0,,6416817c86e2098e5cd3,train,False
data/raw/ddl/audio/drone/drone_2153.wav,ddl,drone,1.0,,6416817c86e2098e5cd3,train,False
data/raw/ddl/audio/drone/drone_2154.wav,ddl,drone,1.0,,6416817c86e2098e5cd3,train,False
data/raw/ddl/audio/drone/drone_2155.wav,ddl,drone,1.0,,6416817c86e2098e5cd3,train,False
data/raw/ddl/audio/drone/drone_2156.wav,ddl,drone,1.0,,6416817c86e2098e5cd3,train,False
data/raw/ddl/audio/drone/drone_2157.wav,ddl,drone,1.0,,6416817c86e2098e5cd3,train,False
data/raw/ddl/audio/drone/drone_2158.wav,ddl,drone,1.0,,6416817c86e2098e5cd3,train,False
data/raw/ddl/audio/drone/drone_2159.wav,ddl,drone,1.0,,6416817c86e2098e5cd3,train,False
data/raw/ddl/audio/drone/drone_2160.wav,ddl,drone,1.0,,6416817c86e2098e5cd3,train,False
data/raw/ddl/audio/drone/drone_2161.wav,ddl,drone,1.0,,6416817c86e2098e5cd3,train,False
data/raw/ddl/audio/drone/drone_2162.wav,ddl,drone,1.0,,6416817c86e2098e5cd3,train,False
data/raw/ddl/audio/drone/drone_2163.wav,ddl,drone,1.0,,6416817c86e2098e5cd3,train,False
data/raw/ddl/audio/drone/drone_2164.wav,ddl,drone,1.0,,6416817c86e2098e5cd3,train,False
data/raw/ddl/audio/drone/drone_2165.wav,ddl,drone,1.0,,6416817c86e2098e5cd3,train,False
data/raw/ddl/audio/drone/drone_2166.wav,ddl,drone,1.0,,6416817c86e2098e5cd3,train,False
data/raw/ddl/audio/drone/drone_2167.wav,ddl,drone,1.0,,6416817c86e2098e5cd3,train,False
data/raw/ddl/audio/drone/drone_2168.wav,ddl,drone,1.0,,6416817c86e2098e5cd3,train,False
data/raw/ddl/audio/drone/drone_2169.wav,ddl,drone,1.0,,6416817c86e2098e5cd3,train,False
data/raw/ddl/audio/drone/drone_2170.wav,ddl,drone,1.0,,6416817c86e2098e5cd3,train,False
data/raw/ddl/audio/drone/drone_2171.wav,ddl,drone,1.0,,6416817c86e2098e5cd3,train,False
data/raw/ddl/audio/drone/drone_2172.wav,ddl,drone,1.0,,6416817c86e2098e5cd3,train,False
data/raw/ddl/audio/drone/drone_2173.wav,ddl,drone,1.0,,6416817c86e2098e5cd3,train,False
data/raw/ddl/audio/drone/drone_2174.wav,ddl,drone,1.0,,6416817c86e2098e5cd3,train,False
data/raw/ddl/audio/drone/drone_2175.wav,ddl,drone,1.0,,6416817c86e2098e5cd3,train,False
data/raw/ddl/audio/drone/drone_2176.wav,ddl,drone,1.0,,6416817c86e2098e5cd3,train,False
data/raw/ddl/audio/drone/drone_2177.wav,ddl,drone,1.0,,6416817c86e2098e5cd3,train,False
data/raw/ddl/audio/drone/drone_2178.wav,ddl,drone,1.0,,6416817c86e2098e5cd3,train,False
data/raw/ddl/audio/drone/drone_2179.wav,ddl,drone,1.0,,6416817c86e2098e5cd3,train,False
data/raw/ddl/audio/drone/drone_2180.wav,ddl,drone,1.0,,6416817c86e2098e5cd3,train,False
data/raw/ddl/audio/drone/drone_2181.wav,ddl,drone,1.0,,6416817c86e2098e5cd3,train,False
data/raw/ddl/audio/drone/drone_2182.wav,ddl,drone,1.0,,6416817c86e2098e5cd3,train,False
data/raw/ddl/audio/drone/drone_2183.wav,ddl,drone,1.0,,6416817c86e2098e5cd3,train,False
data/raw/ddl/audio/drone/drone_2184.wav,ddl,drone,1.0,,6416817c86e2098e5cd3,train,False
data/raw/ddl/audio/drone/drone_2185.wav,ddl,drone,1.0,,6416817c86e2098e5cd3,train,False
data/raw/ddl/audio/drone/drone_2186.wav,ddl,drone,1.0,,6416817c86e2098e5cd3,train,False
data/raw/ddl/audio/drone/drone_2187.wav,ddl,drone,1.0,,6416817c86e2098e5cd3,train,False
data/raw/ddl/audio/drone/drone_2188.wav,ddl,drone,1.0,,6416817c86e2098e5cd3,train,False
data/raw/ddl/audio/drone/drone_2189.wav,ddl,drone,1.0,,6416817c86e2098e5cd3,train,False
data/raw/ddl/audio/drone/drone_2190.wav,ddl,drone,1.0,,6416817c86e2098e5cd3,train,False
data/raw/ddl/audio/drone/drone_2191.wav,ddl,drone,1.0,,6416817c86e2098e5cd3,train,False
data/raw/ddl/audio/drone/drone_2192.wav,ddl,drone,1.0,,6416817c86e2098e5cd3,train,False
data/raw/ddl/audio/drone/drone_2193.wav,ddl,drone,1.0,,6416817c86e2098e5cd3,train,False
data/raw/ddl/audio/drone/drone_2194.wav,ddl,drone,1.0,,6416817c86e2098e5cd3,train,False
data/raw/ddl/audio/drone/drone_2195.wav,ddl,drone,1.0,,6416817c86e2098e5cd3,train,False
data/raw/ddl/audio/drone/drone_2196.wav,ddl,drone,1.0,,6416817c86e2098e5cd3,train,False
data/raw/ddl/audio/drone/drone_2197.wav,ddl,drone,1.0,,6416817c86e2098e5cd3,train,False
data/raw/ddl/audio/drone/drone_2198.wav,ddl,drone,1.0,,6416817c86e2098e5cd3,train,False
data/raw/ddl/audio/drone/drone_2199.wav,ddl,drone,1.0,,6416817c86e2098e5cd3,train,False
data/raw/ddl/audio/drone/drone_2200.wav,ddl,drone,1.0,,6416817c86e2098e5cd3,train,False
data/raw/ddl/audio/drone/drone_2201.wav,ddl,drone,1.0,,6416817c86e2098e5cd3,train,False
data/raw/ddl/audio/drone/drone_2202.wav,ddl,drone,1.0,,6416817c86e2098e5cd3,train,False
data/raw/ddl/audio/drone/drone_2203.wav,ddl,drone,1.0,,6416817c86e2098e5cd3,train,False
data/raw/ddl/audio/drone/drone_2204.wav,ddl,drone,1.0,,6416817c86e2098e5cd3,train,False
data/raw/ddl/audio/drone/drone_2205.wav,ddl,drone,1.0,,6416817c86e2098e5cd3,train,False
data/raw/ddl/audio/drone/drone_2206.wav,ddl,drone,1.0,,6416817c86e2098e5cd3,train,False
data/raw/ddl/audio/drone/drone_2207.wav,ddl,drone,1.0,,6416817c86e2098e5cd3,train,False
data/raw/ddl/audio/drone/drone_2208.wav,ddl,drone,1.0,,6416817c86e2098e5cd3,train,False
data/raw/ddl/audio/drone/drone_2209.wav,ddl,drone,1.0,,6416817c86e2098e5cd3,train,False
data/raw/ddl/audio/drone/drone_2210.wav,ddl,drone,1.0,,6416817c86e2098e5cd3,train,False
data/raw/ddl/audio/drone/drone_2211.wav,ddl,drone,1.0,,6416817c86e2098e5cd3,train,False
data/raw/ddl/audio/drone/drone_2212.wav,ddl,drone,1.0,,6416817c86e2098e5cd3,train,False
data/raw/ddl/audio/drone/drone_2213.wav,ddl,drone,1.0,,6416817c86e2098e5cd3,train,False
data/raw/ddl/audio/drone/drone_2214.wav,ddl,drone,1.0,,6416817c86e2098e5cd3,train,False
data/raw/ddl/audio/drone/drone_2215.wav,ddl,drone,1.0,,6416817c86e2098e5cd3,train,False
data/raw/ddl/audio/drone/drone_2216.wav,ddl,drone,1.0,,6416817c86e2098e5cd3,train,False
data/raw/ddl/audio/drone/drone_2217.wav,ddl,drone,1.0,,6416817c86e2098e5cd3,train,False
data/raw/ddl/audio/drone/drone_2218.wav,ddl,drone,1.0,,6416817c86e2098e5cd3,train,False
data/raw/ddl/audio/drone/drone_2219.wav,ddl,drone,1.0,,6416817c86e2098e5cd3,train,False
data/raw/ddl/audio/drone/drone_2220.wav,ddl,drone,1.0,,6416817c86e2098e5cd3,train,False
data/raw/ddl/audio/drone/drone_2221.wav,ddl,drone,1.0,,6416817c86e2098e5cd3,train,False
data/raw/ddl/audio/drone/drone_2222.wav,ddl,drone,1.0,,6416817c86e2098e5cd3,train,False
data/raw/ddl/audio/drone/drone_2223.wav,ddl,drone,1.0,,6416817c86e2098e5cd3,train,False
data/raw/ddl/audio/drone/drone_2224.wav,ddl,drone,1.0,,6416817c86e2098e5cd3,train,False
data/raw/ddl/audio/drone/drone_2225.wav,ddl,drone,1.0,,6416817c86e2098e5cd3,train,False
data/raw/ddl/audio/drone/drone_2226.wav,ddl,drone,1.0,,6416817c86e2098e5cd3,train,False
data/raw/ddl/audio/drone/drone_2227.wav,ddl,drone,1.0,,6416817c86e2098e5cd3,train,False
data/raw/ddl/audio/drone/drone_2228.wav,ddl,drone,1.0,,6416817c86e2098e5cd3,train,False
data/raw/ddl/audio/drone/drone_2229.wav,ddl,drone,1.0,,6416817c86e2098e5cd3,train,False
data/raw/ddl/audio/drone/drone_2230.wav,ddl,drone,1.0,,6416817c86e2098e5cd3,train,False
data/raw/ddl/audio/drone/drone_2231.wav,ddl,drone,1.0,,6416817c86e2098e5cd3,train,False
data/raw/ddl/audio/drone/drone_2232.wav,ddl,drone,1.0,,6416817c86e2098e5cd3,train,False
data/raw/ddl/audio/drone/drone_2233.wav,ddl,drone,1.0,,6416817c86e2098e5cd3,train,False
data/raw/ddl/audio/drone/drone_2234.wav,ddl,drone,1.0,,6416817c86e2098e5cd3,train,False
data/raw/ddl/audio/drone/drone_2235.wav,ddl,drone,1.0,,6416817c86e2098e5cd3,train,False
data/raw/ddl/audio/drone/drone_2236.wav,ddl,drone,1.0,,6416817c86e2098e5cd3,train,False
data/raw/ddl/audio/drone/drone_2237.wav,ddl,drone,1.0,,6416817c86e2098e5cd3,train,False
data/raw/ddl/audio/drone/drone_2238.wav,ddl,drone,1.0,,6416817c86e2098e5cd3,train,False
data/raw/ddl/audio/drone/drone_2239.wav,ddl,drone,1.0,,6416817c86e2098e5cd3,train,False
data/raw/ddl/audio/drone/drone_2240.wav,ddl,drone,1.0,,6416817c86e2098e5cd3,train,False
data/raw/ddl/audio/drone/drone_2241.wav,ddl,drone,1.0,,6416817c86e2098e5cd3,train,False
data/raw/ddl/audio/drone/drone_2242.wav,ddl,drone,1.0,,6416817c86e2098e5cd3,train,False
data/raw/ddl/audio/drone/drone_2243.wav,ddl,drone,1.0,,6416817c86e2098e5cd3,train,False
data/raw/ddl/audio/drone/drone_2244.wav,ddl,drone,1.0,,6416817c86e2098e5cd3,train,False
data/raw/ddl/audio/drone/drone_2245.wav,ddl,drone,1.0,,6416817c86e2098e5cd3,train,False
data/raw/ddl/audio/drone/drone_2246.wav,ddl,drone,1.0,,6416817c86e2098e5cd3,train,False
data/raw/ddl/audio/drone/drone_2247.wav,ddl,drone,1.0,,6416817c86e2098e5cd3,train,False
data/raw/ddl/audio/drone/drone_2248.wav,ddl,drone,1.0,,6416817c86e2098e5cd3,train,False
data/raw/ddl/audio/drone/drone_2249.wav,ddl,drone,1.0,,6416817c86e2098e5cd3,train,False
data/raw/ddl/audio/drone/drone_2250.wav,ddl,drone,1.0,,6416817c86e2098e5cd3,train,False
data/raw/ddl/audio/drone/drone_2251.wav,ddl,drone,1.0,,6416817c86e2098e5cd3,train,False
data/raw/ddl/audio/drone/drone_2252.wav,ddl,drone,1.0,,6416817c86e2098e5cd3,train,False
data/raw/ddl/audio/drone/drone_2253.wav,ddl,drone,1.0,,6416817c86e2098e5cd3,train,False
data/raw/ddl/audio/drone/drone_2254.wav,ddl,drone,1.0,,6416817c86e2098e5cd3,train,False
data/raw/ddl/audio/drone/drone_2255.wav,ddl,drone,1.0,,6416817c86e2098e5cd3,train,False
data/raw/ddl/audio/drone/drone_2256.wav,ddl,drone,1.0,,6416817c86e2098e5cd3,train,False
data/raw/ddl/audio/drone/drone_2257.wav,ddl,drone,1.0,,6416817c86e2098e5cd3,train,False
data/raw/ddl/audio/drone/drone_2258.wav,ddl,drone,1.0,,6416817c86e2098e5cd3,train,False
data/raw/ddl/audio/drone/drone_2259.wav,ddl,drone,1.0,,6416817c86e2098e5cd3,train,False
data/raw/ddl/audio/drone/drone_2260.wav,ddl,drone,1.0,,6416817c86e2098e5cd3,train,False
data/raw/ddl/audio/drone/drone_2261.wav,ddl,drone,1.0,,6416817c86e2098e5cd3,train,False
data/raw/ddl/audio/drone/drone_2262.wav,ddl,drone,1.0,,6416817c86e2098e5cd3,train,False
data/raw/ddl/audio/drone/drone_2263.wav,ddl,drone,1.0,,6416817c86e2098e5cd3,train,False
data/raw/ddl/audio/drone/drone_2264.wav,ddl,drone,1.0,,6416817c86e2098e5cd3,train,False
data/raw/ddl/audio/drone/drone_2265.wav,ddl,drone,1.0,,6416817c86e2098e5cd3,train,False
data/raw/ddl/audio/drone/drone_2266.wav,ddl,drone,1.0,,6416817c86e2098e5cd3,train,False
data/raw/ddl/audio/drone/drone_2267.wav,ddl,drone,1.0,,6416817c86e2098e5cd3,train,False
data/raw/ddl/audio/drone/drone_2268.wav,ddl,drone,1.0,,6416817c86e2098e5cd3,train,False
data/raw/ddl/audio/drone/drone_2269.wav,ddl,drone,1.0,,6416817c86e2098e5cd3,train,False
data/raw/ddl/audio/drone/drone_2270.wav,ddl,drone,1.0,,6416817c86e2098e5cd3,train,False
data/raw/ddl/audio/drone/drone_2271.wav,ddl,drone,1.0,,6416817c86e2098e5cd3,train,False
data/raw/ddl/audio/drone/drone_2272.wav,ddl,drone,1.0,,6416817c86e2098e5cd3,train,False
data/raw/ddl/audio/drone/drone_2273.wav,ddl,drone,1.0,,6416817c86e2098e5cd3,train,False
data/raw/ddl/audio/drone/drone_2274.wav,ddl,drone,1.0,,6416817c86e2098e5cd3,train,False
data/raw/ddl/audio/drone/drone_2275.wav,ddl,drone,1.0,,6416817c86e2098e5cd3,train,False
data/raw/ddl/audio/drone/drone_2276.wav,ddl,drone,1.0,,6416817c86e2098e5cd3,train,False
data/raw/ddl/audio/drone/drone_2277.wav,ddl,drone,1.0,,6416817c86e2098e5cd3,train,False
data/raw/ddl/audio/drone/drone_2278.wav,ddl,drone,1.0,,6416817c86e2098e5cd3,train,False
data/raw/ddl/audio/drone/drone_2279.wav,ddl,drone,1.0,,6416817c86e2098e5cd3,train,False
data/raw/ddl/audio/drone/drone_2280.wav,ddl,drone,1.0,,6416817c86e2098e5cd3,train,False
data/raw/ddl/audio/drone/drone_2281.wav,ddl,drone,1.0,,6416817c86e2098e5cd3,train,False
data/raw/ddl/audio/drone/drone_2282.wav,ddl,drone,1.0,,6416817c86e2098e5cd3,train,False
data/raw/ddl/audio/drone/drone_2283.wav,ddl,drone,1.0,,6416817c86e2098e5cd3,train,False
data/raw/ddl/audio/drone/drone_2284.wav,ddl,drone,1.0,,6416817c86e2098e5cd3,train,False
data/raw/ddl/audio/drone/drone_2285.wav,ddl,drone,1.0,,6416817c86e2098e5cd3,train,False
data/raw/ddl/audio/drone/drone_2286.wav,ddl,drone,1.0,,6416817c86e2098e5cd3,train,False
data/raw/ddl/audio/drone/drone_2287.wav,ddl,drone,1.0,,6416817c86e2098e5cd3,train,False
data/raw/ddl/audio/drone/drone_2288.wav,ddl,drone,1.0,,6416817c86e2098e5cd3,train,False
data/raw/ddl/audio/drone/drone_2289.wav,ddl,drone,1.0,,6416817c86e2098e5cd3,train,False
data/raw/ddl/audio/drone/drone_2290.wav,ddl,drone,1.0,,6416817c86e2098e5cd3,train,False
data/raw/ddl/audio/drone/drone_2291.wav,ddl,drone,1.0,,6416817c86e2098e5cd3,train,False
data/raw/ddl/audio/drone/drone_2292.wav,ddl,drone,1.0,,6416817c86e2098e5cd3,train,False
data/raw/ddl/audio/drone/drone_2293.wav,ddl,drone,1.0,,6416817c86e2098e5cd3,train,False
data/raw/ddl/audio/drone/drone_2294.wav,ddl,drone,1.0,,6416817c86e2098e5cd3,train,False
data/raw/ddl/audio/drone/drone_2295.wav,ddl,drone,1.0,,6416817c86e2098e5cd3,train,False
data/raw/ddl/audio/drone/drone_2296.wav,ddl,drone,1.0,,6416817c86e2098e5cd3,train,False
data/raw/ddl/audio/drone/drone_2297.wav,ddl,drone,1.0,,6416817c86e2098e5cd3,train,False
data/raw/ddl/audio/drone/drone_2298.wav,ddl,drone,1.0,,6416817c86e2098e5cd3,train,False
data/raw/ddl/audio/drone/drone_2299.wav,ddl,drone,1.0,,6416817c86e2098e5cd3,train,False
data/raw/ddl/audio/drone/drone_2300.wav,ddl,drone,1.0,,6416817c86e2098e5cd3,train,False
data/raw/ddl/audio/drone/drone_2301.wav,ddl,drone,1.0,,6416817c86e2098e5cd3,train,False
data/raw/ddl/audio/drone/drone_2302.wav,ddl,drone,1.0,,6416817c86e2098e5cd3,train,False
data/raw/ddl/audio/drone/drone_2303.wav,ddl,drone,1.0,,6416817c86e2098e5cd3,train,False
data/raw/ddl/audio/drone/drone_2304.wav,ddl,drone,1.0,,6416817c86e2098e5cd3,train,False
data/raw/ddl/audio/drone/drone_2305.wav,ddl,drone,1.0,,6416817c86e2098e5cd3,train,False
data/raw/ddl/audio/drone/drone_2306.wav,ddl,drone,1.0,,6416817c86e2098e5cd3,train,False
data/raw/ddl/audio/drone/drone_2307.wav,ddl,drone,1.0,,6416817c86e2098e5cd3,train,False
data/raw/ddl/audio/drone/drone_2308.wav,ddl,drone,1.0,,6416817c86e2098e5cd3,train,False
data/raw/ddl/audio/drone/drone_2309.wav,ddl,drone,1.0,,6416817c86e2098e5cd3,train,False
data/raw/ddl/audio/drone/drone_2310.wav,ddl,drone,1.0,,6416817c86e2098e5cd3,train,False
data/raw/ddl/audio/drone/drone_2311.wav,ddl,drone,1.0,,6416817c86e2098e5cd3,train,False
data/raw/ddl/audio/drone/drone_2312.wav,ddl,drone,1.0,,6416817c86e2098e5cd3,train,False
data/raw/ddl/audio/drone/drone_2313.wav,ddl,drone,1.0,,6416817c86e2098e5cd3,train,False
data/raw/ddl/audio/drone/drone_2314.wav,ddl,drone,1.0,,6416817c86e2098e5cd3,train,False
data/raw/ddl/audio/drone/drone_2315.wav,ddl,drone,1.0,,6416817c86e2098e5cd3,train,False
data/raw/ddl/audio/drone/drone_2316.wav,ddl,drone,1.0,,6416817c86e2098e5cd3,train,False
data/raw/ddl/audio/drone/drone_2317.wav,ddl,drone,1.0,,6416817c86e2098e5cd3,train,False
data/raw/ddl/audio/drone/drone_2318.wav,ddl,drone,1.0,,6416817c86e2098e5cd3,train,False
data/raw/ddl/audio/drone/drone_2319.wav,ddl,drone,1.0,,6416817c86e2098e5cd3,train,False
data/raw/ddl/audio/drone/drone_2320.wav,ddl,drone,1.0,,6416817c86e2098e5cd3,train,False
data/raw/ddl/audio/drone/drone_2321.wav,ddl,drone,1.0,,6416817c86e2098e5cd3,train,False
data/raw/ddl/audio/drone/drone_2322.wav,ddl,drone,1.0,,6416817c86e2098e5cd3,train,False
data/raw/ddl/audio/drone/drone_2323.wav,ddl,drone,1.0,,6416817c86e2098e5cd3,train,False
data/raw/ddl/audio/drone/drone_2324.wav,ddl,drone,1.0,,6416817c86e2098e5cd3,train,False
data/raw/ddl/audio/drone/drone_2325.wav,ddl,drone,1.0,,6416817c86e2098e5cd3,train,False
data/raw/ddl/audio/drone/drone_2326.wav,ddl,drone,1.0,,6416817c86e2098e5cd3,train,False
data/raw/ddl/audio/drone/drone_2327.wav,ddl,drone,1.0,,6416817c86e2098e5cd3,train,False
data/raw/ddl/audio/drone/drone_2328.wav,ddl,drone,1.0,,6416817c86e2098e5cd3,train,False
data/raw/ddl/audio/drone/drone_2329.wav,ddl,drone,1.0,,6416817c86e2098e5cd3,train,False
data/raw/ddl/audio/drone/drone_2330.wav,ddl,drone,1.0,,6416817c86e2098e5cd3,train,False
data/raw/ddl/audio/drone/drone_2331.wav,ddl,drone,1.0,,6416817c86e2098e5cd3,train,False
data/raw/ddl/audio/drone/drone_2332.wav,ddl,drone,1.0,,6416817c86e2098e5cd3,train,False
data/raw/ddl/audio/drone/drone_2333.wav,ddl,drone,1.0,,6416817c86e2098e5cd3,train,False
data/raw/ddl/audio/drone/drone_2334.wav,ddl,drone,1.0,,6416817c86e2098e5cd3,train,False
data/raw/ddl/audio/drone/drone_2335.wav,ddl,drone,1.0,,6416817c86e2098e5cd3,train,False
data/raw/ddl/audio/drone/drone_2336.wav,ddl,drone,1.0,,6416817c86e2098e5cd3,train,False
data/raw/ddl/audio/drone/drone_2337.wav,ddl,drone,1.0,,6416817c86e2098e5cd3,train,False
data/raw/ddl/audio/drone/drone_2338.wav,ddl,drone,1.0,,6416817c86e2098e5cd3,train,False
data/raw/ddl/audio/drone/drone_2339.wav,ddl,drone,1.0,,6416817c86e2098e5cd3,train,False
data/raw/ddl/audio/drone/drone_2340.wav,ddl,drone,1.0,,6416817c86e2098e5cd3,train,False
data/raw/ddl/audio/drone/drone_2341.wav,ddl,drone,1.0,,6416817c86e2098e5cd3,train,False
data/raw/ddl/audio/drone/drone_2342.wav,ddl,drone,1.0,,6416817c86e2098e5cd3,train,False
data/raw/ddl/audio/drone/drone_2343.wav,ddl,drone,1.0,,6416817c86e2098e5cd3,train,False
data/raw/ddl/audio/drone/drone_2344.wav,ddl,drone,1.0,,6416817c86e2098e5cd3,train,False
data/raw/ddl/audio/drone/drone_2345.wav,ddl,drone,1.0,,6416817c86e2098e5cd3,train,False
data/raw/ddl/audio/drone/drone_2346.wav,ddl,drone,1.0,,6416817c86e2098e5cd3,train,False
data/raw/ddl/audio/drone/drone_2347.wav,ddl,drone,1.0,,6416817c86e2098e5cd3,train,False
data/raw/ddl/audio/drone/drone_2348.wav,ddl,drone,1.0,,6416817c86e2098e5cd3,train,False
data/raw/ddl/audio/drone/drone_2349.wav,ddl,drone,1.0,,6416817c86e2098e5cd3,train,False
data/raw/ddl/audio/drone/drone_2350.wav,ddl,drone,1.0,,6416817c86e2098e5cd3,train,False
data/raw/ddl/audio/drone/drone_2351.wav,ddl,drone,1.0,,6416817c86e2098e5cd3,train,False
data/raw/ddl/audio/drone/drone_2352.wav,ddl,drone,1.0,,6416817c86e2098e5cd3,train,False
data/raw/ddl/audio/drone/drone_2353.wav,ddl,drone,1.0,,6416817c86e2098e5cd3,train,False
data/raw/ddl/audio/drone/drone_2354.wav,ddl,drone,1.0,,6416817c86e2098e5cd3,train,False
data/raw/ddl/audio/drone/drone_2355.wav,ddl,drone,1.0,,6416817c86e2098e5cd3,train,False
data/raw/ddl/audio/drone/drone_2356.wav,ddl,drone,1.0,,6416817c86e2098e5cd3,train,False
data/raw/ddl/audio/drone/drone_2357.wav,ddl,drone,1.0,,6416817c86e2098e5cd3,train,False
data/raw/ddl/audio/drone/drone_2358.wav,ddl,drone,1.0,,6416817c86e2098e5cd3,train,False
data/raw/ddl/audio/drone/drone_2359.wav,ddl,drone,1.0,,6416817c86e2098e5cd3,train,False
data/raw/ddl/audio/drone/drone_2360.wav,ddl,drone,1.0,,6416817c86e2098e5cd3,train,False
data/raw/ddl/audio/drone/drone_2361.wav,ddl,drone,1.0,,6416817c86e2098e5cd3,train,False
data/raw/ddl/audio/drone/drone_2362.wav,ddl,drone,1.0,,6416817c86e2098e5cd3,train,False
data/raw/ddl/audio/drone/drone_2363.wav,ddl,drone,1.0,,6416817c86e2098e5cd3,train,False
data/raw/ddl/audio/drone/drone_2364.wav,ddl,drone,1.0,,6416817c86e2098e5cd3,train,False
data/raw/ddl/audio/drone/drone_2365.wav,ddl,drone,1.0,,6416817c86e2098e5cd3,train,False
data/raw/ddl/audio/drone/drone_2366.wav,ddl,drone,1.0,,6416817c86e2098e5cd3,train,False
data/raw/ddl/audio/drone/drone_2367.wav,ddl,drone,1.0,,6416817c86e2098e5cd3,train,False
data/raw/ddl/audio/drone/drone_2368.wav,ddl,drone,1.0,,6416817c86e2098e5cd3,train,False
data/raw/ddl/audio/drone/drone_2369.wav,ddl,drone,1.0,,6416817c86e2098e5cd3,train,False
data/raw/ddl/audio/drone/drone_2370.wav,ddl,drone,1.0,,6416817c86e2098e5cd3,train,False
data/raw/ddl/audio/drone/drone_2371.wav,ddl,drone,1.0,,6416817c86e2098e5cd3,train,False
data/raw/ddl/audio/drone/drone_2372.wav,ddl,drone,1.0,,6416817c86e2098e5cd3,train,False
data/raw/ddl/audio/drone/drone_2373.wav,ddl,drone,1.0,,6416817c86e2098e5cd3,train,False
data/raw/ddl/audio/drone/drone_2374.wav,ddl,drone,1.0,,6416817c86e2098e5cd3,train,False
data/raw/ddl/audio/drone/drone_2375.wav,ddl,drone,1.0,,6416817c86e2098e5cd3,train,False
data/raw/ddl/audio/drone/drone_2376.wav,ddl,drone,1.0,,6416817c86e2098e5cd3,train,False
data/raw/ddl/audio/drone/drone_2377.wav,ddl,drone,1.0,,6416817c86e2098e5cd3,train,False
data/raw/ddl/audio/drone/drone_2378.wav,ddl,drone,1.0,,6416817c86e2098e5cd3,train,False
data/raw/ddl/audio/drone/drone_2379.wav,ddl,drone,1.0,,6416817c86e2098e5cd3,train,False
data/raw/ddl/audio/drone/drone_2380.wav,ddl,drone,1.0,,6416817c86e2098e5cd3,train,False
data/raw/ddl/audio/drone/drone_2381.wav,ddl,drone,1.0,,6416817c86e2098e5cd3,train,False
data/raw/ddl/audio/drone/drone_2382.wav,ddl,drone,1.0,,6416817c86e2098e5cd3,train,False
data/raw/ddl/audio/drone/drone_2383.wav,ddl,drone,1.0,,6416817c86e2098e5cd3,train,False
data/raw/ddl/audio/drone/drone_2384.wav,ddl,drone,1.0,,6416817c86e2098e5cd3,train,False
data/raw/ddl/audio/drone/drone_2385.wav,ddl,drone,1.0,,6416817c86e2098e5cd3,train,False
data/raw/ddl/audio/drone/drone_2386.wav,ddl,drone,1.0,,6416817c86e2098e5cd3,train,False
data/raw/ddl/audio/drone/drone_2387.wav,ddl,drone,1.0,,6416817c86e2098e5cd3,train,False
data/raw/ddl/audio/drone/drone_2388.wav,ddl,drone,1.0,,6416817c86e2098e5cd3,train,False
data/raw/ddl/audio/drone/drone_2389.wav,ddl,drone,1.0,,6416817c86e2098e5cd3,train,False
data/raw/ddl/audio/drone/drone_2390.wav,ddl,drone,1.0,,6416817c86e2098e5cd3,train,False
data/raw/ddl/audio/drone/drone_2391.wav,ddl,drone,1.0,,6416817c86e2098e5cd3,train,False
data/raw/ddl/audio/drone/drone_2392.wav,ddl,drone,1.0,,6416817c86e2098e5cd3,train,False
data/raw/ddl/audio/drone/drone_2393.wav,ddl,drone,1.0,,6416817c86e2098e5cd3,train,False
data/raw/ddl/audio/drone/drone_2394.wav,ddl,drone,1.0,,6416817c86e2098e5cd3,train,False
data/raw/ddl/audio/drone/drone_2395.wav,ddl,drone,1.0,,6416817c86e2098e5cd3,train,False
data/raw/ddl/audio/drone/drone_2396.wav,ddl,drone,1.0,,6416817c86e2098e5cd3,train,False
data/raw/ddl/audio/drone/drone_2397.wav,ddl,drone,1.0,,6416817c86e2098e5cd3,train,False
data/raw/ddl/audio/drone/drone_2398.wav,ddl,drone,1.0,,6416817c86e2098e5cd3,train,False
data/raw/ddl/audio/drone/drone_2399.wav,ddl,drone,1.0,,6416817c86e2098e5cd3,train,False
data/raw/ddl/audio/drone/drone_2400.wav,ddl,drone,1.0,,6416817c86e2098e5cd3,train,False
data/raw/ddl/audio/drone/drone_2401.wav,ddl,drone,1.0,,6416817c86e2098e5cd3,train,False
data/raw/ddl/audio/drone/drone_2402.wav,ddl,drone,1.0,,6416817c86e2098e5cd3,train,False
data/raw/ddl/audio/drone/drone_2403.wav,ddl,drone,1.0,,6416817c86e2098e5cd3,train,False
data/raw/ddl/audio/drone/drone_2404.wav,ddl,drone,1.0,,6416817c86e2098e5cd3,train,False
data/raw/ddl/audio/drone/drone_2405.wav,ddl,drone,1.0,,6416817c86e2098e5cd3,train,False
data/raw/ddl/audio/drone/drone_2406.wav,ddl,drone,1.0,,6416817c86e2098e5cd3,train,False
data/raw/ddl/audio/drone/drone_2407.wav,ddl,drone,1.0,,6416817c86e2098e5cd3,train,False
data/raw/ddl/audio/drone/drone_2408.wav,ddl,drone,1.0,,6416817c86e2098e5cd3,train,False
data/raw/ddl/audio/drone/drone_2409.wav,ddl,drone,1.0,,6416817c86e2098e5cd3,train,False
data/raw/ddl/audio/drone/drone_2410.wav,ddl,drone,1.0,,6416817c86e2098e5cd3,train,False
data/raw/ddl/audio/drone/drone_2411.wav,ddl,drone,1.0,,6416817c86e2098e5cd3,train,False
data/raw/ddl/audio/drone/drone_2412.wav,ddl,drone,1.0,,6416817c86e2098e5cd3,train,False
data/raw/ddl/audio/drone/drone_2413.wav,ddl,drone,1.0,,6416817c86e2098e5cd3,train,False
data/raw/ddl/audio/drone/drone_2414.wav,ddl,drone,1.0,,6416817c86e2098e5cd3,train,False
data/raw/ddl/audio/drone/drone_2415.wav,ddl,drone,1.0,,6416817c86e2098e5cd3,train,False
data/raw/ddl/audio/drone/drone_2416.wav,ddl,drone,1.0,,6416817c86e2098e5cd3,train,False
data/raw/ddl/audio/drone/drone_2417.wav,ddl,drone,1.0,,6416817c86e2098e5cd3,train,False
data/raw/ddl/audio/drone/drone_2418.wav,ddl,drone,1.0,,6416817c86e2098e5cd3,train,False
data/raw/ddl/audio/drone/drone_2419.wav,ddl,drone,1.0,,6416817c86e2098e5cd3,train,False
data/raw/ddl/audio/drone/drone_2420.wav,ddl,drone,1.0,,6416817c86e2098e5cd3,train,False
data/raw/ddl/audio/drone/drone_2421.wav,ddl,drone,1.0,,6416817c86e2098e5cd3,train,False
data/raw/ddl/audio/drone/drone_2422.wav,ddl,drone,1.0,,6416817c86e2098e5cd3,train,False
data/raw/ddl/audio/drone/drone_2423.wav,ddl,drone,1.0,,6416817c86e2098e5cd3,train,False
data/raw/ddl/audio/drone/drone_2424.wav,ddl,drone,1.0,,6416817c86e2098e5cd3,train,False
data/raw/ddl/audio/drone/drone_2425.wav,ddl,drone,1.0,,6416817c86e2098e5cd3,train,False
data/raw/ddl/audio/drone/drone_2426.wav,ddl,drone,1.0,,6416817c86e2098e5cd3,train,False
data/raw/ddl/audio/drone/drone_2427.wav,ddl,drone,1.0,,6416817c86e2098e5cd3,train,False
data/raw/ddl/audio/drone/drone_2428.wav,ddl,drone,1.0,,6416817c86e2098e5cd3,train,False
data/raw/ddl/audio/drone/drone_2429.wav,ddl,drone,1.0,,6416817c86e2098e5cd3,train,False
data/raw/ddl/audio/drone/drone_2430.wav,ddl,drone,1.0,,6416817c86e2098e5cd3,train,False
data/raw/ddl/audio/drone/drone_2431.wav,ddl,drone,1.0,,6416817c86e2098e5cd3,train,False
data/raw/ddl/audio/drone/drone_2432.wav,ddl,drone,1.0,,6416817c86e2098e5cd3,train,False
data/raw/ddl/audio/drone/drone_2433.wav,ddl,drone,1.0,,6416817c86e2098e5cd3,train,False
data/raw/ddl/audio/drone/drone_2434.wav,ddl,drone,1.0,,6416817c86e2098e5cd3,train,False
data/raw/ddl/audio/drone/drone_2435.wav,ddl,drone,1.0,,6416817c86e2098e5cd3,train,False
data/raw/ddl/audio/drone/drone_2436.wav,ddl,drone,1.0,,6416817c86e2098e5cd3,train,False
data/raw/ddl/audio/drone/drone_2437.wav,ddl,drone,1.0,,6416817c86e2098e5cd3,train,False
data/raw/ddl/audio/drone/drone_2438.wav,ddl,drone,1.0,,6416817c86e2098e5cd3,train,False
data/raw/ddl/audio/drone/drone_2439.wav,ddl,drone,1.0,,6416817c86e2098e5cd3,train,False
data/raw/ddl/audio/drone/drone_2440.wav,ddl,drone,1.0,,6416817c86e2098e5cd3,train,False
data/raw/ddl/audio/drone/drone_2441.wav,ddl,drone,1.0,,6416817c86e2098e5cd3,train,False
data/raw/ddl/audio/drone/drone_2442.wav,ddl,drone,1.0,,6416817c86e2098e5cd3,train,False
data/raw/ddl/audio/drone/drone_2443.wav,ddl,drone,1.0,,6416817c86e2098e5cd3,train,False
data/raw/ddl/audio/drone/drone_2444.wav,ddl,drone,1.0,,6416817c86e2098e5cd3,train,False
data/raw/ddl/audio/drone/drone_2445.wav,ddl,drone,1.0,,6416817c86e2098e5cd3,train,False
data/raw/ddl/audio/drone/drone_2446.wav,ddl,drone,1.0,,6416817c86e2098e5cd3,train,False
data/raw/ddl/audio/drone/drone_2447.wav,ddl,drone,1.0,,6416817c86e2098e5cd3,train,False
data/raw/ddl/audio/drone/drone_2448.wav,ddl,drone,1.0,,6416817c86e2098e5cd3,train,False
data/raw/ddl/audio/drone/drone_2449.wav,ddl,drone,1.0,,6416817c86e2098e5cd3,train,False
data/raw/ddl/audio/drone/drone_2450.wav,ddl,drone,1.0,,6416817c86e2098e5cd3,train,False
data/raw/ddl/audio/drone/drone_2451.wav,ddl,drone,1.0,,6416817c86e2098e5cd3,train,False
data/raw/ddl/audio/drone/drone_2452.wav,ddl,drone,1.0,,6416817c86e2098e5cd3,train,False
data/raw/ddl/audio/drone/drone_2453.wav,ddl,drone,1.0,,6416817c86e2098e5cd3,train,False
data/raw/ddl/audio/drone/drone_2454.wav,ddl,drone,1.0,,6416817c86e2098e5cd3,train,False
data/raw/ddl/audio/drone/drone_2455.wav,ddl,drone,1.0,,6416817c86e2098e5cd3,train,False
data/raw/ddl/audio/drone/drone_2456.wav,ddl,drone,1.0,,6416817c86e2098e5cd3,train,False
data/raw/ddl/audio/drone/drone_2457.wav,ddl,drone,1.0,,6416817c86e2098e5cd3,train,False
data/raw/ddl/audio/drone/drone_2458.wav,ddl,drone,1.0,,6416817c86e2098e5cd3,train,False
data/raw/ddl/audio/drone/drone_2459.wav,ddl,drone,1.0,,6416817c86e2098e5cd3,train,False
data/raw/ddl/audio/drone/drone_2460.wav,ddl,drone,1.0,,6416817c86e2098e5cd3,train,False
data/raw/ddl/audio/drone/drone_2461.wav,ddl,drone,1.0,,f6927792e1660bfb6cbb,test,False
data/raw/ddl/audio/drone/drone_2462.wav,ddl,drone,1.0,,f6927792e1660bfb6cbb,test,False
data/raw/ddl/audio/drone/drone_2463.wav,ddl,drone,1.0,,f6927792e1660bfb6cbb,test,False
data/raw/ddl/audio/drone/drone_2464.wav,ddl,drone,1.0,,f6927792e1660bfb6cbb,test,False
data/raw/ddl/audio/drone/drone_2465.wav,ddl,drone,1.0,,f6927792e1660bfb6cbb,test,False
data/raw/ddl/audio/drone/drone_2466.wav,ddl,drone,1.0,,f6927792e1660bfb6cbb,test,False
data/raw/ddl/audio/drone/drone_2467.wav,ddl,drone,1.0,,f6927792e1660bfb6cbb,test,False
data/raw/ddl/audio/drone/drone_2468.wav,ddl,drone,1.0,,f6927792e1660bfb6cbb,test,False
data/raw/ddl/audio/drone/drone_2469.wav,ddl,drone,1.0,,f6927792e1660bfb6cbb,test,False
data/raw/ddl/audio/drone/drone_2470.wav,ddl,drone,1.0,,f6927792e1660bfb6cbb,test,False
data/raw/ddl/audio/drone/drone_2471.wav,ddl,drone,1.0,,f6927792e1660bfb6cbb,test,False
data/raw/ddl/audio/drone/drone_2472.wav,ddl,drone,1.0,,f6927792e1660bfb6cbb,test,False
data/raw/ddl/audio/drone/drone_2473.wav,ddl,drone,1.0,,f6927792e1660bfb6cbb,test,False
data/raw/ddl/audio/drone/drone_2474.wav,ddl,drone,1.0,,f6927792e1660bfb6cbb,test,False
data/raw/ddl/audio/drone/drone_2475.wav,ddl,drone,1.0,,f6927792e1660bfb6cbb,test,False
data/raw/ddl/audio/drone/drone_2476.wav,ddl,drone,1.0,,f6927792e1660bfb6cbb,test,False
data/raw/ddl/audio/drone/drone_2477.wav,ddl,drone,1.0,,f6927792e1660bfb6cbb,test,False
data/raw/ddl/audio/drone/drone_2478.wav,ddl,drone,1.0,,f6927792e1660bfb6cbb,test,False
data/raw/ddl/audio/drone/drone_2479.wav,ddl,drone,1.0,,f6927792e1660bfb6cbb,test,False
data/raw/ddl/audio/drone/drone_2480.wav,ddl,drone,1.0,,f6927792e1660bfb6cbb,test,False
data/raw/ddl/audio/drone/drone_2481.wav,ddl,drone,1.0,,f6927792e1660bfb6cbb,test,False
data/raw/ddl/audio/drone/drone_2482.wav,ddl,drone,1.0,,4d66c1ba1004928ae64c,test,False
data/raw/ddl/audio/drone/drone_2483.wav,ddl,drone,1.0,,4d66c1ba1004928ae64c,test,False
data/raw/ddl/audio/drone/drone_2484.wav,ddl,drone,1.0,,4d66c1ba1004928ae64c,test,False
data/raw/ddl/audio/drone/drone_2485.wav,ddl,drone,1.0,,4d66c1ba1004928ae64c,test,False
data/raw/ddl/audio/drone/drone_2486.wav,ddl,drone,1.0,,4d66c1ba1004928ae64c,test,False
data/raw/ddl/audio/drone/drone_2487.wav,ddl,drone,1.0,,4d66c1ba1004928ae64c,test,False
data/raw/ddl/audio/drone/drone_2488.wav,ddl,drone,1.0,,4d66c1ba1004928ae64c,test,False
data/raw/ddl/audio/drone/drone_2489.wav,ddl,drone,1.0,,4d66c1ba1004928ae64c,test,False
data/raw/ddl/audio/drone/drone_2490.wav,ddl,drone,1.0,,4d66c1ba1004928ae64c,test,False
data/raw/ddl/audio/drone/drone_2491.wav,ddl,drone,1.0,,4d66c1ba1004928ae64c,test,False
data/raw/ddl/audio/drone/drone_2492.wav,ddl,drone,1.0,,4d66c1ba1004928ae64c,test,False
data/raw/ddl/audio/drone/drone_2493.wav,ddl,drone,1.0,,4d66c1ba1004928ae64c,test,False
data/raw/ddl/audio/drone/drone_2494.wav,ddl,drone,1.0,,4d66c1ba1004928ae64c,test,False
data/raw/ddl/audio/drone/drone_2495.wav,ddl,drone,1.0,,4d66c1ba1004928ae64c,test,False
data/raw/ddl/audio/drone/drone_2496.wav,ddl,drone,1.0,,4d66c1ba1004928ae64c,test,False
data/raw/ddl/audio/drone/drone_2497.wav,ddl,drone,1.0,,4d66c1ba1004928ae64c,test,False
data/raw/ddl/audio/drone/drone_2498.wav,ddl,drone,1.0,,4d66c1ba1004928ae64c,test,False
data/raw/ddl/audio/drone/drone_2499.wav,ddl,drone,1.0,,4d66c1ba1004928ae64c,test,False
data/raw/ddl/audio/drone/drone_2500.wav,ddl,drone,1.0,,4d66c1ba1004928ae64c,test,False
data/raw/ddl/audio/drone/drone_2501.wav,ddl,drone,1.0,,4d66c1ba1004928ae64c,test,False
data/raw/ddl/audio/drone/drone_2502.wav,ddl,drone,1.0,,4d66c1ba1004928ae64c,test,False
data/raw/ddl/audio/drone/drone_2503.wav,ddl,drone,1.0,,4d66c1ba1004928ae64c,test,False
data/raw/ddl/audio/drone/drone_2504.wav,ddl,drone,1.0,,4d66c1ba1004928ae64c,test,False
data/raw/ddl/audio/drone/drone_2505.wav,ddl,drone,1.0,,4d66c1ba1004928ae64c,test,False
data/raw/ddl/audio/drone/drone_2506.wav,ddl,drone,1.0,,4d66c1ba1004928ae64c,test,False
data/raw/ddl/audio/drone/drone_2507.wav,ddl,drone,1.0,,4d66c1ba1004928ae64c,test,False
data/raw/ddl/audio/drone/drone_2508.wav,ddl,drone,1.0,,4d66c1ba1004928ae64c,test,False
data/raw/ddl/audio/drone/drone_2509.wav,ddl,drone,1.0,,4d66c1ba1004928ae64c,test,False
data/raw/ddl/audio/drone/drone_2510.wav,ddl,drone,1.0,,4d66c1ba1004928ae64c,test,False
data/raw/ddl/audio/drone/drone_2511.wav,ddl,drone,1.0,,4d66c1ba1004928ae64c,test,False
data/raw/ddl/audio/drone/drone_2512.wav,ddl,drone,1.0,,4d66c1ba1004928ae64c,test,False
data/raw/ddl/audio/drone/drone_2513.wav,ddl,drone,1.0,,4d66c1ba1004928ae64c,test,False
data/raw/ddl/audio/drone/drone_2514.wav,ddl,drone,1.0,,4d66c1ba1004928ae64c,test,False
data/raw/ddl/audio/drone/drone_2515.wav,ddl,drone,1.0,,4d66c1ba1004928ae64c,test,False
data/raw/ddl/audio/drone/drone_2516.wav,ddl,drone,1.0,,4d66c1ba1004928ae64c,test,False
data/raw/ddl/audio/drone/drone_2517.wav,ddl,drone,1.0,,4d66c1ba1004928ae64c,test,False
data/raw/ddl/audio/drone/drone_2518.wav,ddl,drone,1.0,,4d66c1ba1004928ae64c,test,False
data/raw/ddl/audio/drone/drone_2519.wav,ddl,drone,1.0,,4d66c1ba1004928ae64c,test,False
data/raw/ddl/audio/drone/drone_2520.wav,ddl,drone,1.0,,4d66c1ba1004928ae64c,test,False
data/raw/ddl/audio/drone/drone_2521.wav,ddl,drone,1.0,,4d66c1ba1004928ae64c,test,False
data/raw/ddl/audio/drone/drone_2522.wav,ddl,drone,1.0,,4d66c1ba1004928ae64c,test,False
data/raw/ddl/audio/drone/drone_2523.wav,ddl,drone,1.0,,4d66c1ba1004928ae64c,test,False
data/raw/ddl/audio/drone/drone_2524.wav,ddl,drone,1.0,,4d66c1ba1004928ae64c,test,False
data/raw/ddl/audio/drone/drone_2525.wav,ddl,drone,1.0,,4d66c1ba1004928ae64c,test,False
data/raw/ddl/audio/drone/drone_2526.wav,ddl,drone,1.0,,4d66c1ba1004928ae64c,test,False
data/raw/ddl/audio/drone/drone_2527.wav,ddl,drone,1.0,,4d66c1ba1004928ae64c,test,False
data/raw/ddl/audio/drone/drone_2528.wav,ddl,drone,1.0,,4d66c1ba1004928ae64c,test,False
data/raw/ddl/audio/drone/drone_2529.wav,ddl,drone,1.0,,4d66c1ba1004928ae64c,test,False
data/raw/ddl/audio/drone/drone_2530.wav,ddl,drone,1.0,,4d66c1ba1004928ae64c,test,False
data/raw/ddl/audio/drone/drone_2531.wav,ddl,drone,1.0,,4d66c1ba1004928ae64c,test,False
data/raw/ddl/audio/drone/drone_2532.wav,ddl,drone,1.0,,4d66c1ba1004928ae64c,test,False
data/raw/ddl/audio/drone/drone_2533.wav,ddl,drone,1.0,,4d66c1ba1004928ae64c,test,False
data/raw/ddl/audio/drone/drone_2534.wav,ddl,drone,1.0,,4d66c1ba1004928ae64c,test,False
data/raw/ddl/audio/drone/drone_2535.wav,ddl,drone,1.0,,4d66c1ba1004928ae64c,test,False
data/raw/ddl/audio/drone/drone_2536.wav,ddl,drone,1.0,,4d66c1ba1004928ae64c,test,False
data/raw/ddl/audio/drone/drone_2537.wav,ddl,drone,1.0,,4d66c1ba1004928ae64c,test,False
data/raw/ddl/audio/drone/drone_2538.wav,ddl,drone,1.0,,4d66c1ba1004928ae64c,test,False
data/raw/ddl/audio/drone/drone_2539.wav,ddl,drone,1.0,,4d66c1ba1004928ae64c,test,False
data/raw/ddl/audio/drone/drone_2540.wav,ddl,drone,1.0,,4d66c1ba1004928ae64c,test,False
data/raw/ddl/audio/drone/drone_2541.wav,ddl,drone,1.0,,4d66c1ba1004928ae64c,test,False
data/raw/ddl/audio/drone/drone_2542.wav,ddl,drone,1.0,,4d66c1ba1004928ae64c,test,False
data/raw/ddl/audio/drone/drone_2543.wav,ddl,drone,1.0,,4d66c1ba1004928ae64c,test,False
data/raw/ddl/audio/drone/drone_2544.wav,ddl,drone,1.0,,4d66c1ba1004928ae64c,test,False
data/raw/ddl/audio/drone/drone_2545.wav,ddl,drone,1.0,,4d66c1ba1004928ae64c,test,False
data/raw/ddl/audio/drone/drone_2546.wav,ddl,drone,1.0,,4d66c1ba1004928ae64c,test,False
data/raw/ddl/audio/drone/drone_2547.wav,ddl,drone,1.0,,4d66c1ba1004928ae64c,test,False
data/raw/ddl/audio/drone/drone_2548.wav,ddl,drone,1.0,,4d66c1ba1004928ae64c,test,False
data/raw/ddl/audio/drone/drone_2549.wav,ddl,drone,1.0,,4d66c1ba1004928ae64c,test,False
data/raw/ddl/audio/drone/drone_2550.wav,ddl,drone,1.0,,4d66c1ba1004928ae64c,test,False
data/raw/ddl/audio/drone/drone_2551.wav,ddl,drone,1.0,,4d66c1ba1004928ae64c,test,False
data/raw/ddl/audio/drone/drone_2552.wav,ddl,drone,1.0,,4d66c1ba1004928ae64c,test,False
data/raw/ddl/audio/drone/drone_2553.wav,ddl,drone,1.0,,4d66c1ba1004928ae64c,test,False
data/raw/ddl/audio/drone/drone_2554.wav,ddl,drone,1.0,,4d66c1ba1004928ae64c,test,False
data/raw/ddl/audio/drone/drone_2555.wav,ddl,drone,1.0,,4d66c1ba1004928ae64c,test,False
data/raw/ddl/audio/drone/drone_2556.wav,ddl,drone,1.0,,4d66c1ba1004928ae64c,test,False
data/raw/ddl/audio/drone/drone_2557.wav,ddl,drone,1.0,,4d66c1ba1004928ae64c,test,False
data/raw/ddl/audio/drone/drone_2558.wav,ddl,drone,1.0,,4d66c1ba1004928ae64c,test,False
data/raw/ddl/audio/drone/drone_2559.wav,ddl,drone,1.0,,4d66c1ba1004928ae64c,test,False
data/raw/ddl/audio/drone/drone_2560.wav,ddl,drone,1.0,,4d66c1ba1004928ae64c,test,False
data/raw/ddl/audio/drone/drone_2561.wav,ddl,drone,1.0,,4d66c1ba1004928ae64c,test,False
data/raw/ddl/audio/drone/drone_2562.wav,ddl,drone,1.0,,4d66c1ba1004928ae64c,test,False
data/raw/ddl/audio/drone/drone_2563.wav,ddl,drone,1.0,,4d66c1ba1004928ae64c,test,False
data/raw/ddl/audio/drone/drone_2564.wav,ddl,drone,1.0,,4d66c1ba1004928ae64c,test,False
data/raw/ddl/audio/drone/drone_2565.wav,ddl,drone,1.0,,4d66c1ba1004928ae64c,test,False
data/raw/ddl/audio/drone/drone_2566.wav,ddl,drone,1.0,,4d66c1ba1004928ae64c,test,False
data/raw/ddl/audio/drone/drone_2567.wav,ddl,drone,1.0,,4d66c1ba1004928ae64c,test,False
data/raw/ddl/audio/drone/drone_2568.wav,ddl,drone,1.0,,4d66c1ba1004928ae64c,test,False
data/raw/ddl/audio/drone/drone_2569.wav,ddl,drone,1.0,,4d66c1ba1004928ae64c,test,False
data/raw/ddl/audio/drone/drone_2570.wav,ddl,drone,1.0,,4d66c1ba1004928ae64c,test,False
data/raw/ddl/audio/drone/drone_2571.wav,ddl,drone,1.0,,4d66c1ba1004928ae64c,test,False
data/raw/ddl/audio/drone/drone_2572.wav,ddl,drone,1.0,,4d66c1ba1004928ae64c,test,False
data/raw/ddl/audio/drone/drone_2573.wav,ddl,drone,1.0,,d5ef23bc7b7ae648d4e0,train,False
data/raw/ddl/audio/drone/drone_2574.wav,ddl,drone,1.0,,d5ef23bc7b7ae648d4e0,train,False
data/raw/ddl/audio/drone/drone_2575.wav,ddl,drone,1.0,,d5ef23bc7b7ae648d4e0,train,False
data/raw/ddl/audio/drone/drone_2576.wav,ddl,drone,1.0,,d5ef23bc7b7ae648d4e0,train,False
data/raw/ddl/audio/drone/drone_2577.wav,ddl,drone,1.0,,d5ef23bc7b7ae648d4e0,train,False
data/raw/ddl/audio/drone/drone_2578.wav,ddl,drone,1.0,,d5ef23bc7b7ae648d4e0,train,False
data/raw/ddl/audio/drone/drone_2579.wav,ddl,drone,1.0,,d5ef23bc7b7ae648d4e0,train,False
data/raw/ddl/audio/drone/drone_2580.wav,ddl,drone,1.0,,d5ef23bc7b7ae648d4e0,train,False
data/raw/ddl/audio/drone/drone_2581.wav,ddl,drone,1.0,,d5ef23bc7b7ae648d4e0,train,False
data/raw/ddl/audio/drone/drone_2582.wav,ddl,drone,1.0,,d5ef23bc7b7ae648d4e0,train,False
data/raw/ddl/audio/drone/drone_2583.wav,ddl,drone,1.0,,d5ef23bc7b7ae648d4e0,train,False
data/raw/ddl/audio/drone/drone_2584.wav,ddl,drone,1.0,,d5ef23bc7b7ae648d4e0,train,False
data/raw/ddl/audio/drone/drone_2585.wav,ddl,drone,1.0,,d5ef23bc7b7ae648d4e0,train,False
data/raw/ddl/audio/drone/drone_2586.wav,ddl,drone,1.0,,d5ef23bc7b7ae648d4e0,train,False
data/raw/ddl/audio/drone/drone_2587.wav,ddl,drone,1.0,,d5ef23bc7b7ae648d4e0,train,False
data/raw/ddl/audio/drone/drone_2588.wav,ddl,drone,1.0,,d5ef23bc7b7ae648d4e0,train,False
data/raw/ddl/audio/drone/drone_2589.wav,ddl,drone,1.0,,d5ef23bc7b7ae648d4e0,train,False
data/raw/ddl/audio/drone/drone_2590.wav,ddl,drone,1.0,,d5ef23bc7b7ae648d4e0,train,False
data/raw/ddl/audio/drone/drone_2591.wav,ddl,drone,1.0,,d5ef23bc7b7ae648d4e0,train,False
data/raw/ddl/audio/drone/drone_2592.wav,ddl,drone,1.0,,d5ef23bc7b7ae648d4e0,train,False
data/raw/ddl/audio/drone/drone_2593.wav,ddl,drone,1.0,,d5ef23bc7b7ae648d4e0,train,False
data/raw/ddl/audio/drone/drone_2594.wav,ddl,drone,1.0,,d5ef23bc7b7ae648d4e0,train,False
data/raw/ddl/audio/drone/drone_2595.wav,ddl,drone,1.0,,d5ef23bc7b7ae648d4e0,train,False
data/raw/ddl/audio/drone/drone_2596.wav,ddl,drone,1.0,,d5ef23bc7b7ae648d4e0,train,False
data/raw/ddl/audio/drone/drone_2597.wav,ddl,drone,1.0,,d5ef23bc7b7ae648d4e0,train,False
data/raw/ddl/audio/drone/drone_2598.wav,ddl,drone,1.0,,d5ef23bc7b7ae648d4e0,train,False
data/raw/ddl/audio/drone/drone_2599.wav,ddl,drone,1.0,,d5ef23bc7b7ae648d4e0,train,False
data/raw/ddl/audio/drone/drone_2600.wav,ddl,drone,1.0,,d5ef23bc7b7ae648d4e0,train,False
data/raw/ddl/audio/drone/drone_2601.wav,ddl,drone,1.0,,d5ef23bc7b7ae648d4e0,train,False
data/raw/ddl/audio/drone/drone_2602.wav,ddl,drone,1.0,,d5ef23bc7b7ae648d4e0,train,False
data/raw/ddl/audio/drone/drone_2603.wav,ddl,drone,1.0,,d5ef23bc7b7ae648d4e0,train,False
data/raw/ddl/audio/drone/drone_2604.wav,ddl,drone,1.0,,d5ef23bc7b7ae648d4e0,train,False
data/raw/ddl/audio/drone/drone_2605.wav,ddl,drone,1.0,,d5ef23bc7b7ae648d4e0,train,False
data/raw/ddl/audio/drone/drone_2606.wav,ddl,drone,1.0,,d5ef23bc7b7ae648d4e0,train,False
data/raw/ddl/audio/drone/drone_2607.wav,ddl,drone,1.0,,d5ef23bc7b7ae648d4e0,train,False
data/raw/ddl/audio/drone/drone_2608.wav,ddl,drone,1.0,,d5ef23bc7b7ae648d4e0,train,False
data/raw/ddl/audio/drone/drone_2609.wav,ddl,drone,1.0,,d5ef23bc7b7ae648d4e0,train,False
data/raw/ddl/audio/drone/drone_2610.wav,ddl,drone,1.0,,d5ef23bc7b7ae648d4e0,train,False
data/raw/ddl/audio/drone/drone_2611.wav,ddl,drone,1.0,,d5ef23bc7b7ae648d4e0,train,False
data/raw/ddl/audio/drone/drone_2612.wav,ddl,drone,1.0,,d5ef23bc7b7ae648d4e0,train,False
data/raw/ddl/audio/drone/drone_2613.wav,ddl,drone,1.0,,d5ef23bc7b7ae648d4e0,train,False
data/raw/ddl/audio/drone/drone_2614.wav,ddl,drone,1.0,,d5ef23bc7b7ae648d4e0,train,False
data/raw/ddl/audio/drone/drone_2615.wav,ddl,drone,1.0,,d5ef23bc7b7ae648d4e0,train,False
data/raw/ddl/audio/drone/drone_2616.wav,ddl,drone,1.0,,d5ef23bc7b7ae648d4e0,train,False
data/raw/ddl/audio/drone/drone_2617.wav,ddl,drone,1.0,,d5ef23bc7b7ae648d4e0,train,False
data/raw/ddl/audio/drone/drone_2618.wav,ddl,drone,1.0,,d5ef23bc7b7ae648d4e0,train,False
data/raw/ddl/audio/drone/drone_2619.wav,ddl,drone,1.0,,d5ef23bc7b7ae648d4e0,train,False
data/raw/ddl/audio/drone/drone_2620.wav,ddl,drone,1.0,,d5ef23bc7b7ae648d4e0,train,False
data/raw/ddl/audio/drone/drone_2621.wav,ddl,drone,1.0,,d5ef23bc7b7ae648d4e0,train,False
data/raw/ddl/audio/drone/drone_2622.wav,ddl,drone,1.0,,d5ef23bc7b7ae648d4e0,train,False
data/raw/ddl/audio/drone/drone_2623.wav,ddl,drone,1.0,,d5ef23bc7b7ae648d4e0,train,False
data/raw/ddl/audio/drone/drone_2624.wav,ddl,drone,1.0,,d5ef23bc7b7ae648d4e0,train,False
data/raw/ddl/audio/drone/drone_2625.wav,ddl,drone,1.0,,d5ef23bc7b7ae648d4e0,train,False
data/raw/ddl/audio/drone/drone_2626.wav,ddl,drone,1.0,,d5ef23bc7b7ae648d4e0,train,False
data/raw/ddl/audio/drone/drone_2627.wav,ddl,drone,1.0,,d5ef23bc7b7ae648d4e0,train,False
data/raw/ddl/audio/drone/drone_2628.wav,ddl,drone,1.0,,d5ef23bc7b7ae648d4e0,train,False
data/raw/ddl/audio/drone/drone_2629.wav,ddl,drone,1.0,,d5ef23bc7b7ae648d4e0,train,False
data/raw/ddl/audio/drone/drone_2630.wav,ddl,drone,1.0,,d5ef23bc7b7ae648d4e0,train,False
data/raw/ddl/audio/drone/drone_2631.wav,ddl,drone,1.0,,d5ef23bc7b7ae648d4e0,train,False
data/raw/ddl/audio/drone/drone_2632.wav,ddl,drone,1.0,,d5ef23bc7b7ae648d4e0,train,False
data/raw/ddl/audio/drone/drone_2633.wav,ddl,drone,1.0,,d5ef23bc7b7ae648d4e0,train,False
data/raw/ddl/audio/drone/drone_2634.wav,ddl,drone,1.0,,d5ef23bc7b7ae648d4e0,train,False
data/raw/ddl/audio/drone/drone_2635.wav,ddl,drone,1.0,,d5ef23bc7b7ae648d4e0,train,False
data/raw/ddl/audio/drone/drone_2636.wav,ddl,drone,1.0,,d5ef23bc7b7ae648d4e0,train,False
data/raw/ddl/audio/drone/drone_2637.wav,ddl,drone,1.0,,d5ef23bc7b7ae648d4e0,train,False
data/raw/ddl/audio/drone/drone_2638.wav,ddl,drone,1.0,,d5ef23bc7b7ae648d4e0,train,False
data/raw/ddl/audio/drone/drone_2639.wav,ddl,drone,1.0,,d5ef23bc7b7ae648d4e0,train,False
data/raw/ddl/audio/drone/drone_2640.wav,ddl,drone,1.0,,d5ef23bc7b7ae648d4e0,train,False
data/raw/ddl/audio/drone/drone_2641.wav,ddl,drone,1.0,,d5ef23bc7b7ae648d4e0,train,False
data/raw/ddl/audio/drone/drone_2642.wav,ddl,drone,1.0,,d5ef23bc7b7ae648d4e0,train,False
data/raw/ddl/audio/drone/drone_2643.wav,ddl,drone,1.0,,d5ef23bc7b7ae648d4e0,train,False
data/raw/ddl/audio/drone/drone_2644.wav,ddl,drone,1.0,,d5ef23bc7b7ae648d4e0,train,False
data/raw/ddl/audio/drone/drone_2645.wav,ddl,drone,1.0,,d5ef23bc7b7ae648d4e0,train,False
data/raw/ddl/audio/drone/drone_2646.wav,ddl,drone,1.0,,d5ef23bc7b7ae648d4e0,train,False
data/raw/ddl/audio/drone/drone_2647.wav,ddl,drone,1.0,,d5ef23bc7b7ae648d4e0,train,False
data/raw/ddl/audio/drone/drone_2648.wav,ddl,drone,1.0,,d5ef23bc7b7ae648d4e0,train,False
data/raw/ddl/audio/drone/drone_2649.wav,ddl,drone,1.0,,d5ef23bc7b7ae648d4e0,train,False
data/raw/ddl/audio/drone/drone_2650.wav,ddl,drone,1.0,,d5ef23bc7b7ae648d4e0,train,False
data/raw/ddl/audio/drone/drone_2651.wav,ddl,drone,1.0,,d5ef23bc7b7ae648d4e0,train,False
data/raw/ddl/audio/drone/drone_2652.wav,ddl,drone,1.0,,d5ef23bc7b7ae648d4e0,train,False
data/raw/ddl/audio/drone/drone_2653.wav,ddl,drone,1.0,,d5ef23bc7b7ae648d4e0,train,False
data/raw/ddl/audio/drone/drone_2654.wav,ddl,drone,1.0,,d5ef23bc7b7ae648d4e0,train,False
data/raw/ddl/audio/drone/drone_2655.wav,ddl,drone,1.0,,d5ef23bc7b7ae648d4e0,train,False
data/raw/ddl/audio/drone/drone_2656.wav,ddl,drone,1.0,,d5ef23bc7b7ae648d4e0,train,False
data/raw/ddl/audio/drone/drone_2657.wav,ddl,drone,1.0,,d5ef23bc7b7ae648d4e0,train,False
data/raw/ddl/audio/drone/drone_2658.wav,ddl,drone,1.0,,d5ef23bc7b7ae648d4e0,train,False
data/raw/ddl/audio/drone/drone_2659.wav,ddl,drone,1.0,,d5ef23bc7b7ae648d4e0,train,False
data/raw/ddl/audio/drone/drone_2660.wav,ddl,drone,1.0,,d5ef23bc7b7ae648d4e0,train,False
data/raw/ddl/audio/drone/drone_2661.wav,ddl,drone,1.0,,d5ef23bc7b7ae648d4e0,train,False
data/raw/ddl/audio/drone/drone_2662.wav,ddl,drone,1.0,,d5ef23bc7b7ae648d4e0,train,False
data/raw/ddl/audio/drone/drone_2663.wav,ddl,drone,1.0,,d5ef23bc7b7ae648d4e0,train,False
data/raw/ddl/audio/drone/drone_2664.wav,ddl,drone,1.0,,d5ef23bc7b7ae648d4e0,train,False
data/raw/ddl/audio/drone/drone_2665.wav,ddl,drone,1.0,,d5ef23bc7b7ae648d4e0,train,False
data/raw/ddl/audio/drone/drone_2666.wav,ddl,drone,1.0,,d5ef23bc7b7ae648d4e0,train,False
data/raw/ddl/audio/drone/drone_2667.wav,ddl,drone,1.0,,d5ef23bc7b7ae648d4e0,train,False
data/raw/ddl/audio/drone/drone_2668.wav,ddl,drone,1.0,,d5ef23bc7b7ae648d4e0,train,False
data/raw/ddl/audio/drone/drone_2669.wav,ddl,drone,1.0,,d5ef23bc7b7ae648d4e0,train,False
data/raw/ddl/audio/drone/drone_2670.wav,ddl,drone,1.0,,d5ef23bc7b7ae648d4e0,train,False
data/raw/ddl/audio/drone/drone_2671.wav,ddl,drone,1.0,,d5ef23bc7b7ae648d4e0,train,False
data/raw/ddl/audio/drone/drone_2672.wav,ddl,drone,1.0,,d5ef23bc7b7ae648d4e0,train,False
data/raw/ddl/audio/drone/drone_2673.wav,ddl,drone,1.0,,d5ef23bc7b7ae648d4e0,train,False
data/raw/ddl/audio/drone/drone_2674.wav,ddl,drone,1.0,,d5ef23bc7b7ae648d4e0,train,False
data/raw/ddl/audio/drone/drone_2675.wav,ddl,drone,1.0,,d5ef23bc7b7ae648d4e0,train,False
data/raw/ddl/audio/drone/drone_2676.wav,ddl,drone,1.0,,d5ef23bc7b7ae648d4e0,train,False
data/raw/ddl/audio/drone/drone_2677.wav,ddl,drone,1.0,,d5ef23bc7b7ae648d4e0,train,False
data/raw/ddl/audio/drone/drone_2678.wav,ddl,drone,1.0,,d5ef23bc7b7ae648d4e0,train,False
data/raw/ddl/audio/drone/drone_2679.wav,ddl,drone,1.0,,d5ef23bc7b7ae648d4e0,train,False
data/raw/ddl/audio/drone/drone_2680.wav,ddl,drone,1.0,,d5ef23bc7b7ae648d4e0,train,False
data/raw/ddl/audio/drone/drone_2681.wav,ddl,drone,1.0,,d5ef23bc7b7ae648d4e0,train,False
data/raw/ddl/audio/drone/drone_2682.wav,ddl,drone,1.0,,d5ef23bc7b7ae648d4e0,train,False
data/raw/ddl/audio/drone/drone_2683.wav,ddl,drone,1.0,,d5ef23bc7b7ae648d4e0,train,False
data/raw/ddl/audio/drone/drone_2684.wav,ddl,drone,1.0,,d5ef23bc7b7ae648d4e0,train,False
data/raw/ddl/audio/drone/drone_2685.wav,ddl,drone,1.0,,d5ef23bc7b7ae648d4e0,train,False
data/raw/ddl/audio/drone/drone_2686.wav,ddl,drone,1.0,,d5ef23bc7b7ae648d4e0,train,False
data/raw/ddl/audio/drone/drone_2687.wav,ddl,drone,1.0,,d5ef23bc7b7ae648d4e0,train,False
data/raw/ddl/audio/drone/drone_2688.wav,ddl,drone,1.0,,d5ef23bc7b7ae648d4e0,train,False
data/raw/ddl/audio/drone/drone_2689.wav,ddl,drone,1.0,,d5ef23bc7b7ae648d4e0,train,False
data/raw/ddl/audio/drone/drone_2690.wav,ddl,drone,1.0,,d5ef23bc7b7ae648d4e0,train,False
data/raw/ddl/audio/drone/drone_2691.wav,ddl,drone,1.0,,d5ef23bc7b7ae648d4e0,train,False
data/raw/ddl/audio/drone/drone_2692.wav,ddl,drone,1.0,,d5ef23bc7b7ae648d4e0,train,False
data/raw/ddl/audio/drone/drone_2693.wav,ddl,drone,1.0,,d5ef23bc7b7ae648d4e0,train,False
data/raw/ddl/audio/drone/drone_2694.wav,ddl,drone,1.0,,d5ef23bc7b7ae648d4e0,train,False
data/raw/ddl/audio/drone/drone_2695.wav,ddl,drone,1.0,,d5ef23bc7b7ae648d4e0,train,False
data/raw/ddl/audio/drone/drone_2696.wav,ddl,drone,1.0,,d5ef23bc7b7ae648d4e0,train,False
data/raw/ddl/audio/drone/drone_2697.wav,ddl,drone,1.0,,d5ef23bc7b7ae648d4e0,train,False
data/raw/ddl/audio/drone/drone_2698.wav,ddl,drone,1.0,,d5ef23bc7b7ae648d4e0,train,False
data/raw/ddl/audio/drone/drone_2699.wav,ddl,drone,1.0,,d5ef23bc7b7ae648d4e0,train,False
data/raw/ddl/audio/drone/drone_2700.wav,ddl,drone,1.0,,d5ef23bc7b7ae648d4e0,train,False
data/raw/ddl/audio/drone/drone_2701.wav,ddl,drone,1.0,,d5ef23bc7b7ae648d4e0,train,False
data/raw/ddl/audio/drone/drone_2702.wav,ddl,drone,1.0,,d5ef23bc7b7ae648d4e0,train,False
data/raw/ddl/audio/drone/drone_2703.wav,ddl,drone,1.0,,d5ef23bc7b7ae648d4e0,train,False
data/raw/ddl/audio/drone/drone_2704.wav,ddl,drone,1.0,,d5ef23bc7b7ae648d4e0,train,False
data/raw/ddl/audio/drone/drone_2705.wav,ddl,drone,1.0,,d5ef23bc7b7ae648d4e0,train,False
data/raw/ddl/audio/drone/drone_2706.wav,ddl,drone,1.0,,d5ef23bc7b7ae648d4e0,train,False
data/raw/ddl/audio/drone/drone_2707.wav,ddl,drone,1.0,,d5ef23bc7b7ae648d4e0,train,False
data/raw/ddl/audio/drone/drone_2708.wav,ddl,drone,1.0,,d5ef23bc7b7ae648d4e0,train,False
data/raw/ddl/audio/drone/drone_2709.wav,ddl,drone,1.0,,d5ef23bc7b7ae648d4e0,train,False
data/raw/ddl/audio/drone/drone_2710.wav,ddl,drone,1.0,,d5ef23bc7b7ae648d4e0,train,False
data/raw/ddl/audio/drone/drone_2711.wav,ddl,drone,1.0,,d5ef23bc7b7ae648d4e0,train,False
data/raw/ddl/audio/drone/drone_2712.wav,ddl,drone,1.0,,d5ef23bc7b7ae648d4e0,train,False
data/raw/ddl/audio/drone/drone_2713.wav,ddl,drone,1.0,,d5ef23bc7b7ae648d4e0,train,False
data/raw/ddl/audio/drone/drone_2714.wav,ddl,drone,1.0,,d5ef23bc7b7ae648d4e0,train,False
data/raw/ddl/audio/drone/drone_2715.wav,ddl,drone,1.0,,d5ef23bc7b7ae648d4e0,train,False
data/raw/ddl/audio/drone/drone_2716.wav,ddl,drone,1.0,,d5ef23bc7b7ae648d4e0,train,False
data/raw/ddl/audio/drone/drone_2717.wav,ddl,drone,1.0,,d5ef23bc7b7ae648d4e0,train,False
data/raw/ddl/audio/drone/drone_2718.wav,ddl,drone,1.0,,d5ef23bc7b7ae648d4e0,train,False
data/raw/ddl/audio/drone/drone_2719.wav,ddl,drone,1.0,,d5ef23bc7b7ae648d4e0,train,False
data/raw/ddl/audio/drone/drone_2720.wav,ddl,drone,1.0,,d5ef23bc7b7ae648d4e0,train,False
data/raw/ddl/audio/drone/drone_2721.wav,ddl,drone,1.0,,d5ef23bc7b7ae648d4e0,train,False
data/raw/ddl/audio/drone/drone_2722.wav,ddl,drone,1.0,,d5ef23bc7b7ae648d4e0,train,False
data/raw/ddl/audio/drone/drone_2723.wav,ddl,drone,1.0,,d5ef23bc7b7ae648d4e0,train,False
data/raw/ddl/audio/drone/drone_2724.wav,ddl,drone,1.0,,d5ef23bc7b7ae648d4e0,train,False
data/raw/ddl/audio/drone/drone_2725.wav,ddl,drone,1.0,,d5ef23bc7b7ae648d4e0,train,False
data/raw/ddl/audio/drone/drone_2726.wav,ddl,drone,1.0,,d5ef23bc7b7ae648d4e0,train,False
data/raw/ddl/audio/drone/drone_2727.wav,ddl,drone,1.0,,d5ef23bc7b7ae648d4e0,train,False
data/raw/ddl/audio/drone/drone_2728.wav,ddl,drone,1.0,,d5ef23bc7b7ae648d4e0,train,False
data/raw/ddl/audio/drone/drone_2729.wav,ddl,drone,1.0,,d5ef23bc7b7ae648d4e0,train,False
data/raw/ddl/audio/drone/drone_2730.wav,ddl,drone,1.0,,d5ef23bc7b7ae648d4e0,train,False
data/raw/ddl/audio/drone/drone_2731.wav,ddl,drone,1.0,,d5ef23bc7b7ae648d4e0,train,False
data/raw/ddl/audio/drone/drone_2732.wav,ddl,drone,1.0,,d5ef23bc7b7ae648d4e0,train,False
data/raw/ddl/audio/drone/drone_2733.wav,ddl,drone,1.0,,d5ef23bc7b7ae648d4e0,train,False
data/raw/ddl/audio/drone/drone_2734.wav,ddl,drone,1.0,,d5ef23bc7b7ae648d4e0,train,False
data/raw/ddl/audio/drone/drone_2735.wav,ddl,drone,1.0,,d5ef23bc7b7ae648d4e0,train,False
data/raw/ddl/audio/drone/drone_2736.wav,ddl,drone,1.0,,d5ef23bc7b7ae648d4e0,train,False
data/raw/ddl/audio/drone/drone_2737.wav,ddl,drone,1.0,,d5ef23bc7b7ae648d4e0,train,False
data/raw/ddl/audio/drone/drone_2738.wav,ddl,drone,1.0,,d5ef23bc7b7ae648d4e0,train,False
data/raw/ddl/audio/drone/drone_2739.wav,ddl,drone,1.0,,d5ef23bc7b7ae648d4e0,train,False
data/raw/ddl/audio/drone/drone_2740.wav,ddl,drone,1.0,,d5ef23bc7b7ae648d4e0,train,False
data/raw/ddl/audio/drone/drone_2741.wav,ddl,drone,1.0,,d5ef23bc7b7ae648d4e0,train,False
data/raw/ddl/audio/drone/drone_2742.wav,ddl,drone,1.0,,d5ef23bc7b7ae648d4e0,train,False
data/raw/ddl/audio/drone/drone_2743.wav,ddl,drone,1.0,,d5ef23bc7b7ae648d4e0,train,False
data/raw/ddl/audio/drone/drone_2744.wav,ddl,drone,1.0,,d5ef23bc7b7ae648d4e0,train,False
data/raw/ddl/audio/drone/drone_2745.wav,ddl,drone,1.0,,d5ef23bc7b7ae648d4e0,train,False
data/raw/ddl/audio/drone/drone_2746.wav,ddl,drone,1.0,,d5ef23bc7b7ae648d4e0,train,False
data/raw/ddl/audio/drone/drone_2747.wav,ddl,drone,1.0,,d5ef23bc7b7ae648d4e0,train,False
data/raw/ddl/audio/drone/drone_2748.wav,ddl,drone,1.0,,d5ef23bc7b7ae648d4e0,train,False
data/raw/ddl/audio/drone/drone_2749.wav,ddl,drone,1.0,,d5ef23bc7b7ae648d4e0,train,False
data/raw/ddl/audio/drone/drone_2750.wav,ddl,drone,1.0,,d5ef23bc7b7ae648d4e0,train,False
data/raw/ddl/audio/drone/drone_2751.wav,ddl,drone,1.0,,d5ef23bc7b7ae648d4e0,train,False
data/raw/ddl/audio/drone/drone_2752.wav,ddl,drone,1.0,,d5ef23bc7b7ae648d4e0,train,False
data/raw/ddl/audio/drone/drone_2753.wav,ddl,drone,1.0,,d5ef23bc7b7ae648d4e0,train,False
data/raw/ddl/audio/drone/drone_2754.wav,ddl,drone,1.0,,d5ef23bc7b7ae648d4e0,train,False
data/raw/ddl/audio/drone/drone_2755.wav,ddl,drone,1.0,,d5ef23bc7b7ae648d4e0,train,False
data/raw/ddl/audio/drone/drone_2756.wav,ddl,drone,1.0,,d5ef23bc7b7ae648d4e0,train,False
data/raw/ddl/audio/drone/drone_2757.wav,ddl,drone,1.0,,d5ef23bc7b7ae648d4e0,train,False
data/raw/ddl/audio/drone/drone_2758.wav,ddl,drone,1.0,,d5ef23bc7b7ae648d4e0,train,False
data/raw/ddl/audio/drone/drone_2759.wav,ddl,drone,1.0,,d5ef23bc7b7ae648d4e0,train,False
data/raw/ddl/audio/drone/drone_2760.wav,ddl,drone,1.0,,d5ef23bc7b7ae648d4e0,train,False
data/raw/ddl/audio/drone/drone_2761.wav,ddl,drone,1.0,,d5ef23bc7b7ae648d4e0,train,False
data/raw/ddl/audio/drone/drone_2762.wav,ddl,drone,1.0,,d5ef23bc7b7ae648d4e0,train,False
data/raw/ddl/audio/drone/drone_2763.wav,ddl,drone,1.0,,d5ef23bc7b7ae648d4e0,train,False
data/raw/ddl/audio/drone/drone_2764.wav,ddl,drone,1.0,,d5ef23bc7b7ae648d4e0,train,False
data/raw/ddl/audio/drone/drone_2765.wav,ddl,drone,1.0,,d5ef23bc7b7ae648d4e0,train,False
data/raw/ddl/audio/drone/drone_2766.wav,ddl,drone,1.0,,d5ef23bc7b7ae648d4e0,train,False
data/raw/ddl/audio/drone/drone_2767.wav,ddl,drone,1.0,,d5ef23bc7b7ae648d4e0,train,False
data/raw/ddl/audio/drone/drone_2768.wav,ddl,drone,1.0,,d5ef23bc7b7ae648d4e0,train,False
data/raw/ddl/audio/drone/drone_2769.wav,ddl,drone,1.0,,d5ef23bc7b7ae648d4e0,train,False
data/raw/ddl/audio/drone/drone_2770.wav,ddl,drone,1.0,,d5ef23bc7b7ae648d4e0,train,False
data/raw/ddl/audio/drone/drone_2771.wav,ddl,drone,1.0,,d5ef23bc7b7ae648d4e0,train,False
data/raw/ddl/audio/drone/drone_2772.wav,ddl,drone,1.0,,d5ef23bc7b7ae648d4e0,train,False
data/raw/ddl/audio/drone/drone_2773.wav,ddl,drone,1.0,,d5ef23bc7b7ae648d4e0,train,False
data/raw/ddl/audio/drone/drone_2774.wav,ddl,drone,1.0,,d5ef23bc7b7ae648d4e0,train,False
data/raw/ddl/audio/drone/drone_2775.wav,ddl,drone,1.0,,d5ef23bc7b7ae648d4e0,train,False
data/raw/ddl/audio/drone/drone_2776.wav,ddl,drone,1.0,,d5ef23bc7b7ae648d4e0,train,False
data/raw/ddl/audio/drone/drone_2777.wav,ddl,drone,1.0,,d5ef23bc7b7ae648d4e0,train,False
data/raw/ddl/audio/drone/drone_2778.wav,ddl,drone,1.0,,d5ef23bc7b7ae648d4e0,train,False
data/raw/ddl/audio/drone/drone_2779.wav,ddl,drone,1.0,,d5ef23bc7b7ae648d4e0,train,False
data/raw/ddl/audio/drone/drone_2780.wav,ddl,drone,1.0,,d5ef23bc7b7ae648d4e0,train,False
data/raw/ddl/audio/drone/drone_2781.wav,ddl,drone,1.0,,d5ef23bc7b7ae648d4e0,train,False
data/raw/ddl/audio/drone/drone_2782.wav,ddl,drone,1.0,,d5ef23bc7b7ae648d4e0,train,False
data/raw/ddl/audio/drone/drone_2783.wav,ddl,drone,1.0,,d5ef23bc7b7ae648d4e0,train,False
data/raw/ddl/audio/drone/drone_2784.wav,ddl,drone,1.0,,d5ef23bc7b7ae648d4e0,train,False
data/raw/ddl/audio/drone/drone_2785.wav,ddl,drone,1.0,,d5ef23bc7b7ae648d4e0,train,False
data/raw/ddl/audio/drone/drone_2786.wav,ddl,drone,1.0,,d5ef23bc7b7ae648d4e0,train,False
data/raw/ddl/audio/drone/drone_2787.wav,ddl,drone,1.0,,d5ef23bc7b7ae648d4e0,train,False
data/raw/ddl/audio/drone/drone_2788.wav,ddl,drone,1.0,,d5ef23bc7b7ae648d4e0,train,False
data/raw/ddl/audio/drone/drone_2789.wav,ddl,drone,1.0,,d5ef23bc7b7ae648d4e0,train,False
data/raw/ddl/audio/drone/drone_2790.wav,ddl,drone,1.0,,d5ef23bc7b7ae648d4e0,train,False
data/raw/ddl/audio/drone/drone_2791.wav,ddl,drone,1.0,,d5ef23bc7b7ae648d4e0,train,False
data/raw/ddl/audio/drone/drone_2792.wav,ddl,drone,1.0,,d5ef23bc7b7ae648d4e0,train,False
data/raw/ddl/audio/drone/drone_2793.wav,ddl,drone,1.0,,d5ef23bc7b7ae648d4e0,train,False
data/raw/ddl/audio/drone/drone_2794.wav,ddl,drone,1.0,,d5ef23bc7b7ae648d4e0,train,False
data/raw/ddl/audio/drone/drone_2795.wav,ddl,drone,1.0,,d5ef23bc7b7ae648d4e0,train,False
data/raw/ddl/audio/drone/drone_2796.wav,ddl,drone,1.0,,d5ef23bc7b7ae648d4e0,train,False
data/raw/ddl/audio/drone/drone_2797.wav,ddl,drone,1.0,,d5ef23bc7b7ae648d4e0,train,False
data/raw/ddl/audio/drone/drone_2798.wav,ddl,drone,1.0,,d5ef23bc7b7ae648d4e0,train,False
data/raw/ddl/audio/drone/drone_2799.wav,ddl,drone,1.0,,d5ef23bc7b7ae648d4e0,train,False
data/raw/ddl/audio/drone/drone_2800.wav,ddl,drone,1.0,,d5ef23bc7b7ae648d4e0,train,False
data/raw/ddl/audio/drone/drone_2801.wav,ddl,drone,1.0,,d5ef23bc7b7ae648d4e0,train,False
data/raw/ddl/audio/drone/drone_2802.wav,ddl,drone,1.0,,d5ef23bc7b7ae648d4e0,train,False
data/raw/ddl/audio/drone/drone_2803.wav,ddl,drone,1.0,,d5ef23bc7b7ae648d4e0,train,False
data/raw/ddl/audio/drone/drone_2804.wav,ddl,drone,1.0,,d5ef23bc7b7ae648d4e0,train,False
data/raw/ddl/audio/drone/drone_2805.wav,ddl,drone,1.0,,d5ef23bc7b7ae648d4e0,train,False
data/raw/ddl/audio/drone/drone_2806.wav,ddl,drone,1.0,,d5ef23bc7b7ae648d4e0,train,False
data/raw/ddl/audio/drone/drone_2807.wav,ddl,drone,1.0,,d5ef23bc7b7ae648d4e0,train,False
data/raw/ddl/audio/drone/drone_2808.wav,ddl,drone,1.0,,d5ef23bc7b7ae648d4e0,train,False
data/raw/ddl/audio/drone/drone_2809.wav,ddl,drone,1.0,,d5ef23bc7b7ae648d4e0,train,False
data/raw/ddl/audio/drone/drone_2810.wav,ddl,drone,1.0,,d5ef23bc7b7ae648d4e0,train,False
data/raw/ddl/audio/drone/drone_2811.wav,ddl,drone,1.0,,d5ef23bc7b7ae648d4e0,train,False
data/raw/ddl/audio/drone/drone_2812.wav,ddl,drone,1.0,,d5ef23bc7b7ae648d4e0,train,False
data/raw/ddl/audio/drone/drone_2813.wav,ddl,drone,1.0,,d5ef23bc7b7ae648d4e0,train,False
data/raw/ddl/audio/drone/drone_2814.wav,ddl,drone,1.0,,d5ef23bc7b7ae648d4e0,train,False
data/raw/ddl/audio/drone/drone_2815.wav,ddl,drone,1.0,,d5ef23bc7b7ae648d4e0,train,False
data/raw/ddl/audio/drone/drone_2816.wav,ddl,drone,1.0,,d5ef23bc7b7ae648d4e0,train,False
data/raw/ddl/audio/drone/drone_2817.wav,ddl,drone,1.0,,d5ef23bc7b7ae648d4e0,train,False
data/raw/ddl/audio/drone/drone_2818.wav,ddl,drone,1.0,,d5ef23bc7b7ae648d4e0,train,False
data/raw/ddl/audio/drone/drone_2819.wav,ddl,drone,1.0,,d5ef23bc7b7ae648d4e0,train,False
data/raw/ddl/audio/drone/drone_2820.wav,ddl,drone,1.0,,d5ef23bc7b7ae648d4e0,train,False
data/raw/ddl/audio/drone/drone_2821.wav,ddl,drone,1.0,,d5ef23bc7b7ae648d4e0,train,False
data/raw/ddl/audio/drone/drone_2822.wav,ddl,drone,1.0,,d5ef23bc7b7ae648d4e0,train,False
data/raw/ddl/audio/drone/drone_2823.wav,ddl,drone,1.0,,d5ef23bc7b7ae648d4e0,train,False
data/raw/ddl/audio/drone/drone_2824.wav,ddl,drone,1.0,,d5ef23bc7b7ae648d4e0,train,False
data/raw/ddl/audio/drone/drone_2825.wav,ddl,drone,1.0,,d5ef23bc7b7ae648d4e0,train,False
data/raw/ddl/audio/drone/drone_2826.wav,ddl,drone,1.0,,d5ef23bc7b7ae648d4e0,train,False
data/raw/ddl/audio/drone/drone_2827.wav,ddl,drone,1.0,,d5ef23bc7b7ae648d4e0,train,False
data/raw/ddl/audio/drone/drone_2828.wav,ddl,drone,1.0,,d5ef23bc7b7ae648d4e0,train,False
data/raw/ddl/audio/drone/drone_2829.wav,ddl,drone,1.0,,d5ef23bc7b7ae648d4e0,train,False
data/raw/ddl/audio/drone/drone_2830.wav,ddl,drone,1.0,,d5ef23bc7b7ae648d4e0,train,False
data/raw/ddl/audio/drone/drone_2831.wav,ddl,drone,1.0,,d5ef23bc7b7ae648d4e0,train,False
data/raw/ddl/audio/drone/drone_2832.wav,ddl,drone,1.0,,d5ef23bc7b7ae648d4e0,train,False
data/raw/ddl/audio/drone/drone_2833.wav,ddl,drone,1.0,,d5ef23bc7b7ae648d4e0,train,False
data/raw/ddl/audio/drone/drone_2834.wav,ddl,drone,1.0,,d5ef23bc7b7ae648d4e0,train,False
data/raw/ddl/audio/drone/drone_2835.wav,ddl,drone,1.0,,d5ef23bc7b7ae648d4e0,train,False
data/raw/ddl/audio/drone/drone_2836.wav,ddl,drone,1.0,,d5ef23bc7b7ae648d4e0,train,False
data/raw/ddl/audio/drone/drone_2837.wav,ddl,drone,1.0,,d5ef23bc7b7ae648d4e0,train,False
data/raw/ddl/audio/drone/drone_2838.wav,ddl,drone,1.0,,d5ef23bc7b7ae648d4e0,train,False
data/raw/ddl/audio/drone/drone_2839.wav,ddl,drone,1.0,,d5ef23bc7b7ae648d4e0,train,False
data/raw/ddl/audio/drone/drone_2840.wav,ddl,drone,1.0,,d5ef23bc7b7ae648d4e0,train,False
data/raw/ddl/audio/drone/drone_2841.wav,ddl,drone,1.0,,d5ef23bc7b7ae648d4e0,train,False
data/raw/ddl/audio/drone/drone_2842.wav,ddl,drone,1.0,,d5ef23bc7b7ae648d4e0,train,False
data/raw/ddl/audio/drone/drone_2843.wav,ddl,drone,1.0,,d5ef23bc7b7ae648d4e0,train,False
data/raw/ddl/audio/drone/drone_2844.wav,ddl,drone,1.0,,d5ef23bc7b7ae648d4e0,train,False
data/raw/ddl/audio/drone/drone_2845.wav,ddl,drone,1.0,,d5ef23bc7b7ae648d4e0,train,False
data/raw/ddl/audio/drone/drone_2846.wav,ddl,drone,1.0,,d5ef23bc7b7ae648d4e0,train,False
data/raw/ddl/audio/drone/drone_2847.wav,ddl,drone,1.0,,d5ef23bc7b7ae648d4e0,train,False
data/raw/ddl/audio/drone/drone_2848.wav,ddl,drone,1.0,,d5ef23bc7b7ae648d4e0,train,False
data/raw/ddl/audio/drone/drone_2849.wav,ddl,drone,1.0,,d5ef23bc7b7ae648d4e0,train,False
data/raw/ddl/audio/drone/drone_2850.wav,ddl,drone,1.0,,d5ef23bc7b7ae648d4e0,train,False
data/raw/ddl/audio/drone/drone_2851.wav,ddl,drone,1.0,,d5ef23bc7b7ae648d4e0,train,False
data/raw/ddl/audio/drone/drone_2852.wav,ddl,drone,1.0,,d5ef23bc7b7ae648d4e0,train,False
data/raw/ddl/audio/drone/drone_2853.wav,ddl,drone,1.0,,d5ef23bc7b7ae648d4e0,train,False
data/raw/ddl/audio/drone/drone_2854.wav,ddl,drone,1.0,,d5ef23bc7b7ae648d4e0,train,False
data/raw/ddl/audio/drone/drone_2855.wav,ddl,drone,1.0,,d5ef23bc7b7ae648d4e0,train,False
data/raw/ddl/audio/drone/drone_2856.wav,ddl,drone,1.0,,d5ef23bc7b7ae648d4e0,train,False
data/raw/ddl/audio/drone/drone_2857.wav,ddl,drone,1.0,,d5ef23bc7b7ae648d4e0,train,False
data/raw/ddl/audio/drone/drone_2858.wav,ddl,drone,1.0,,d5ef23bc7b7ae648d4e0,train,False
data/raw/ddl/audio/drone/drone_2859.wav,ddl,drone,1.0,,d5ef23bc7b7ae648d4e0,train,False
data/raw/ddl/audio/drone/drone_2860.wav,ddl,drone,1.0,,d5ef23bc7b7ae648d4e0,train,False
data/raw/ddl/audio/drone/drone_2861.wav,ddl,drone,1.0,,d5ef23bc7b7ae648d4e0,train,False
data/raw/ddl/audio/drone/drone_2862.wav,ddl,drone,1.0,,d5ef23bc7b7ae648d4e0,train,False
data/raw/ddl/audio/drone/drone_2863.wav,ddl,drone,1.0,,d5ef23bc7b7ae648d4e0,train,False
data/raw/ddl/audio/drone/drone_2864.wav,ddl,drone,1.0,,d5ef23bc7b7ae648d4e0,train,False
data/raw/ddl/audio/drone/drone_2865.wav,ddl,drone,1.0,,d5ef23bc7b7ae648d4e0,train,False
data/raw/ddl/audio/drone/drone_2866.wav,ddl,drone,1.0,,d5ef23bc7b7ae648d4e0,train,False
data/raw/ddl/audio/drone/drone_2867.wav,ddl,drone,1.0,,d5ef23bc7b7ae648d4e0,train,False
data/raw/ddl/audio/drone/drone_2868.wav,ddl,drone,1.0,,d5ef23bc7b7ae648d4e0,train,False
data/raw/ddl/audio/drone/drone_2869.wav,ddl,drone,1.0,,d5ef23bc7b7ae648d4e0,train,False
data/raw/ddl/audio/drone/drone_2870.wav,ddl,drone,1.0,,d5ef23bc7b7ae648d4e0,train,False
data/raw/ddl/audio/drone/drone_2871.wav,ddl,drone,1.0,,d5ef23bc7b7ae648d4e0,train,False
data/raw/ddl/audio/drone/drone_2872.wav,ddl,drone,1.0,,d5ef23bc7b7ae648d4e0,train,False
data/raw/ddl/audio/drone/drone_2873.wav,ddl,drone,1.0,,d5ef23bc7b7ae648d4e0,train,False
data/raw/ddl/audio/drone/drone_2874.wav,ddl,drone,1.0,,d5ef23bc7b7ae648d4e0,train,False
data/raw/ddl/audio/drone/drone_2875.wav,ddl,drone,1.0,,d5ef23bc7b7ae648d4e0,train,False
data/raw/ddl/audio/drone/drone_2876.wav,ddl,drone,1.0,,d5ef23bc7b7ae648d4e0,train,False
data/raw/ddl/audio/drone/drone_2877.wav,ddl,drone,1.0,,d5ef23bc7b7ae648d4e0,train,False
data/raw/ddl/audio/drone/drone_2878.wav,ddl,drone,1.0,,d5ef23bc7b7ae648d4e0,train,False
data/raw/ddl/audio/drone/drone_2879.wav,ddl,drone,1.0,,d5ef23bc7b7ae648d4e0,train,False
data/raw/ddl/audio/drone/drone_2880.wav,ddl,drone,1.0,,d5ef23bc7b7ae648d4e0,train,False
data/raw/ddl/audio/drone/drone_2881.wav,ddl,drone,1.0,,d5ef23bc7b7ae648d4e0,train,False
data/raw/ddl/audio/drone/drone_2882.wav,ddl,drone,1.0,,d5ef23bc7b7ae648d4e0,train,False
data/raw/ddl/audio/drone/drone_2883.wav,ddl,drone,1.0,,d5ef23bc7b7ae648d4e0,train,False
data/raw/ddl/audio/drone/drone_2884.wav,ddl,drone,1.0,,d5ef23bc7b7ae648d4e0,train,False
data/raw/ddl/audio/drone/drone_2885.wav,ddl,drone,1.0,,d5ef23bc7b7ae648d4e0,train,False
data/raw/ddl/audio/drone/drone_2886.wav,ddl,drone,1.0,,d5ef23bc7b7ae648d4e0,train,False
data/raw/ddl/audio/drone/drone_2887.wav,ddl,drone,1.0,,d5ef23bc7b7ae648d4e0,train,False
data/raw/ddl/audio/drone/drone_2888.wav,ddl,drone,1.0,,d5ef23bc7b7ae648d4e0,train,False
data/raw/ddl/audio/drone/drone_2889.wav,ddl,drone,1.0,,d5ef23bc7b7ae648d4e0,train,False
data/raw/ddl/audio/drone/drone_2890.wav,ddl,drone,1.0,,d5ef23bc7b7ae648d4e0,train,False
data/raw/ddl/audio/drone/drone_2891.wav,ddl,drone,1.0,,d5ef23bc7b7ae648d4e0,train,False
data/raw/ddl/audio/drone/drone_2892.wav,ddl,drone,1.0,,d5ef23bc7b7ae648d4e0,train,False
data/raw/ddl/audio/drone/drone_2893.wav,ddl,drone,1.0,,d5ef23bc7b7ae648d4e0,train,False
data/raw/ddl/audio/drone/drone_2894.wav,ddl,drone,1.0,,d5ef23bc7b7ae648d4e0,train,False
data/raw/ddl/audio/drone/drone_2895.wav,ddl,drone,1.0,,d5ef23bc7b7ae648d4e0,train,False
data/raw/ddl/audio/drone/drone_2896.wav,ddl,drone,1.0,,d5ef23bc7b7ae648d4e0,train,False
data/raw/ddl/audio/drone/drone_2897.wav,ddl,drone,1.0,,d5ef23bc7b7ae648d4e0,train,False
data/raw/ddl/audio/drone/drone_2898.wav,ddl,drone,1.0,,d5ef23bc7b7ae648d4e0,train,False
data/raw/ddl/audio/drone/drone_2899.wav,ddl,drone,1.0,,d5ef23bc7b7ae648d4e0,train,False
data/raw/ddl/audio/drone/drone_2900.wav,ddl,drone,1.0,,d5ef23bc7b7ae648d4e0,train,False
data/raw/ddl/audio/drone/drone_2901.wav,ddl,drone,1.0,,d5ef23bc7b7ae648d4e0,train,False
data/raw/ddl/audio/drone/drone_2902.wav,ddl,drone,1.0,,d5ef23bc7b7ae648d4e0,train,False
data/raw/ddl/audio/drone/drone_2903.wav,ddl,drone,1.0,,d5ef23bc7b7ae648d4e0,train,False
data/raw/ddl/audio/drone/drone_2904.wav,ddl,drone,1.0,,d5ef23bc7b7ae648d4e0,train,False
data/raw/ddl/audio/drone/drone_2905.wav,ddl,drone,1.0,,d5ef23bc7b7ae648d4e0,train,False
data/raw/ddl/audio/drone/drone_2906.wav,ddl,drone,1.0,,d5ef23bc7b7ae648d4e0,train,False
data/raw/ddl/audio/drone/drone_2907.wav,ddl,drone,1.0,,d5ef23bc7b7ae648d4e0,train,False
data/raw/ddl/audio/drone/drone_2908.wav,ddl,drone,1.0,,d5ef23bc7b7ae648d4e0,train,False
data/raw/ddl/audio/drone/drone_2909.wav,ddl,drone,1.0,,d5ef23bc7b7ae648d4e0,train,False
data/raw/ddl/audio/drone/drone_2910.wav,ddl,drone,1.0,,d5ef23bc7b7ae648d4e0,train,False
data/raw/ddl/audio/drone/drone_2911.wav,ddl,drone,1.0,,d5ef23bc7b7ae648d4e0,train,False
data/raw/ddl/audio/drone/drone_2912.wav,ddl,drone,1.0,,d5ef23bc7b7ae648d4e0,train,False
data/raw/ddl/audio/drone/drone_2913.wav,ddl,drone,1.0,,d5ef23bc7b7ae648d4e0,train,False
data/raw/ddl/audio/drone/drone_2914.wav,ddl,drone,1.0,,d5ef23bc7b7ae648d4e0,train,False
data/raw/ddl/audio/drone/drone_2915.wav,ddl,drone,1.0,,d5ef23bc7b7ae648d4e0,train,False
data/raw/ddl/audio/drone/drone_2916.wav,ddl,drone,1.0,,d5ef23bc7b7ae648d4e0,train,False
data/raw/ddl/audio/drone/drone_2917.wav,ddl,drone,1.0,,d5ef23bc7b7ae648d4e0,train,False
data/raw/ddl/audio/drone/drone_2918.wav,ddl,drone,1.0,,d5ef23bc7b7ae648d4e0,train,False
data/raw/ddl/audio/drone/drone_2919.wav,ddl,drone,1.0,,d5ef23bc7b7ae648d4e0,train,False
data/raw/ddl/audio/drone/drone_2920.wav,ddl,drone,1.0,,d5ef23bc7b7ae648d4e0,train,False
data/raw/ddl/audio/drone/drone_2921.wav,ddl,drone,1.0,,d5ef23bc7b7ae648d4e0,train,False
data/raw/ddl/audio/drone/drone_2922.wav,ddl,drone,1.0,,d5ef23bc7b7ae648d4e0,train,False
data/raw/ddl/audio/drone/drone_2923.wav,ddl,drone,1.0,,d5ef23bc7b7ae648d4e0,train,False
data/raw/ddl/audio/drone/drone_2924.wav,ddl,drone,1.0,,d5ef23bc7b7ae648d4e0,train,False
data/raw/ddl/audio/drone/drone_2925.wav,ddl,drone,1.0,,d5ef23bc7b7ae648d4e0,train,False
data/raw/ddl/audio/drone/drone_2926.wav,ddl,drone,1.0,,d5ef23bc7b7ae648d4e0,train,False
data/raw/ddl/audio/drone/drone_2927.wav,ddl,drone,1.0,,d5ef23bc7b7ae648d4e0,train,False
data/raw/ddl/audio/drone/drone_2928.wav,ddl,drone,1.0,,4f98c5649b38482a3b9c,test,False
data/raw/ddl/audio/drone/drone_2929.wav,ddl,drone,1.0,,4f98c5649b38482a3b9c,test,False
data/raw/ddl/audio/drone/drone_2930.wav,ddl,drone,1.0,,4f98c5649b38482a3b9c,test,False
data/raw/ddl/audio/drone/drone_2931.wav,ddl,drone,1.0,,4f98c5649b38482a3b9c,test,False
data/raw/ddl/audio/drone/drone_2932.wav,ddl,drone,1.0,,4f98c5649b38482a3b9c,test,False
data/raw/ddl/audio/drone/drone_2933.wav,ddl,drone,1.0,,4f98c5649b38482a3b9c,test,False
data/raw/ddl/audio/drone/drone_2934.wav,ddl,drone,1.0,,4f98c5649b38482a3b9c,test,False
data/raw/ddl/audio/drone/drone_2935.wav,ddl,drone,1.0,,4f98c5649b38482a3b9c,test,False
data/raw/ddl/audio/drone/drone_2936.wav,ddl,drone,1.0,,4f98c5649b38482a3b9c,test,False
data/raw/ddl/audio/drone/drone_2937.wav,ddl,drone,1.0,,4f98c5649b38482a3b9c,test,False
data/raw/ddl/audio/drone/drone_2938.wav,ddl,drone,1.0,,4f98c5649b38482a3b9c,test,False
data/raw/ddl/audio/drone/drone_2939.wav,ddl,drone,1.0,,4f98c5649b38482a3b9c,test,False
data/raw/ddl/audio/drone/drone_2940.wav,ddl,drone,1.0,,4f98c5649b38482a3b9c,test,False
data/raw/ddl/audio/drone/drone_2941.wav,ddl,drone,1.0,,4f98c5649b38482a3b9c,test,False
data/raw/ddl/audio/drone/drone_2942.wav,ddl,drone,1.0,,4f98c5649b38482a3b9c,test,False
data/raw/ddl/audio/drone/drone_2943.wav,ddl,drone,1.0,,4f98c5649b38482a3b9c,test,False
data/raw/ddl/audio/drone/drone_2944.wav,ddl,drone,1.0,,4f98c5649b38482a3b9c,test,False
data/raw/ddl/audio/drone/drone_2945.wav,ddl,drone,1.0,,4f98c5649b38482a3b9c,test,False
data/raw/ddl/audio/drone/drone_2946.wav,ddl,drone,1.0,,4f98c5649b38482a3b9c,test,False
data/raw/ddl/audio/drone/drone_2947.wav,ddl,drone,1.0,,4f98c5649b38482a3b9c,test,False
data/raw/ddl/audio/drone/drone_2948.wav,ddl,drone,1.0,,4f98c5649b38482a3b9c,test,False
data/raw/ddl/audio/drone/drone_2949.wav,ddl,drone,1.0,,4f98c5649b38482a3b9c,test,False
data/raw/ddl/audio/drone/drone_2950.wav,ddl,drone,1.0,,4f98c5649b38482a3b9c,test,False
data/raw/ddl/audio/drone/drone_2951.wav,ddl,drone,1.0,,4f98c5649b38482a3b9c,test,False
data/raw/ddl/audio/drone/drone_2952.wav,ddl,drone,1.0,,4f98c5649b38482a3b9c,test,False
data/raw/ddl/audio/drone/drone_2953.wav,ddl,drone,1.0,,4f98c5649b38482a3b9c,test,False
data/raw/ddl/audio/drone/drone_2954.wav,ddl,drone,1.0,,4f98c5649b38482a3b9c,test,False
data/raw/ddl/audio/drone/drone_2955.wav,ddl,drone,1.0,,4f98c5649b38482a3b9c,test,False
data/raw/ddl/audio/drone/drone_2956.wav,ddl,drone,1.0,,4f98c5649b38482a3b9c,test,False
data/raw/ddl/audio/drone/drone_2957.wav,ddl,drone,1.0,,4f98c5649b38482a3b9c,test,False
data/raw/ddl/audio/drone/drone_2958.wav,ddl,drone,1.0,,4f98c5649b38482a3b9c,test,False
data/raw/ddl/audio/drone/drone_2959.wav,ddl,drone,1.0,,4f98c5649b38482a3b9c,test,False
data/raw/ddl/audio/drone/drone_2960.wav,ddl,drone,1.0,,4f98c5649b38482a3b9c,test,False
data/raw/ddl/audio/drone/drone_2961.wav,ddl,drone,1.0,,4f98c5649b38482a3b9c,test,False
data/raw/ddl/audio/drone/drone_2962.wav,ddl,drone,1.0,,4f98c5649b38482a3b9c,test,False
data/raw/ddl/audio/drone/drone_2963.wav,ddl,drone,1.0,,4f98c5649b38482a3b9c,test,False
data/raw/ddl/audio/drone/drone_2964.wav,ddl,drone,1.0,,4f98c5649b38482a3b9c,test,False
data/raw/ddl/audio/drone/drone_2965.wav,ddl,drone,1.0,,51fc539a2fc7a70e34ab,test,False
data/raw/ddl/audio/drone/drone_2966.wav,ddl,drone,1.0,,51fc539a2fc7a70e34ab,test,False
data/raw/ddl/audio/drone/drone_2967.wav,ddl,drone,1.0,,51fc539a2fc7a70e34ab,test,False
data/raw/ddl/audio/drone/drone_2968.wav,ddl,drone,1.0,,51fc539a2fc7a70e34ab,test,False
data/raw/ddl/audio/drone/drone_2969.wav,ddl,drone,1.0,,51fc539a2fc7a70e34ab,test,False
data/raw/ddl/audio/drone/drone_2970.wav,ddl,drone,1.0,,51fc539a2fc7a70e34ab,test,False
data/raw/ddl/audio/drone/drone_2971.wav,ddl,drone,1.0,,51fc539a2fc7a70e34ab,test,False
data/raw/ddl/audio/drone/drone_2972.wav,ddl,drone,1.0,,51fc539a2fc7a70e34ab,test,False
data/raw/ddl/audio/drone/drone_2973.wav,ddl,drone,1.0,,51fc539a2fc7a70e34ab,test,False
data/raw/ddl/audio/drone/drone_2974.wav,ddl,drone,1.0,,51fc539a2fc7a70e34ab,test,False
data/raw/ddl/audio/drone/drone_2975.wav,ddl,drone,1.0,,51fc539a2fc7a70e34ab,test,False
data/raw/ddl/audio/drone/drone_2976.wav,ddl,drone,1.0,,51fc539a2fc7a70e34ab,test,False
data/raw/ddl/audio/drone/drone_2977.wav,ddl,drone,1.0,,51fc539a2fc7a70e34ab,test,False
data/raw/ddl/audio/drone/drone_2978.wav,ddl,drone,1.0,,51fc539a2fc7a70e34ab,test,False
data/raw/ddl/audio/drone/drone_2979.wav,ddl,drone,1.0,,51fc539a2fc7a70e34ab,test,False
data/raw/ddl/audio/drone/drone_2980.wav,ddl,drone,1.0,,51fc539a2fc7a70e34ab,test,False
data/raw/ddl/audio/drone/drone_2981.wav,ddl,drone,1.0,,51fc539a2fc7a70e34ab,test,False
data/raw/ddl/audio/drone/drone_2982.wav,ddl,drone,1.0,,51fc539a2fc7a70e34ab,test,False
data/raw/ddl/audio/drone/drone_2983.wav,ddl,drone,1.0,,51fc539a2fc7a70e34ab,test,False
data/raw/ddl/audio/drone/drone_2984.wav,ddl,drone,1.0,,51fc539a2fc7a70e34ab,test,False
data/raw/ddl/audio/drone/drone_2985.wav,ddl,drone,1.0,,51fc539a2fc7a70e34ab,test,False
data/raw/ddl/audio/drone/drone_2986.wav,ddl,drone,1.0,,51fc539a2fc7a70e34ab,test,False
data/raw/ddl/audio/drone/drone_2987.wav,ddl,drone,1.0,,51fc539a2fc7a70e34ab,test,False
data/raw/ddl/audio/drone/drone_2988.wav,ddl,drone,1.0,,51fc539a2fc7a70e34ab,test,False
data/raw/ddl/audio/drone/drone_2989.wav,ddl,drone,1.0,,51fc539a2fc7a70e34ab,test,False
data/raw/ddl/audio/drone/drone_2990.wav,ddl,drone,1.0,,51fc539a2fc7a70e34ab,test,False
data/raw/ddl/audio/drone/drone_2991.wav,ddl,drone,1.0,,51fc539a2fc7a70e34ab,test,False
data/raw/ddl/audio/drone/drone_2992.wav,ddl,drone,1.0,,51fc539a2fc7a70e34ab,test,False
data/raw/ddl/audio/drone/drone_2993.wav,ddl,drone,1.0,,51fc539a2fc7a70e34ab,test,False
data/raw/ddl/audio/drone/drone_2994.wav,ddl,drone,1.0,,51fc539a2fc7a70e34ab,test,False
data/raw/ddl/audio/drone/drone_2995.wav,ddl,drone,1.0,,51fc539a2fc7a70e34ab,test,False
data/raw/ddl/audio/drone/drone_2996.wav,ddl,drone,1.0,,51fc539a2fc7a70e34ab,test,False
data/raw/ddl/audio/drone/drone_2997.wav,ddl,drone,1.0,,51fc539a2fc7a70e34ab,test,False
data/raw/ddl/audio/drone/drone_2998.wav,ddl,drone,1.0,,51fc539a2fc7a70e34ab,test,False
data/raw/ddl/audio/drone/drone_2999.wav,ddl,drone,1.0,,51fc539a2fc7a70e34ab,test,False
data/raw/ddl/audio/drone/drone_3000.wav,ddl,drone,1.0,,51fc539a2fc7a70e34ab,test,False
data/raw/ddl/audio/drone/drone_3001.wav,ddl,drone,1.0,,51fc539a2fc7a70e34ab,test,False
data/raw/ddl/audio/drone/drone_3002.wav,ddl,drone,1.0,,51fc539a2fc7a70e34ab,test,False
data/raw/ddl/audio/drone/drone_3003.wav,ddl,drone,1.0,,51fc539a2fc7a70e34ab,test,False
data/raw/ddl/audio/drone/drone_3004.wav,ddl,drone,1.0,,51fc539a2fc7a70e34ab,test,False
data/raw/ddl/audio/drone/drone_3005.wav,ddl,drone,1.0,,51fc539a2fc7a70e34ab,test,False
data/raw/ddl/audio/drone/drone_3006.wav,ddl,drone,1.0,,51fc539a2fc7a70e34ab,test,False
data/raw/ddl/audio/drone/drone_3007.wav,ddl,drone,1.0,,51fc539a2fc7a70e34ab,test,False
data/raw/ddl/audio/drone/drone_3008.wav,ddl,drone,1.0,,51fc539a2fc7a70e34ab,test,False
data/raw/ddl/audio/drone/drone_3009.wav,ddl,drone,1.0,,51fc539a2fc7a70e34ab,test,False
data/raw/ddl/audio/drone/drone_3010.wav,ddl,drone,1.0,,51fc539a2fc7a70e34ab,test,False
data/raw/ddl/audio/drone/drone_3011.wav,ddl,drone,1.0,,51fc539a2fc7a70e34ab,test,False
data/raw/ddl/audio/drone/drone_3012.wav,ddl,drone,1.0,,51fc539a2fc7a70e34ab,test,False
data/raw/ddl/audio/drone/drone_3013.wav,ddl,drone,1.0,,51fc539a2fc7a70e34ab,test,False
data/raw/ddl/audio/drone/drone_3014.wav,ddl,drone,1.0,,51fc539a2fc7a70e34ab,test,False
data/raw/ddl/audio/drone/drone_3015.wav,ddl,drone,1.0,,51fc539a2fc7a70e34ab,test,False
data/raw/ddl/audio/drone/drone_3016.wav,ddl,drone,1.0,,51fc539a2fc7a70e34ab,test,False
data/raw/ddl/audio/drone/drone_3017.wav,ddl,drone,1.0,,51fc539a2fc7a70e34ab,test,False
data/raw/ddl/audio/drone/drone_3018.wav,ddl,drone,1.0,,51fc539a2fc7a70e34ab,test,False
data/raw/ddl/audio/drone/drone_3019.wav,ddl,drone,1.0,,51fc539a2fc7a70e34ab,test,False
data/raw/ddl/audio/drone/drone_3020.wav,ddl,drone,1.0,,51fc539a2fc7a70e34ab,test,False
data/raw/ddl/audio/drone/drone_3021.wav,ddl,drone,1.0,,51fc539a2fc7a70e34ab,test,False
data/raw/ddl/audio/drone/drone_3022.wav,ddl,drone,1.0,,51fc539a2fc7a70e34ab,test,False
data/raw/ddl/audio/drone/drone_3023.wav,ddl,drone,1.0,,51fc539a2fc7a70e34ab,test,False
data/raw/ddl/audio/drone/drone_3024.wav,ddl,drone,1.0,,51fc539a2fc7a70e34ab,test,False
data/raw/ddl/audio/drone/drone_3025.wav,ddl,drone,1.0,,51fc539a2fc7a70e34ab,test,False
data/raw/ddl/audio/drone/drone_3026.wav,ddl,drone,1.0,,51fc539a2fc7a70e34ab,test,False
data/raw/ddl/audio/drone/drone_3027.wav,ddl,drone,1.0,,51fc539a2fc7a70e34ab,test,False
data/raw/ddl/audio/drone/drone_3028.wav,ddl,drone,1.0,,51fc539a2fc7a70e34ab,test,False
data/raw/ddl/audio/drone/drone_3029.wav,ddl,drone,1.0,,51fc539a2fc7a70e34ab,test,False
data/raw/ddl/audio/drone/drone_3030.wav,ddl,drone,1.0,,51fc539a2fc7a70e34ab,test,False
data/raw/ddl/audio/drone/drone_3031.wav,ddl,drone,1.0,,51fc539a2fc7a70e34ab,test,False
data/raw/ddl/audio/drone/drone_3032.wav,ddl,drone,1.0,,51fc539a2fc7a70e34ab,test,False
data/raw/ddl/audio/drone/drone_3033.wav,ddl,drone,1.0,,51fc539a2fc7a70e34ab,test,False
data/raw/ddl/audio/drone/drone_3034.wav,ddl,drone,1.0,,51fc539a2fc7a70e34ab,test,False
data/raw/ddl/audio/drone/drone_3035.wav,ddl,drone,1.0,,51fc539a2fc7a70e34ab,test,False
data/raw/ddl/audio/drone/drone_3036.wav,ddl,drone,1.0,,51fc539a2fc7a70e34ab,test,False
data/raw/ddl/audio/drone/drone_3037.wav,ddl,drone,1.0,,51fc539a2fc7a70e34ab,test,False
data/raw/ddl/audio/drone/drone_3038.wav,ddl,drone,1.0,,51fc539a2fc7a70e34ab,test,False
data/raw/ddl/audio/drone/drone_3039.wav,ddl,drone,1.0,,51fc539a2fc7a70e34ab,test,False
data/raw/ddl/audio/drone/drone_3040.wav,ddl,drone,1.0,,51fc539a2fc7a70e34ab,test,False
data/raw/ddl/audio/drone/drone_3041.wav,ddl,drone,1.0,,51fc539a2fc7a70e34ab,test,False
data/raw/ddl/audio/drone/drone_3042.wav,ddl,drone,1.0,,51fc539a2fc7a70e34ab,test,False
data/raw/ddl/audio/drone/drone_3043.wav,ddl,drone,1.0,,51fc539a2fc7a70e34ab,test,False
data/raw/ddl/audio/drone/drone_3044.wav,ddl,drone,1.0,,51fc539a2fc7a70e34ab,test,False
data/raw/ddl/audio/drone/drone_3045.wav,ddl,drone,1.0,,51fc539a2fc7a70e34ab,test,False
data/raw/ddl/audio/drone/drone_3046.wav,ddl,drone,1.0,,51fc539a2fc7a70e34ab,test,False
data/raw/ddl/audio/drone/drone_3047.wav,ddl,drone,1.0,,51fc539a2fc7a70e34ab,test,False
data/raw/ddl/audio/drone/drone_3048.wav,ddl,drone,1.0,,51fc539a2fc7a70e34ab,test,False
data/raw/ddl/audio/drone/drone_3049.wav,ddl,drone,1.0,,51fc539a2fc7a70e34ab,test,False
data/raw/ddl/audio/drone/drone_3050.wav,ddl,drone,1.0,,51fc539a2fc7a70e34ab,test,False
data/raw/ddl/audio/drone/drone_3051.wav,ddl,drone,1.0,,51fc539a2fc7a70e34ab,test,False
data/raw/ddl/audio/drone/drone_3052.wav,ddl,drone,1.0,,51fc539a2fc7a70e34ab,test,False
data/raw/ddl/audio/drone/drone_3053.wav,ddl,drone,1.0,,51fc539a2fc7a70e34ab,test,False
data/raw/ddl/audio/drone/drone_3054.wav,ddl,drone,1.0,,51fc539a2fc7a70e34ab,test,False
data/raw/ddl/audio/drone/drone_3055.wav,ddl,drone,1.0,,51fc539a2fc7a70e34ab,test,False
data/raw/ddl/audio/drone/drone_3056.wav,ddl,drone,1.0,,51fc539a2fc7a70e34ab,test,False
data/raw/ddl/audio/drone/drone_3057.wav,ddl,drone,1.0,,51fc539a2fc7a70e34ab,test,False
data/raw/ddl/audio/drone/drone_3058.wav,ddl,drone,1.0,,51fc539a2fc7a70e34ab,test,False
data/raw/ddl/audio/drone/drone_3059.wav,ddl,drone,1.0,,51fc539a2fc7a70e34ab,test,False
data/raw/ddl/audio/drone/drone_3060.wav,ddl,drone,1.0,,51fc539a2fc7a70e34ab,test,False
data/raw/ddl/audio/drone/drone_3061.wav,ddl,drone,1.0,,51fc539a2fc7a70e34ab,test,False
data/raw/ddl/audio/drone/drone_3062.wav,ddl,drone,1.0,,51fc539a2fc7a70e34ab,test,False
data/raw/ddl/audio/drone/drone_3063.wav,ddl,drone,1.0,,51fc539a2fc7a70e34ab,test,False
data/raw/ddl/audio/drone/drone_3064.wav,ddl,drone,1.0,,51fc539a2fc7a70e34ab,test,False
data/raw/ddl/audio/drone/drone_3065.wav,ddl,drone,1.0,,51fc539a2fc7a70e34ab,test,False
data/raw/ddl/audio/drone/drone_3066.wav,ddl,drone,1.0,,51fc539a2fc7a70e34ab,test,False
data/raw/ddl/audio/drone/drone_3067.wav,ddl,drone,1.0,,51fc539a2fc7a70e34ab,test,False
data/raw/ddl/audio/drone/drone_3068.wav,ddl,drone,1.0,,51fc539a2fc7a70e34ab,test,False
data/raw/ddl/audio/drone/drone_3069.wav,ddl,drone,1.0,,51fc539a2fc7a70e34ab,test,False
data/raw/ddl/audio/drone/drone_3070.wav,ddl,drone,1.0,,51fc539a2fc7a70e34ab,test,False
data/raw/ddl/audio/drone/drone_3071.wav,ddl,drone,1.0,,51fc539a2fc7a70e34ab,test,False
data/raw/ddl/audio/drone/drone_3072.wav,ddl,drone,1.0,,51fc539a2fc7a70e34ab,test,False
data/raw/ddl/audio/drone/drone_3073.wav,ddl,drone,1.0,,51fc539a2fc7a70e34ab,test,False
data/raw/ddl/audio/drone/drone_3074.wav,ddl,drone,1.0,,51fc539a2fc7a70e34ab,test,False
data/raw/ddl/audio/drone/drone_3075.wav,ddl,drone,1.0,,51fc539a2fc7a70e34ab,test,False
data/raw/ddl/audio/drone/drone_3076.wav,ddl,drone,1.0,,51fc539a2fc7a70e34ab,test,False
data/raw/ddl/audio/drone/drone_3077.wav,ddl,drone,1.0,,51fc539a2fc7a70e34ab,test,False
data/raw/ddl/audio/drone/drone_3078.wav,ddl,drone,1.0,,51fc539a2fc7a70e34ab,test,False
data/raw/ddl/audio/drone/drone_3079.wav,ddl,drone,1.0,,51fc539a2fc7a70e34ab,test,False
data/raw/ddl/audio/drone/drone_3080.wav,ddl,drone,1.0,,51fc539a2fc7a70e34ab,test,False
data/raw/ddl/audio/drone/drone_3081.wav,ddl,drone,1.0,,51fc539a2fc7a70e34ab,test,False
data/raw/ddl/audio/drone/drone_3082.wav,ddl,drone,1.0,,51fc539a2fc7a70e34ab,test,False
data/raw/ddl/audio/drone/drone_3083.wav,ddl,drone,1.0,,51fc539a2fc7a70e34ab,test,False
data/raw/ddl/audio/drone/drone_3084.wav,ddl,drone,1.0,,51fc539a2fc7a70e34ab,test,False
data/raw/ddl/audio/drone/drone_3085.wav,ddl,drone,1.0,,51fc539a2fc7a70e34ab,test,False
data/raw/ddl/audio/drone/drone_3086.wav,ddl,drone,1.0,,51fc539a2fc7a70e34ab,test,False
data/raw/ddl/audio/drone/drone_3087.wav,ddl,drone,1.0,,51fc539a2fc7a70e34ab,test,False
data/raw/ddl/audio/drone/drone_3088.wav,ddl,drone,1.0,,51fc539a2fc7a70e34ab,test,False
data/raw/ddl/audio/drone/drone_3089.wav,ddl,drone,1.0,,51fc539a2fc7a70e34ab,test,False
data/raw/ddl/audio/drone/drone_3090.wav,ddl,drone,1.0,,51fc539a2fc7a70e34ab,test,False
data/raw/ddl/audio/drone/drone_3091.wav,ddl,drone,1.0,,51fc539a2fc7a70e34ab,test,False
data/raw/ddl/audio/drone/drone_3092.wav,ddl,drone,1.0,,51fc539a2fc7a70e34ab,test,False
data/raw/ddl/audio/drone/drone_3093.wav,ddl,drone,1.0,,51fc539a2fc7a70e34ab,test,False
data/raw/ddl/audio/drone/drone_3094.wav,ddl,drone,1.0,,51fc539a2fc7a70e34ab,test,False
data/raw/ddl/audio/drone/drone_3095.wav,ddl,drone,1.0,,51fc539a2fc7a70e34ab,test,False
data/raw/ddl/audio/drone/drone_3096.wav,ddl,drone,1.0,,51fc539a2fc7a70e34ab,test,False
data/raw/ddl/audio/drone/drone_3097.wav,ddl,drone,1.0,,51fc539a2fc7a70e34ab,test,False
data/raw/ddl/audio/drone/drone_3098.wav,ddl,drone,1.0,,51fc539a2fc7a70e34ab,test,False
data/raw/ddl/audio/drone/drone_3099.wav,ddl,drone,1.0,,51fc539a2fc7a70e34ab,test,False
data/raw/ddl/audio/drone/drone_3100.wav,ddl,drone,1.0,,51fc539a2fc7a70e34ab,test,False
data/raw/ddl/audio/drone/drone_3101.wav,ddl,drone,1.0,,51fc539a2fc7a70e34ab,test,False
data/raw/ddl/audio/drone/drone_3102.wav,ddl,drone,1.0,,51fc539a2fc7a70e34ab,test,False
data/raw/ddl/audio/drone/drone_3103.wav,ddl,drone,1.0,,51fc539a2fc7a70e34ab,test,False
data/raw/ddl/audio/drone/drone_3104.wav,ddl,drone,1.0,,51fc539a2fc7a70e34ab,test,False
data/raw/ddl/audio/drone/drone_3105.wav,ddl,drone,1.0,,51fc539a2fc7a70e34ab,test,False
data/raw/ddl/audio/drone/drone_3106.wav,ddl,drone,1.0,,51fc539a2fc7a70e34ab,test,False
data/raw/ddl/audio/drone/drone_3107.wav,ddl,drone,1.0,,51fc539a2fc7a70e34ab,test,False
data/raw/ddl/audio/drone/drone_3108.wav,ddl,drone,1.0,,51fc539a2fc7a70e34ab,test,False
data/raw/ddl/audio/drone/drone_3109.wav,ddl,drone,1.0,,51fc539a2fc7a70e34ab,test,False
data/raw/ddl/audio/drone/drone_3110.wav,ddl,drone,1.0,,51fc539a2fc7a70e34ab,test,False
data/raw/ddl/audio/drone/drone_3111.wav,ddl,drone,1.0,,51fc539a2fc7a70e34ab,test,False
data/raw/ddl/audio/drone/drone_3112.wav,ddl,drone,1.0,,51fc539a2fc7a70e34ab,test,False
data/raw/ddl/audio/drone/drone_3113.wav,ddl,drone,1.0,,51fc539a2fc7a70e34ab,test,False
data/raw/ddl/audio/drone/drone_3114.wav,ddl,drone,1.0,,51fc539a2fc7a70e34ab,test,False
data/raw/ddl/audio/drone/drone_3115.wav,ddl,drone,1.0,,51fc539a2fc7a70e34ab,test,False
data/raw/ddl/audio/drone/drone_3116.wav,ddl,drone,1.0,,51fc539a2fc7a70e34ab,test,False
data/raw/ddl/audio/drone/drone_3117.wav,ddl,drone,1.0,,51fc539a2fc7a70e34ab,test,False
data/raw/ddl/audio/drone/drone_3118.wav,ddl,drone,1.0,,51fc539a2fc7a70e34ab,test,False
data/raw/ddl/audio/drone/drone_3119.wav,ddl,drone,1.0,,51fc539a2fc7a70e34ab,test,False
data/raw/ddl/audio/drone/drone_3120.wav,ddl,drone,1.0,,51fc539a2fc7a70e34ab,test,False
data/raw/ddl/audio/drone/drone_3121.wav,ddl,drone,1.0,,51fc539a2fc7a70e34ab,test,False
data/raw/ddl/audio/drone/drone_3122.wav,ddl,drone,1.0,,51fc539a2fc7a70e34ab,test,False
data/raw/ddl/audio/drone/drone_3123.wav,ddl,drone,1.0,,51fc539a2fc7a70e34ab,test,False
data/raw/ddl/audio/drone/drone_3124.wav,ddl,drone,1.0,,51fc539a2fc7a70e34ab,test,False
data/raw/ddl/audio/drone/drone_3125.wav,ddl,drone,1.0,,51fc539a2fc7a70e34ab,test,False
data/raw/ddl/audio/drone/drone_3126.wav,ddl,drone,1.0,,51fc539a2fc7a70e34ab,test,False
data/raw/ddl/audio/drone/drone_3127.wav,ddl,drone,1.0,,51fc539a2fc7a70e34ab,test,False
data/raw/ddl/audio/drone/drone_3128.wav,ddl,drone,1.0,,51fc539a2fc7a70e34ab,test,False
data/raw/ddl/audio/drone/drone_3129.wav,ddl,drone,1.0,,51fc539a2fc7a70e34ab,test,False
data/raw/ddl/audio/drone/drone_3130.wav,ddl,drone,1.0,,51fc539a2fc7a70e34ab,test,False
data/raw/ddl/audio/drone/drone_3131.wav,ddl,drone,1.0,,51fc539a2fc7a70e34ab,test,False
data/raw/ddl/audio/drone/drone_3132.wav,ddl,drone,1.0,,51fc539a2fc7a70e34ab,test,False
data/raw/ddl/audio/drone/drone_3133.wav,ddl,drone,1.0,,51fc539a2fc7a70e34ab,test,False
data/raw/ddl/audio/drone/drone_3134.wav,ddl,drone,1.0,,51fc539a2fc7a70e34ab,test,False
data/raw/ddl/audio/drone/drone_3135.wav,ddl,drone,1.0,,51fc539a2fc7a70e34ab,test,False
data/raw/ddl/audio/drone/drone_3136.wav,ddl,drone,1.0,,51fc539a2fc7a70e34ab,test,False
data/raw/ddl/audio/drone/drone_3137.wav,ddl,drone,1.0,,51fc539a2fc7a70e34ab,test,False
data/raw/ddl/audio/drone/drone_3138.wav,ddl,drone,1.0,,51fc539a2fc7a70e34ab,test,False
data/raw/ddl/audio/drone/drone_3139.wav,ddl,drone,1.0,,51fc539a2fc7a70e34ab,test,False
data/raw/ddl/audio/drone/drone_3140.wav,ddl,drone,1.0,,51fc539a2fc7a70e34ab,test,False
data/raw/ddl/audio/drone/drone_3141.wav,ddl,drone,1.0,,51fc539a2fc7a70e34ab,test,False
data/raw/ddl/audio/drone/drone_3142.wav,ddl,drone,1.0,,51fc539a2fc7a70e34ab,test,False
data/raw/ddl/audio/drone/drone_3143.wav,ddl,drone,1.0,,51fc539a2fc7a70e34ab,test,False
data/raw/ddl/audio/drone/drone_3144.wav,ddl,drone,1.0,,51fc539a2fc7a70e34ab,test,False
data/raw/ddl/audio/drone/drone_3145.wav,ddl,drone,1.0,,51fc539a2fc7a70e34ab,test,False
data/raw/ddl/audio/drone/drone_3146.wav,ddl,drone,1.0,,6f030e15d4d4b12902b1,val,False
data/raw/ddl/audio/drone/drone_3147.wav,ddl,drone,1.0,,6f030e15d4d4b12902b1,val,False
data/raw/ddl/audio/drone/drone_3148.wav,ddl,drone,1.0,,6f030e15d4d4b12902b1,val,False
data/raw/ddl/audio/drone/drone_3149.wav,ddl,drone,1.0,,6f030e15d4d4b12902b1,val,False
data/raw/ddl/audio/drone/drone_3150.wav,ddl,drone,1.0,,6f030e15d4d4b12902b1,val,False
data/raw/ddl/audio/drone/drone_3151.wav,ddl,drone,1.0,,6f030e15d4d4b12902b1,val,False
data/raw/ddl/audio/drone/drone_3152.wav,ddl,drone,1.0,,6f030e15d4d4b12902b1,val,False
data/raw/ddl/audio/drone/drone_3153.wav,ddl,drone,1.0,,6f030e15d4d4b12902b1,val,False
data/raw/ddl/audio/drone/drone_3154.wav,ddl,drone,1.0,,6f030e15d4d4b12902b1,val,False
data/raw/ddl/audio/drone/drone_3155.wav,ddl,drone,1.0,,6f030e15d4d4b12902b1,val,False
data/raw/ddl/audio/drone/drone_3156.wav,ddl,drone,1.0,,6f030e15d4d4b12902b1,val,False
data/raw/ddl/audio/drone/drone_3157.wav,ddl,drone,1.0,,6f030e15d4d4b12902b1,val,False
data/raw/ddl/audio/drone/drone_3158.wav,ddl,drone,1.0,,6f030e15d4d4b12902b1,val,False
data/raw/ddl/audio/drone/drone_3159.wav,ddl,drone,1.0,,6f030e15d4d4b12902b1,val,False
data/raw/ddl/audio/drone/drone_3160.wav,ddl,drone,1.0,,6f030e15d4d4b12902b1,val,False
data/raw/ddl/audio/drone/drone_3161.wav,ddl,drone,1.0,,6f030e15d4d4b12902b1,val,False
data/raw/ddl/audio/drone/drone_3162.wav,ddl,drone,1.0,,6f030e15d4d4b12902b1,val,False
data/raw/ddl/audio/drone/drone_3163.wav,ddl,drone,1.0,,59afc338d05a30b5a700,train,False
data/raw/ddl/audio/drone/drone_3164.wav,ddl,drone,1.0,,59afc338d05a30b5a700,train,False
data/raw/ddl/audio/drone/drone_3165.wav,ddl,drone,1.0,,59afc338d05a30b5a700,train,False
data/raw/ddl/audio/drone/drone_3166.wav,ddl,drone,1.0,,59afc338d05a30b5a700,train,False
data/raw/ddl/audio/drone/drone_3167.wav,ddl,drone,1.0,,59afc338d05a30b5a700,train,False
data/raw/ddl/audio/drone/drone_3168.wav,ddl,drone,1.0,,59afc338d05a30b5a700,train,False
data/raw/ddl/audio/drone/drone_3169.wav,ddl,drone,1.0,,59afc338d05a30b5a700,train,False
data/raw/ddl/audio/drone/drone_3170.wav,ddl,drone,1.0,,59afc338d05a30b5a700,train,False
data/raw/ddl/audio/drone/drone_3171.wav,ddl,drone,1.0,,59afc338d05a30b5a700,train,False
data/raw/ddl/audio/drone/drone_3172.wav,ddl,drone,1.0,,59afc338d05a30b5a700,train,False
data/raw/ddl/audio/drone/drone_3173.wav,ddl,drone,1.0,,59afc338d05a30b5a700,train,False
data/raw/ddl/audio/drone/drone_3174.wav,ddl,drone,1.0,,59afc338d05a30b5a700,train,False
data/raw/ddl/audio/drone/drone_3175.wav,ddl,drone,1.0,,59afc338d05a30b5a700,train,False
data/raw/ddl/audio/drone/drone_3176.wav,ddl,drone,1.0,,59afc338d05a30b5a700,train,False
data/raw/ddl/audio/drone/drone_3177.wav,ddl,drone,1.0,,59afc338d05a30b5a700,train,False
data/raw/ddl/audio/drone/drone_3178.wav,ddl,drone,1.0,,59afc338d05a30b5a700,train,False
data/raw/ddl/audio/drone/drone_3179.wav,ddl,drone,1.0,,59afc338d05a30b5a700,train,False
data/raw/ddl/audio/drone/drone_3180.wav,ddl,drone,1.0,,59afc338d05a30b5a700,train,False
data/raw/ddl/audio/drone/drone_3181.wav,ddl,drone,1.0,,59afc338d05a30b5a700,train,False
data/raw/ddl/audio/drone/drone_3182.wav,ddl,drone,1.0,,59afc338d05a30b5a700,train,False
data/raw/ddl/audio/drone/drone_3183.wav,ddl,drone,1.0,,59afc338d05a30b5a700,train,False
data/raw/ddl/audio/drone/drone_3184.wav,ddl,drone,1.0,,59afc338d05a30b5a700,train,False
data/raw/ddl/audio/drone/drone_3185.wav,ddl,drone,1.0,,59afc338d05a30b5a700,train,False
data/raw/ddl/audio/drone/drone_3186.wav,ddl,drone,1.0,,59afc338d05a30b5a700,train,False
data/raw/ddl/audio/drone/drone_3187.wav,ddl,drone,1.0,,59afc338d05a30b5a700,train,False
data/raw/ddl/audio/drone/drone_3188.wav,ddl,drone,1.0,,59afc338d05a30b5a700,train,False
data/raw/ddl/audio/drone/drone_3189.wav,ddl,drone,1.0,,59afc338d05a30b5a700,train,False
data/raw/ddl/audio/drone/drone_3190.wav,ddl,drone,1.0,,59afc338d05a30b5a700,train,False
data/raw/ddl/audio/drone/drone_3191.wav,ddl,drone,1.0,,59afc338d05a30b5a700,train,False
data/raw/ddl/audio/drone/drone_3192.wav,ddl,drone,1.0,,59afc338d05a30b5a700,train,False
data/raw/ddl/audio/drone/drone_3193.wav,ddl,drone,1.0,,59afc338d05a30b5a700,train,False
data/raw/ddl/audio/drone/drone_3194.wav,ddl,drone,1.0,,59afc338d05a30b5a700,train,False
data/raw/ddl/audio/drone/drone_3195.wav,ddl,drone,1.0,,59afc338d05a30b5a700,train,False
data/raw/ddl/audio/drone/drone_3196.wav,ddl,drone,1.0,,59afc338d05a30b5a700,train,False
data/raw/ddl/audio/drone/drone_3197.wav,ddl,drone,1.0,,59afc338d05a30b5a700,train,False
data/raw/ddl/audio/drone/drone_3198.wav,ddl,drone,1.0,,59afc338d05a30b5a700,train,False
data/raw/ddl/audio/drone/drone_3199.wav,ddl,drone,1.0,,59afc338d05a30b5a700,train,False
data/raw/ddl/audio/drone/drone_3200.wav,ddl,drone,1.0,,59afc338d05a30b5a700,train,False
data/raw/ddl/audio/drone/drone_3201.wav,ddl,drone,1.0,,59afc338d05a30b5a700,train,False
data/raw/ddl/audio/drone/drone_3202.wav,ddl,drone,1.0,,59afc338d05a30b5a700,train,False
data/raw/ddl/audio/drone/drone_3203.wav,ddl,drone,1.0,,59afc338d05a30b5a700,train,False
data/raw/ddl/audio/drone/drone_3204.wav,ddl,drone,1.0,,59afc338d05a30b5a700,train,False
data/raw/ddl/audio/drone/drone_3205.wav,ddl,drone,1.0,,59afc338d05a30b5a700,train,False
data/raw/ddl/audio/drone/drone_3206.wav,ddl,drone,1.0,,59afc338d05a30b5a700,train,False
data/raw/ddl/audio/drone/drone_3207.wav,ddl,drone,1.0,,59afc338d05a30b5a700,train,False
data/raw/ddl/audio/drone/drone_3208.wav,ddl,drone,1.0,,59afc338d05a30b5a700,train,False
data/raw/ddl/audio/drone/drone_3209.wav,ddl,drone,1.0,,59afc338d05a30b5a700,train,False
data/raw/ddl/audio/drone/drone_3210.wav,ddl,drone,1.0,,59afc338d05a30b5a700,train,False
data/raw/ddl/audio/drone/drone_3211.wav,ddl,drone,1.0,,59afc338d05a30b5a700,train,False
data/raw/ddl/audio/drone/drone_3212.wav,ddl,drone,1.0,,59afc338d05a30b5a700,train,False
data/raw/ddl/audio/drone/drone_3213.wav,ddl,drone,1.0,,59afc338d05a30b5a700,train,False
data/raw/ddl/audio/drone/drone_3214.wav,ddl,drone,1.0,,59afc338d05a30b5a700,train,False
data/raw/ddl/audio/drone/drone_3215.wav,ddl,drone,1.0,,59afc338d05a30b5a700,train,False
data/raw/ddl/audio/drone/drone_3216.wav,ddl,drone,1.0,,59afc338d05a30b5a700,train,False
data/raw/ddl/audio/drone/drone_3217.wav,ddl,drone,1.0,,59afc338d05a30b5a700,train,False
data/raw/ddl/audio/drone/drone_3218.wav,ddl,drone,1.0,,59afc338d05a30b5a700,train,False
data/raw/ddl/audio/drone/drone_3219.wav,ddl,drone,1.0,,59afc338d05a30b5a700,train,False
data/raw/ddl/audio/drone/drone_3220.wav,ddl,drone,1.0,,59afc338d05a30b5a700,train,False
data/raw/ddl/audio/drone/drone_3221.wav,ddl,drone,1.0,,59afc338d05a30b5a700,train,False
data/raw/ddl/audio/drone/drone_3222.wav,ddl,drone,1.0,,59afc338d05a30b5a700,train,False
data/raw/ddl/audio/drone/drone_3223.wav,ddl,drone,1.0,,59afc338d05a30b5a700,train,False
data/raw/ddl/audio/drone/drone_3224.wav,ddl,drone,1.0,,59afc338d05a30b5a700,train,False
data/raw/ddl/audio/drone/drone_3225.wav,ddl,drone,1.0,,59afc338d05a30b5a700,train,False
data/raw/ddl/audio/drone/drone_3226.wav,ddl,drone,1.0,,59afc338d05a30b5a700,train,False
data/raw/ddl/audio/drone/drone_3227.wav,ddl,drone,1.0,,59afc338d05a30b5a700,train,False
data/raw/ddl/audio/drone/drone_3228.wav,ddl,drone,1.0,,59afc338d05a30b5a700,train,False
data/raw/ddl/audio/drone/drone_3229.wav,ddl,drone,1.0,,59afc338d05a30b5a700,train,False
data/raw/ddl/audio/drone/drone_3230.wav,ddl,drone,1.0,,59afc338d05a30b5a700,train,False
data/raw/ddl/audio/drone/drone_3231.wav,ddl,drone,1.0,,59afc338d05a30b5a700,train,False
data/raw/ddl/audio/drone/drone_3232.wav,ddl,drone,1.0,,59afc338d05a30b5a700,train,False
data/raw/ddl/audio/drone/drone_3233.wav,ddl,drone,1.0,,59afc338d05a30b5a700,train,False
data/raw/ddl/audio/drone/drone_3234.wav,ddl,drone,1.0,,59afc338d05a30b5a700,train,False
data/raw/ddl/audio/drone/drone_3235.wav,ddl,drone,1.0,,59afc338d05a30b5a700,train,False
data/raw/ddl/audio/drone/drone_3236.wav,ddl,drone,1.0,,59afc338d05a30b5a700,train,False
data/raw/ddl/audio/drone/drone_3237.wav,ddl,drone,1.0,,59afc338d05a30b5a700,train,False
data/raw/ddl/audio/drone/drone_3238.wav,ddl,drone,1.0,,59afc338d05a30b5a700,train,False
data/raw/ddl/audio/drone/drone_3239.wav,ddl,drone,1.0,,59afc338d05a30b5a700,train,False
data/raw/ddl/audio/drone/drone_3240.wav,ddl,drone,1.0,,59afc338d05a30b5a700,train,False
data/raw/ddl/audio/drone/drone_3241.wav,ddl,drone,1.0,,59afc338d05a30b5a700,train,False
data/raw/ddl/audio/drone/drone_3242.wav,ddl,drone,1.0,,59afc338d05a30b5a700,train,False
data/raw/ddl/audio/drone/drone_3243.wav,ddl,drone,1.0,,59afc338d05a30b5a700,train,False
data/raw/ddl/audio/drone/drone_3244.wav,ddl,drone,1.0,,59afc338d05a30b5a700,train,False
data/raw/ddl/audio/drone/drone_3245.wav,ddl,drone,1.0,,59afc338d05a30b5a700,train,False
data/raw/ddl/audio/drone/drone_3246.wav,ddl,drone,1.0,,59afc338d05a30b5a700,train,False
data/raw/ddl/audio/drone/drone_3247.wav,ddl,drone,1.0,,59afc338d05a30b5a700,train,False
data/raw/ddl/audio/drone/drone_3248.wav,ddl,drone,1.0,,59afc338d05a30b5a700,train,False
data/raw/ddl/audio/drone/drone_3249.wav,ddl,drone,1.0,,59afc338d05a30b5a700,train,False
data/raw/ddl/audio/drone/drone_3250.wav,ddl,drone,1.0,,59afc338d05a30b5a700,train,False
data/raw/ddl/audio/drone/drone_3251.wav,ddl,drone,1.0,,59afc338d05a30b5a700,train,False
data/raw/ddl/audio/drone/drone_3252.wav,ddl,drone,1.0,,59afc338d05a30b5a700,train,False
data/raw/ddl/audio/drone/drone_3253.wav,ddl,drone,1.0,,59afc338d05a30b5a700,train,False
data/raw/ddl/audio/drone/drone_3254.wav,ddl,drone,1.0,,59afc338d05a30b5a700,train,False
data/raw/ddl/audio/drone/drone_3255.wav,ddl,drone,1.0,,59afc338d05a30b5a700,train,False
data/raw/ddl/audio/drone/drone_3256.wav,ddl,drone,1.0,,59afc338d05a30b5a700,train,False
data/raw/ddl/audio/drone/drone_3257.wav,ddl,drone,1.0,,59afc338d05a30b5a700,train,False
data/raw/ddl/audio/drone/drone_3258.wav,ddl,drone,1.0,,59afc338d05a30b5a700,train,False
data/raw/ddl/audio/drone/drone_3259.wav,ddl,drone,1.0,,59afc338d05a30b5a700,train,False
data/raw/ddl/audio/drone/drone_3260.wav,ddl,drone,1.0,,59afc338d05a30b5a700,train,False
data/raw/ddl/audio/drone/drone_3261.wav,ddl,drone,1.0,,59afc338d05a30b5a700,train,False
data/raw/ddl/audio/drone/drone_3262.wav,ddl,drone,1.0,,59afc338d05a30b5a700,train,False
data/raw/ddl/audio/drone/drone_3263.wav,ddl,drone,1.0,,59afc338d05a30b5a700,train,False
data/raw/ddl/audio/drone/drone_3264.wav,ddl,drone,1.0,,59afc338d05a30b5a700,train,False
data/raw/ddl/audio/drone/drone_3265.wav,ddl,drone,1.0,,59afc338d05a30b5a700,train,False
data/raw/ddl/audio/drone/drone_3266.wav,ddl,drone,1.0,,59afc338d05a30b5a700,train,False
data/raw/ddl/audio/drone/drone_3267.wav,ddl,drone,1.0,,59afc338d05a30b5a700,train,False
data/raw/ddl/audio/drone/drone_3268.wav,ddl,drone,1.0,,59afc338d05a30b5a700,train,False
data/raw/ddl/audio/drone/drone_3269.wav,ddl,drone,1.0,,59afc338d05a30b5a700,train,False
data/raw/ddl/audio/drone/drone_3270.wav,ddl,drone,1.0,,59afc338d05a30b5a700,train,False
data/raw/ddl/audio/drone/drone_3271.wav,ddl,drone,1.0,,59afc338d05a30b5a700,train,False
data/raw/ddl/audio/drone/drone_3272.wav,ddl,drone,1.0,,59afc338d05a30b5a700,train,False
data/raw/ddl/audio/drone/drone_3273.wav,ddl,drone,1.0,,59afc338d05a30b5a700,train,False
data/raw/ddl/audio/drone/drone_3274.wav,ddl,drone,1.0,,59afc338d05a30b5a700,train,False
data/raw/ddl/audio/drone/drone_3275.wav,ddl,drone,1.0,,59afc338d05a30b5a700,train,False
data/raw/ddl/audio/drone/drone_3276.wav,ddl,drone,1.0,,59afc338d05a30b5a700,train,False
data/raw/ddl/audio/drone/drone_3277.wav,ddl,drone,1.0,,59afc338d05a30b5a700,train,False
data/raw/ddl/audio/drone/drone_3278.wav,ddl,drone,1.0,,59afc338d05a30b5a700,train,False
data/raw/ddl/audio/drone/drone_3279.wav,ddl,drone,1.0,,59afc338d05a30b5a700,train,False
data/raw/ddl/audio/drone/drone_3280.wav,ddl,drone,1.0,,59afc338d05a30b5a700,train,False
data/raw/ddl/audio/drone/drone_3281.wav,ddl,drone,1.0,,59afc338d05a30b5a700,train,False
data/raw/ddl/audio/drone/drone_3282.wav,ddl,drone,1.0,,59afc338d05a30b5a700,train,False
data/raw/ddl/audio/drone/drone_3283.wav,ddl,drone,1.0,,59afc338d05a30b5a700,train,False
data/raw/ddl/audio/drone/drone_3284.wav,ddl,drone,1.0,,59afc338d05a30b5a700,train,False
data/raw/ddl/audio/drone/drone_3285.wav,ddl,drone,1.0,,59afc338d05a30b5a700,train,False
data/raw/ddl/audio/drone/drone_3286.wav,ddl,drone,1.0,,59afc338d05a30b5a700,train,False
data/raw/ddl/audio/drone/drone_3287.wav,ddl,drone,1.0,,59afc338d05a30b5a700,train,False
data/raw/ddl/audio/drone/drone_3288.wav,ddl,drone,1.0,,59afc338d05a30b5a700,train,False
data/raw/ddl/audio/drone/drone_3289.wav,ddl,drone,1.0,,59afc338d05a30b5a700,train,False
data/raw/ddl/audio/drone/drone_3290.wav,ddl,drone,1.0,,59afc338d05a30b5a700,train,False
data/raw/ddl/audio/drone/drone_3291.wav,ddl,drone,1.0,,59afc338d05a30b5a700,train,False
data/raw/ddl/audio/drone/drone_3292.wav,ddl,drone,1.0,,59afc338d05a30b5a700,train,False
data/raw/ddl/audio/drone/drone_3293.wav,ddl,drone,1.0,,59afc338d05a30b5a700,train,False
data/raw/ddl/audio/drone/drone_3294.wav,ddl,drone,1.0,,59afc338d05a30b5a700,train,False
data/raw/ddl/audio/drone/drone_3295.wav,ddl,drone,1.0,,59afc338d05a30b5a700,train,False
data/raw/ddl/audio/drone/drone_3296.wav,ddl,drone,1.0,,59afc338d05a30b5a700,train,False
data/raw/ddl/audio/drone/drone_3297.wav,ddl,drone,1.0,,59afc338d05a30b5a700,train,False
data/raw/ddl/audio/drone/drone_3298.wav,ddl,drone,1.0,,59afc338d05a30b5a700,train,False
data/raw/ddl/audio/drone/drone_3299.wav,ddl,drone,1.0,,59afc338d05a30b5a700,train,False
data/raw/ddl/audio/drone/drone_3300.wav,ddl,drone,1.0,,59afc338d05a30b5a700,train,False
data/raw/ddl/audio/drone/drone_3301.wav,ddl,drone,1.0,,59afc338d05a30b5a700,train,False
data/raw/ddl/audio/drone/drone_3302.wav,ddl,drone,1.0,,59afc338d05a30b5a700,train,False
data/raw/ddl/audio/drone/drone_3303.wav,ddl,drone,1.0,,59afc338d05a30b5a700,train,False
data/raw/ddl/audio/drone/drone_3304.wav,ddl,drone,1.0,,59afc338d05a30b5a700,train,False
data/raw/ddl/audio/drone/drone_3305.wav,ddl,drone,1.0,,59afc338d05a30b5a700,train,False
data/raw/ddl/audio/drone/drone_3306.wav,ddl,drone,1.0,,59afc338d05a30b5a700,train,False
data/raw/ddl/audio/drone/drone_3307.wav,ddl,drone,1.0,,59afc338d05a30b5a700,train,False
data/raw/ddl/audio/drone/drone_3308.wav,ddl,drone,1.0,,59afc338d05a30b5a700,train,False
data/raw/ddl/audio/drone/drone_3309.wav,ddl,drone,1.0,,59afc338d05a30b5a700,train,False
data/raw/ddl/audio/drone/drone_3310.wav,ddl,drone,1.0,,59afc338d05a30b5a700,train,False
data/raw/ddl/audio/drone/drone_3311.wav,ddl,drone,1.0,,59afc338d05a30b5a700,train,False
data/raw/ddl/audio/drone/drone_3312.wav,ddl,drone,1.0,,59afc338d05a30b5a700,train,False
data/raw/ddl/audio/drone/drone_3313.wav,ddl,drone,1.0,,59afc338d05a30b5a700,train,False
data/raw/ddl/audio/drone/drone_3314.wav,ddl,drone,1.0,,59afc338d05a30b5a700,train,False
data/raw/ddl/audio/drone/drone_3315.wav,ddl,drone,1.0,,59afc338d05a30b5a700,train,False
data/raw/ddl/audio/drone/drone_3316.wav,ddl,drone,1.0,,59afc338d05a30b5a700,train,False
data/raw/ddl/audio/drone/drone_3317.wav,ddl,drone,1.0,,59afc338d05a30b5a700,train,False
data/raw/ddl/audio/drone/drone_3318.wav,ddl,drone,1.0,,59afc338d05a30b5a700,train,False
data/raw/ddl/audio/drone/drone_3319.wav,ddl,drone,1.0,,59afc338d05a30b5a700,train,False
data/raw/ddl/audio/drone/drone_3320.wav,ddl,drone,1.0,,59afc338d05a30b5a700,train,False
data/raw/ddl/audio/drone/drone_3321.wav,ddl,drone,1.0,,59afc338d05a30b5a700,train,False
data/raw/ddl/audio/drone/drone_3322.wav,ddl,drone,1.0,,59afc338d05a30b5a700,train,False
data/raw/ddl/audio/drone/drone_3323.wav,ddl,drone,1.0,,59afc338d05a30b5a700,train,False
data/raw/ddl/audio/drone/drone_3324.wav,ddl,drone,1.0,,59afc338d05a30b5a700,train,False
data/raw/ddl/audio/drone/drone_3325.wav,ddl,drone,1.0,,59afc338d05a30b5a700,train,False
data/raw/ddl/audio/drone/drone_3326.wav,ddl,drone,1.0,,59afc338d05a30b5a700,train,False
data/raw/ddl/audio/drone/drone_3327.wav,ddl,drone,1.0,,59afc338d05a30b5a700,train,False
data/raw/ddl/audio/drone/drone_3328.wav,ddl,drone,1.0,,59afc338d05a30b5a700,train,False
data/raw/ddl/audio/drone/drone_3329.wav,ddl,drone,1.0,,59afc338d05a30b5a700,train,False
data/raw/ddl/audio/drone/drone_3330.wav,ddl,drone,1.0,,59afc338d05a30b5a700,train,False
data/raw/ddl/audio/drone/drone_3331.wav,ddl,drone,1.0,,59afc338d05a30b5a700,train,False
data/raw/ddl/audio/drone/drone_3332.wav,ddl,drone,1.0,,59afc338d05a30b5a700,train,False
data/raw/ddl/audio/drone/drone_3333.wav,ddl,drone,1.0,,59afc338d05a30b5a700,train,False
data/raw/ddl/audio/drone/drone_3334.wav,ddl,drone,1.0,,59afc338d05a30b5a700,train,False
data/raw/ddl/audio/drone/drone_3335.wav,ddl,drone,1.0,,59afc338d05a30b5a700,train,False
data/raw/ddl/audio/drone/drone_3336.wav,ddl,drone,1.0,,59afc338d05a30b5a700,train,False
data/raw/ddl/audio/drone/drone_3337.wav,ddl,drone,1.0,,59afc338d05a30b5a700,train,False
data/raw/ddl/audio/drone/drone_3338.wav,ddl,drone,1.0,,59afc338d05a30b5a700,train,False
data/raw/ddl/audio/drone/drone_3339.wav,ddl,drone,1.0,,59afc338d05a30b5a700,train,False
data/raw/ddl/audio/drone/drone_3340.wav,ddl,drone,1.0,,59afc338d05a30b5a700,train,False
data/raw/ddl/audio/drone/drone_3341.wav,ddl,drone,1.0,,59afc338d05a30b5a700,train,False
data/raw/ddl/audio/drone/drone_3342.wav,ddl,drone,1.0,,59afc338d05a30b5a700,train,False
data/raw/ddl/audio/drone/drone_3343.wav,ddl,drone,1.0,,59afc338d05a30b5a700,train,False
data/raw/ddl/audio/drone/drone_3344.wav,ddl,drone,1.0,,59afc338d05a30b5a700,train,False
data/raw/ddl/audio/drone/drone_3345.wav,ddl,drone,1.0,,59afc338d05a30b5a700,train,False
data/raw/ddl/audio/drone/drone_3346.wav,ddl,drone,1.0,,59afc338d05a30b5a700,train,False
data/raw/ddl/audio/drone/drone_3347.wav,ddl,drone,1.0,,59afc338d05a30b5a700,train,False
data/raw/ddl/audio/drone/drone_3348.wav,ddl,drone,1.0,,59afc338d05a30b5a700,train,False
data/raw/ddl/audio/drone/drone_3349.wav,ddl,drone,1.0,,59afc338d05a30b5a700,train,False
data/raw/ddl/audio/drone/drone_3350.wav,ddl,drone,1.0,,59afc338d05a30b5a700,train,False
data/raw/ddl/audio/drone/drone_3351.wav,ddl,drone,1.0,,59afc338d05a30b5a700,train,False
data/raw/ddl/audio/drone/drone_3352.wav,ddl,drone,1.0,,59afc338d05a30b5a700,train,False
data/raw/ddl/audio/drone/drone_3353.wav,ddl,drone,1.0,,59afc338d05a30b5a700,train,False
data/raw/ddl/audio/drone/drone_3354.wav,ddl,drone,1.0,,59afc338d05a30b5a700,train,False
data/raw/ddl/audio/drone/drone_3355.wav,ddl,drone,1.0,,59afc338d05a30b5a700,train,False
data/raw/ddl/audio/drone/drone_3356.wav,ddl,drone,1.0,,59afc338d05a30b5a700,train,False
data/raw/ddl/audio/drone/drone_3357.wav,ddl,drone,1.0,,59afc338d05a30b5a700,train,False
data/raw/ddl/audio/drone/drone_3358.wav,ddl,drone,1.0,,59afc338d05a30b5a700,train,False
data/raw/ddl/audio/drone/drone_3359.wav,ddl,drone,1.0,,59afc338d05a30b5a700,train,False
data/raw/ddl/audio/drone/drone_3360.wav,ddl,drone,1.0,,59afc338d05a30b5a700,train,False
data/raw/ddl/audio/drone/drone_3361.wav,ddl,drone,1.0,,59afc338d05a30b5a700,train,False
data/raw/ddl/audio/drone/drone_3362.wav,ddl,drone,1.0,,59afc338d05a30b5a700,train,False
data/raw/ddl/audio/drone/drone_3363.wav,ddl,drone,1.0,,59afc338d05a30b5a700,train,False
data/raw/ddl/audio/drone/drone_3364.wav,ddl,drone,1.0,,59afc338d05a30b5a700,train,False
data/raw/ddl/audio/drone/drone_3365.wav,ddl,drone,1.0,,59afc338d05a30b5a700,train,False
data/raw/ddl/audio/drone/drone_3366.wav,ddl,drone,1.0,,59afc338d05a30b5a700,train,False
data/raw/ddl/audio/drone/drone_3367.wav,ddl,drone,1.0,,59afc338d05a30b5a700,train,False
data/raw/ddl/audio/drone/drone_3368.wav,ddl,drone,1.0,,59afc338d05a30b5a700,train,False
data/raw/ddl/audio/drone/drone_3369.wav,ddl,drone,1.0,,59afc338d05a30b5a700,train,False
data/raw/ddl/audio/drone/drone_3370.wav,ddl,drone,1.0,,59afc338d05a30b5a700,train,False
data/raw/ddl/audio/drone/drone_3371.wav,ddl,drone,1.0,,59afc338d05a30b5a700,train,False
data/raw/ddl/audio/drone/drone_3372.wav,ddl,drone,1.0,,59afc338d05a30b5a700,train,False
data/raw/ddl/audio/drone/drone_3373.wav,ddl,drone,1.0,,59afc338d05a30b5a700,train,False
data/raw/ddl/audio/drone/drone_3374.wav,ddl,drone,1.0,,59afc338d05a30b5a700,train,False
data/raw/ddl/audio/drone/drone_3375.wav,ddl,drone,1.0,,59afc338d05a30b5a700,train,False
data/raw/ddl/audio/drone/drone_3376.wav,ddl,drone,1.0,,59afc338d05a30b5a700,train,False
data/raw/ddl/audio/drone/drone_3377.wav,ddl,drone,1.0,,59afc338d05a30b5a700,train,False
data/raw/ddl/audio/drone/drone_3378.wav,ddl,drone,1.0,,59afc338d05a30b5a700,train,False
data/raw/ddl/audio/drone/drone_3379.wav,ddl,drone,1.0,,59afc338d05a30b5a700,train,False
data/raw/ddl/audio/drone/drone_3380.wav,ddl,drone,1.0,,59afc338d05a30b5a700,train,False
data/raw/ddl/audio/drone/drone_3381.wav,ddl,drone,1.0,,59afc338d05a30b5a700,train,False
data/raw/ddl/audio/drone/drone_3382.wav,ddl,drone,1.0,,59afc338d05a30b5a700,train,False
data/raw/ddl/audio/drone/drone_3383.wav,ddl,drone,1.0,,59afc338d05a30b5a700,train,False
data/raw/ddl/audio/drone/drone_3384.wav,ddl,drone,1.0,,59afc338d05a30b5a700,train,False
data/raw/ddl/audio/drone/drone_3385.wav,ddl,drone,1.0,,59afc338d05a30b5a700,train,False
data/raw/ddl/audio/drone/drone_3386.wav,ddl,drone,1.0,,59afc338d05a30b5a700,train,False
data/raw/ddl/audio/drone/drone_3387.wav,ddl,drone,1.0,,59afc338d05a30b5a700,train,False
data/raw/ddl/audio/drone/drone_3388.wav,ddl,drone,1.0,,59afc338d05a30b5a700,train,False
data/raw/ddl/audio/drone/drone_3389.wav,ddl,drone,1.0,,59afc338d05a30b5a700,train,False
data/raw/ddl/audio/drone/drone_3390.wav,ddl,drone,1.0,,59afc338d05a30b5a700,train,False
data/raw/ddl/audio/drone/drone_3391.wav,ddl,drone,1.0,,59afc338d05a30b5a700,train,False
data/raw/ddl/audio/drone/drone_3392.wav,ddl,drone,1.0,,59afc338d05a30b5a700,train,False
data/raw/ddl/audio/drone/drone_3393.wav,ddl,drone,1.0,,59afc338d05a30b5a700,train,False
data/raw/ddl/audio/drone/drone_3394.wav,ddl,drone,1.0,,59afc338d05a30b5a700,train,False
data/raw/ddl/audio/drone/drone_3395.wav,ddl,drone,1.0,,59afc338d05a30b5a700,train,False
data/raw/ddl/audio/drone/drone_3396.wav,ddl,drone,1.0,,59afc338d05a30b5a700,train,False
data/raw/ddl/audio/drone/drone_3397.wav,ddl,drone,1.0,,59afc338d05a30b5a700,train,False
data/raw/ddl/audio/drone/drone_3398.wav,ddl,drone,1.0,,59afc338d05a30b5a700,train,False
data/raw/ddl/audio/drone/drone_3399.wav,ddl,drone,1.0,,59afc338d05a30b5a700,train,False
data/raw/ddl/audio/drone/drone_3400.wav,ddl,drone,1.0,,59afc338d05a30b5a700,train,False
data/raw/ddl/audio/drone/drone_3401.wav,ddl,drone,1.0,,59afc338d05a30b5a700,train,False
data/raw/ddl/audio/drone/drone_3402.wav,ddl,drone,1.0,,59afc338d05a30b5a700,train,False
data/raw/ddl/audio/drone/drone_3403.wav,ddl,drone,1.0,,59afc338d05a30b5a700,train,False
data/raw/ddl/audio/drone/drone_3404.wav,ddl,drone,1.0,,59afc338d05a30b5a700,train,False
data/raw/ddl/audio/drone/drone_3405.wav,ddl,drone,1.0,,59afc338d05a30b5a700,train,False
data/raw/ddl/audio/drone/drone_3406.wav,ddl,drone,1.0,,59afc338d05a30b5a700,train,False
data/raw/ddl/audio/drone/drone_3407.wav,ddl,drone,1.0,,59afc338d05a30b5a700,train,False
data/raw/ddl/audio/drone/drone_3408.wav,ddl,drone,1.0,,59afc338d05a30b5a700,train,False
data/raw/ddl/audio/drone/drone_3409.wav,ddl,drone,1.0,,59afc338d05a30b5a700,train,False
data/raw/ddl/audio/drone/drone_3410.wav,ddl,drone,1.0,,59afc338d05a30b5a700,train,False
data/raw/ddl/audio/drone/drone_3411.wav,ddl,drone,1.0,,59afc338d05a30b5a700,train,False
data/raw/ddl/audio/drone/drone_3412.wav,ddl,drone,1.0,,59afc338d05a30b5a700,train,False
data/raw/ddl/audio/drone/drone_3413.wav,ddl,drone,1.0,,59afc338d05a30b5a700,train,False
data/raw/ddl/audio/drone/drone_3414.wav,ddl,drone,1.0,,59afc338d05a30b5a700,train,False
data/raw/ddl/audio/drone/drone_3415.wav,ddl,drone,1.0,,59afc338d05a30b5a700,train,False
data/raw/ddl/audio/drone/drone_3416.wav,ddl,drone,1.0,,59afc338d05a30b5a700,train,False
data/raw/ddl/audio/drone/drone_3417.wav,ddl,drone,1.0,,59afc338d05a30b5a700,train,False
data/raw/ddl/audio/drone/drone_3418.wav,ddl,drone,1.0,,59afc338d05a30b5a700,train,False
data/raw/ddl/audio/drone/drone_3419.wav,ddl,drone,1.0,,59afc338d05a30b5a700,train,False
data/raw/ddl/audio/drone/drone_3420.wav,ddl,drone,1.0,,59afc338d05a30b5a700,train,False
data/raw/ddl/audio/drone/drone_3421.wav,ddl,drone,1.0,,59afc338d05a30b5a700,train,False
data/raw/ddl/audio/drone/drone_3422.wav,ddl,drone,1.0,,59afc338d05a30b5a700,train,False
data/raw/ddl/audio/drone/drone_3423.wav,ddl,drone,1.0,,59afc338d05a30b5a700,train,False
data/raw/ddl/audio/drone/drone_3424.wav,ddl,drone,1.0,,59afc338d05a30b5a700,train,False
data/raw/ddl/audio/drone/drone_3425.wav,ddl,drone,1.0,,59afc338d05a30b5a700,train,False
data/raw/ddl/audio/drone/drone_3426.wav,ddl,drone,1.0,,59afc338d05a30b5a700,train,False
data/raw/ddl/audio/drone/drone_3427.wav,ddl,drone,1.0,,59afc338d05a30b5a700,train,False
data/raw/ddl/audio/drone/drone_3428.wav,ddl,drone,1.0,,59afc338d05a30b5a700,train,False
data/raw/ddl/audio/drone/drone_3429.wav,ddl,drone,1.0,,59afc338d05a30b5a700,train,False
data/raw/ddl/audio/drone/drone_3430.wav,ddl,drone,1.0,,59afc338d05a30b5a700,train,False
data/raw/ddl/audio/drone/drone_3431.wav,ddl,drone,1.0,,59afc338d05a30b5a700,train,False
data/raw/ddl/audio/drone/drone_3432.wav,ddl,drone,1.0,,59afc338d05a30b5a700,train,False
data/raw/ddl/audio/drone/drone_3433.wav,ddl,drone,1.0,,59afc338d05a30b5a700,train,False
data/raw/ddl/audio/drone/drone_3434.wav,ddl,drone,1.0,,59afc338d05a30b5a700,train,False
data/raw/ddl/audio/drone/drone_3435.wav,ddl,drone,1.0,,59afc338d05a30b5a700,train,False
data/raw/ddl/audio/drone/drone_3436.wav,ddl,drone,1.0,,59afc338d05a30b5a700,train,False
data/raw/ddl/audio/drone/drone_3437.wav,ddl,drone,1.0,,59afc338d05a30b5a700,train,False
data/raw/ddl/audio/drone/drone_3438.wav,ddl,drone,1.0,,59afc338d05a30b5a700,train,False
data/raw/ddl/audio/drone/drone_3439.wav,ddl,drone,1.0,,59afc338d05a30b5a700,train,False
data/raw/ddl/audio/drone/drone_3440.wav,ddl,drone,1.0,,59afc338d05a30b5a700,train,False
data/raw/ddl/audio/drone/drone_3441.wav,ddl,drone,1.0,,59afc338d05a30b5a700,train,False
data/raw/ddl/audio/drone/drone_3442.wav,ddl,drone,1.0,,59afc338d05a30b5a700,train,False
data/raw/ddl/audio/drone/drone_3443.wav,ddl,drone,1.0,,59afc338d05a30b5a700,train,False
data/raw/ddl/audio/drone/drone_3444.wav,ddl,drone,1.0,,59afc338d05a30b5a700,train,False
data/raw/ddl/audio/drone/drone_3445.wav,ddl,drone,1.0,,59afc338d05a30b5a700,train,False
data/raw/ddl/audio/drone/drone_3446.wav,ddl,drone,1.0,,59afc338d05a30b5a700,train,False
data/raw/ddl/audio/drone/drone_3447.wav,ddl,drone,1.0,,59afc338d05a30b5a700,train,False
data/raw/ddl/audio/drone/drone_3448.wav,ddl,drone,1.0,,59afc338d05a30b5a700,train,False
data/raw/ddl/audio/drone/drone_3449.wav,ddl,drone,1.0,,59afc338d05a30b5a700,train,False
data/raw/ddl/audio/drone/drone_3450.wav,ddl,drone,1.0,,59afc338d05a30b5a700,train,False
data/raw/ddl/audio/drone/drone_3451.wav,ddl,drone,1.0,,59afc338d05a30b5a700,train,False
data/raw/ddl/audio/drone/drone_3452.wav,ddl,drone,1.0,,59afc338d05a30b5a700,train,False
data/raw/ddl/audio/drone/drone_3453.wav,ddl,drone,1.0,,59afc338d05a30b5a700,train,False
data/raw/ddl/audio/drone/drone_3454.wav,ddl,drone,1.0,,59afc338d05a30b5a700,train,False
data/raw/ddl/audio/drone/drone_3455.wav,ddl,drone,1.0,,59afc338d05a30b5a700,train,False
data/raw/ddl/audio/drone/drone_3456.wav,ddl,drone,1.0,,59afc338d05a30b5a700,train,False
data/raw/ddl/audio/drone/drone_3457.wav,ddl,drone,1.0,,59afc338d05a30b5a700,train,False
data/raw/ddl/audio/drone/drone_3458.wav,ddl,drone,1.0,,59afc338d05a30b5a700,train,False
data/raw/ddl/audio/drone/drone_3459.wav,ddl,drone,1.0,,59afc338d05a30b5a700,train,False
data/raw/ddl/audio/drone/drone_3460.wav,ddl,drone,1.0,,59afc338d05a30b5a700,train,False
data/raw/ddl/audio/drone/drone_3461.wav,ddl,drone,1.0,,59afc338d05a30b5a700,train,False
data/raw/ddl/audio/drone/drone_3462.wav,ddl,drone,1.0,,59afc338d05a30b5a700,train,False
data/raw/ddl/audio/drone/drone_3463.wav,ddl,drone,1.0,,59afc338d05a30b5a700,train,False
data/raw/ddl/audio/drone/drone_3464.wav,ddl,drone,1.0,,59afc338d05a30b5a700,train,False
data/raw/ddl/audio/drone/drone_3465.wav,ddl,drone,1.0,,59afc338d05a30b5a700,train,False
data/raw/ddl/audio/drone/drone_3466.wav,ddl,drone,1.0,,59afc338d05a30b5a700,train,False
data/raw/ddl/audio/drone/drone_3467.wav,ddl,drone,1.0,,59afc338d05a30b5a700,train,False
data/raw/ddl/audio/drone/drone_3468.wav,ddl,drone,1.0,,59afc338d05a30b5a700,train,False
data/raw/ddl/audio/drone/drone_3469.wav,ddl,drone,1.0,,59afc338d05a30b5a700,train,False
data/raw/ddl/audio/drone/drone_3470.wav,ddl,drone,1.0,,59afc338d05a30b5a700,train,False
data/raw/ddl/audio/drone/drone_3471.wav,ddl,drone,1.0,,59afc338d05a30b5a700,train,False
data/raw/ddl/audio/drone/drone_3472.wav,ddl,drone,1.0,,59afc338d05a30b5a700,train,False
data/raw/ddl/audio/drone/drone_3473.wav,ddl,drone,1.0,,59afc338d05a30b5a700,train,False
data/raw/ddl/audio/drone/drone_3474.wav,ddl,drone,1.0,,59afc338d05a30b5a700,train,False
data/raw/ddl/audio/drone/drone_3475.wav,ddl,drone,1.0,,59afc338d05a30b5a700,train,False
data/raw/ddl/audio/drone/drone_3476.wav,ddl,drone,1.0,,59afc338d05a30b5a700,train,False
data/raw/ddl/audio/drone/drone_3477.wav,ddl,drone,1.0,,59afc338d05a30b5a700,train,False
data/raw/ddl/audio/drone/drone_3478.wav,ddl,drone,1.0,,59afc338d05a30b5a700,train,False
data/raw/ddl/audio/drone/drone_3479.wav,ddl,drone,1.0,,59afc338d05a30b5a700,train,False
data/raw/ddl/audio/drone/drone_3480.wav,ddl,drone,1.0,,59afc338d05a30b5a700,train,False
data/raw/ddl/audio/drone/drone_3481.wav,ddl,drone,1.0,,59afc338d05a30b5a700,train,False
data/raw/ddl/audio/drone/drone_3482.wav,ddl,drone,1.0,,59afc338d05a30b5a700,train,False
data/raw/ddl/audio/drone/drone_3483.wav,ddl,drone,1.0,,59afc338d05a30b5a700,train,False
data/raw/ddl/audio/drone/drone_3484.wav,ddl,drone,1.0,,59afc338d05a30b5a700,train,False
data/raw/ddl/audio/drone/drone_3485.wav,ddl,drone,1.0,,59afc338d05a30b5a700,train,False
data/raw/ddl/audio/drone/drone_3486.wav,ddl,drone,1.0,,59afc338d05a30b5a700,train,False
data/raw/ddl/audio/drone/drone_3487.wav,ddl,drone,1.0,,59afc338d05a30b5a700,train,False
data/raw/ddl/audio/drone/drone_3488.wav,ddl,drone,1.0,,59afc338d05a30b5a700,train,False
data/raw/ddl/audio/drone/drone_3489.wav,ddl,drone,1.0,,59afc338d05a30b5a700,train,False
data/raw/ddl/audio/drone/drone_3490.wav,ddl,drone,1.0,,59afc338d05a30b5a700,train,False
data/raw/ddl/audio/drone/drone_3491.wav,ddl,drone,1.0,,59afc338d05a30b5a700,train,False
data/raw/ddl/audio/drone/drone_3492.wav,ddl,drone,1.0,,59afc338d05a30b5a700,train,False
data/raw/ddl/audio/drone/drone_3493.wav,ddl,drone,1.0,,59afc338d05a30b5a700,train,False
data/raw/ddl/audio/drone/drone_3494.wav,ddl,drone,1.0,,59afc338d05a30b5a700,train,False
data/raw/ddl/audio/drone/drone_3495.wav,ddl,drone,1.0,,59afc338d05a30b5a700,train,False
data/raw/ddl/audio/drone/drone_3496.wav,ddl,drone,1.0,,59afc338d05a30b5a700,train,False
data/raw/ddl/audio/drone/drone_3497.wav,ddl,drone,1.0,,59afc338d05a30b5a700,train,False
data/raw/ddl/audio/drone/drone_3498.wav,ddl,drone,1.0,,59afc338d05a30b5a700,train,False
data/raw/ddl/audio/drone/drone_3499.wav,ddl,drone,1.0,,59afc338d05a30b5a700,train,False
data/raw/ddl/audio/drone/drone_3500.wav,ddl,drone,1.0,,59afc338d05a30b5a700,train,False
data/raw/ddl/audio/drone/drone_3501.wav,ddl,drone,1.0,,59afc338d05a30b5a700,train,False
data/raw/ddl/audio/drone/drone_3502.wav,ddl,drone,1.0,,59afc338d05a30b5a700,train,False
data/raw/ddl/audio/drone/drone_3503.wav,ddl,drone,1.0,,59afc338d05a30b5a700,train,False
data/raw/ddl/audio/drone/drone_3504.wav,ddl,drone,1.0,,59afc338d05a30b5a700,train,False
data/raw/ddl/audio/drone/drone_3505.wav,ddl,drone,1.0,,59afc338d05a30b5a700,train,False
data/raw/ddl/audio/drone/drone_3506.wav,ddl,drone,1.0,,59afc338d05a30b5a700,train,False
data/raw/ddl/audio/drone/drone_3507.wav,ddl,drone,1.0,,59afc338d05a30b5a700,train,False
data/raw/ddl/audio/drone/drone_3508.wav,ddl,drone,1.0,,59afc338d05a30b5a700,train,False
data/raw/ddl/audio/drone/drone_3509.wav,ddl,drone,1.0,,59afc338d05a30b5a700,train,False
data/raw/ddl/audio/drone/drone_3510.wav,ddl,drone,1.0,,59afc338d05a30b5a700,train,False
data/raw/ddl/audio/drone/drone_3511.wav,ddl,drone,1.0,,59afc338d05a30b5a700,train,False
data/raw/ddl/audio/drone/drone_3512.wav,ddl,drone,1.0,,59afc338d05a30b5a700,train,False
data/raw/ddl/audio/drone/drone_3513.wav,ddl,drone,1.0,,59afc338d05a30b5a700,train,False
data/raw/ddl/audio/drone/drone_3514.wav,ddl,drone,1.0,,59afc338d05a30b5a700,train,False
data/raw/ddl/audio/drone/drone_3515.wav,ddl,drone,1.0,,59afc338d05a30b5a700,train,False
data/raw/ddl/audio/drone/drone_3516.wav,ddl,drone,1.0,,59afc338d05a30b5a700,train,False
data/raw/ddl/audio/drone/drone_3517.wav,ddl,drone,1.0,,59afc338d05a30b5a700,train,False
data/raw/ddl/audio/drone/drone_3518.wav,ddl,drone,1.0,,59afc338d05a30b5a700,train,False
data/raw/ddl/audio/drone/drone_3519.wav,ddl,drone,1.0,,59afc338d05a30b5a700,train,False
data/raw/ddl/audio/drone/drone_3520.wav,ddl,drone,1.0,,59afc338d05a30b5a700,train,False
data/raw/ddl/audio/drone/drone_3521.wav,ddl,drone,1.0,,59afc338d05a30b5a700,train,False
data/raw/ddl/audio/drone/drone_3522.wav,ddl,drone,1.0,,59afc338d05a30b5a700,train,False
data/raw/ddl/audio/drone/drone_3523.wav,ddl,drone,1.0,,59afc338d05a30b5a700,train,False
data/raw/ddl/audio/drone/drone_3524.wav,ddl,drone,1.0,,59afc338d05a30b5a700,train,False
data/raw/ddl/audio/drone/drone_3525.wav,ddl,drone,1.0,,59afc338d05a30b5a700,train,False
data/raw/ddl/audio/drone/drone_3526.wav,ddl,drone,1.0,,59afc338d05a30b5a700,train,False
data/raw/ddl/audio/drone/drone_3527.wav,ddl,drone,1.0,,59afc338d05a30b5a700,train,False
data/raw/ddl/audio/drone/drone_3528.wav,ddl,drone,1.0,,59afc338d05a30b5a700,train,False
data/raw/ddl/audio/drone/drone_3529.wav,ddl,drone,1.0,,59afc338d05a30b5a700,train,False
data/raw/ddl/audio/drone/drone_3530.wav,ddl,drone,1.0,,59afc338d05a30b5a700,train,False
data/raw/ddl/audio/drone/drone_3531.wav,ddl,drone,1.0,,59afc338d05a30b5a700,train,False
data/raw/ddl/audio/drone/drone_3532.wav,ddl,drone,1.0,,59afc338d05a30b5a700,train,False
data/raw/ddl/audio/drone/drone_3533.wav,ddl,drone,1.0,,59afc338d05a30b5a700,train,False
data/raw/ddl/audio/drone/drone_3534.wav,ddl,drone,1.0,,59afc338d05a30b5a700,train,False
data/raw/ddl/audio/drone/drone_3535.wav,ddl,drone,1.0,,59afc338d05a30b5a700,train,False
data/raw/ddl/audio/drone/drone_3536.wav,ddl,drone,1.0,,59afc338d05a30b5a700,train,False
data/raw/ddl/audio/drone/drone_3537.wav,ddl,drone,1.0,,59afc338d05a30b5a700,train,False
data/raw/ddl/audio/drone/drone_3538.wav,ddl,drone,1.0,,59afc338d05a30b5a700,train,False
data/raw/ddl/audio/drone/drone_3539.wav,ddl,drone,1.0,,59afc338d05a30b5a700,train,False
data/raw/ddl/audio/drone/drone_3540.wav,ddl,drone,1.0,,59afc338d05a30b5a700,train,False
data/raw/ddl/audio/drone/drone_3541.wav,ddl,drone,1.0,,59afc338d05a30b5a700,train,False
data/raw/ddl/audio/drone/drone_3542.wav,ddl,drone,1.0,,59afc338d05a30b5a700,train,False
data/raw/ddl/audio/drone/drone_3543.wav,ddl,drone,1.0,,59afc338d05a30b5a700,train,False
data/raw/ddl/audio/drone/drone_3544.wav,ddl,drone,1.0,,59afc338d05a30b5a700,train,False
data/raw/ddl/audio/drone/drone_3545.wav,ddl,drone,1.0,,59afc338d05a30b5a700,train,False
data/raw/ddl/audio/drone/drone_3546.wav,ddl,drone,1.0,,59afc338d05a30b5a700,train,False
data/raw/ddl/audio/drone/drone_3547.wav,ddl,drone,1.0,,59afc338d05a30b5a700,train,False
data/raw/ddl/audio/drone/drone_3548.wav,ddl,drone,1.0,,59afc338d05a30b5a700,train,False
data/raw/ddl/audio/drone/drone_3549.wav,ddl,drone,1.0,,59afc338d05a30b5a700,train,False
data/raw/ddl/audio/drone/drone_3550.wav,ddl,drone,1.0,,59afc338d05a30b5a700,train,False
data/raw/ddl/audio/drone/drone_3551.wav,ddl,drone,1.0,,59afc338d05a30b5a700,train,False
data/raw/ddl/audio/drone/drone_3552.wav,ddl,drone,1.0,,59afc338d05a30b5a700,train,False
data/raw/ddl/audio/drone/drone_3553.wav,ddl,drone,1.0,,59afc338d05a30b5a700,train,False
data/raw/ddl/audio/drone/drone_3554.wav,ddl,drone,1.0,,59afc338d05a30b5a700,train,False
data/raw/ddl/audio/drone/drone_3555.wav,ddl,drone,1.0,,59afc338d05a30b5a700,train,False
data/raw/ddl/audio/drone/drone_3556.wav,ddl,drone,1.0,,59afc338d05a30b5a700,train,False
data/raw/ddl/audio/drone/drone_3557.wav,ddl,drone,1.0,,59afc338d05a30b5a700,train,False
data/raw/ddl/audio/drone/drone_3558.wav,ddl,drone,1.0,,59afc338d05a30b5a700,train,False
data/raw/ddl/audio/drone/drone_3559.wav,ddl,drone,1.0,,59afc338d05a30b5a700,train,False
data/raw/ddl/audio/drone/drone_3560.wav,ddl,drone,1.0,,59afc338d05a30b5a700,train,False
data/raw/ddl/audio/drone/drone_3561.wav,ddl,drone,1.0,,59afc338d05a30b5a700,train,False
data/raw/ddl/audio/drone/drone_3562.wav,ddl,drone,1.0,,59afc338d05a30b5a700,train,False
data/raw/ddl/audio/drone/drone_3563.wav,ddl,drone,1.0,,59afc338d05a30b5a700,train,False
data/raw/ddl/audio/drone/drone_3564.wav,ddl,drone,1.0,,59afc338d05a30b5a700,train,False
data/raw/ddl/audio/drone/drone_3565.wav,ddl,drone,1.0,,59afc338d05a30b5a700,train,False
data/raw/ddl/audio/drone/drone_3566.wav,ddl,drone,1.0,,59afc338d05a30b5a700,train,False
data/raw/ddl/audio/drone/drone_3567.wav,ddl,drone,1.0,,59afc338d05a30b5a700,train,False
data/raw/ddl/audio/drone/drone_3568.wav,ddl,drone,1.0,,59afc338d05a30b5a700,train,False
data/raw/ddl/audio/drone/drone_3569.wav,ddl,drone,1.0,,59afc338d05a30b5a700,train,False
data/raw/ddl/audio/drone/drone_3570.wav,ddl,drone,1.0,,59afc338d05a30b5a700,train,False
data/raw/ddl/audio/drone/drone_3571.wav,ddl,drone,1.0,,59afc338d05a30b5a700,train,False
data/raw/ddl/audio/drone/drone_3572.wav,ddl,drone,1.0,,59afc338d05a30b5a700,train,False
data/raw/ddl/audio/drone/drone_3573.wav,ddl,drone,1.0,,59afc338d05a30b5a700,train,False
data/raw/ddl/audio/drone/drone_3574.wav,ddl,drone,1.0,,59afc338d05a30b5a700,train,False
data/raw/ddl/audio/drone/drone_3575.wav,ddl,drone,1.0,,59afc338d05a30b5a700,train,False
data/raw/ddl/audio/drone/drone_3576.wav,ddl,drone,1.0,,59afc338d05a30b5a700,train,False
data/raw/ddl/audio/drone/drone_3577.wav,ddl,drone,1.0,,59afc338d05a30b5a700,train,False
data/raw/ddl/audio/drone/drone_3578.wav,ddl,drone,1.0,,59afc338d05a30b5a700,train,False
data/raw/ddl/audio/drone/drone_3579.wav,ddl,drone,1.0,,59afc338d05a30b5a700,train,False
data/raw/ddl/audio/drone/drone_3580.wav,ddl,drone,1.0,,59afc338d05a30b5a700,train,False
data/raw/ddl/audio/drone/drone_3581.wav,ddl,drone,1.0,,59afc338d05a30b5a700,train,False
data/raw/ddl/audio/drone/drone_3582.wav,ddl,drone,1.0,,59afc338d05a30b5a700,train,False
data/raw/ddl/audio/drone/drone_3583.wav,ddl,drone,1.0,,59afc338d05a30b5a700,train,False
data/raw/ddl/audio/drone/drone_3584.wav,ddl,drone,1.0,,59afc338d05a30b5a700,train,False
data/raw/ddl/audio/drone/drone_3585.wav,ddl,drone,1.0,,59afc338d05a30b5a700,train,False
data/raw/ddl/audio/drone/drone_3586.wav,ddl,drone,1.0,,59afc338d05a30b5a700,train,False
data/raw/ddl/audio/drone/drone_3587.wav,ddl,drone,1.0,,59afc338d05a30b5a700,train,False
data/raw/ddl/audio/drone/drone_3588.wav,ddl,drone,1.0,,59afc338d05a30b5a700,train,False
data/raw/ddl/audio/drone/drone_3589.wav,ddl,drone,1.0,,59afc338d05a30b5a700,train,False
data/raw/ddl/audio/drone/drone_3590.wav,ddl,drone,1.0,,59afc338d05a30b5a700,train,False
data/raw/ddl/audio/drone/drone_3591.wav,ddl,drone,1.0,,59afc338d05a30b5a700,train,False
data/raw/ddl/audio/drone/drone_3592.wav,ddl,drone,1.0,,59afc338d05a30b5a700,train,False
data/raw/ddl/audio/drone/drone_3593.wav,ddl,drone,1.0,,59afc338d05a30b5a700,train,False
data/raw/ddl/audio/drone/drone_3594.wav,ddl,drone,1.0,,5a4fc4883ec3f7dbd228,train,False
data/raw/ddl/audio/drone/drone_3595.wav,ddl,drone,1.0,,5a4fc4883ec3f7dbd228,train,False
data/raw/ddl/audio/drone/drone_3596.wav,ddl,drone,1.0,,5a4fc4883ec3f7dbd228,train,False
data/raw/ddl/audio/drone/drone_3597.wav,ddl,drone,1.0,,5a4fc4883ec3f7dbd228,train,False
data/raw/ddl/audio/drone/drone_3598.wav,ddl,drone,1.0,,5a4fc4883ec3f7dbd228,train,False
data/raw/ddl/audio/drone/drone_3599.wav,ddl,drone,1.0,,5a4fc4883ec3f7dbd228,train,False
data/raw/ddl/audio/drone/drone_3600.wav,ddl,drone,1.0,,5a4fc4883ec3f7dbd228,train,False
data/raw/ddl/audio/drone/drone_3601.wav,ddl,drone,1.0,,5a4fc4883ec3f7dbd228,train,False
data/raw/ddl/audio/drone/drone_3602.wav,ddl,drone,1.0,,5a4fc4883ec3f7dbd228,train,False
data/raw/ddl/audio/drone/drone_3603.wav,ddl,drone,1.0,,5a4fc4883ec3f7dbd228,train,False
data/raw/ddl/audio/drone/drone_3604.wav,ddl,drone,1.0,,5a4fc4883ec3f7dbd228,train,False
data/raw/ddl/audio/drone/drone_3605.wav,ddl,drone,1.0,,5a4fc4883ec3f7dbd228,train,False
data/raw/ddl/audio/drone/drone_3606.wav,ddl,drone,1.0,,5a4fc4883ec3f7dbd228,train,False
data/raw/ddl/audio/drone/drone_3607.wav,ddl,drone,1.0,,5a4fc4883ec3f7dbd228,train,False
data/raw/ddl/audio/drone/drone_3608.wav,ddl,drone,1.0,,5a4fc4883ec3f7dbd228,train,False
data/raw/ddl/audio/drone/drone_3609.wav,ddl,drone,1.0,,5a4fc4883ec3f7dbd228,train,False
data/raw/ddl/audio/drone/drone_3610.wav,ddl,drone,1.0,,5a4fc4883ec3f7dbd228,train,False
data/raw/ddl/audio/drone/drone_3611.wav,ddl,drone,1.0,,5a4fc4883ec3f7dbd228,train,False
data/raw/ddl/audio/drone/drone_3612.wav,ddl,drone,1.0,,5a4fc4883ec3f7dbd228,train,False
data/raw/ddl/audio/drone/drone_3613.wav,ddl,drone,1.0,,5a4fc4883ec3f7dbd228,train,False
data/raw/ddl/audio/drone/drone_3614.wav,ddl,drone,1.0,,5a4fc4883ec3f7dbd228,train,False
data/raw/ddl/audio/drone/drone_3615.wav,ddl,drone,1.0,,5a4fc4883ec3f7dbd228,train,False
data/raw/ddl/audio/drone/drone_3616.wav,ddl,drone,1.0,,5a4fc4883ec3f7dbd228,train,False
data/raw/ddl/audio/drone/drone_3617.wav,ddl,drone,1.0,,5a4fc4883ec3f7dbd228,train,False
data/raw/ddl/audio/drone/drone_3618.wav,ddl,drone,1.0,,5a4fc4883ec3f7dbd228,train,False
data/raw/ddl/audio/drone/drone_3619.wav,ddl,drone,1.0,,5a4fc4883ec3f7dbd228,train,False
data/raw/ddl/audio/drone/drone_3620.wav,ddl,drone,1.0,,5a4fc4883ec3f7dbd228,train,False
data/raw/ddl/audio/drone/drone_3621.wav,ddl,drone,1.0,,5a4fc4883ec3f7dbd228,train,False
data/raw/ddl/audio/drone/drone_3622.wav,ddl,drone,1.0,,5a4fc4883ec3f7dbd228,train,False
data/raw/ddl/audio/drone/drone_3623.wav,ddl,drone,1.0,,5a4fc4883ec3f7dbd228,train,False
data/raw/ddl/audio/drone/drone_3624.wav,ddl,drone,1.0,,5a4fc4883ec3f7dbd228,train,False
data/raw/ddl/audio/drone/drone_3625.wav,ddl,drone,1.0,,5a4fc4883ec3f7dbd228,train,False
data/raw/ddl/audio/drone/drone_3626.wav,ddl,drone,1.0,,5a4fc4883ec3f7dbd228,train,False
data/raw/ddl/audio/drone/drone_3627.wav,ddl,drone,1.0,,5a4fc4883ec3f7dbd228,train,False
data/raw/ddl/audio/drone/drone_3628.wav,ddl,drone,1.0,,5a4fc4883ec3f7dbd228,train,False
data/raw/ddl/audio/drone/drone_3629.wav,ddl,drone,1.0,,5a4fc4883ec3f7dbd228,train,False
data/raw/ddl/audio/drone/drone_3630.wav,ddl,drone,1.0,,5a4fc4883ec3f7dbd228,train,False
data/raw/ddl/audio/drone/drone_3631.wav,ddl,drone,1.0,,5a4fc4883ec3f7dbd228,train,False
data/raw/ddl/audio/drone/drone_3632.wav,ddl,drone,1.0,,5a4fc4883ec3f7dbd228,train,False
data/raw/ddl/audio/drone/drone_3633.wav,ddl,drone,1.0,,5a4fc4883ec3f7dbd228,train,False
data/raw/ddl/audio/drone/drone_3634.wav,ddl,drone,1.0,,5a4fc4883ec3f7dbd228,train,False
data/raw/ddl/audio/drone/drone_3635.wav,ddl,drone,1.0,,5a4fc4883ec3f7dbd228,train,False
data/raw/ddl/audio/drone/drone_3636.wav,ddl,drone,1.0,,5a4fc4883ec3f7dbd228,train,False
data/raw/ddl/audio/drone/drone_3637.wav,ddl,drone,1.0,,5a4fc4883ec3f7dbd228,train,False
data/raw/ddl/audio/drone/drone_3638.wav,ddl,drone,1.0,,5a4fc4883ec3f7dbd228,train,False
data/raw/ddl/audio/drone/drone_3639.wav,ddl,drone,1.0,,5a4fc4883ec3f7dbd228,train,False
data/raw/ddl/audio/drone/drone_3640.wav,ddl,drone,1.0,,5a4fc4883ec3f7dbd228,train,False
data/raw/ddl/audio/drone/drone_3641.wav,ddl,drone,1.0,,5a4fc4883ec3f7dbd228,train,False
data/raw/ddl/audio/drone/drone_3642.wav,ddl,drone,1.0,,5a4fc4883ec3f7dbd228,train,False
data/raw/ddl/audio/drone/drone_3643.wav,ddl,drone,1.0,,5a4fc4883ec3f7dbd228,train,False
data/raw/ddl/audio/drone/drone_3644.wav,ddl,drone,1.0,,5a4fc4883ec3f7dbd228,train,False
data/raw/ddl/audio/drone/drone_3645.wav,ddl,drone,1.0,,5a4fc4883ec3f7dbd228,train,False
data/raw/ddl/audio/drone/drone_3646.wav,ddl,drone,1.0,,5a4fc4883ec3f7dbd228,train,False
data/raw/ddl/audio/drone/drone_3647.wav,ddl,drone,1.0,,5a4fc4883ec3f7dbd228,train,False
data/raw/ddl/audio/drone/drone_3648.wav,ddl,drone,1.0,,5a4fc4883ec3f7dbd228,train,False
data/raw/ddl/audio/drone/drone_3649.wav,ddl,drone,1.0,,5a4fc4883ec3f7dbd228,train,False
data/raw/ddl/audio/drone/drone_3650.wav,ddl,drone,1.0,,5a4fc4883ec3f7dbd228,train,False
data/raw/ddl/audio/drone/drone_3651.wav,ddl,drone,1.0,,5a4fc4883ec3f7dbd228,train,False
data/raw/ddl/audio/drone/drone_3652.wav,ddl,drone,1.0,,5a4fc4883ec3f7dbd228,train,False
data/raw/ddl/audio/drone/drone_3653.wav,ddl,drone,1.0,,5a4fc4883ec3f7dbd228,train,False
data/raw/ddl/audio/drone/drone_3654.wav,ddl,drone,1.0,,5a4fc4883ec3f7dbd228,train,False
data/raw/ddl/audio/drone/drone_3655.wav,ddl,drone,1.0,,5a4fc4883ec3f7dbd228,train,False
data/raw/ddl/audio/drone/drone_3656.wav,ddl,drone,1.0,,5a4fc4883ec3f7dbd228,train,False
data/raw/ddl/audio/drone/drone_3657.wav,ddl,drone,1.0,,5a4fc4883ec3f7dbd228,train,False
data/raw/ddl/audio/drone/drone_3658.wav,ddl,drone,1.0,,5a4fc4883ec3f7dbd228,train,False
data/raw/ddl/audio/drone/drone_3659.wav,ddl,drone,1.0,,5a4fc4883ec3f7dbd228,train,False
data/raw/ddl/audio/drone/drone_3660.wav,ddl,drone,1.0,,5a4fc4883ec3f7dbd228,train,False
data/raw/ddl/audio/drone/drone_3661.wav,ddl,drone,1.0,,5a4fc4883ec3f7dbd228,train,False
data/raw/ddl/audio/drone/drone_3662.wav,ddl,drone,1.0,,5a4fc4883ec3f7dbd228,train,False
data/raw/ddl/audio/drone/drone_3663.wav,ddl,drone,1.0,,5a4fc4883ec3f7dbd228,train,False
data/raw/ddl/audio/drone/drone_3664.wav,ddl,drone,1.0,,5a4fc4883ec3f7dbd228,train,False
data/raw/ddl/audio/drone/drone_3665.wav,ddl,drone,1.0,,5a4fc4883ec3f7dbd228,train,False
data/raw/ddl/audio/drone/drone_3666.wav,ddl,drone,1.0,,5a4fc4883ec3f7dbd228,train,False
data/raw/ddl/audio/drone/drone_3667.wav,ddl,drone,1.0,,5a4fc4883ec3f7dbd228,train,False
data/raw/ddl/audio/drone/drone_3668.wav,ddl,drone,1.0,,5a4fc4883ec3f7dbd228,train,False
data/raw/ddl/audio/drone/drone_3669.wav,ddl,drone,1.0,,5a4fc4883ec3f7dbd228,train,False
data/raw/ddl/audio/drone/drone_3670.wav,ddl,drone,1.0,,5a4fc4883ec3f7dbd228,train,False
data/raw/ddl/audio/drone/drone_3671.wav,ddl,drone,1.0,,5a4fc4883ec3f7dbd228,train,False
data/raw/ddl/audio/drone/drone_3672.wav,ddl,drone,1.0,,5a4fc4883ec3f7dbd228,train,False
data/raw/ddl/audio/drone/drone_3673.wav,ddl,drone,1.0,,5a4fc4883ec3f7dbd228,train,False
data/raw/ddl/audio/drone/drone_3674.wav,ddl,drone,1.0,,5a4fc4883ec3f7dbd228,train,False
data/raw/ddl/audio/drone/drone_3675.wav,ddl,drone,1.0,,5a4fc4883ec3f7dbd228,train,False
data/raw/ddl/audio/drone/drone_3676.wav,ddl,drone,1.0,,5a4fc4883ec3f7dbd228,train,False
data/raw/ddl/audio/drone/drone_3677.wav,ddl,drone,1.0,,5a4fc4883ec3f7dbd228,train,False
data/raw/ddl/audio/drone/drone_3678.wav,ddl,drone,1.0,,5a4fc4883ec3f7dbd228,train,False
data/raw/ddl/audio/drone/drone_3679.wav,ddl,drone,1.0,,5a4fc4883ec3f7dbd228,train,False
data/raw/ddl/audio/drone/drone_3680.wav,ddl,drone,1.0,,5a4fc4883ec3f7dbd228,train,False
data/raw/ddl/audio/drone/drone_3681.wav,ddl,drone,1.0,,5a4fc4883ec3f7dbd228,train,False
data/raw/ddl/audio/drone/drone_3682.wav,ddl,drone,1.0,,5a4fc4883ec3f7dbd228,train,False
data/raw/ddl/audio/drone/drone_3683.wav,ddl,drone,1.0,,5a4fc4883ec3f7dbd228,train,False
data/raw/ddl/audio/drone/drone_3684.wav,ddl,drone,1.0,,5a4fc4883ec3f7dbd228,train,False
data/raw/ddl/audio/drone/drone_3685.wav,ddl,drone,1.0,,5a4fc4883ec3f7dbd228,train,False
data/raw/ddl/audio/drone/drone_3686.wav,ddl,drone,1.0,,5a4fc4883ec3f7dbd228,train,False
data/raw/ddl/audio/drone/drone_3687.wav,ddl,drone,1.0,,5a4fc4883ec3f7dbd228,train,False
data/raw/ddl/audio/drone/drone_3688.wav,ddl,drone,1.0,,5a4fc4883ec3f7dbd228,train,False
data/raw/ddl/audio/drone/drone_3689.wav,ddl,drone,1.0,,5a4fc4883ec3f7dbd228,train,False
data/raw/ddl/audio/drone/drone_3690.wav,ddl,drone,1.0,,5a4fc4883ec3f7dbd228,train,False
data/raw/ddl/audio/drone/drone_3691.wav,ddl,drone,1.0,,5a4fc4883ec3f7dbd228,train,False
data/raw/ddl/audio/drone/drone_3692.wav,ddl,drone,1.0,,5a4fc4883ec3f7dbd228,train,False
data/raw/ddl/audio/drone/drone_3693.wav,ddl,drone,1.0,,5a4fc4883ec3f7dbd228,train,False
data/raw/ddl/audio/drone/drone_3694.wav,ddl,drone,1.0,,5a4fc4883ec3f7dbd228,train,False
data/raw/ddl/audio/drone/drone_3695.wav,ddl,drone,1.0,,5a4fc4883ec3f7dbd228,train,False
data/raw/ddl/audio/drone/drone_3696.wav,ddl,drone,1.0,,5a4fc4883ec3f7dbd228,train,False
data/raw/ddl/audio/drone/drone_3697.wav,ddl,drone,1.0,,5a4fc4883ec3f7dbd228,train,False
data/raw/ddl/audio/drone/drone_3698.wav,ddl,drone,1.0,,5a4fc4883ec3f7dbd228,train,False
data/raw/ddl/audio/drone/drone_3699.wav,ddl,drone,1.0,,5a4fc4883ec3f7dbd228,train,False
data/raw/ddl/audio/drone/drone_3700.wav,ddl,drone,1.0,,5a4fc4883ec3f7dbd228,train,False
data/raw/ddl/audio/drone/drone_3701.wav,ddl,drone,1.0,,5a4fc4883ec3f7dbd228,train,False
data/raw/ddl/audio/drone/drone_3702.wav,ddl,drone,1.0,,5a4fc4883ec3f7dbd228,train,False
data/raw/ddl/audio/drone/drone_3703.wav,ddl,drone,1.0,,5a4fc4883ec3f7dbd228,train,False
data/raw/ddl/audio/drone/drone_3704.wav,ddl,drone,1.0,,5a4fc4883ec3f7dbd228,train,False
data/raw/ddl/audio/drone/drone_3705.wav,ddl,drone,1.0,,5a4fc4883ec3f7dbd228,train,False
data/raw/ddl/audio/drone/drone_3706.wav,ddl,drone,1.0,,5a4fc4883ec3f7dbd228,train,False
data/raw/ddl/audio/drone/drone_3707.wav,ddl,drone,1.0,,5a4fc4883ec3f7dbd228,train,False
data/raw/ddl/audio/drone/drone_3708.wav,ddl,drone,1.0,,5a4fc4883ec3f7dbd228,train,False
data/raw/ddl/audio/drone/drone_3709.wav,ddl,drone,1.0,,5a4fc4883ec3f7dbd228,train,False
data/raw/ddl/audio/drone/drone_3710.wav,ddl,drone,1.0,,5a4fc4883ec3f7dbd228,train,False
data/raw/ddl/audio/drone/drone_3711.wav,ddl,drone,1.0,,5a4fc4883ec3f7dbd228,train,False
data/raw/ddl/audio/drone/drone_3712.wav,ddl,drone,1.0,,5a4fc4883ec3f7dbd228,train,False
data/raw/ddl/audio/drone/drone_3713.wav,ddl,drone,1.0,,5a4fc4883ec3f7dbd228,train,False
data/raw/ddl/audio/drone/drone_3714.wav,ddl,drone,1.0,,5a4fc4883ec3f7dbd228,train,False
data/raw/ddl/audio/drone/drone_3715.wav,ddl,drone,1.0,,5a4fc4883ec3f7dbd228,train,False
data/raw/ddl/audio/drone/drone_3716.wav,ddl,drone,1.0,,5a4fc4883ec3f7dbd228,train,False
data/raw/ddl/audio/drone/drone_3717.wav,ddl,drone,1.0,,5a4fc4883ec3f7dbd228,train,False
data/raw/ddl/audio/drone/drone_3718.wav,ddl,drone,1.0,,5a4fc4883ec3f7dbd228,train,False
data/raw/ddl/audio/drone/drone_3719.wav,ddl,drone,1.0,,5a4fc4883ec3f7dbd228,train,False
data/raw/ddl/audio/drone/drone_3720.wav,ddl,drone,1.0,,5a4fc4883ec3f7dbd228,train,False
data/raw/ddl/audio/drone/drone_3721.wav,ddl,drone,1.0,,5a4fc4883ec3f7dbd228,train,False
data/raw/ddl/audio/drone/drone_3722.wav,ddl,drone,1.0,,5a4fc4883ec3f7dbd228,train,False
data/raw/ddl/audio/drone/drone_3723.wav,ddl,drone,1.0,,5a4fc4883ec3f7dbd228,train,False
data/raw/ddl/audio/drone/drone_3724.wav,ddl,drone,1.0,,5a4fc4883ec3f7dbd228,train,False
data/raw/ddl/audio/drone/drone_3725.wav,ddl,drone,1.0,,5a4fc4883ec3f7dbd228,train,False
data/raw/ddl/audio/drone/drone_3726.wav,ddl,drone,1.0,,5a4fc4883ec3f7dbd228,train,False
data/raw/ddl/audio/drone/drone_3727.wav,ddl,drone,1.0,,5a4fc4883ec3f7dbd228,train,False
data/raw/ddl/audio/drone/drone_3728.wav,ddl,drone,1.0,,5a4fc4883ec3f7dbd228,train,False
data/raw/ddl/audio/drone/drone_3729.wav,ddl,drone,1.0,,5a4fc4883ec3f7dbd228,train,False
data/raw/ddl/audio/drone/drone_3730.wav,ddl,drone,1.0,,5a4fc4883ec3f7dbd228,train,False
data/raw/ddl/audio/drone/drone_3731.wav,ddl,drone,1.0,,5a4fc4883ec3f7dbd228,train,False
data/raw/ddl/audio/drone/drone_3732.wav,ddl,drone,1.0,,5a4fc4883ec3f7dbd228,train,False
data/raw/ddl/audio/drone/drone_3733.wav,ddl,drone,1.0,,5a4fc4883ec3f7dbd228,train,False
data/raw/ddl/audio/drone/drone_3734.wav,ddl,drone,1.0,,5a4fc4883ec3f7dbd228,train,False
data/raw/ddl/audio/drone/drone_3735.wav,ddl,drone,1.0,,5a4fc4883ec3f7dbd228,train,False
data/raw/ddl/audio/drone/drone_3736.wav,ddl,drone,1.0,,5a4fc4883ec3f7dbd228,train,False
data/raw/ddl/audio/drone/drone_3737.wav,ddl,drone,1.0,,5a4fc4883ec3f7dbd228,train,False
data/raw/ddl/audio/drone/drone_3738.wav,ddl,drone,1.0,,5a4fc4883ec3f7dbd228,train,False
data/raw/ddl/audio/drone/drone_3739.wav,ddl,drone,1.0,,5a4fc4883ec3f7dbd228,train,False
data/raw/ddl/audio/drone/drone_3740.wav,ddl,drone,1.0,,5a4fc4883ec3f7dbd228,train,False
data/raw/ddl/audio/drone/drone_3741.wav,ddl,drone,1.0,,5a4fc4883ec3f7dbd228,train,False
data/raw/ddl/audio/drone/drone_3742.wav,ddl,drone,1.0,,5a4fc4883ec3f7dbd228,train,False
data/raw/ddl/audio/drone/drone_3743.wav,ddl,drone,1.0,,5a4fc4883ec3f7dbd228,train,False
data/raw/ddl/audio/drone/drone_3744.wav,ddl,drone,1.0,,5a4fc4883ec3f7dbd228,train,False
data/raw/ddl/audio/drone/drone_3745.wav,ddl,drone,1.0,,5a4fc4883ec3f7dbd228,train,False
data/raw/ddl/audio/drone/drone_3746.wav,ddl,drone,1.0,,5a4fc4883ec3f7dbd228,train,False
data/raw/ddl/audio/drone/drone_3747.wav,ddl,drone,1.0,,5a4fc4883ec3f7dbd228,train,False
data/raw/ddl/audio/drone/drone_3748.wav,ddl,drone,1.0,,5a4fc4883ec3f7dbd228,train,False
data/raw/ddl/audio/drone/drone_3749.wav,ddl,drone,1.0,,5a4fc4883ec3f7dbd228,train,False
data/raw/ddl/audio/drone/drone_3750.wav,ddl,drone,1.0,,5a4fc4883ec3f7dbd228,train,False
data/raw/ddl/audio/drone/drone_3751.wav,ddl,drone,1.0,,5a4fc4883ec3f7dbd228,train,False
data/raw/ddl/audio/drone/drone_3752.wav,ddl,drone,1.0,,5a4fc4883ec3f7dbd228,train,False
data/raw/ddl/audio/drone/drone_3753.wav,ddl,drone,1.0,,5a4fc4883ec3f7dbd228,train,False
data/raw/ddl/audio/drone/drone_3754.wav,ddl,drone,1.0,,5a4fc4883ec3f7dbd228,train,False
data/raw/ddl/audio/drone/drone_3755.wav,ddl,drone,1.0,,5a4fc4883ec3f7dbd228,train,False
data/raw/ddl/audio/drone/drone_3756.wav,ddl,drone,1.0,,5a4fc4883ec3f7dbd228,train,False
data/raw/ddl/audio/drone/drone_3757.wav,ddl,drone,1.0,,5a4fc4883ec3f7dbd228,train,False
data/raw/ddl/audio/drone/drone_3758.wav,ddl,drone,1.0,,5a4fc4883ec3f7dbd228,train,False
data/raw/ddl/audio/drone/drone_3759.wav,ddl,drone,1.0,,5a4fc4883ec3f7dbd228,train,False
data/raw/ddl/audio/drone/drone_3760.wav,ddl,drone,1.0,,5a4fc4883ec3f7dbd228,train,False
data/raw/ddl/audio/drone/drone_3761.wav,ddl,drone,1.0,,5a4fc4883ec3f7dbd228,train,False
data/raw/ddl/audio/drone/drone_3762.wav,ddl,drone,1.0,,5a4fc4883ec3f7dbd228,train,False
data/raw/ddl/audio/drone/drone_3763.wav,ddl,drone,1.0,,5a4fc4883ec3f7dbd228,train,False
data/raw/ddl/audio/drone/drone_3764.wav,ddl,drone,1.0,,5a4fc4883ec3f7dbd228,train,False
data/raw/ddl/audio/drone/drone_3765.wav,ddl,drone,1.0,,5a4fc4883ec3f7dbd228,train,False
data/raw/ddl/audio/drone/drone_3766.wav,ddl,drone,1.0,,5a4fc4883ec3f7dbd228,train,False
data/raw/ddl/audio/drone/drone_3767.wav,ddl,drone,1.0,,5a4fc4883ec3f7dbd228,train,False
data/raw/ddl/audio/drone/drone_3768.wav,ddl,drone,1.0,,5a4fc4883ec3f7dbd228,train,False
data/raw/ddl/audio/drone/drone_3769.wav,ddl,drone,1.0,,5a4fc4883ec3f7dbd228,train,False
data/raw/ddl/audio/drone/drone_3770.wav,ddl,drone,1.0,,5a4fc4883ec3f7dbd228,train,False
data/raw/ddl/audio/drone/drone_3771.wav,ddl,drone,1.0,,5a4fc4883ec3f7dbd228,train,False
data/raw/ddl/audio/drone/drone_3772.wav,ddl,drone,1.0,,5a4fc4883ec3f7dbd228,train,False
data/raw/ddl/audio/drone/drone_3773.wav,ddl,drone,1.0,,5a4fc4883ec3f7dbd228,train,False
data/raw/ddl/audio/drone/drone_3774.wav,ddl,drone,1.0,,5a4fc4883ec3f7dbd228,train,False
data/raw/ddl/audio/drone/drone_3775.wav,ddl,drone,1.0,,5a4fc4883ec3f7dbd228,train,False
data/raw/ddl/audio/drone/drone_3776.wav,ddl,drone,1.0,,5a4fc4883ec3f7dbd228,train,False
data/raw/ddl/audio/drone/drone_3777.wav,ddl,drone,1.0,,5a4fc4883ec3f7dbd228,train,False
data/raw/ddl/audio/drone/drone_3778.wav,ddl,drone,1.0,,5a4fc4883ec3f7dbd228,train,False
data/raw/ddl/audio/drone/drone_3779.wav,ddl,drone,1.0,,5a4fc4883ec3f7dbd228,train,False
data/raw/ddl/audio/drone/drone_3780.wav,ddl,drone,1.0,,5a4fc4883ec3f7dbd228,train,False
data/raw/ddl/audio/drone/drone_3781.wav,ddl,drone,1.0,,5a4fc4883ec3f7dbd228,train,False
data/raw/ddl/audio/drone/drone_3782.wav,ddl,drone,1.0,,5a4fc4883ec3f7dbd228,train,False
data/raw/ddl/audio/drone/drone_3783.wav,ddl,drone,1.0,,5a4fc4883ec3f7dbd228,train,False
data/raw/ddl/audio/drone/drone_3784.wav,ddl,drone,1.0,,5a4fc4883ec3f7dbd228,train,False
data/raw/ddl/audio/drone/drone_3785.wav,ddl,drone,1.0,,5a4fc4883ec3f7dbd228,train,False
data/raw/ddl/audio/drone/drone_3786.wav,ddl,drone,1.0,,5a4fc4883ec3f7dbd228,train,False
data/raw/ddl/audio/drone/drone_3787.wav,ddl,drone,1.0,,5a4fc4883ec3f7dbd228,train,False
data/raw/ddl/audio/drone/drone_3788.wav,ddl,drone,1.0,,5a4fc4883ec3f7dbd228,train,False
data/raw/ddl/audio/drone/drone_3789.wav,ddl,drone,1.0,,5a4fc4883ec3f7dbd228,train,False
data/raw/ddl/audio/drone/drone_3790.wav,ddl,drone,1.0,,5a4fc4883ec3f7dbd228,train,False
data/raw/ddl/audio/drone/drone_3791.wav,ddl,drone,1.0,,5a4fc4883ec3f7dbd228,train,False
data/raw/ddl/audio/drone/drone_3792.wav,ddl,drone,1.0,,5a4fc4883ec3f7dbd228,train,False
data/raw/ddl/audio/drone/drone_3793.wav,ddl,drone,1.0,,5a4fc4883ec3f7dbd228,train,False
data/raw/ddl/audio/drone/drone_3794.wav,ddl,drone,1.0,,5a4fc4883ec3f7dbd228,train,False
data/raw/ddl/audio/drone/drone_3795.wav,ddl,drone,1.0,,5a4fc4883ec3f7dbd228,train,False
data/raw/ddl/audio/drone/drone_3796.wav,ddl,drone,1.0,,5a4fc4883ec3f7dbd228,train,False
data/raw/ddl/audio/drone/drone_3797.wav,ddl,drone,1.0,,5a4fc4883ec3f7dbd228,train,False
data/raw/ddl/audio/drone/drone_3798.wav,ddl,drone,1.0,,5a4fc4883ec3f7dbd228,train,False
data/raw/ddl/audio/drone/drone_3799.wav,ddl,drone,1.0,,5a4fc4883ec3f7dbd228,train,False
data/raw/ddl/audio/drone/drone_3800.wav,ddl,drone,1.0,,5a4fc4883ec3f7dbd228,train,False
data/raw/ddl/audio/drone/drone_3801.wav,ddl,drone,1.0,,5a4fc4883ec3f7dbd228,train,False
data/raw/ddl/audio/drone/drone_3802.wav,ddl,drone,1.0,,5a4fc4883ec3f7dbd228,train,False
data/raw/ddl/audio/drone/drone_3803.wav,ddl,drone,1.0,,5a4fc4883ec3f7dbd228,train,False
data/raw/ddl/audio/drone/drone_3804.wav,ddl,drone,1.0,,5a4fc4883ec3f7dbd228,train,False
data/raw/ddl/audio/drone/drone_3805.wav,ddl,drone,1.0,,5a4fc4883ec3f7dbd228,train,False
data/raw/ddl/audio/drone/drone_3806.wav,ddl,drone,1.0,,5a4fc4883ec3f7dbd228,train,False
data/raw/ddl/audio/drone/drone_3807.wav,ddl,drone,1.0,,5a4fc4883ec3f7dbd228,train,False
data/raw/ddl/audio/drone/drone_3808.wav,ddl,drone,1.0,,5a4fc4883ec3f7dbd228,train,False
data/raw/ddl/audio/drone/drone_3809.wav,ddl,drone,1.0,,5a4fc4883ec3f7dbd228,train,False
data/raw/ddl/audio/drone/drone_3810.wav,ddl,drone,1.0,,5a4fc4883ec3f7dbd228,train,False
data/raw/ddl/audio/drone/drone_3811.wav,ddl,drone,1.0,,5a4fc4883ec3f7dbd228,train,False
data/raw/ddl/audio/drone/drone_3812.wav,ddl,drone,1.0,,5a4fc4883ec3f7dbd228,train,False
data/raw/ddl/audio/drone/drone_3813.wav,ddl,drone,1.0,,5a4fc4883ec3f7dbd228,train,False
data/raw/ddl/audio/drone/drone_3814.wav,ddl,drone,1.0,,5a4fc4883ec3f7dbd228,train,False
data/raw/ddl/audio/drone/drone_3815.wav,ddl,drone,1.0,,5a4fc4883ec3f7dbd228,train,False
data/raw/ddl/audio/drone/drone_3816.wav,ddl,drone,1.0,,5a4fc4883ec3f7dbd228,train,False
data/raw/ddl/audio/drone/drone_3817.wav,ddl,drone,1.0,,5a4fc4883ec3f7dbd228,train,False
data/raw/ddl/audio/drone/drone_3818.wav,ddl,drone,1.0,,5a4fc4883ec3f7dbd228,train,False
data/raw/ddl/audio/drone/drone_3819.wav,ddl,drone,1.0,,5a4fc4883ec3f7dbd228,train,False
data/raw/ddl/audio/drone/drone_3820.wav,ddl,drone,1.0,,5a4fc4883ec3f7dbd228,train,False
data/raw/ddl/audio/drone/drone_3821.wav,ddl,drone,1.0,,5a4fc4883ec3f7dbd228,train,False
data/raw/ddl/audio/drone/drone_3822.wav,ddl,drone,1.0,,5a4fc4883ec3f7dbd228,train,False
data/raw/ddl/audio/drone/drone_3823.wav,ddl,drone,1.0,,5a4fc4883ec3f7dbd228,train,False
data/raw/ddl/audio/drone/drone_3824.wav,ddl,drone,1.0,,5a4fc4883ec3f7dbd228,train,False
data/raw/ddl/audio/drone/drone_3825.wav,ddl,drone,1.0,,5a4fc4883ec3f7dbd228,train,False
data/raw/ddl/audio/drone/drone_3826.wav,ddl,drone,1.0,,5a4fc4883ec3f7dbd228,train,False
data/raw/ddl/audio/drone/drone_3827.wav,ddl,drone,1.0,,5a4fc4883ec3f7dbd228,train,False
data/raw/ddl/audio/drone/drone_3828.wav,ddl,drone,1.0,,5a4fc4883ec3f7dbd228,train,False
data/raw/ddl/audio/drone/drone_3829.wav,ddl,drone,1.0,,5a4fc4883ec3f7dbd228,train,False
data/raw/ddl/audio/drone/drone_3830.wav,ddl,drone,1.0,,5a4fc4883ec3f7dbd228,train,False
data/raw/ddl/audio/drone/drone_3831.wav,ddl,drone,1.0,,5a4fc4883ec3f7dbd228,train,False
data/raw/ddl/audio/drone/drone_3832.wav,ddl,drone,1.0,,5a4fc4883ec3f7dbd228,train,False
data/raw/ddl/audio/drone/drone_3833.wav,ddl,drone,1.0,,5a4fc4883ec3f7dbd228,train,False
data/raw/ddl/audio/drone/drone_3834.wav,ddl,drone,1.0,,5a4fc4883ec3f7dbd228,train,False
data/raw/ddl/audio/drone/drone_3835.wav,ddl,drone,1.0,,5a4fc4883ec3f7dbd228,train,False
data/raw/ddl/audio/drone/drone_3836.wav,ddl,drone,1.0,,5a4fc4883ec3f7dbd228,train,False
data/raw/ddl/audio/drone/drone_3837.wav,ddl,drone,1.0,,5a4fc4883ec3f7dbd228,train,False
data/raw/ddl/audio/drone/drone_3838.wav,ddl,drone,1.0,,5a4fc4883ec3f7dbd228,train,False
data/raw/ddl/audio/drone/drone_3839.wav,ddl,drone,1.0,,5a4fc4883ec3f7dbd228,train,False
data/raw/ddl/audio/drone/drone_3840.wav,ddl,drone,1.0,,5a4fc4883ec3f7dbd228,train,False
data/raw/ddl/audio/drone/drone_3841.wav,ddl,drone,1.0,,5a4fc4883ec3f7dbd228,train,False
data/raw/ddl/audio/drone/drone_3842.wav,ddl,drone,1.0,,5a4fc4883ec3f7dbd228,train,False
data/raw/ddl/audio/drone/drone_3843.wav,ddl,drone,1.0,,5a4fc4883ec3f7dbd228,train,False
data/raw/ddl/audio/drone/drone_3844.wav,ddl,drone,1.0,,5a4fc4883ec3f7dbd228,train,False
data/raw/ddl/audio/drone/drone_3845.wav,ddl,drone,1.0,,5a4fc4883ec3f7dbd228,train,False
data/raw/ddl/audio/drone/drone_3846.wav,ddl,drone,1.0,,5a4fc4883ec3f7dbd228,train,False
data/raw/ddl/audio/drone/drone_3847.wav,ddl,drone,1.0,,5a4fc4883ec3f7dbd228,train,False
data/raw/ddl/audio/drone/drone_3848.wav,ddl,drone,1.0,,5a4fc4883ec3f7dbd228,train,False
data/raw/ddl/audio/drone/drone_3849.wav,ddl,drone,1.0,,5a4fc4883ec3f7dbd228,train,False
data/raw/ddl/audio/drone/drone_3850.wav,ddl,drone,1.0,,5a4fc4883ec3f7dbd228,train,False
data/raw/ddl/audio/drone/drone_3851.wav,ddl,drone,1.0,,5a4fc4883ec3f7dbd228,train,False
data/raw/ddl/audio/drone/drone_3852.wav,ddl,drone,1.0,,5a4fc4883ec3f7dbd228,train,False
data/raw/ddl/audio/drone/drone_3853.wav,ddl,drone,1.0,,5a4fc4883ec3f7dbd228,train,False
data/raw/ddl/audio/drone/drone_3854.wav,ddl,drone,1.0,,5a4fc4883ec3f7dbd228,train,False
data/raw/ddl/audio/drone/drone_3855.wav,ddl,drone,1.0,,5a4fc4883ec3f7dbd228,train,False
data/raw/ddl/audio/drone/drone_3856.wav,ddl,drone,1.0,,5a4fc4883ec3f7dbd228,train,False
data/raw/ddl/audio/drone/drone_3857.wav,ddl,drone,1.0,,5a4fc4883ec3f7dbd228,train,False
data/raw/ddl/audio/drone/drone_3858.wav,ddl,drone,1.0,,5a4fc4883ec3f7dbd228,train,False
data/raw/ddl/audio/drone/drone_3859.wav,ddl,drone,1.0,,5a4fc4883ec3f7dbd228,train,False
data/raw/ddl/audio/drone/drone_3860.wav,ddl,drone,1.0,,5a4fc4883ec3f7dbd228,train,False
data/raw/ddl/audio/drone/drone_3861.wav,ddl,drone,1.0,,5a4fc4883ec3f7dbd228,train,False
data/raw/ddl/audio/drone/drone_3862.wav,ddl,drone,1.0,,5a4fc4883ec3f7dbd228,train,False
data/raw/ddl/audio/drone/drone_3863.wav,ddl,drone,1.0,,5a4fc4883ec3f7dbd228,train,False
data/raw/ddl/audio/drone/drone_3864.wav,ddl,drone,1.0,,5a4fc4883ec3f7dbd228,train,False
data/raw/ddl/audio/drone/drone_3865.wav,ddl,drone,1.0,,5a4fc4883ec3f7dbd228,train,False
data/raw/ddl/audio/drone/drone_3866.wav,ddl,drone,1.0,,5a4fc4883ec3f7dbd228,train,False
data/raw/ddl/audio/drone/drone_3867.wav,ddl,drone,1.0,,5a4fc4883ec3f7dbd228,train,False
data/raw/ddl/audio/drone/drone_3868.wav,ddl,drone,1.0,,5a4fc4883ec3f7dbd228,train,False
data/raw/ddl/audio/drone/drone_3869.wav,ddl,drone,1.0,,5a4fc4883ec3f7dbd228,train,False
data/raw/ddl/audio/drone/drone_3870.wav,ddl,drone,1.0,,5a4fc4883ec3f7dbd228,train,False
data/raw/ddl/audio/drone/drone_3871.wav,ddl,drone,1.0,,5a4fc4883ec3f7dbd228,train,False
data/raw/ddl/audio/drone/drone_3872.wav,ddl,drone,1.0,,5a4fc4883ec3f7dbd228,train,False
data/raw/ddl/audio/drone/drone_3873.wav,ddl,drone,1.0,,5a4fc4883ec3f7dbd228,train,False
data/raw/ddl/audio/drone/drone_3874.wav,ddl,drone,1.0,,5a4fc4883ec3f7dbd228,train,False
data/raw/ddl/audio/drone/drone_3875.wav,ddl,drone,1.0,,5a4fc4883ec3f7dbd228,train,False
data/raw/ddl/audio/drone/drone_3876.wav,ddl,drone,1.0,,5a4fc4883ec3f7dbd228,train,False
data/raw/ddl/audio/drone/drone_3877.wav,ddl,drone,1.0,,5a4fc4883ec3f7dbd228,train,False
data/raw/ddl/audio/drone/drone_3878.wav,ddl,drone,1.0,,5a4fc4883ec3f7dbd228,train,False
data/raw/ddl/audio/drone/drone_3879.wav,ddl,drone,1.0,,5a4fc4883ec3f7dbd228,train,False
data/raw/ddl/audio/drone/drone_3880.wav,ddl,drone,1.0,,5a4fc4883ec3f7dbd228,train,False
data/raw/ddl/audio/drone/drone_3881.wav,ddl,drone,1.0,,5a4fc4883ec3f7dbd228,train,False
data/raw/ddl/audio/drone/drone_3882.wav,ddl,drone,1.0,,5a4fc4883ec3f7dbd228,train,False
data/raw/ddl/audio/drone/drone_3883.wav,ddl,drone,1.0,,5a4fc4883ec3f7dbd228,train,False
data/raw/ddl/audio/drone/drone_3884.wav,ddl,drone,1.0,,5a4fc4883ec3f7dbd228,train,False
data/raw/ddl/audio/drone/drone_3885.wav,ddl,drone,1.0,,5a4fc4883ec3f7dbd228,train,False
data/raw/ddl/audio/drone/drone_3886.wav,ddl,drone,1.0,,5a4fc4883ec3f7dbd228,train,False
data/raw/ddl/audio/drone/drone_3887.wav,ddl,drone,1.0,,5a4fc4883ec3f7dbd228,train,False
data/raw/ddl/audio/drone/drone_3888.wav,ddl,drone,1.0,,5a4fc4883ec3f7dbd228,train,False
data/raw/ddl/audio/drone/drone_3889.wav,ddl,drone,1.0,,5a4fc4883ec3f7dbd228,train,False
data/raw/ddl/audio/drone/drone_3890.wav,ddl,drone,1.0,,5a4fc4883ec3f7dbd228,train,False
data/raw/ddl/audio/drone/drone_3891.wav,ddl,drone,1.0,,5a4fc4883ec3f7dbd228,train,False
data/raw/ddl/audio/drone/drone_3892.wav,ddl,drone,1.0,,5a4fc4883ec3f7dbd228,train,False
data/raw/ddl/audio/drone/drone_3893.wav,ddl,drone,1.0,,5a4fc4883ec3f7dbd228,train,False
data/raw/ddl/audio/drone/drone_3894.wav,ddl,drone,1.0,,5a4fc4883ec3f7dbd228,train,False
data/raw/ddl/audio/drone/drone_3895.wav,ddl,drone,1.0,,5a4fc4883ec3f7dbd228,train,False
data/raw/ddl/audio/drone/drone_3896.wav,ddl,drone,1.0,,5a4fc4883ec3f7dbd228,train,False
data/raw/ddl/audio/drone/drone_3897.wav,ddl,drone,1.0,,5a4fc4883ec3f7dbd228,train,False
data/raw/ddl/audio/drone/drone_3898.wav,ddl,drone,1.0,,5a4fc4883ec3f7dbd228,train,False
data/raw/ddl/audio/drone/drone_3899.wav,ddl,drone,1.0,,5a4fc4883ec3f7dbd228,train,False
data/raw/ddl/audio/drone/drone_3900.wav,ddl,drone,1.0,,5a4fc4883ec3f7dbd228,train,False
data/raw/ddl/audio/drone/drone_3901.wav,ddl,drone,1.0,,5a4fc4883ec3f7dbd228,train,False
data/raw/ddl/audio/drone/drone_3902.wav,ddl,drone,1.0,,5a4fc4883ec3f7dbd228,train,False
data/raw/ddl/audio/drone/drone_3903.wav,ddl,drone,1.0,,5a4fc4883ec3f7dbd228,train,False
data/raw/ddl/audio/drone/drone_3904.wav,ddl,drone,1.0,,5a4fc4883ec3f7dbd228,train,False
data/raw/ddl/audio/drone/drone_3905.wav,ddl,drone,1.0,,5a4fc4883ec3f7dbd228,train,False
data/raw/ddl/audio/drone/drone_3906.wav,ddl,drone,1.0,,5a4fc4883ec3f7dbd228,train,False
data/raw/ddl/audio/drone/drone_3907.wav,ddl,drone,1.0,,5a4fc4883ec3f7dbd228,train,False
data/raw/ddl/audio/drone/drone_3908.wav,ddl,drone,1.0,,5a4fc4883ec3f7dbd228,train,False
data/raw/ddl/audio/drone/drone_3909.wav,ddl,drone,1.0,,5a4fc4883ec3f7dbd228,train,False
data/raw/ddl/audio/drone/drone_3910.wav,ddl,drone,1.0,,5a4fc4883ec3f7dbd228,train,False
data/raw/ddl/audio/drone/drone_3911.wav,ddl,drone,1.0,,5a4fc4883ec3f7dbd228,train,False
data/raw/ddl/audio/drone/drone_3912.wav,ddl,drone,1.0,,5a4fc4883ec3f7dbd228,train,False
data/raw/ddl/audio/drone/drone_3913.wav,ddl,drone,1.0,,5a4fc4883ec3f7dbd228,train,False
data/raw/ddl/audio/drone/drone_3914.wav,ddl,drone,1.0,,5a4fc4883ec3f7dbd228,train,False
data/raw/ddl/audio/drone/drone_3915.wav,ddl,drone,1.0,,5a4fc4883ec3f7dbd228,train,False
data/raw/ddl/audio/drone/drone_3916.wav,ddl,drone,1.0,,5a4fc4883ec3f7dbd228,train,False
data/raw/ddl/audio/drone/drone_3917.wav,ddl,drone,1.0,,5a4fc4883ec3f7dbd228,train,False
data/raw/ddl/audio/drone/drone_3918.wav,ddl,drone,1.0,,5a4fc4883ec3f7dbd228,train,False
data/raw/ddl/audio/drone/drone_3919.wav,ddl,drone,1.0,,5a4fc4883ec3f7dbd228,train,False
data/raw/ddl/audio/drone/drone_3920.wav,ddl,drone,1.0,,5a4fc4883ec3f7dbd228,train,False
data/raw/ddl/audio/drone/drone_3921.wav,ddl,drone,1.0,,5a4fc4883ec3f7dbd228,train,False
data/raw/ddl/audio/drone/drone_3922.wav,ddl,drone,1.0,,5a4fc4883ec3f7dbd228,train,False
data/raw/ddl/audio/drone/drone_3923.wav,ddl,drone,1.0,,5a4fc4883ec3f7dbd228,train,False
data/raw/ddl/audio/drone/drone_3924.wav,ddl,drone,1.0,,5a4fc4883ec3f7dbd228,train,False
data/raw/ddl/audio/drone/drone_3925.wav,ddl,drone,1.0,,5a4fc4883ec3f7dbd228,train,False
data/raw/ddl/audio/drone/drone_3926.wav,ddl,drone,1.0,,5a4fc4883ec3f7dbd228,train,False
data/raw/ddl/audio/drone/drone_3927.wav,ddl,drone,1.0,,5a4fc4883ec3f7dbd228,train,False
data/raw/ddl/audio/drone/drone_3928.wav,ddl,drone,1.0,,5a4fc4883ec3f7dbd228,train,False
data/raw/ddl/audio/drone/drone_3929.wav,ddl,drone,1.0,,5a4fc4883ec3f7dbd228,train,False
data/raw/ddl/audio/drone/drone_3930.wav,ddl,drone,1.0,,5a4fc4883ec3f7dbd228,train,False
data/raw/ddl/audio/drone/drone_3931.wav,ddl,drone,1.0,,5a4fc4883ec3f7dbd228,train,False
data/raw/ddl/audio/drone/drone_3932.wav,ddl,drone,1.0,,5a4fc4883ec3f7dbd228,train,False
data/raw/ddl/audio/drone/drone_3933.wav,ddl,drone,1.0,,5a4fc4883ec3f7dbd228,train,False
data/raw/ddl/audio/drone/drone_3934.wav,ddl,drone,1.0,,5a4fc4883ec3f7dbd228,train,False
data/raw/ddl/audio/drone/drone_3935.wav,ddl,drone,1.0,,5a4fc4883ec3f7dbd228,train,False
data/raw/ddl/audio/drone/drone_3936.wav,ddl,drone,1.0,,5a4fc4883ec3f7dbd228,train,False
data/raw/ddl/audio/drone/drone_3937.wav,ddl,drone,1.0,,5a4fc4883ec3f7dbd228,train,False
data/raw/ddl/audio/drone/drone_3938.wav,ddl,drone,1.0,,5a4fc4883ec3f7dbd228,train,False
data/raw/ddl/audio/drone/drone_3939.wav,ddl,drone,1.0,,5a4fc4883ec3f7dbd228,train,False
data/raw/ddl/audio/drone/drone_3940.wav,ddl,drone,1.0,,5a4fc4883ec3f7dbd228,train,False
data/raw/ddl/audio/drone/drone_3941.wav,ddl,drone,1.0,,5a4fc4883ec3f7dbd228,train,False
data/raw/ddl/audio/drone/drone_3942.wav,ddl,drone,1.0,,5a4fc4883ec3f7dbd228,train,False
data/raw/ddl/audio/drone/drone_3943.wav,ddl,drone,1.0,,5a4fc4883ec3f7dbd228,train,False
data/raw/ddl/audio/drone/drone_3944.wav,ddl,drone,1.0,,5a4fc4883ec3f7dbd228,train,False
data/raw/ddl/audio/drone/drone_3945.wav,ddl,drone,1.0,,5a4fc4883ec3f7dbd228,train,False
data/raw/ddl/audio/drone/drone_3946.wav,ddl,drone,1.0,,5a4fc4883ec3f7dbd228,train,False
data/raw/ddl/audio/drone/drone_3947.wav,ddl,drone,1.0,,5a4fc4883ec3f7dbd228,train,False
data/raw/ddl/audio/drone/drone_3948.wav,ddl,drone,1.0,,5a4fc4883ec3f7dbd228,train,False
data/raw/ddl/audio/drone/drone_3949.wav,ddl,drone,1.0,,5a4fc4883ec3f7dbd228,train,False
data/raw/ddl/audio/drone/drone_3950.wav,ddl,drone,1.0,,5a4fc4883ec3f7dbd228,train,False
data/raw/ddl/audio/drone/drone_3951.wav,ddl,drone,1.0,,5a4fc4883ec3f7dbd228,train,False
data/raw/ddl/audio/drone/drone_3952.wav,ddl,drone,1.0,,5a4fc4883ec3f7dbd228,train,False
data/raw/ddl/audio/drone/drone_3953.wav,ddl,drone,1.0,,5a4fc4883ec3f7dbd228,train,False
data/raw/ddl/audio/drone/drone_3954.wav,ddl,drone,1.0,,5a4fc4883ec3f7dbd228,train,False
data/raw/ddl/audio/drone/drone_3955.wav,ddl,drone,1.0,,5a4fc4883ec3f7dbd228,train,False
data/raw/ddl/audio/drone/drone_3956.wav,ddl,drone,1.0,,5a4fc4883ec3f7dbd228,train,False
data/raw/ddl/audio/drone/drone_3957.wav,ddl,drone,1.0,,5a4fc4883ec3f7dbd228,train,False
data/raw/ddl/audio/drone/drone_3958.wav,ddl,drone,1.0,,5a4fc4883ec3f7dbd228,train,False
data/raw/ddl/audio/drone/drone_3959.wav,ddl,drone,1.0,,5a4fc4883ec3f7dbd228,train,False
data/raw/ddl/audio/drone/drone_3960.wav,ddl,drone,1.0,,5a4fc4883ec3f7dbd228,train,False
data/raw/ddl/audio/drone/drone_3961.wav,ddl,drone,1.0,,5a4fc4883ec3f7dbd228,train,False
data/raw/ddl/audio/drone/drone_3962.wav,ddl,drone,1.0,,5a4fc4883ec3f7dbd228,train,False
data/raw/ddl/audio/drone/drone_3963.wav,ddl,drone,1.0,,5a4fc4883ec3f7dbd228,train,False
data/raw/ddl/audio/drone/drone_3964.wav,ddl,drone,1.0,,5a4fc4883ec3f7dbd228,train,False
data/raw/ddl/audio/drone/drone_3965.wav,ddl,drone,1.0,,5a4fc4883ec3f7dbd228,train,False
data/raw/ddl/audio/drone/drone_3966.wav,ddl,drone,1.0,,5a4fc4883ec3f7dbd228,train,False
data/raw/ddl/audio/drone/drone_3967.wav,ddl,drone,1.0,,5a4fc4883ec3f7dbd228,train,False
data/raw/ddl/audio/drone/drone_3968.wav,ddl,drone,1.0,,5a4fc4883ec3f7dbd228,train,False
data/raw/ddl/audio/drone/drone_3969.wav,ddl,drone,1.0,,5a4fc4883ec3f7dbd228,train,False
data/raw/ddl/audio/drone/drone_3970.wav,ddl,drone,1.0,,5a4fc4883ec3f7dbd228,train,False
data/raw/ddl/audio/drone/drone_3971.wav,ddl,drone,1.0,,5a4fc4883ec3f7dbd228,train,False
data/raw/ddl/audio/drone/drone_3972.wav,ddl,drone,1.0,,5a4fc4883ec3f7dbd228,train,False
data/raw/ddl/audio/drone/drone_3973.wav,ddl,drone,1.0,,5a4fc4883ec3f7dbd228,train,False
data/raw/ddl/audio/drone/drone_3974.wav,ddl,drone,1.0,,5a4fc4883ec3f7dbd228,train,False
data/raw/ddl/audio/drone/drone_3975.wav,ddl,drone,1.0,,5a4fc4883ec3f7dbd228,train,False
data/raw/ddl/audio/drone/drone_3976.wav,ddl,drone,1.0,,5a4fc4883ec3f7dbd228,train,False
data/raw/ddl/audio/drone/drone_3977.wav,ddl,drone,1.0,,5a4fc4883ec3f7dbd228,train,False
data/raw/ddl/audio/drone/drone_3978.wav,ddl,drone,1.0,,5a4fc4883ec3f7dbd228,train,False
data/raw/ddl/audio/drone/drone_3979.wav,ddl,drone,1.0,,5a4fc4883ec3f7dbd228,train,False
data/raw/ddl/audio/drone/drone_3980.wav,ddl,drone,1.0,,5a4fc4883ec3f7dbd228,train,False
data/raw/ddl/audio/drone/drone_3981.wav,ddl,drone,1.0,,5a4fc4883ec3f7dbd228,train,False
data/raw/ddl/audio/drone/drone_3982.wav,ddl,drone,1.0,,5a4fc4883ec3f7dbd228,train,False
data/raw/ddl/audio/drone/drone_3983.wav,ddl,drone,1.0,,5a4fc4883ec3f7dbd228,train,False
data/raw/ddl/audio/drone/drone_3984.wav,ddl,drone,1.0,,5a4fc4883ec3f7dbd228,train,False
data/raw/ddl/audio/drone/drone_3985.wav,ddl,drone,1.0,,5a4fc4883ec3f7dbd228,train,False
data/raw/ddl/audio/drone/drone_3986.wav,ddl,drone,1.0,,5a4fc4883ec3f7dbd228,train,False
data/raw/ddl/audio/drone/drone_3987.wav,ddl,drone,1.0,,5a4fc4883ec3f7dbd228,train,False
data/raw/ddl/audio/drone/drone_3988.wav,ddl,drone,1.0,,5a4fc4883ec3f7dbd228,train,False
data/raw/ddl/audio/drone/drone_3989.wav,ddl,drone,1.0,,5a4fc4883ec3f7dbd228,train,False
data/raw/ddl/audio/drone/drone_3990.wav,ddl,drone,1.0,,5a4fc4883ec3f7dbd228,train,False
data/raw/ddl/audio/drone/drone_3991.wav,ddl,drone,1.0,,5a4fc4883ec3f7dbd228,train,False
data/raw/ddl/audio/drone/drone_3992.wav,ddl,drone,1.0,,5a4fc4883ec3f7dbd228,train,False
data/raw/ddl/audio/drone/drone_3993.wav,ddl,drone,1.0,,5a4fc4883ec3f7dbd228,train,False
data/raw/ddl/audio/drone/drone_3994.wav,ddl,drone,1.0,,5a4fc4883ec3f7dbd228,train,False
data/raw/ddl/audio/drone/drone_3995.wav,ddl,drone,1.0,,5a4fc4883ec3f7dbd228,train,False
data/raw/ddl/audio/drone/drone_3996.wav,ddl,drone,1.0,,5a4fc4883ec3f7dbd228,train,False
data/raw/ddl/audio/drone/drone_3997.wav,ddl,drone,1.0,,5a4fc4883ec3f7dbd228,train,False
data/raw/ddl/audio/drone/drone_3998.wav,ddl,drone,1.0,,5a4fc4883ec3f7dbd228,train,False
data/raw/ddl/audio/drone/drone_3999.wav,ddl,drone,1.0,,5a4fc4883ec3f7dbd228,train,False
data/raw/ddl/audio/drone/drone_4000.wav,ddl,drone,1.0,,5a4fc4883ec3f7dbd228,train,False
data/raw/ddl/audio/drone/drone_4001.wav,ddl,drone,1.0,,5a4fc4883ec3f7dbd228,train,False
data/raw/ddl/audio/drone/drone_4002.wav,ddl,drone,1.0,,5a4fc4883ec3f7dbd228,train,False
data/raw/ddl/audio/drone/drone_4003.wav,ddl,drone,1.0,,5a4fc4883ec3f7dbd228,train,False
data/raw/ddl/audio/drone/drone_4004.wav,ddl,drone,1.0,,5a4fc4883ec3f7dbd228,train,False
data/raw/ddl/audio/drone/drone_4005.wav,ddl,drone,1.0,,5a4fc4883ec3f7dbd228,train,False
data/raw/ddl/audio/drone/drone_4006.wav,ddl,drone,1.0,,5a4fc4883ec3f7dbd228,train,False
data/raw/ddl/audio/drone/drone_4007.wav,ddl,drone,1.0,,5a4fc4883ec3f7dbd228,train,False
data/raw/ddl/audio/drone/drone_4008.wav,ddl,drone,1.0,,5a4fc4883ec3f7dbd228,train,False
data/raw/ddl/audio/drone/drone_4009.wav,ddl,drone,1.0,,5a4fc4883ec3f7dbd228,train,False
data/raw/ddl/audio/drone/drone_4010.wav,ddl,drone,1.0,,5a4fc4883ec3f7dbd228,train,False
data/raw/ddl/audio/drone/drone_4011.wav,ddl,drone,1.0,,5a4fc4883ec3f7dbd228,train,False
data/raw/ddl/audio/drone/drone_4012.wav,ddl,drone,1.0,,5a4fc4883ec3f7dbd228,train,False
data/raw/ddl/audio/drone/drone_4013.wav,ddl,drone,1.0,,5a4fc4883ec3f7dbd228,train,False
data/raw/ddl/audio/drone/drone_4014.wav,ddl,drone,1.0,,5a4fc4883ec3f7dbd228,train,False
data/raw/ddl/audio/drone/drone_4015.wav,ddl,drone,1.0,,5a4fc4883ec3f7dbd228,train,False
data/raw/ddl/audio/drone/drone_4016.wav,ddl,drone,1.0,,5a4fc4883ec3f7dbd228,train,False
data/raw/ddl/audio/drone/drone_4017.wav,ddl,drone,1.0,,5a4fc4883ec3f7dbd228,train,False
data/raw/ddl/audio/drone/drone_4018.wav,ddl,drone,1.0,,5a4fc4883ec3f7dbd228,train,False
data/raw/ddl/audio/drone/drone_4019.wav,ddl,drone,1.0,,5a4fc4883ec3f7dbd228,train,False
data/raw/ddl/audio/drone/drone_4020.wav,ddl,drone,1.0,,5a4fc4883ec3f7dbd228,train,False
data/raw/ddl/audio/drone/drone_4021.wav,ddl,drone,1.0,,5a4fc4883ec3f7dbd228,train,False
data/raw/ddl/audio/drone/drone_4022.wav,ddl,drone,1.0,,5a4fc4883ec3f7dbd228,train,False
data/raw/ddl/audio/drone/drone_4023.wav,ddl,drone,1.0,,5a4fc4883ec3f7dbd228,train,False
data/raw/ddl/audio/drone/drone_4024.wav,ddl,drone,1.0,,5a4fc4883ec3f7dbd228,train,False
data/raw/ddl/audio/drone/drone_4025.wav,ddl,drone,1.0,,5a4fc4883ec3f7dbd228,train,False
data/raw/ddl/audio/drone/drone_4026.wav,ddl,drone,1.0,,5a4fc4883ec3f7dbd228,train,False
data/raw/ddl/audio/drone/drone_4027.wav,ddl,drone,1.0,,5a4fc4883ec3f7dbd228,train,False
data/raw/ddl/audio/drone/drone_4028.wav,ddl,drone,1.0,,5a4fc4883ec3f7dbd228,train,False
data/raw/ddl/audio/drone/drone_4029.wav,ddl,drone,1.0,,5a4fc4883ec3f7dbd228,train,False
data/raw/ddl/audio/drone/drone_4030.wav,ddl,drone,1.0,,5a4fc4883ec3f7dbd228,train,False
data/raw/ddl/audio/drone/drone_4031.wav,ddl,drone,1.0,,5a4fc4883ec3f7dbd228,train,False
data/raw/ddl/audio/drone/drone_4032.wav,ddl,drone,1.0,,5a4fc4883ec3f7dbd228,train,False
data/raw/ddl/audio/drone/drone_4033.wav,ddl,drone,1.0,,5a4fc4883ec3f7dbd228,train,False
data/raw/ddl/audio/drone/drone_4034.wav,ddl,drone,1.0,,5a4fc4883ec3f7dbd228,train,False
data/raw/ddl/audio/drone/drone_4035.wav,ddl,drone,1.0,,5a4fc4883ec3f7dbd228,train,False
data/raw/ddl/audio/drone/drone_4036.wav,ddl,drone,1.0,,5a4fc4883ec3f7dbd228,train,False
data/raw/ddl/audio/drone/drone_4037.wav,ddl,drone,1.0,,5a4fc4883ec3f7dbd228,train,False
data/raw/ddl/audio/drone/drone_4038.wav,ddl,drone,1.0,,5a4fc4883ec3f7dbd228,train,False
data/raw/ddl/audio/drone/drone_4039.wav,ddl,drone,1.0,,5a4fc4883ec3f7dbd228,train,False
data/raw/ddl/audio/drone/drone_4040.wav,ddl,drone,1.0,,5a4fc4883ec3f7dbd228,train,False
data/raw/ddl/audio/drone/drone_4041.wav,ddl,drone,1.0,,5a4fc4883ec3f7dbd228,train,False
data/raw/ddl/audio/drone/drone_4042.wav,ddl,drone,1.0,,5a4fc4883ec3f7dbd228,train,False
data/raw/ddl/audio/drone/drone_4043.wav,ddl,drone,1.0,,5a4fc4883ec3f7dbd228,train,False
data/raw/ddl/audio/drone/drone_4044.wav,ddl,drone,1.0,,5a4fc4883ec3f7dbd228,train,False
data/raw/ddl/audio/drone/drone_4045.wav,ddl,drone,1.0,,5a4fc4883ec3f7dbd228,train,False
data/raw/ddl/audio/drone/drone_4046.wav,ddl,drone,1.0,,5a4fc4883ec3f7dbd228,train,False
data/raw/ddl/audio/drone/drone_4047.wav,ddl,drone,1.0,,5a4fc4883ec3f7dbd228,train,False
data/raw/ddl/audio/drone/drone_4048.wav,ddl,drone,1.0,,5a4fc4883ec3f7dbd228,train,False
data/raw/ddl/audio/drone/drone_4049.wav,ddl,drone,1.0,,5a4fc4883ec3f7dbd228,train,False
data/raw/ddl/audio/drone/drone_4050.wav,ddl,drone,1.0,,5a4fc4883ec3f7dbd228,train,False
data/raw/ddl/audio/drone/drone_4051.wav,ddl,drone,1.0,,5a4fc4883ec3f7dbd228,train,False
data/raw/ddl/audio/drone/drone_4052.wav,ddl,drone,1.0,,5a4fc4883ec3f7dbd228,train,False
data/raw/ddl/audio/drone/drone_4053.wav,ddl,drone,1.0,,5a4fc4883ec3f7dbd228,train,False
data/raw/ddl/audio/drone/drone_4054.wav,ddl,drone,1.0,,5a4fc4883ec3f7dbd228,train,False
data/raw/ddl/audio/drone/drone_4055.wav,ddl,drone,1.0,,5a4fc4883ec3f7dbd228,train,False
data/raw/ddl/audio/drone/drone_4056.wav,ddl,drone,1.0,,5a4fc4883ec3f7dbd228,train,False
data/raw/ddl/audio/drone/drone_4057.wav,ddl,drone,1.0,,5a4fc4883ec3f7dbd228,train,False
data/raw/ddl/audio/drone/drone_4058.wav,ddl,drone,1.0,,5a4fc4883ec3f7dbd228,train,False
data/raw/ddl/audio/drone/drone_4059.wav,ddl,drone,1.0,,5a4fc4883ec3f7dbd228,train,False
data/raw/ddl/audio/drone/drone_4060.wav,ddl,drone,1.0,,5a4fc4883ec3f7dbd228,train,False
data/raw/ddl/audio/drone/drone_4061.wav,ddl,drone,1.0,,5a4fc4883ec3f7dbd228,train,False
data/raw/ddl/audio/drone/drone_4062.wav,ddl,drone,1.0,,5a4fc4883ec3f7dbd228,train,False
data/raw/ddl/audio/drone/drone_4063.wav,ddl,drone,1.0,,5a4fc4883ec3f7dbd228,train,False
data/raw/ddl/audio/drone/drone_4064.wav,ddl,drone,1.0,,5a4fc4883ec3f7dbd228,train,False
data/raw/ddl/audio/drone/drone_4065.wav,ddl,drone,1.0,,5a4fc4883ec3f7dbd228,train,False
data/raw/ddl/audio/drone/drone_4066.wav,ddl,drone,1.0,,5a4fc4883ec3f7dbd228,train,False
data/raw/ddl/audio/drone/drone_4067.wav,ddl,drone,1.0,,5a4fc4883ec3f7dbd228,train,False
data/raw/ddl/audio/drone/drone_4068.wav,ddl,drone,1.0,,5a4fc4883ec3f7dbd228,train,False
data/raw/ddl/audio/drone/drone_4069.wav,ddl,drone,1.0,,5a4fc4883ec3f7dbd228,train,False
data/raw/ddl/audio/drone/drone_4070.wav,ddl,drone,1.0,,5a4fc4883ec3f7dbd228,train,False
data/raw/ddl/audio/drone/drone_4071.wav,ddl,drone,1.0,,5a4fc4883ec3f7dbd228,train,False
data/raw/ddl/audio/drone/drone_4072.wav,ddl,drone,1.0,,5a4fc4883ec3f7dbd228,train,False
data/raw/ddl/audio/drone/drone_4073.wav,ddl,drone,1.0,,5a4fc4883ec3f7dbd228,train,False
data/raw/ddl/audio/drone/drone_4074.wav,ddl,drone,1.0,,5a4fc4883ec3f7dbd228,train,False
data/raw/ddl/audio/drone/drone_4075.wav,ddl,drone,1.0,,5a4fc4883ec3f7dbd228,train,False
data/raw/ddl/audio/drone/drone_4076.wav,ddl,drone,1.0,,5a4fc4883ec3f7dbd228,train,False
data/raw/ddl/audio/drone/drone_4077.wav,ddl,drone,1.0,,5a4fc4883ec3f7dbd228,train,False
data/raw/ddl/audio/drone/drone_4078.wav,ddl,drone,1.0,,5a4fc4883ec3f7dbd228,train,False
data/raw/ddl/audio/drone/drone_4079.wav,ddl,drone,1.0,,5a4fc4883ec3f7dbd228,train,False
data/raw/ddl/audio/drone/drone_4080.wav,ddl,drone,1.0,,5a4fc4883ec3f7dbd228,train,False
data/raw/ddl/audio/drone/drone_4081.wav,ddl,drone,1.0,,5a4fc4883ec3f7dbd228,train,False
data/raw/ddl/audio/drone/drone_4082.wav,ddl,drone,1.0,,5a4fc4883ec3f7dbd228,train,False
data/raw/ddl/audio/drone/drone_4083.wav,ddl,drone,1.0,,5a4fc4883ec3f7dbd228,train,False
data/raw/ddl/audio/drone/drone_4084.wav,ddl,drone,1.0,,5a4fc4883ec3f7dbd228,train,False
data/raw/ddl/audio/drone/drone_4085.wav,ddl,drone,1.0,,5a4fc4883ec3f7dbd228,train,False
data/raw/ddl/audio/drone/drone_4086.wav,ddl,drone,1.0,,5a4fc4883ec3f7dbd228,train,False
data/raw/ddl/audio/drone/drone_4087.wav,ddl,drone,1.0,,5a4fc4883ec3f7dbd228,train,False
data/raw/ddl/audio/drone/drone_4088.wav,ddl,drone,1.0,,5a4fc4883ec3f7dbd228,train,False
data/raw/ddl/audio/drone/drone_4089.wav,ddl,drone,1.0,,5a4fc4883ec3f7dbd228,train,False
data/raw/ddl/audio/drone/drone_4090.wav,ddl,drone,1.0,,5a4fc4883ec3f7dbd228,train,False
data/raw/ddl/audio/drone/drone_4091.wav,ddl,drone,1.0,,5a4fc4883ec3f7dbd228,train,False
data/raw/ddl/audio/drone/drone_4092.wav,ddl,drone,1.0,,5a4fc4883ec3f7dbd228,train,False
data/raw/ddl/audio/drone/drone_4093.wav,ddl,drone,1.0,,5a4fc4883ec3f7dbd228,train,False
data/raw/ddl/audio/drone/drone_4094.wav,ddl,drone,1.0,,5a4fc4883ec3f7dbd228,train,False
data/raw/ddl/audio/drone/drone_4095.wav,ddl,drone,1.0,,5a4fc4883ec3f7dbd228,train,False
data/raw/ddl/audio/drone/drone_4096.wav,ddl,drone,1.0,,5a4fc4883ec3f7dbd228,train,False
data/raw/ddl/audio/drone/drone_4097.wav,ddl,drone,1.0,,5a4fc4883ec3f7dbd228,train,False
data/raw/ddl/audio/drone/drone_4098.wav,ddl,drone,1.0,,5a4fc4883ec3f7dbd228,train,False
data/raw/ddl/audio/drone/drone_4099.wav,ddl,drone,1.0,,5a4fc4883ec3f7dbd228,train,False
data/raw/ddl/audio/drone/drone_4100.wav,ddl,drone,1.0,,5a4fc4883ec3f7dbd228,train,False
data/raw/ddl/audio/drone/drone_4101.wav,ddl,drone,1.0,,5a4fc4883ec3f7dbd228,train,False
data/raw/ddl/audio/drone/drone_4102.wav,ddl,drone,1.0,,5a4fc4883ec3f7dbd228,train,False
data/raw/ddl/audio/drone/drone_4103.wav,ddl,drone,1.0,,5a4fc4883ec3f7dbd228,train,False
data/raw/ddl/audio/drone/drone_4104.wav,ddl,drone,1.0,,5a4fc4883ec3f7dbd228,train,False
data/raw/ddl/audio/drone/drone_4105.wav,ddl,drone,1.0,,5a4fc4883ec3f7dbd228,train,False
data/raw/ddl/audio/drone/drone_4106.wav,ddl,drone,1.0,,5a4fc4883ec3f7dbd228,train,False
data/raw/ddl/audio/drone/drone_4107.wav,ddl,drone,1.0,,5a4fc4883ec3f7dbd228,train,False
data/raw/ddl/audio/drone/drone_4108.wav,ddl,drone,1.0,,5a4fc4883ec3f7dbd228,train,False
data/raw/ddl/audio/drone/drone_4109.wav,ddl,drone,1.0,,5a4fc4883ec3f7dbd228,train,False
data/raw/ddl/audio/drone/drone_4110.wav,ddl,drone,1.0,,5a4fc4883ec3f7dbd228,train,False
data/raw/ddl/audio/drone/drone_4111.wav,ddl,drone,1.0,,5a4fc4883ec3f7dbd228,train,False
data/raw/ddl/audio/drone/drone_4112.wav,ddl,drone,1.0,,5a4fc4883ec3f7dbd228,train,False
data/raw/ddl/audio/drone/drone_4113.wav,ddl,drone,1.0,,5a4fc4883ec3f7dbd228,train,False
data/raw/ddl/audio/drone/drone_4114.wav,ddl,drone,1.0,,5a4fc4883ec3f7dbd228,train,False
data/raw/ddl/audio/drone/drone_4115.wav,ddl,drone,1.0,,5a4fc4883ec3f7dbd228,train,False
data/raw/ddl/audio/drone/drone_4116.wav,ddl,drone,1.0,,5a4fc4883ec3f7dbd228,train,False
data/raw/ddl/audio/drone/drone_4117.wav,ddl,drone,1.0,,5a4fc4883ec3f7dbd228,train,False
data/raw/ddl/audio/drone/drone_4118.wav,ddl,drone,1.0,,5a4fc4883ec3f7dbd228,train,False
data/raw/ddl/audio/drone/drone_4119.wav,ddl,drone,1.0,,5a4fc4883ec3f7dbd228,train,False
data/raw/ddl/audio/drone/drone_4120.wav,ddl,drone,1.0,,5a4fc4883ec3f7dbd228,train,False
data/raw/ddl/audio/drone/drone_4121.wav,ddl,drone,1.0,,5a4fc4883ec3f7dbd228,train,False
data/raw/ddl/audio/drone/drone_4122.wav,ddl,drone,1.0,,5a4fc4883ec3f7dbd228,train,False
data/raw/ddl/audio/drone/drone_4123.wav,ddl,drone,1.0,,5a4fc4883ec3f7dbd228,train,False
data/raw/ddl/audio/drone/drone_4124.wav,ddl,drone,1.0,,5a4fc4883ec3f7dbd228,train,False
data/raw/ddl/audio/drone/drone_4125.wav,ddl,drone,1.0,,5a4fc4883ec3f7dbd228,train,False
data/raw/ddl/audio/drone/drone_4126.wav,ddl,drone,1.0,,5a4fc4883ec3f7dbd228,train,False
data/raw/ddl/audio/drone/drone_4127.wav,ddl,drone,1.0,,5a4fc4883ec3f7dbd228,train,False
data/raw/ddl/audio/drone/drone_4128.wav,ddl,drone,1.0,,5a4fc4883ec3f7dbd228,train,False
data/raw/ddl/audio/drone/drone_4129.wav,ddl,drone,1.0,,5a4fc4883ec3f7dbd228,train,False
data/raw/ddl/audio/drone/drone_4130.wav,ddl,drone,1.0,,5a4fc4883ec3f7dbd228,train,False
data/raw/ddl/audio/drone/drone_4131.wav,ddl,drone,1.0,,5a4fc4883ec3f7dbd228,train,False
data/raw/ddl/audio/drone/drone_4132.wav,ddl,drone,1.0,,5a4fc4883ec3f7dbd228,train,False
data/raw/ddl/audio/drone/drone_4133.wav,ddl,drone,1.0,,5a4fc4883ec3f7dbd228,train,False
data/raw/ddl/audio/drone/drone_4134.wav,ddl,drone,1.0,,5a4fc4883ec3f7dbd228,train,False
data/raw/ddl/audio/drone/drone_4135.wav,ddl,drone,1.0,,5a4fc4883ec3f7dbd228,train,False
data/raw/ddl/audio/drone/drone_4136.wav,ddl,drone,1.0,,5a4fc4883ec3f7dbd228,train,False
data/raw/ddl/audio/drone/drone_4137.wav,ddl,drone,1.0,,5a4fc4883ec3f7dbd228,train,False
data/raw/ddl/audio/drone/drone_4138.wav,ddl,drone,1.0,,5a4fc4883ec3f7dbd228,train,False
data/raw/ddl/audio/drone/drone_4139.wav,ddl,drone,1.0,,5a4fc4883ec3f7dbd228,train,False
data/raw/ddl/audio/drone/drone_4140.wav,ddl,drone,1.0,,5a4fc4883ec3f7dbd228,train,False
data/raw/ddl/audio/drone/drone_4141.wav,ddl,drone,1.0,,5a4fc4883ec3f7dbd228,train,False
data/raw/ddl/audio/drone/drone_4142.wav,ddl,drone,1.0,,5a4fc4883ec3f7dbd228,train,False
data/raw/ddl/audio/drone/drone_4143.wav,ddl,drone,1.0,,5a4fc4883ec3f7dbd228,train,False
data/raw/ddl/audio/drone/drone_4144.wav,ddl,drone,1.0,,5a4fc4883ec3f7dbd228,train,False
data/raw/ddl/audio/drone/drone_4145.wav,ddl,drone,1.0,,5a4fc4883ec3f7dbd228,train,False
data/raw/ddl/audio/drone/drone_4146.wav,ddl,drone,1.0,,5a4fc4883ec3f7dbd228,train,False
data/raw/ddl/audio/drone/drone_4147.wav,ddl,drone,1.0,,5a4fc4883ec3f7dbd228,train,False
data/raw/ddl/audio/drone/drone_4148.wav,ddl,drone,1.0,,5a4fc4883ec3f7dbd228,train,False
data/raw/ddl/audio/drone/drone_4149.wav,ddl,drone,1.0,,5a4fc4883ec3f7dbd228,train,False
data/raw/ddl/audio/drone/drone_4150.wav,ddl,drone,1.0,,5a4fc4883ec3f7dbd228,train,False
data/raw/ddl/audio/drone/drone_4151.wav,ddl,drone,1.0,,5a4fc4883ec3f7dbd228,train,False
data/raw/ddl/audio/drone/drone_4152.wav,ddl,drone,1.0,,5a4fc4883ec3f7dbd228,train,False
data/raw/ddl/audio/drone/drone_4153.wav,ddl,drone,1.0,,5a4fc4883ec3f7dbd228,train,False
data/raw/ddl/audio/drone/drone_4154.wav,ddl,drone,1.0,,5a4fc4883ec3f7dbd228,train,False
data/raw/ddl/audio/drone/drone_4155.wav,ddl,drone,1.0,,5a4fc4883ec3f7dbd228,train,False
data/raw/ddl/audio/drone/drone_4156.wav,ddl,drone,1.0,,5a4fc4883ec3f7dbd228,train,False
data/raw/ddl/audio/drone/drone_4157.wav,ddl,drone,1.0,,5a4fc4883ec3f7dbd228,train,False
data/raw/ddl/audio/drone/drone_4158.wav,ddl,drone,1.0,,5a4fc4883ec3f7dbd228,train,False
data/raw/ddl/audio/drone/drone_4159.wav,ddl,drone,1.0,,5a4fc4883ec3f7dbd228,train,False
data/raw/ddl/audio/drone/drone_4160.wav,ddl,drone,1.0,,5a4fc4883ec3f7dbd228,train,False
data/raw/ddl/audio/drone/drone_4161.wav,ddl,drone,1.0,,5a4fc4883ec3f7dbd228,train,False
data/raw/ddl/audio/drone/drone_4162.wav,ddl,drone,1.0,,5a4fc4883ec3f7dbd228,train,False
data/raw/ddl/audio/drone/drone_4163.wav,ddl,drone,1.0,,5a4fc4883ec3f7dbd228,train,False
data/raw/ddl/audio/drone/drone_4164.wav,ddl,drone,1.0,,5a4fc4883ec3f7dbd228,train,False
data/raw/ddl/audio/drone/drone_4165.wav,ddl,drone,1.0,,5a4fc4883ec3f7dbd228,train,False
data/raw/ddl/audio/drone/drone_4166.wav,ddl,drone,1.0,,5a4fc4883ec3f7dbd228,train,False
data/raw/ddl/audio/drone/drone_4167.wav,ddl,drone,1.0,,5a4fc4883ec3f7dbd228,train,False
data/raw/ddl/audio/drone/drone_4168.wav,ddl,drone,1.0,,5a4fc4883ec3f7dbd228,train,False
data/raw/ddl/audio/drone/drone_4169.wav,ddl,drone,1.0,,5a4fc4883ec3f7dbd228,train,False
data/raw/ddl/audio/drone/drone_4170.wav,ddl,drone,1.0,,5a4fc4883ec3f7dbd228,train,False
data/raw/ddl/audio/drone/drone_4171.wav,ddl,drone,1.0,,5a4fc4883ec3f7dbd228,train,False
data/raw/ddl/audio/drone/drone_4172.wav,ddl,drone,1.0,,5a4fc4883ec3f7dbd228,train,False
data/raw/ddl/audio/drone/drone_4173.wav,ddl,drone,1.0,,5a4fc4883ec3f7dbd228,train,False
data/raw/ddl/audio/drone/drone_4174.wav,ddl,drone,1.0,,5a4fc4883ec3f7dbd228,train,False
data/raw/ddl/audio/drone/drone_4175.wav,ddl,drone,1.0,,5a4fc4883ec3f7dbd228,train,False
data/raw/ddl/audio/drone/drone_4176.wav,ddl,drone,1.0,,5a4fc4883ec3f7dbd228,train,False
data/raw/ddl/audio/drone/drone_4177.wav,ddl,drone,1.0,,5a4fc4883ec3f7dbd228,train,False
data/raw/ddl/audio/drone/drone_4178.wav,ddl,drone,1.0,,5a4fc4883ec3f7dbd228,train,False
data/raw/ddl/audio/drone/drone_4179.wav,ddl,drone,1.0,,5a4fc4883ec3f7dbd228,train,False
data/raw/ddl/audio/drone/drone_4180.wav,ddl,drone,1.0,,5a4fc4883ec3f7dbd228,train,False
data/raw/ddl/audio/drone/drone_4181.wav,ddl,drone,1.0,,5a4fc4883ec3f7dbd228,train,False
data/raw/ddl/audio/drone/drone_4182.wav,ddl,drone,1.0,,5a4fc4883ec3f7dbd228,train,False
data/raw/ddl/audio/drone/drone_4183.wav,ddl,drone,1.0,,5a4fc4883ec3f7dbd228,train,False
data/raw/ddl/audio/drone/drone_4184.wav,ddl,drone,1.0,,5a4fc4883ec3f7dbd228,train,False
data/raw/ddl/audio/drone/drone_4185.wav,ddl,drone,1.0,,b6fed39a9ab283d43c1c,train,False
data/raw/ddl/audio/drone/drone_4186.wav,ddl,drone,1.0,,b6fed39a9ab283d43c1c,train,False
data/raw/ddl/audio/drone/drone_4187.wav,ddl,drone,1.0,,b6fed39a9ab283d43c1c,train,False
data/raw/ddl/audio/drone/drone_4188.wav,ddl,drone,1.0,,b6fed39a9ab283d43c1c,train,False
data/raw/ddl/audio/drone/drone_4189.wav,ddl,drone,1.0,,b6fed39a9ab283d43c1c,train,False
data/raw/ddl/audio/drone/drone_4190.wav,ddl,drone,1.0,,b6fed39a9ab283d43c1c,train,False
data/raw/ddl/audio/drone/drone_4191.wav,ddl,drone,1.0,,b6fed39a9ab283d43c1c,train,False
data/raw/ddl/audio/drone/drone_4192.wav,ddl,drone,1.0,,b6fed39a9ab283d43c1c,train,False
data/raw/ddl/audio/drone/drone_4193.wav,ddl,drone,1.0,,b6fed39a9ab283d43c1c,train,False
data/raw/ddl/audio/drone/drone_4194.wav,ddl,drone,1.0,,b6fed39a9ab283d43c1c,train,False
data/raw/ddl/audio/drone/drone_4195.wav,ddl,drone,1.0,,b6fed39a9ab283d43c1c,train,False
data/raw/ddl/audio/drone/drone_4196.wav,ddl,drone,1.0,,b6fed39a9ab283d43c1c,train,False
data/raw/ddl/audio/drone/drone_4197.wav,ddl,drone,1.0,,b6fed39a9ab283d43c1c,train,False
data/raw/ddl/audio/drone/drone_4198.wav,ddl,drone,1.0,,b6fed39a9ab283d43c1c,train,False
data/raw/ddl/audio/drone/drone_4199.wav,ddl,drone,1.0,,b6fed39a9ab283d43c1c,train,False
data/raw/ddl/audio/drone/drone_4200.wav,ddl,drone,1.0,,b6fed39a9ab283d43c1c,train,False
data/raw/ddl/audio/drone/drone_4201.wav,ddl,drone,1.0,,b6fed39a9ab283d43c1c,train,False
data/raw/ddl/audio/drone/drone_4202.wav,ddl,drone,1.0,,b6fed39a9ab283d43c1c,train,False
data/raw/ddl/audio/drone/drone_4203.wav,ddl,drone,1.0,,b6fed39a9ab283d43c1c,train,False
data/raw/ddl/audio/drone/drone_4204.wav,ddl,drone,1.0,,b6fed39a9ab283d43c1c,train,False
data/raw/ddl/audio/drone/drone_4205.wav,ddl,drone,1.0,,b6fed39a9ab283d43c1c,train,False
data/raw/ddl/audio/drone/drone_4206.wav,ddl,drone,1.0,,b6fed39a9ab283d43c1c,train,False
data/raw/ddl/audio/drone/drone_4207.wav,ddl,drone,1.0,,b6fed39a9ab283d43c1c,train,False
data/raw/ddl/audio/drone/drone_4208.wav,ddl,drone,1.0,,b6fed39a9ab283d43c1c,train,False
data/raw/ddl/audio/drone/drone_4209.wav,ddl,drone,1.0,,b6fed39a9ab283d43c1c,train,False
data/raw/ddl/audio/drone/drone_4210.wav,ddl,drone,1.0,,b6fed39a9ab283d43c1c,train,False
data/raw/ddl/audio/drone/drone_4211.wav,ddl,drone,1.0,,b6fed39a9ab283d43c1c,train,False
data/raw/ddl/audio/drone/drone_4212.wav,ddl,drone,1.0,,b6fed39a9ab283d43c1c,train,False
data/raw/ddl/audio/drone/drone_4213.wav,ddl,drone,1.0,,b6fed39a9ab283d43c1c,train,False
data/raw/ddl/audio/drone/drone_4214.wav,ddl,drone,1.0,,b6fed39a9ab283d43c1c,train,False
data/raw/ddl/audio/drone/drone_4215.wav,ddl,drone,1.0,,b6fed39a9ab283d43c1c,train,False
data/raw/ddl/audio/drone/drone_4216.wav,ddl,drone,1.0,,b6fed39a9ab283d43c1c,train,False
data/raw/ddl/audio/drone/drone_4217.wav,ddl,drone,1.0,,b6fed39a9ab283d43c1c,train,False
data/raw/ddl/audio/drone/drone_4218.wav,ddl,drone,1.0,,b6fed39a9ab283d43c1c,train,False
data/raw/ddl/audio/drone/drone_4219.wav,ddl,drone,1.0,,b6fed39a9ab283d43c1c,train,False
data/raw/ddl/audio/drone/drone_4220.wav,ddl,drone,1.0,,b6fed39a9ab283d43c1c,train,False
data/raw/ddl/audio/drone/drone_4221.wav,ddl,drone,1.0,,b6fed39a9ab283d43c1c,train,False
data/raw/ddl/audio/drone/drone_4222.wav,ddl,drone,1.0,,b6fed39a9ab283d43c1c,train,False
data/raw/ddl/audio/drone/drone_4223.wav,ddl,drone,1.0,,b6fed39a9ab283d43c1c,train,False
data/raw/ddl/audio/drone/drone_4224.wav,ddl,drone,1.0,,b6fed39a9ab283d43c1c,train,False
data/raw/ddl/audio/drone/drone_4225.wav,ddl,drone,1.0,,b6fed39a9ab283d43c1c,train,False
data/raw/ddl/audio/drone/drone_4226.wav,ddl,drone,1.0,,b6fed39a9ab283d43c1c,train,False
data/raw/ddl/audio/drone/drone_4227.wav,ddl,drone,1.0,,b6fed39a9ab283d43c1c,train,False
data/raw/ddl/audio/drone/drone_4228.wav,ddl,drone,1.0,,b6fed39a9ab283d43c1c,train,False
data/raw/ddl/audio/drone/drone_4229.wav,ddl,drone,1.0,,b6fed39a9ab283d43c1c,train,False
data/raw/ddl/audio/drone/drone_4230.wav,ddl,drone,1.0,,b6fed39a9ab283d43c1c,train,False
data/raw/ddl/audio/drone/drone_4231.wav,ddl,drone,1.0,,b6fed39a9ab283d43c1c,train,False
data/raw/ddl/audio/drone/drone_4232.wav,ddl,drone,1.0,,b6fed39a9ab283d43c1c,train,False
data/raw/ddl/audio/drone/drone_4233.wav,ddl,drone,1.0,,b6fed39a9ab283d43c1c,train,False
data/raw/ddl/audio/drone/drone_4234.wav,ddl,drone,1.0,,b6fed39a9ab283d43c1c,train,False
data/raw/ddl/audio/drone/drone_4235.wav,ddl,drone,1.0,,b6fed39a9ab283d43c1c,train,False
data/raw/ddl/audio/drone/drone_4236.wav,ddl,drone,1.0,,b6fed39a9ab283d43c1c,train,False
data/raw/ddl/audio/drone/drone_4237.wav,ddl,drone,1.0,,b6fed39a9ab283d43c1c,train,False
data/raw/ddl/audio/drone/drone_4238.wav,ddl,drone,1.0,,b6fed39a9ab283d43c1c,train,False
data/raw/ddl/audio/drone/drone_4239.wav,ddl,drone,1.0,,b6fed39a9ab283d43c1c,train,False
data/raw/ddl/audio/drone/drone_4240.wav,ddl,drone,1.0,,b6fed39a9ab283d43c1c,train,False
data/raw/ddl/audio/drone/drone_4241.wav,ddl,drone,1.0,,b6fed39a9ab283d43c1c,train,False
data/raw/ddl/audio/drone/drone_4242.wav,ddl,drone,1.0,,b6fed39a9ab283d43c1c,train,False
data/raw/ddl/audio/drone/drone_4243.wav,ddl,drone,1.0,,b6fed39a9ab283d43c1c,train,False
data/raw/ddl/audio/drone/drone_4244.wav,ddl,drone,1.0,,b6fed39a9ab283d43c1c,train,False
data/raw/ddl/audio/drone/drone_4245.wav,ddl,drone,1.0,,b6fed39a9ab283d43c1c,train,False
data/raw/ddl/audio/drone/drone_4246.wav,ddl,drone,1.0,,b6fed39a9ab283d43c1c,train,False
data/raw/ddl/audio/drone/drone_4247.wav,ddl,drone,1.0,,b6fed39a9ab283d43c1c,train,False
data/raw/ddl/audio/drone/drone_4248.wav,ddl,drone,1.0,,b6fed39a9ab283d43c1c,train,False
data/raw/ddl/audio/drone/drone_4249.wav,ddl,drone,1.0,,b6fed39a9ab283d43c1c,train,False
data/raw/ddl/audio/drone/drone_4250.wav,ddl,drone,1.0,,b6fed39a9ab283d43c1c,train,False
data/raw/ddl/audio/drone/drone_4251.wav,ddl,drone,1.0,,b6fed39a9ab283d43c1c,train,False
data/raw/ddl/audio/drone/drone_4252.wav,ddl,drone,1.0,,b6fed39a9ab283d43c1c,train,False
data/raw/ddl/audio/drone/drone_4253.wav,ddl,drone,1.0,,b6fed39a9ab283d43c1c,train,False
data/raw/ddl/audio/drone/drone_4254.wav,ddl,drone,1.0,,b6fed39a9ab283d43c1c,train,False
data/raw/ddl/audio/drone/drone_4255.wav,ddl,drone,1.0,,b6fed39a9ab283d43c1c,train,False
data/raw/ddl/audio/drone/drone_4256.wav,ddl,drone,1.0,,b6fed39a9ab283d43c1c,train,False
data/raw/ddl/audio/drone/drone_4257.wav,ddl,drone,1.0,,b6fed39a9ab283d43c1c,train,False
data/raw/ddl/audio/drone/drone_4258.wav,ddl,drone,1.0,,b6fed39a9ab283d43c1c,train,False
data/raw/ddl/audio/drone/drone_4259.wav,ddl,drone,1.0,,b6fed39a9ab283d43c1c,train,False
data/raw/ddl/audio/drone/drone_4260.wav,ddl,drone,1.0,,b6fed39a9ab283d43c1c,train,False
data/raw/ddl/audio/drone/drone_4261.wav,ddl,drone,1.0,,b6fed39a9ab283d43c1c,train,False
data/raw/ddl/audio/drone/drone_4262.wav,ddl,drone,1.0,,b6fed39a9ab283d43c1c,train,False
data/raw/ddl/audio/drone/drone_4263.wav,ddl,drone,1.0,,b6fed39a9ab283d43c1c,train,False
data/raw/ddl/audio/drone/drone_4264.wav,ddl,drone,1.0,,b6fed39a9ab283d43c1c,train,False
data/raw/ddl/audio/drone/drone_4265.wav,ddl,drone,1.0,,b6fed39a9ab283d43c1c,train,False
data/raw/ddl/audio/drone/drone_4266.wav,ddl,drone,1.0,,b6fed39a9ab283d43c1c,train,False
data/raw/ddl/audio/drone/drone_4267.wav,ddl,drone,1.0,,b6fed39a9ab283d43c1c,train,False
data/raw/ddl/audio/drone/drone_4268.wav,ddl,drone,1.0,,b6fed39a9ab283d43c1c,train,False
data/raw/ddl/audio/drone/drone_4269.wav,ddl,drone,1.0,,b6fed39a9ab283d43c1c,train,False
data/raw/ddl/audio/drone/drone_4270.wav,ddl,drone,1.0,,b6fed39a9ab283d43c1c,train,False
data/raw/ddl/audio/drone/drone_4271.wav,ddl,drone,1.0,,b6fed39a9ab283d43c1c,train,False
data/raw/ddl/audio/drone/drone_4272.wav,ddl,drone,1.0,,b6fed39a9ab283d43c1c,train,False
data/raw/ddl/audio/drone/drone_4273.wav,ddl,drone,1.0,,b6fed39a9ab283d43c1c,train,False
data/raw/ddl/audio/drone/drone_4274.wav,ddl,drone,1.0,,b6fed39a9ab283d43c1c,train,False
data/raw/ddl/audio/drone/drone_4275.wav,ddl,drone,1.0,,b6fed39a9ab283d43c1c,train,False
data/raw/ddl/audio/drone/drone_4276.wav,ddl,drone,1.0,,b6fed39a9ab283d43c1c,train,False
data/raw/ddl/audio/drone/drone_4277.wav,ddl,drone,1.0,,b6fed39a9ab283d43c1c,train,False
data/raw/ddl/audio/drone/drone_4278.wav,ddl,drone,1.0,,b6fed39a9ab283d43c1c,train,False
data/raw/ddl/audio/drone/drone_4279.wav,ddl,drone,1.0,,b6fed39a9ab283d43c1c,train,False
data/raw/ddl/audio/drone/drone_4280.wav,ddl,drone,1.0,,b6fed39a9ab283d43c1c,train,False
data/raw/ddl/audio/drone/drone_4281.wav,ddl,drone,1.0,,b6fed39a9ab283d43c1c,train,False
data/raw/ddl/audio/drone/drone_4282.wav,ddl,drone,1.0,,b6fed39a9ab283d43c1c,train,False
data/raw/ddl/audio/drone/drone_4283.wav,ddl,drone,1.0,,b6fed39a9ab283d43c1c,train,False
data/raw/ddl/audio/drone/drone_4284.wav,ddl,drone,1.0,,b6fed39a9ab283d43c1c,train,False
data/raw/ddl/audio/drone/drone_4285.wav,ddl,drone,1.0,,b6fed39a9ab283d43c1c,train,False
data/raw/ddl/audio/drone/drone_4286.wav,ddl,drone,1.0,,b6fed39a9ab283d43c1c,train,False
data/raw/ddl/audio/drone/drone_4287.wav,ddl,drone,1.0,,b6fed39a9ab283d43c1c,train,False
data/raw/ddl/audio/drone/drone_4288.wav,ddl,drone,1.0,,b6fed39a9ab283d43c1c,train,False
data/raw/ddl/audio/drone/drone_4289.wav,ddl,drone,1.0,,b6fed39a9ab283d43c1c,train,False
data/raw/ddl/audio/drone/drone_4290.wav,ddl,drone,1.0,,b6fed39a9ab283d43c1c,train,False
data/raw/ddl/audio/drone/drone_4291.wav,ddl,drone,1.0,,b6fed39a9ab283d43c1c,train,False
data/raw/ddl/audio/drone/drone_4292.wav,ddl,drone,1.0,,b6fed39a9ab283d43c1c,train,False
data/raw/ddl/audio/drone/drone_4293.wav,ddl,drone,1.0,,b6fed39a9ab283d43c1c,train,False
data/raw/ddl/audio/drone/drone_4294.wav,ddl,drone,1.0,,b6fed39a9ab283d43c1c,train,False
data/raw/ddl/audio/drone/drone_4295.wav,ddl,drone,1.0,,b6fed39a9ab283d43c1c,train,False
data/raw/ddl/audio/drone/drone_4296.wav,ddl,drone,1.0,,b6fed39a9ab283d43c1c,train,False
data/raw/ddl/audio/drone/drone_4297.wav,ddl,drone,1.0,,b6fed39a9ab283d43c1c,train,False
data/raw/ddl/audio/drone/drone_4298.wav,ddl,drone,1.0,,b6fed39a9ab283d43c1c,train,False
data/raw/ddl/audio/drone/drone_4299.wav,ddl,drone,1.0,,b6fed39a9ab283d43c1c,train,False
data/raw/ddl/audio/drone/drone_4300.wav,ddl,drone,1.0,,b6fed39a9ab283d43c1c,train,False
data/raw/ddl/audio/drone/drone_4301.wav,ddl,drone,1.0,,b6fed39a9ab283d43c1c,train,False
data/raw/ddl/audio/drone/drone_4302.wav,ddl,drone,1.0,,b6fed39a9ab283d43c1c,train,False
data/raw/ddl/audio/drone/drone_4303.wav,ddl,drone,1.0,,b6fed39a9ab283d43c1c,train,False
data/raw/ddl/audio/drone/drone_4304.wav,ddl,drone,1.0,,b6fed39a9ab283d43c1c,train,False
data/raw/ddl/audio/drone/drone_4305.wav,ddl,drone,1.0,,b6fed39a9ab283d43c1c,train,False
data/raw/ddl/audio/drone/drone_4306.wav,ddl,drone,1.0,,b6fed39a9ab283d43c1c,train,False
data/raw/ddl/audio/drone/drone_4307.wav,ddl,drone,1.0,,b6fed39a9ab283d43c1c,train,False
data/raw/ddl/audio/drone/drone_4308.wav,ddl,drone,1.0,,b6fed39a9ab283d43c1c,train,False
data/raw/ddl/audio/drone/drone_4309.wav,ddl,drone,1.0,,b6fed39a9ab283d43c1c,train,False
data/raw/ddl/audio/drone/drone_4310.wav,ddl,drone,1.0,,b6fed39a9ab283d43c1c,train,False
data/raw/ddl/audio/drone/drone_4311.wav,ddl,drone,1.0,,b6fed39a9ab283d43c1c,train,False
data/raw/ddl/audio/drone/drone_4312.wav,ddl,drone,1.0,,b6fed39a9ab283d43c1c,train,False
data/raw/ddl/audio/drone/drone_4313.wav,ddl,drone,1.0,,b6fed39a9ab283d43c1c,train,False
data/raw/ddl/audio/drone/drone_4314.wav,ddl,drone,1.0,,b6fed39a9ab283d43c1c,train,False
data/raw/ddl/audio/drone/drone_4315.wav,ddl,drone,1.0,,b6fed39a9ab283d43c1c,train,False
data/raw/ddl/audio/drone/drone_4316.wav,ddl,drone,1.0,,b6fed39a9ab283d43c1c,train,False
data/raw/ddl/audio/drone/drone_4317.wav,ddl,drone,1.0,,b6fed39a9ab283d43c1c,train,False
data/raw/ddl/audio/drone/drone_4318.wav,ddl,drone,1.0,,b6fed39a9ab283d43c1c,train,False
data/raw/ddl/audio/drone/drone_4319.wav,ddl,drone,1.0,,b6fed39a9ab283d43c1c,train,False
data/raw/ddl/audio/drone/drone_4320.wav,ddl,drone,1.0,,b6fed39a9ab283d43c1c,train,False
data/raw/ddl/audio/drone/drone_4321.wav,ddl,drone,1.0,,b6fed39a9ab283d43c1c,train,False
data/raw/ddl/audio/drone/drone_4322.wav,ddl,drone,1.0,,b6fed39a9ab283d43c1c,train,False
data/raw/ddl/audio/drone/drone_4323.wav,ddl,drone,1.0,,b6fed39a9ab283d43c1c,train,False
data/raw/ddl/audio/drone/drone_4324.wav,ddl,drone,1.0,,b6fed39a9ab283d43c1c,train,False
data/raw/ddl/audio/drone/drone_4325.wav,ddl,drone,1.0,,b6fed39a9ab283d43c1c,train,False
data/raw/ddl/audio/drone/drone_4326.wav,ddl,drone,1.0,,b6fed39a9ab283d43c1c,train,False
data/raw/ddl/audio/drone/drone_4327.wav,ddl,drone,1.0,,b6fed39a9ab283d43c1c,train,False
data/raw/ddl/audio/drone/drone_4328.wav,ddl,drone,1.0,,b6fed39a9ab283d43c1c,train,False
data/raw/ddl/audio/drone/drone_4329.wav,ddl,drone,1.0,,b6fed39a9ab283d43c1c,train,False
data/raw/ddl/audio/drone/drone_4330.wav,ddl,drone,1.0,,b6fed39a9ab283d43c1c,train,False
data/raw/ddl/audio/drone/drone_4331.wav,ddl,drone,1.0,,b6fed39a9ab283d43c1c,train,False
data/raw/ddl/audio/drone/drone_4332.wav,ddl,drone,1.0,,b6fed39a9ab283d43c1c,train,False
data/raw/ddl/audio/drone/drone_4333.wav,ddl,drone,1.0,,b6fed39a9ab283d43c1c,train,False
data/raw/ddl/audio/drone/drone_4334.wav,ddl,drone,1.0,,b6fed39a9ab283d43c1c,train,False
data/raw/ddl/audio/drone/drone_4335.wav,ddl,drone,1.0,,b6fed39a9ab283d43c1c,train,False
data/raw/ddl/audio/drone/drone_4336.wav,ddl,drone,1.0,,b6fed39a9ab283d43c1c,train,False
data/raw/ddl/audio/drone/drone_4337.wav,ddl,drone,1.0,,b6fed39a9ab283d43c1c,train,False
data/raw/ddl/audio/drone/drone_4338.wav,ddl,drone,1.0,,b6fed39a9ab283d43c1c,train,False
data/raw/ddl/audio/drone/drone_4339.wav,ddl,drone,1.0,,b6fed39a9ab283d43c1c,train,False
data/raw/ddl/audio/drone/drone_4340.wav,ddl,drone,1.0,,b6fed39a9ab283d43c1c,train,False
data/raw/ddl/audio/drone/drone_4341.wav,ddl,drone,1.0,,b6fed39a9ab283d43c1c,train,False
data/raw/ddl/audio/drone/drone_4342.wav,ddl,drone,1.0,,b6fed39a9ab283d43c1c,train,False
data/raw/ddl/audio/drone/drone_4343.wav,ddl,drone,1.0,,b6fed39a9ab283d43c1c,train,False
data/raw/ddl/audio/drone/drone_4344.wav,ddl,drone,1.0,,b6fed39a9ab283d43c1c,train,False
data/raw/ddl/audio/drone/drone_4345.wav,ddl,drone,1.0,,b6fed39a9ab283d43c1c,train,False
data/raw/ddl/audio/drone/drone_4346.wav,ddl,drone,1.0,,b6fed39a9ab283d43c1c,train,False
data/raw/ddl/audio/drone/drone_4347.wav,ddl,drone,1.0,,b6fed39a9ab283d43c1c,train,False
data/raw/ddl/audio/drone/drone_4348.wav,ddl,drone,1.0,,b6fed39a9ab283d43c1c,train,False
data/raw/ddl/audio/drone/drone_4349.wav,ddl,drone,1.0,,b6fed39a9ab283d43c1c,train,False
data/raw/ddl/audio/drone/drone_4350.wav,ddl,drone,1.0,,8a6bdefd068301fbaaa1,train,False
data/raw/ddl/audio/drone/drone_4351.wav,ddl,drone,1.0,,8a6bdefd068301fbaaa1,train,False
data/raw/ddl/audio/drone/drone_4352.wav,ddl,drone,1.0,,8a6bdefd068301fbaaa1,train,False
data/raw/ddl/audio/drone/drone_4353.wav,ddl,drone,1.0,,8a6bdefd068301fbaaa1,train,False
data/raw/ddl/audio/drone/drone_4354.wav,ddl,drone,1.0,,8a6bdefd068301fbaaa1,train,False
data/raw/ddl/audio/drone/drone_4355.wav,ddl,drone,1.0,,8a6bdefd068301fbaaa1,train,False
data/raw/ddl/audio/drone/drone_4356.wav,ddl,drone,1.0,,8a6bdefd068301fbaaa1,train,False
data/raw/ddl/audio/drone/drone_4357.wav,ddl,drone,1.0,,8a6bdefd068301fbaaa1,train,False
data/raw/ddl/audio/drone/drone_4358.wav,ddl,drone,1.0,,8a6bdefd068301fbaaa1,train,False
data/raw/ddl/audio/drone/drone_4359.wav,ddl,drone,1.0,,8a6bdefd068301fbaaa1,train,False
data/raw/ddl/audio/drone/drone_4360.wav,ddl,drone,1.0,,8a6bdefd068301fbaaa1,train,False
data/raw/ddl/audio/drone/drone_4361.wav,ddl,drone,1.0,,8a6bdefd068301fbaaa1,train,False
data/raw/ddl/audio/drone/drone_4362.wav,ddl,drone,1.0,,8a6bdefd068301fbaaa1,train,False
data/raw/ddl/audio/drone/drone_4363.wav,ddl,drone,1.0,,8a6bdefd068301fbaaa1,train,False
data/raw/ddl/audio/drone/drone_4364.wav,ddl,drone,1.0,,8a6bdefd068301fbaaa1,train,False
data/raw/ddl/audio/drone/drone_4365.wav,ddl,drone,1.0,,8a6bdefd068301fbaaa1,train,False
data/raw/ddl/audio/drone/drone_4366.wav,ddl,drone,1.0,,8a6bdefd068301fbaaa1,train,False
data/raw/ddl/audio/drone/drone_4367.wav,ddl,drone,1.0,,8a6bdefd068301fbaaa1,train,False
data/raw/ddl/audio/drone/drone_4368.wav,ddl,drone,1.0,,8a6bdefd068301fbaaa1,train,False
data/raw/ddl/audio/drone/drone_4369.wav,ddl,drone,1.0,,8a6bdefd068301fbaaa1,train,False
data/raw/ddl/audio/drone/drone_4370.wav,ddl,drone,1.0,,8a6bdefd068301fbaaa1,train,False
data/raw/ddl/audio/drone/drone_4371.wav,ddl,drone,1.0,,8a6bdefd068301fbaaa1,train,False
data/raw/ddl/audio/drone/drone_4372.wav,ddl,drone,1.0,,8a6bdefd068301fbaaa1,train,False
data/raw/ddl/audio/drone/drone_4373.wav,ddl,drone,1.0,,8a6bdefd068301fbaaa1,train,False
data/raw/ddl/audio/drone/drone_4374.wav,ddl,drone,1.0,,8a6bdefd068301fbaaa1,train,False
data/raw/ddl/audio/drone/drone_4375.wav,ddl,drone,1.0,,8a6bdefd068301fbaaa1,train,False
data/raw/ddl/audio/drone/drone_4376.wav,ddl,drone,1.0,,8a6bdefd068301fbaaa1,train,False
data/raw/ddl/audio/drone/drone_4377.wav,ddl,drone,1.0,,8a6bdefd068301fbaaa1,train,False
data/raw/ddl/audio/drone/drone_4378.wav,ddl,drone,1.0,,8a6bdefd068301fbaaa1,train,False
data/raw/ddl/audio/drone/drone_4379.wav,ddl,drone,1.0,,8a6bdefd068301fbaaa1,train,False
data/raw/ddl/audio/drone/drone_4380.wav,ddl,drone,1.0,,8a6bdefd068301fbaaa1,train,False
data/raw/ddl/audio/drone/drone_4381.wav,ddl,drone,1.0,,8a6bdefd068301fbaaa1,train,False
data/raw/ddl/audio/drone/drone_4382.wav,ddl,drone,1.0,,8a6bdefd068301fbaaa1,train,False
data/raw/ddl/audio/drone/drone_4383.wav,ddl,drone,1.0,,8a6bdefd068301fbaaa1,train,False
data/raw/ddl/audio/drone/drone_4384.wav,ddl,drone,1.0,,8a6bdefd068301fbaaa1,train,False
data/raw/ddl/audio/drone/drone_4385.wav,ddl,drone,1.0,,8a6bdefd068301fbaaa1,train,False
data/raw/ddl/audio/drone/drone_4386.wav,ddl,drone,1.0,,8a6bdefd068301fbaaa1,train,False
data/raw/ddl/audio/drone/drone_4387.wav,ddl,drone,1.0,,8a6bdefd068301fbaaa1,train,False
data/raw/ddl/audio/drone/drone_4388.wav,ddl,drone,1.0,,8a6bdefd068301fbaaa1,train,False
data/raw/ddl/audio/drone/drone_4389.wav,ddl,drone,1.0,,8a6bdefd068301fbaaa1,train,False
data/raw/ddl/audio/drone/drone_4390.wav,ddl,drone,1.0,,8a6bdefd068301fbaaa1,train,False
data/raw/ddl/audio/drone/drone_4391.wav,ddl,drone,1.0,,8a6bdefd068301fbaaa1,train,False
data/raw/ddl/audio/drone/drone_4392.wav,ddl,drone,1.0,,8a6bdefd068301fbaaa1,train,False
data/raw/ddl/audio/drone/drone_4393.wav,ddl,drone,1.0,,8a6bdefd068301fbaaa1,train,False
data/raw/ddl/audio/drone/drone_4394.wav,ddl,drone,1.0,,8a6bdefd068301fbaaa1,train,False
data/raw/ddl/audio/drone/drone_4395.wav,ddl,drone,1.0,,8a6bdefd068301fbaaa1,train,False
data/raw/ddl/audio/drone/drone_4396.wav,ddl,drone,1.0,,8a6bdefd068301fbaaa1,train,False
data/raw/ddl/audio/drone/drone_4397.wav,ddl,drone,1.0,,8a6bdefd068301fbaaa1,train,False
data/raw/ddl/audio/drone/drone_4398.wav,ddl,drone,1.0,,8a6bdefd068301fbaaa1,train,False
data/raw/ddl/audio/drone/drone_4399.wav,ddl,drone,1.0,,8a6bdefd068301fbaaa1,train,False
data/raw/ddl/audio/drone/drone_4400.wav,ddl,drone,1.0,,8a6bdefd068301fbaaa1,train,False
data/raw/ddl/audio/drone/drone_4401.wav,ddl,drone,1.0,,8a6bdefd068301fbaaa1,train,False
data/raw/ddl/audio/drone/drone_4402.wav,ddl,drone,1.0,,8a6bdefd068301fbaaa1,train,False
data/raw/ddl/audio/drone/drone_4403.wav,ddl,drone,1.0,,8a6bdefd068301fbaaa1,train,False
data/raw/ddl/audio/drone/drone_4404.wav,ddl,drone,1.0,,8a6bdefd068301fbaaa1,train,False
data/raw/ddl/audio/drone/drone_4405.wav,ddl,drone,1.0,,8a6bdefd068301fbaaa1,train,False
data/raw/ddl/audio/drone/drone_4406.wav,ddl,drone,1.0,,8a6bdefd068301fbaaa1,train,False
data/raw/ddl/audio/drone/drone_4407.wav,ddl,drone,1.0,,8a6bdefd068301fbaaa1,train,False
data/raw/ddl/audio/drone/drone_4408.wav,ddl,drone,1.0,,8a6bdefd068301fbaaa1,train,False
data/raw/ddl/audio/drone/drone_4409.wav,ddl,drone,1.0,,8a6bdefd068301fbaaa1,train,False
data/raw/ddl/audio/drone/drone_4410.wav,ddl,drone,1.0,,8a6bdefd068301fbaaa1,train,False
data/raw/ddl/audio/drone/drone_4411.wav,ddl,drone,1.0,,8a6bdefd068301fbaaa1,train,False
data/raw/ddl/audio/drone/drone_4412.wav,ddl,drone,1.0,,8a6bdefd068301fbaaa1,train,False
data/raw/ddl/audio/drone/drone_4413.wav,ddl,drone,1.0,,8a6bdefd068301fbaaa1,train,False
data/raw/ddl/audio/drone/drone_4414.wav,ddl,drone,1.0,,8a6bdefd068301fbaaa1,train,False
data/raw/ddl/audio/drone/drone_4415.wav,ddl,drone,1.0,,8a6bdefd068301fbaaa1,train,False
data/raw/ddl/audio/drone/drone_4416.wav,ddl,drone,1.0,,8a6bdefd068301fbaaa1,train,False
data/raw/ddl/audio/drone/drone_4417.wav,ddl,drone,1.0,,8a6bdefd068301fbaaa1,train,False
data/raw/ddl/audio/drone/drone_4418.wav,ddl,drone,1.0,,8a6bdefd068301fbaaa1,train,False
data/raw/ddl/audio/drone/drone_4419.wav,ddl,drone,1.0,,e25ddf84f608897cf605,val,False
data/raw/ddl/audio/drone/drone_4420.wav,ddl,drone,1.0,,e25ddf84f608897cf605,val,False
data/raw/ddl/audio/drone/drone_4421.wav,ddl,drone,1.0,,e25ddf84f608897cf605,val,False
data/raw/ddl/audio/drone/drone_4422.wav,ddl,drone,1.0,,e25ddf84f608897cf605,val,False
data/raw/ddl/audio/drone/drone_4423.wav,ddl,drone,1.0,,e25ddf84f608897cf605,val,False
data/raw/ddl/audio/drone/drone_4424.wav,ddl,drone,1.0,,e25ddf84f608897cf605,val,False
data/raw/ddl/audio/drone/drone_4425.wav,ddl,drone,1.0,,e25ddf84f608897cf605,val,False
data/raw/ddl/audio/drone/drone_4426.wav,ddl,drone,1.0,,e25ddf84f608897cf605,val,False
data/raw/ddl/audio/drone/drone_4427.wav,ddl,drone,1.0,,e25ddf84f608897cf605,val,False
data/raw/ddl/audio/drone/drone_4428.wav,ddl,drone,1.0,,e25ddf84f608897cf605,val,False
data/raw/ddl/audio/drone/drone_4429.wav,ddl,drone,1.0,,e25ddf84f608897cf605,val,False
data/raw/ddl/audio/drone/drone_4430.wav,ddl,drone,1.0,,e25ddf84f608897cf605,val,False
data/raw/ddl/audio/drone/drone_4431.wav,ddl,drone,1.0,,e25ddf84f608897cf605,val,False
data/raw/ddl/audio/drone/drone_4432.wav,ddl,drone,1.0,,e25ddf84f608897cf605,val,False
data/raw/ddl/audio/drone/drone_4433.wav,ddl,drone,1.0,,e25ddf84f608897cf605,val,False
data/raw/ddl/audio/drone/drone_4434.wav,ddl,drone,1.0,,e25ddf84f608897cf605,val,False
data/raw/ddl/audio/drone/drone_4435.wav,ddl,drone,1.0,,e25ddf84f608897cf605,val,False
data/raw/ddl/audio/drone/drone_4436.wav,ddl,drone,1.0,,e25ddf84f608897cf605,val,False
data/raw/ddl/audio/drone/drone_4437.wav,ddl,drone,1.0,,e25ddf84f608897cf605,val,False
data/raw/ddl/audio/drone/drone_4438.wav,ddl,drone,1.0,,e25ddf84f608897cf605,val,False
data/raw/ddl/audio/drone/drone_4439.wav,ddl,drone,1.0,,e25ddf84f608897cf605,val,False
data/raw/ddl/audio/drone/drone_4440.wav,ddl,drone,1.0,,e25ddf84f608897cf605,val,False
data/raw/ddl/audio/drone/drone_4441.wav,ddl,drone,1.0,,e25ddf84f608897cf605,val,False
data/raw/ddl/audio/drone/drone_4442.wav,ddl,drone,1.0,,e25ddf84f608897cf605,val,False
data/raw/ddl/audio/drone/drone_4443.wav,ddl,drone,1.0,,e25ddf84f608897cf605,val,False
data/raw/ddl/audio/drone/drone_4444.wav,ddl,drone,1.0,,e25ddf84f608897cf605,val,False
data/raw/ddl/audio/drone/drone_4445.wav,ddl,drone,1.0,,e25ddf84f608897cf605,val,False
data/raw/ddl/audio/drone/drone_4446.wav,ddl,drone,1.0,,e25ddf84f608897cf605,val,False
data/raw/ddl/audio/drone/drone_4447.wav,ddl,drone,1.0,,e25ddf84f608897cf605,val,False
data/raw/ddl/audio/drone/drone_4448.wav,ddl,drone,1.0,,e25ddf84f608897cf605,val,False
data/raw/ddl/audio/drone/drone_4449.wav,ddl,drone,1.0,,e25ddf84f608897cf605,val,False
data/raw/ddl/audio/drone/drone_4450.wav,ddl,drone,1.0,,e25ddf84f608897cf605,val,False
data/raw/ddl/audio/drone/drone_4451.wav,ddl,drone,1.0,,e25ddf84f608897cf605,val,False
data/raw/ddl/audio/drone/drone_4452.wav,ddl,drone,1.0,,e25ddf84f608897cf605,val,False
data/raw/ddl/audio/drone/drone_4453.wav,ddl,drone,1.0,,e25ddf84f608897cf605,val,False
data/raw/ddl/audio/drone/drone_4454.wav,ddl,drone,1.0,,e25ddf84f608897cf605,val,False
data/raw/ddl/audio/drone/drone_4455.wav,ddl,drone,1.0,,e25ddf84f608897cf605,val,False
data/raw/ddl/audio/drone/drone_4456.wav,ddl,drone,1.0,,e25ddf84f608897cf605,val,False
data/raw/ddl/audio/drone/drone_4457.wav,ddl,drone,1.0,,e25ddf84f608897cf605,val,False
data/raw/ddl/audio/drone/drone_4458.wav,ddl,drone,1.0,,e25ddf84f608897cf605,val,False
data/raw/ddl/audio/drone/drone_4459.wav,ddl,drone,1.0,,e25ddf84f608897cf605,val,False
data/raw/ddl/audio/drone/drone_4460.wav,ddl,drone,1.0,,e25ddf84f608897cf605,val,False
data/raw/ddl/audio/drone/drone_4461.wav,ddl,drone,1.0,,e25ddf84f608897cf605,val,False
data/raw/ddl/audio/drone/drone_4462.wav,ddl,drone,1.0,,e25ddf84f608897cf605,val,False
data/raw/ddl/audio/drone/drone_4463.wav,ddl,drone,1.0,,e25ddf84f608897cf605,val,False
data/raw/ddl/audio/drone/drone_4464.wav,ddl,drone,1.0,,e25ddf84f608897cf605,val,False
data/raw/ddl/audio/drone/drone_4465.wav,ddl,drone,1.0,,e25ddf84f608897cf605,val,False
data/raw/ddl/audio/drone/drone_4466.wav,ddl,drone,1.0,,e25ddf84f608897cf605,val,False
data/raw/ddl/audio/drone/drone_4467.wav,ddl,drone,1.0,,e25ddf84f608897cf605,val,False
data/raw/ddl/audio/drone/drone_4468.wav,ddl,drone,1.0,,e25ddf84f608897cf605,val,False
data/raw/ddl/audio/drone/drone_4469.wav,ddl,drone,1.0,,e25ddf84f608897cf605,val,False
data/raw/ddl/audio/drone/drone_4470.wav,ddl,drone,1.0,,e25ddf84f608897cf605,val,False
data/raw/ddl/audio/drone/drone_4471.wav,ddl,drone,1.0,,e25ddf84f608897cf605,val,False
data/raw/ddl/audio/drone/drone_4472.wav,ddl,drone,1.0,,e25ddf84f608897cf605,val,False
data/raw/ddl/audio/drone/drone_4473.wav,ddl,drone,1.0,,e25ddf84f608897cf605,val,False
data/raw/ddl/audio/drone/drone_4474.wav,ddl,drone,1.0,,e25ddf84f608897cf605,val,False
data/raw/ddl/audio/drone/drone_4475.wav,ddl,drone,1.0,,e25ddf84f608897cf605,val,False
data/raw/ddl/audio/drone/drone_4476.wav,ddl,drone,1.0,,e25ddf84f608897cf605,val,False
data/raw/ddl/audio/drone/drone_4477.wav,ddl,drone,1.0,,e25ddf84f608897cf605,val,False
data/raw/ddl/audio/drone/drone_4478.wav,ddl,drone,1.0,,e25ddf84f608897cf605,val,False
data/raw/ddl/audio/drone/drone_4479.wav,ddl,drone,1.0,,e25ddf84f608897cf605,val,False
data/raw/ddl/audio/drone/drone_4480.wav,ddl,drone,1.0,,e25ddf84f608897cf605,val,False
data/raw/ddl/audio/drone/drone_4481.wav,ddl,drone,1.0,,e25ddf84f608897cf605,val,False
data/raw/ddl/audio/drone/drone_4482.wav,ddl,drone,1.0,,e25ddf84f608897cf605,val,False
data/raw/ddl/audio/drone/drone_4483.wav,ddl,drone,1.0,,e25ddf84f608897cf605,val,False
data/raw/ddl/audio/drone/drone_4484.wav,ddl,drone,1.0,,e25ddf84f608897cf605,val,False
data/raw/ddl/audio/drone/drone_4485.wav,ddl,drone,1.0,,e25ddf84f608897cf605,val,False
data/raw/ddl/audio/drone/drone_4486.wav,ddl,drone,1.0,,e25ddf84f608897cf605,val,False
data/raw/ddl/audio/drone/drone_4487.wav,ddl,drone,1.0,,e25ddf84f608897cf605,val,False
data/raw/ddl/audio/drone/drone_4488.wav,ddl,drone,1.0,,e25ddf84f608897cf605,val,False
data/raw/ddl/audio/drone/drone_4489.wav,ddl,drone,1.0,,e25ddf84f608897cf605,val,False
data/raw/ddl/audio/drone/drone_4490.wav,ddl,drone,1.0,,e25ddf84f608897cf605,val,False
data/raw/ddl/audio/drone/drone_4491.wav,ddl,drone,1.0,,e25ddf84f608897cf605,val,False
data/raw/ddl/audio/background/background_0001.wav,ddl,background,0.0,,06de92fea62d885dfcd9,train,False
data/raw/ddl/audio/background/background_0002.wav,ddl,background,0.0,,06de92fea62d885dfcd9,train,False
data/raw/ddl/audio/background/background_0003.wav,ddl,background,0.0,,06de92fea62d885dfcd9,train,False
data/raw/ddl/audio/background/background_0004.wav,ddl,background,0.0,,06de92fea62d885dfcd9,train,False
data/raw/ddl/audio/background/background_0005.wav,ddl,background,0.0,,06de92fea62d885dfcd9,train,False
data/raw/ddl/audio/background/background_0006.wav,ddl,background,0.0,,06de92fea62d885dfcd9,train,False
data/raw/ddl/audio/background/background_0007.wav,ddl,background,0.0,,06de92fea62d885dfcd9,train,False
data/raw/ddl/audio/background/background_0008.wav,ddl,background,0.0,,06de92fea62d885dfcd9,train,False
data/raw/ddl/audio/background/background_0009.wav,ddl,background,0.0,,06de92fea62d885dfcd9,train,False
data/raw/ddl/audio/background/background_0010.wav,ddl,background,0.0,,06de92fea62d885dfcd9,train,False
data/raw/ddl/audio/background/background_0011.wav,ddl,background,0.0,,06de92fea62d885dfcd9,train,False
data/raw/ddl/audio/background/background_0012.wav,ddl,background,0.0,,06de92fea62d885dfcd9,train,False
data/raw/ddl/audio/background/background_0013.wav,ddl,background,0.0,,06de92fea62d885dfcd9,train,False
data/raw/ddl/audio/background/background_0014.wav,ddl,background,0.0,,06de92fea62d885dfcd9,train,False
data/raw/ddl/audio/background/background_0015.wav,ddl,background,0.0,,06de92fea62d885dfcd9,train,False
data/raw/ddl/audio/background/background_0016.wav,ddl,background,0.0,,06de92fea62d885dfcd9,train,False
data/raw/ddl/audio/background/background_0017.wav,ddl,background,0.0,,06de92fea62d885dfcd9,train,False
data/raw/ddl/audio/background/background_0018.wav,ddl,background,0.0,,06de92fea62d885dfcd9,train,False
data/raw/ddl/audio/background/background_0019.wav,ddl,background,0.0,,06de92fea62d885dfcd9,train,False
data/raw/ddl/audio/background/background_0020.wav,ddl,background,0.0,,06de92fea62d885dfcd9,train,False
data/raw/ddl/audio/background/background_0021.wav,ddl,background,0.0,,06de92fea62d885dfcd9,train,False
data/raw/ddl/audio/background/background_0022.wav,ddl,background,0.0,,06de92fea62d885dfcd9,train,False
data/raw/ddl/audio/background/background_0023.wav,ddl,background,0.0,,06de92fea62d885dfcd9,train,False
data/raw/ddl/audio/background/background_0024.wav,ddl,background,0.0,,06de92fea62d885dfcd9,train,False
data/raw/ddl/audio/background/background_0025.wav,ddl,background,0.0,,06de92fea62d885dfcd9,train,False
data/raw/ddl/audio/background/background_0026.wav,ddl,background,0.0,,06de92fea62d885dfcd9,train,False
data/raw/ddl/audio/background/background_0027.wav,ddl,background,0.0,,06de92fea62d885dfcd9,train,False
data/raw/ddl/audio/background/background_0028.wav,ddl,background,0.0,,06de92fea62d885dfcd9,train,False
data/raw/ddl/audio/background/background_0029.wav,ddl,background,0.0,,06de92fea62d885dfcd9,train,False
data/raw/ddl/audio/background/background_0030.wav,ddl,background,0.0,,06de92fea62d885dfcd9,train,False
data/raw/ddl/audio/background/background_0031.wav,ddl,background,0.0,,06de92fea62d885dfcd9,train,False
data/raw/ddl/audio/background/background_0032.wav,ddl,background,0.0,,06de92fea62d885dfcd9,train,False
data/raw/ddl/audio/background/background_0033.wav,ddl,background,0.0,,06de92fea62d885dfcd9,train,False
data/raw/ddl/audio/background/background_0034.wav,ddl,background,0.0,,06de92fea62d885dfcd9,train,False
data/raw/ddl/audio/background/background_0035.wav,ddl,background,0.0,,06de92fea62d885dfcd9,train,False
data/raw/ddl/audio/background/background_0036.wav,ddl,background,0.0,,06de92fea62d885dfcd9,train,False
data/raw/ddl/audio/background/background_0037.wav,ddl,background,0.0,,06de92fea62d885dfcd9,train,False
data/raw/ddl/audio/background/background_0038.wav,ddl,background,0.0,,06de92fea62d885dfcd9,train,False
data/raw/ddl/audio/background/background_0039.wav,ddl,background,0.0,,06de92fea62d885dfcd9,train,False
data/raw/ddl/audio/background/background_0040.wav,ddl,background,0.0,,06de92fea62d885dfcd9,train,False
data/raw/ddl/audio/background/background_0041.wav,ddl,background,0.0,,06de92fea62d885dfcd9,train,False
data/raw/ddl/audio/background/background_0042.wav,ddl,background,0.0,,06de92fea62d885dfcd9,train,False
data/raw/ddl/audio/background/background_0043.wav,ddl,background,0.0,,06de92fea62d885dfcd9,train,False
data/raw/ddl/audio/background/background_0044.wav,ddl,background,0.0,,06de92fea62d885dfcd9,train,False
data/raw/ddl/audio/background/background_0045.wav,ddl,background,0.0,,06de92fea62d885dfcd9,train,False
data/raw/ddl/audio/background/background_0046.wav,ddl,background,0.0,,06de92fea62d885dfcd9,train,False
data/raw/ddl/audio/background/background_0047.wav,ddl,background,0.0,,06de92fea62d885dfcd9,train,False
data/raw/ddl/audio/background/background_0048.wav,ddl,background,0.0,,06de92fea62d885dfcd9,train,False
data/raw/ddl/audio/background/background_0049.wav,ddl,background,0.0,,06de92fea62d885dfcd9,train,False
data/raw/ddl/audio/background/background_0050.wav,ddl,background,0.0,,06de92fea62d885dfcd9,train,False
data/raw/ddl/audio/background/background_0051.wav,ddl,background,0.0,,02e17cd2b732ae96df32,train,False
data/raw/ddl/audio/background/background_0052.wav,ddl,background,0.0,,02e17cd2b732ae96df32,train,False
data/raw/ddl/audio/background/background_0053.wav,ddl,background,0.0,,02e17cd2b732ae96df32,train,False
data/raw/ddl/audio/background/background_0054.wav,ddl,background,0.0,,02e17cd2b732ae96df32,train,False
data/raw/ddl/audio/background/background_0055.wav,ddl,background,0.0,,02e17cd2b732ae96df32,train,False
data/raw/ddl/audio/background/background_0056.wav,ddl,background,0.0,,02e17cd2b732ae96df32,train,False
data/raw/ddl/audio/background/background_0057.wav,ddl,background,0.0,,02e17cd2b732ae96df32,train,False
data/raw/ddl/audio/background/background_0058.wav,ddl,background,0.0,,02e17cd2b732ae96df32,train,False
data/raw/ddl/audio/background/background_0059.wav,ddl,background,0.0,,02e17cd2b732ae96df32,train,False
data/raw/ddl/audio/background/background_0060.wav,ddl,background,0.0,,02e17cd2b732ae96df32,train,False
data/raw/ddl/audio/background/background_0061.wav,ddl,background,0.0,,02e17cd2b732ae96df32,train,False
data/raw/ddl/audio/background/background_0062.wav,ddl,background,0.0,,02e17cd2b732ae96df32,train,False
data/raw/ddl/audio/background/background_0063.wav,ddl,background,0.0,,02e17cd2b732ae96df32,train,False
data/raw/ddl/audio/background/background_0064.wav,ddl,background,0.0,,02e17cd2b732ae96df32,train,False
data/raw/ddl/audio/background/background_0065.wav,ddl,background,0.0,,02e17cd2b732ae96df32,train,False
data/raw/ddl/audio/background/background_0066.wav,ddl,background,0.0,,02e17cd2b732ae96df32,train,False
data/raw/ddl/audio/background/background_0067.wav,ddl,background,0.0,,02e17cd2b732ae96df32,train,False
data/raw/ddl/audio/background/background_0068.wav,ddl,background,0.0,,02e17cd2b732ae96df32,train,False
data/raw/ddl/audio/background/background_0069.wav,ddl,background,0.0,,02e17cd2b732ae96df32,train,False
data/raw/ddl/audio/background/background_0070.wav,ddl,background,0.0,,02e17cd2b732ae96df32,train,False
data/raw/ddl/audio/background/background_0071.wav,ddl,background,0.0,,02e17cd2b732ae96df32,train,False
data/raw/ddl/audio/background/background_0072.wav,ddl,background,0.0,,02e17cd2b732ae96df32,train,False
data/raw/ddl/audio/background/background_0073.wav,ddl,background,0.0,,02e17cd2b732ae96df32,train,False
data/raw/ddl/audio/background/background_0074.wav,ddl,background,0.0,,02e17cd2b732ae96df32,train,False
data/raw/ddl/audio/background/background_0075.wav,ddl,background,0.0,,02e17cd2b732ae96df32,train,False
data/raw/ddl/audio/background/background_0076.wav,ddl,background,0.0,,02e17cd2b732ae96df32,train,False
data/raw/ddl/audio/background/background_0077.wav,ddl,background,0.0,,02e17cd2b732ae96df32,train,False
data/raw/ddl/audio/background/background_0078.wav,ddl,background,0.0,,02e17cd2b732ae96df32,train,False
data/raw/ddl/audio/background/background_0079.wav,ddl,background,0.0,,02e17cd2b732ae96df32,train,False
data/raw/ddl/audio/background/background_0080.wav,ddl,background,0.0,,02e17cd2b732ae96df32,train,False
data/raw/ddl/audio/background/background_0081.wav,ddl,background,0.0,,02e17cd2b732ae96df32,train,False
data/raw/ddl/audio/background/background_0082.wav,ddl,background,0.0,,02e17cd2b732ae96df32,train,False
data/raw/ddl/audio/background/background_0083.wav,ddl,background,0.0,,02e17cd2b732ae96df32,train,False
data/raw/ddl/audio/background/background_0084.wav,ddl,background,0.0,,02e17cd2b732ae96df32,train,False
data/raw/ddl/audio/background/background_0085.wav,ddl,background,0.0,,02e17cd2b732ae96df32,train,False
data/raw/ddl/audio/background/background_0086.wav,ddl,background,0.0,,02e17cd2b732ae96df32,train,False
data/raw/ddl/audio/background/background_0087.wav,ddl,background,0.0,,02e17cd2b732ae96df32,train,False
data/raw/ddl/audio/background/background_0088.wav,ddl,background,0.0,,02e17cd2b732ae96df32,train,False
data/raw/ddl/audio/background/background_0089.wav,ddl,background,0.0,,02e17cd2b732ae96df32,train,False
data/raw/ddl/audio/background/background_0090.wav,ddl,background,0.0,,02e17cd2b732ae96df32,train,False
data/raw/ddl/audio/background/background_0091.wav,ddl,background,0.0,,02e17cd2b732ae96df32,train,False
data/raw/ddl/audio/background/background_0092.wav,ddl,background,0.0,,02e17cd2b732ae96df32,train,False
data/raw/ddl/audio/background/background_0093.wav,ddl,background,0.0,,02e17cd2b732ae96df32,train,False
data/raw/ddl/audio/background/background_0094.wav,ddl,background,0.0,,02e17cd2b732ae96df32,train,False
data/raw/ddl/audio/background/background_0095.wav,ddl,background,0.0,,02e17cd2b732ae96df32,train,False
data/raw/ddl/audio/background/background_0096.wav,ddl,background,0.0,,02e17cd2b732ae96df32,train,False
data/raw/ddl/audio/background/background_0097.wav,ddl,background,0.0,,02e17cd2b732ae96df32,train,False
data/raw/ddl/audio/background/background_0098.wav,ddl,background,0.0,,02e17cd2b732ae96df32,train,False
data/raw/ddl/audio/background/background_0099.wav,ddl,background,0.0,,02e17cd2b732ae96df32,train,False
data/raw/ddl/audio/background/background_0100.wav,ddl,background,0.0,,02e17cd2b732ae96df32,train,False
data/raw/ddl/audio/background/background_0101.wav,ddl,background,0.0,,72e2194658f839c6862f,train,False
data/raw/ddl/audio/background/background_0102.wav,ddl,background,0.0,,72e2194658f839c6862f,train,False
data/raw/ddl/audio/background/background_0103.wav,ddl,background,0.0,,72e2194658f839c6862f,train,False
data/raw/ddl/audio/background/background_0104.wav,ddl,background,0.0,,72e2194658f839c6862f,train,False
data/raw/ddl/audio/background/background_0105.wav,ddl,background,0.0,,72e2194658f839c6862f,train,False
data/raw/ddl/audio/background/background_0106.wav,ddl,background,0.0,,72e2194658f839c6862f,train,False
data/raw/ddl/audio/background/background_0107.wav,ddl,background,0.0,,72e2194658f839c6862f,train,False
data/raw/ddl/audio/background/background_0108.wav,ddl,background,0.0,,72e2194658f839c6862f,train,False
data/raw/ddl/audio/background/background_0109.wav,ddl,background,0.0,,72e2194658f839c6862f,train,False
data/raw/ddl/audio/background/background_0110.wav,ddl,background,0.0,,72e2194658f839c6862f,train,False
data/raw/ddl/audio/background/background_0111.wav,ddl,background,0.0,,72e2194658f839c6862f,train,False
data/raw/ddl/audio/background/background_0112.wav,ddl,background,0.0,,72e2194658f839c6862f,train,False
data/raw/ddl/audio/background/background_0113.wav,ddl,background,0.0,,72e2194658f839c6862f,train,False
data/raw/ddl/audio/background/background_0114.wav,ddl,background,0.0,,72e2194658f839c6862f,train,False
data/raw/ddl/audio/background/background_0115.wav,ddl,background,0.0,,72e2194658f839c6862f,train,False
data/raw/ddl/audio/background/background_0116.wav,ddl,background,0.0,,72e2194658f839c6862f,train,False
data/raw/ddl/audio/background/background_0117.wav,ddl,background,0.0,,72e2194658f839c6862f,train,False
data/raw/ddl/audio/background/background_0118.wav,ddl,background,0.0,,72e2194658f839c6862f,train,False
data/raw/ddl/audio/background/background_0119.wav,ddl,background,0.0,,72e2194658f839c6862f,train,False
data/raw/ddl/audio/background/background_0120.wav,ddl,background,0.0,,72e2194658f839c6862f,train,False
data/raw/ddl/audio/background/background_0121.wav,ddl,background,0.0,,72e2194658f839c6862f,train,False
data/raw/ddl/audio/background/background_0122.wav,ddl,background,0.0,,72e2194658f839c6862f,train,False
data/raw/ddl/audio/background/background_0123.wav,ddl,background,0.0,,72e2194658f839c6862f,train,False
data/raw/ddl/audio/background/background_0124.wav,ddl,background,0.0,,72e2194658f839c6862f,train,False
data/raw/ddl/audio/background/background_0125.wav,ddl,background,0.0,,72e2194658f839c6862f,train,False
data/raw/ddl/audio/background/background_0126.wav,ddl,background,0.0,,72e2194658f839c6862f,train,False
data/raw/ddl/audio/background/background_0127.wav,ddl,background,0.0,,72e2194658f839c6862f,train,False
data/raw/ddl/audio/background/background_0128.wav,ddl,background,0.0,,72e2194658f839c6862f,train,False
data/raw/ddl/audio/background/background_0129.wav,ddl,background,0.0,,72e2194658f839c6862f,train,False
data/raw/ddl/audio/background/background_0130.wav,ddl,background,0.0,,72e2194658f839c6862f,train,False
data/raw/ddl/audio/background/background_0131.wav,ddl,background,0.0,,72e2194658f839c6862f,train,False
data/raw/ddl/audio/background/background_0132.wav,ddl,background,0.0,,72e2194658f839c6862f,train,False
data/raw/ddl/audio/background/background_0133.wav,ddl,background,0.0,,72e2194658f839c6862f,train,False
data/raw/ddl/audio/background/background_0134.wav,ddl,background,0.0,,72e2194658f839c6862f,train,False
data/raw/ddl/audio/background/background_0135.wav,ddl,background,0.0,,72e2194658f839c6862f,train,False
data/raw/ddl/audio/background/background_0136.wav,ddl,background,0.0,,72e2194658f839c6862f,train,False
data/raw/ddl/audio/background/background_0137.wav,ddl,background,0.0,,72e2194658f839c6862f,train,False
data/raw/ddl/audio/background/background_0138.wav,ddl,background,0.0,,72e2194658f839c6862f,train,False
data/raw/ddl/audio/background/background_0139.wav,ddl,background,0.0,,72e2194658f839c6862f,train,False
data/raw/ddl/audio/background/background_0140.wav,ddl,background,0.0,,72e2194658f839c6862f,train,False
data/raw/ddl/audio/background/background_0141.wav,ddl,background,0.0,,72e2194658f839c6862f,train,False
data/raw/ddl/audio/background/background_0142.wav,ddl,background,0.0,,72e2194658f839c6862f,train,False
data/raw/ddl/audio/background/background_0143.wav,ddl,background,0.0,,72e2194658f839c6862f,train,False
data/raw/ddl/audio/background/background_0144.wav,ddl,background,0.0,,72e2194658f839c6862f,train,False
data/raw/ddl/audio/background/background_0145.wav,ddl,background,0.0,,72e2194658f839c6862f,train,False
data/raw/ddl/audio/background/background_0146.wav,ddl,background,0.0,,72e2194658f839c6862f,train,False
data/raw/ddl/audio/background/background_0147.wav,ddl,background,0.0,,72e2194658f839c6862f,train,False
data/raw/ddl/audio/background/background_0148.wav,ddl,background,0.0,,72e2194658f839c6862f,train,False
data/raw/ddl/audio/background/background_0149.wav,ddl,background,0.0,,72e2194658f839c6862f,train,False
data/raw/ddl/audio/background/background_0150.wav,ddl,background,0.0,,72e2194658f839c6862f,train,False
data/raw/ddl/audio/background/background_0151.wav,ddl,background,0.0,,368c15174adffb026270,train,False
data/raw/ddl/audio/background/background_0152.wav,ddl,background,0.0,,368c15174adffb026270,train,False
data/raw/ddl/audio/background/background_0153.wav,ddl,background,0.0,,368c15174adffb026270,train,False
data/raw/ddl/audio/background/background_0154.wav,ddl,background,0.0,,368c15174adffb026270,train,False
data/raw/ddl/audio/background/background_0155.wav,ddl,background,0.0,,368c15174adffb026270,train,False
data/raw/ddl/audio/background/background_0156.wav,ddl,background,0.0,,368c15174adffb026270,train,False
data/raw/ddl/audio/background/background_0157.wav,ddl,background,0.0,,368c15174adffb026270,train,False
data/raw/ddl/audio/background/background_0158.wav,ddl,background,0.0,,368c15174adffb026270,train,False
data/raw/ddl/audio/background/background_0159.wav,ddl,background,0.0,,368c15174adffb026270,train,False
data/raw/ddl/audio/background/background_0160.wav,ddl,background,0.0,,368c15174adffb026270,train,False
data/raw/ddl/audio/background/background_0161.wav,ddl,background,0.0,,368c15174adffb026270,train,False
data/raw/ddl/audio/background/background_0162.wav,ddl,background,0.0,,368c15174adffb026270,train,False
data/raw/ddl/audio/background/background_0163.wav,ddl,background,0.0,,368c15174adffb026270,train,False
data/raw/ddl/audio/background/background_0164.wav,ddl,background,0.0,,368c15174adffb026270,train,False
data/raw/ddl/audio/background/background_0165.wav,ddl,background,0.0,,368c15174adffb026270,train,False
data/raw/ddl/audio/background/background_0166.wav,ddl,background,0.0,,368c15174adffb026270,train,False
data/raw/ddl/audio/background/background_0167.wav,ddl,background,0.0,,368c15174adffb026270,train,False
data/raw/ddl/audio/background/background_0168.wav,ddl,background,0.0,,368c15174adffb026270,train,False
data/raw/ddl/audio/background/background_0169.wav,ddl,background,0.0,,368c15174adffb026270,train,False
data/raw/ddl/audio/background/background_0170.wav,ddl,background,0.0,,368c15174adffb026270,train,False
data/raw/ddl/audio/background/background_0171.wav,ddl,background,0.0,,368c15174adffb026270,train,False
data/raw/ddl/audio/background/background_0172.wav,ddl,background,0.0,,368c15174adffb026270,train,False
data/raw/ddl/audio/background/background_0173.wav,ddl,background,0.0,,368c15174adffb026270,train,False
data/raw/ddl/audio/background/background_0174.wav,ddl,background,0.0,,368c15174adffb026270,train,False
data/raw/ddl/audio/background/background_0175.wav,ddl,background,0.0,,368c15174adffb026270,train,False
data/raw/ddl/audio/background/background_0176.wav,ddl,background,0.0,,368c15174adffb026270,train,False
data/raw/ddl/audio/background/background_0177.wav,ddl,background,0.0,,368c15174adffb026270,train,False
data/raw/ddl/audio/background/background_0178.wav,ddl,background,0.0,,368c15174adffb026270,train,False
data/raw/ddl/audio/background/background_0179.wav,ddl,background,0.0,,368c15174adffb026270,train,False
data/raw/ddl/audio/background/background_0180.wav,ddl,background,0.0,,368c15174adffb026270,train,False
data/raw/ddl/audio/background/background_0181.wav,ddl,background,0.0,,368c15174adffb026270,train,False
data/raw/ddl/audio/background/background_0182.wav,ddl,background,0.0,,368c15174adffb026270,train,False
data/raw/ddl/audio/background/background_0183.wav,ddl,background,0.0,,368c15174adffb026270,train,False
data/raw/ddl/audio/background/background_0184.wav,ddl,background,0.0,,368c15174adffb026270,train,False
data/raw/ddl/audio/background/background_0185.wav,ddl,background,0.0,,368c15174adffb026270,train,False
data/raw/ddl/audio/background/background_0186.wav,ddl,background,0.0,,368c15174adffb026270,train,False
data/raw/ddl/audio/background/background_0187.wav,ddl,background,0.0,,368c15174adffb026270,train,False
data/raw/ddl/audio/background/background_0188.wav,ddl,background,0.0,,368c15174adffb026270,train,False
data/raw/ddl/audio/background/background_0189.wav,ddl,background,0.0,,368c15174adffb026270,train,False
data/raw/ddl/audio/background/background_0190.wav,ddl,background,0.0,,368c15174adffb026270,train,False
data/raw/ddl/audio/background/background_0191.wav,ddl,background,0.0,,368c15174adffb026270,train,False
data/raw/ddl/audio/background/background_0192.wav,ddl,background,0.0,,368c15174adffb026270,train,False
data/raw/ddl/audio/background/background_0193.wav,ddl,background,0.0,,368c15174adffb026270,train,False
data/raw/ddl/audio/background/background_0194.wav,ddl,background,0.0,,368c15174adffb026270,train,False
data/raw/ddl/audio/background/background_0195.wav,ddl,background,0.0,,368c15174adffb026270,train,False
data/raw/ddl/audio/background/background_0196.wav,ddl,background,0.0,,368c15174adffb026270,train,False
data/raw/ddl/audio/background/background_0197.wav,ddl,background,0.0,,368c15174adffb026270,train,False
data/raw/ddl/audio/background/background_0198.wav,ddl,background,0.0,,368c15174adffb026270,train,False
data/raw/ddl/audio/background/background_0199.wav,ddl,background,0.0,,368c15174adffb026270,train,False
data/raw/ddl/audio/background/background_0200.wav,ddl,background,0.0,,368c15174adffb026270,train,False
data/raw/ddl/audio/background/background_0201.wav,ddl,background,0.0,,5c0f6331689373b50852,test,False
data/raw/ddl/audio/background/background_0202.wav,ddl,background,0.0,,5c0f6331689373b50852,test,False
data/raw/ddl/audio/background/background_0203.wav,ddl,background,0.0,,5c0f6331689373b50852,test,False
data/raw/ddl/audio/background/background_0204.wav,ddl,background,0.0,,5c0f6331689373b50852,test,False
data/raw/ddl/audio/background/background_0205.wav,ddl,background,0.0,,5c0f6331689373b50852,test,False
data/raw/ddl/audio/background/background_0206.wav,ddl,background,0.0,,5c0f6331689373b50852,test,False
data/raw/ddl/audio/background/background_0207.wav,ddl,background,0.0,,5c0f6331689373b50852,test,False
data/raw/ddl/audio/background/background_0208.wav,ddl,background,0.0,,5c0f6331689373b50852,test,False
data/raw/ddl/audio/background/background_0209.wav,ddl,background,0.0,,5c0f6331689373b50852,test,False
data/raw/ddl/audio/background/background_0210.wav,ddl,background,0.0,,5c0f6331689373b50852,test,False
data/raw/ddl/audio/background/background_0211.wav,ddl,background,0.0,,5c0f6331689373b50852,test,False
data/raw/ddl/audio/background/background_0212.wav,ddl,background,0.0,,5c0f6331689373b50852,test,False
data/raw/ddl/audio/background/background_0213.wav,ddl,background,0.0,,5c0f6331689373b50852,test,False
data/raw/ddl/audio/background/background_0214.wav,ddl,background,0.0,,5c0f6331689373b50852,test,False
data/raw/ddl/audio/background/background_0215.wav,ddl,background,0.0,,5c0f6331689373b50852,test,False
data/raw/ddl/audio/background/background_0216.wav,ddl,background,0.0,,5c0f6331689373b50852,test,False
data/raw/ddl/audio/background/background_0217.wav,ddl,background,0.0,,5c0f6331689373b50852,test,False
data/raw/ddl/audio/background/background_0218.wav,ddl,background,0.0,,5c0f6331689373b50852,test,False
data/raw/ddl/audio/background/background_0219.wav,ddl,background,0.0,,5c0f6331689373b50852,test,False
data/raw/ddl/audio/background/background_0220.wav,ddl,background,0.0,,5c0f6331689373b50852,test,False
data/raw/ddl/audio/background/background_0221.wav,ddl,background,0.0,,5c0f6331689373b50852,test,False
data/raw/ddl/audio/background/background_0222.wav,ddl,background,0.0,,5c0f6331689373b50852,test,False
data/raw/ddl/audio/background/background_0223.wav,ddl,background,0.0,,5c0f6331689373b50852,test,False
data/raw/ddl/audio/background/background_0224.wav,ddl,background,0.0,,5c0f6331689373b50852,test,False
data/raw/ddl/audio/background/background_0225.wav,ddl,background,0.0,,5c0f6331689373b50852,test,False
data/raw/ddl/audio/background/background_0226.wav,ddl,background,0.0,,5c0f6331689373b50852,test,False
data/raw/ddl/audio/background/background_0227.wav,ddl,background,0.0,,5c0f6331689373b50852,test,False
data/raw/ddl/audio/background/background_0228.wav,ddl,background,0.0,,5c0f6331689373b50852,test,False
data/raw/ddl/audio/background/background_0229.wav,ddl,background,0.0,,5c0f6331689373b50852,test,False
data/raw/ddl/audio/background/background_0230.wav,ddl,background,0.0,,5c0f6331689373b50852,test,False
data/raw/ddl/audio/background/background_0231.wav,ddl,background,0.0,,5c0f6331689373b50852,test,False
data/raw/ddl/audio/background/background_0232.wav,ddl,background,0.0,,5c0f6331689373b50852,test,False
data/raw/ddl/audio/background/background_0233.wav,ddl,background,0.0,,5c0f6331689373b50852,test,False
data/raw/ddl/audio/background/background_0234.wav,ddl,background,0.0,,5c0f6331689373b50852,test,False
data/raw/ddl/audio/background/background_0235.wav,ddl,background,0.0,,5c0f6331689373b50852,test,False
data/raw/ddl/audio/background/background_0236.wav,ddl,background,0.0,,5c0f6331689373b50852,test,False
data/raw/ddl/audio/background/background_0237.wav,ddl,background,0.0,,5c0f6331689373b50852,test,False
data/raw/ddl/audio/background/background_0238.wav,ddl,background,0.0,,5c0f6331689373b50852,test,False
data/raw/ddl/audio/background/background_0239.wav,ddl,background,0.0,,5c0f6331689373b50852,test,False
data/raw/ddl/audio/background/background_0240.wav,ddl,background,0.0,,5c0f6331689373b50852,test,False
data/raw/ddl/audio/background/background_0241.wav,ddl,background,0.0,,5c0f6331689373b50852,test,False
data/raw/ddl/audio/background/background_0242.wav,ddl,background,0.0,,5c0f6331689373b50852,test,False
data/raw/ddl/audio/background/background_0243.wav,ddl,background,0.0,,5c0f6331689373b50852,test,False
data/raw/ddl/audio/background/background_0244.wav,ddl,background,0.0,,5c0f6331689373b50852,test,False
data/raw/ddl/audio/background/background_0245.wav,ddl,background,0.0,,5c0f6331689373b50852,test,False
data/raw/ddl/audio/background/background_0246.wav,ddl,background,0.0,,5c0f6331689373b50852,test,False
data/raw/ddl/audio/background/background_0247.wav,ddl,background,0.0,,5c0f6331689373b50852,test,False
data/raw/ddl/audio/background/background_0248.wav,ddl,background,0.0,,5c0f6331689373b50852,test,False
data/raw/ddl/audio/background/background_0249.wav,ddl,background,0.0,,5c0f6331689373b50852,test,False
data/raw/ddl/audio/background/background_0250.wav,ddl,background,0.0,,5c0f6331689373b50852,test,False
data/raw/ddl/audio/background/background_0251.wav,ddl,background,0.0,,49fb922e5bdef98b6b73,val,False
data/raw/ddl/audio/background/background_0252.wav,ddl,background,0.0,,49fb922e5bdef98b6b73,val,False
data/raw/ddl/audio/background/background_0253.wav,ddl,background,0.0,,49fb922e5bdef98b6b73,val,False
data/raw/ddl/audio/background/background_0254.wav,ddl,background,0.0,,49fb922e5bdef98b6b73,val,False
data/raw/ddl/audio/background/background_0255.wav,ddl,background,0.0,,49fb922e5bdef98b6b73,val,False
data/raw/ddl/audio/background/background_0256.wav,ddl,background,0.0,,49fb922e5bdef98b6b73,val,False
data/raw/ddl/audio/background/background_0257.wav,ddl,background,0.0,,49fb922e5bdef98b6b73,val,False
data/raw/ddl/audio/background/background_0258.wav,ddl,background,0.0,,49fb922e5bdef98b6b73,val,False
data/raw/ddl/audio/background/background_0259.wav,ddl,background,0.0,,49fb922e5bdef98b6b73,val,False
data/raw/ddl/audio/background/background_0260.wav,ddl,background,0.0,,49fb922e5bdef98b6b73,val,False
data/raw/ddl/audio/background/background_0261.wav,ddl,background,0.0,,49fb922e5bdef98b6b73,val,False
data/raw/ddl/audio/background/background_0262.wav,ddl,background,0.0,,49fb922e5bdef98b6b73,val,False
data/raw/ddl/audio/background/background_0263.wav,ddl,background,0.0,,49fb922e5bdef98b6b73,val,False
data/raw/ddl/audio/background/background_0264.wav,ddl,background,0.0,,49fb922e5bdef98b6b73,val,False
data/raw/ddl/audio/background/background_0265.wav,ddl,background,0.0,,49fb922e5bdef98b6b73,val,False
data/raw/ddl/audio/background/background_0266.wav,ddl,background,0.0,,49fb922e5bdef98b6b73,val,False
data/raw/ddl/audio/background/background_0267.wav,ddl,background,0.0,,49fb922e5bdef98b6b73,val,False
data/raw/ddl/audio/background/background_0268.wav,ddl,background,0.0,,49fb922e5bdef98b6b73,val,False
data/raw/ddl/audio/background/background_0269.wav,ddl,background,0.0,,49fb922e5bdef98b6b73,val,False
data/raw/ddl/audio/background/background_0270.wav,ddl,background,0.0,,49fb922e5bdef98b6b73,val,False
data/raw/ddl/audio/background/background_0271.wav,ddl,background,0.0,,49fb922e5bdef98b6b73,val,False
data/raw/ddl/audio/background/background_0272.wav,ddl,background,0.0,,49fb922e5bdef98b6b73,val,False
data/raw/ddl/audio/background/background_0273.wav,ddl,background,0.0,,49fb922e5bdef98b6b73,val,False
data/raw/ddl/audio/background/background_0274.wav,ddl,background,0.0,,49fb922e5bdef98b6b73,val,False
data/raw/ddl/audio/background/background_0275.wav,ddl,background,0.0,,49fb922e5bdef98b6b73,val,False
data/raw/ddl/audio/background/background_0276.wav,ddl,background,0.0,,49fb922e5bdef98b6b73,val,False
data/raw/ddl/audio/background/background_0277.wav,ddl,background,0.0,,49fb922e5bdef98b6b73,val,False
data/raw/ddl/audio/background/background_0278.wav,ddl,background,0.0,,49fb922e5bdef98b6b73,val,False
data/raw/ddl/audio/background/background_0279.wav,ddl,background,0.0,,49fb922e5bdef98b6b73,val,False
data/raw/ddl/audio/background/background_0280.wav,ddl,background,0.0,,49fb922e5bdef98b6b73,val,False
data/raw/ddl/audio/background/background_0281.wav,ddl,background,0.0,,49fb922e5bdef98b6b73,val,False
data/raw/ddl/audio/background/background_0282.wav,ddl,background,0.0,,49fb922e5bdef98b6b73,val,False
data/raw/ddl/audio/background/background_0283.wav,ddl,background,0.0,,49fb922e5bdef98b6b73,val,False
data/raw/ddl/audio/background/background_0284.wav,ddl,background,0.0,,49fb922e5bdef98b6b73,val,False
data/raw/ddl/audio/background/background_0285.wav,ddl,background,0.0,,49fb922e5bdef98b6b73,val,False
data/raw/ddl/audio/background/background_0286.wav,ddl,background,0.0,,49fb922e5bdef98b6b73,val,False
data/raw/ddl/audio/background/background_0287.wav,ddl,background,0.0,,49fb922e5bdef98b6b73,val,False
data/raw/ddl/audio/background/background_0288.wav,ddl,background,0.0,,49fb922e5bdef98b6b73,val,False
data/raw/ddl/audio/background/background_0289.wav,ddl,background,0.0,,49fb922e5bdef98b6b73,val,False
data/raw/ddl/audio/background/background_0290.wav,ddl,background,0.0,,49fb922e5bdef98b6b73,val,False
data/raw/ddl/audio/background/background_0291.wav,ddl,background,0.0,,49fb922e5bdef98b6b73,val,False
data/raw/ddl/audio/background/background_0292.wav,ddl,background,0.0,,49fb922e5bdef98b6b73,val,False
data/raw/ddl/audio/background/background_0293.wav,ddl,background,0.0,,49fb922e5bdef98b6b73,val,False
data/raw/ddl/audio/background/background_0294.wav,ddl,background,0.0,,49fb922e5bdef98b6b73,val,False
data/raw/ddl/audio/background/background_0295.wav,ddl,background,0.0,,49fb922e5bdef98b6b73,val,False
data/raw/ddl/audio/background/background_0296.wav,ddl,background,0.0,,49fb922e5bdef98b6b73,val,False
data/raw/ddl/audio/background/background_0297.wav,ddl,background,0.0,,49fb922e5bdef98b6b73,val,False
data/raw/ddl/audio/background/background_0298.wav,ddl,background,0.0,,49fb922e5bdef98b6b73,val,False
data/raw/ddl/audio/background/background_0299.wav,ddl,background,0.0,,49fb922e5bdef98b6b73,val,False
data/raw/ddl/audio/background/background_0300.wav,ddl,background,0.0,,49fb922e5bdef98b6b73,val,False
data/raw/ddl/audio/background/background_0301.wav,ddl,background,0.0,,925b158aca8dbc7c7044,train,False
data/raw/ddl/audio/background/background_0302.wav,ddl,background,0.0,,925b158aca8dbc7c7044,train,False
data/raw/ddl/audio/background/background_0303.wav,ddl,background,0.0,,925b158aca8dbc7c7044,train,False
data/raw/ddl/audio/background/background_0304.wav,ddl,background,0.0,,925b158aca8dbc7c7044,train,False
data/raw/ddl/audio/background/background_0305.wav,ddl,background,0.0,,925b158aca8dbc7c7044,train,False
data/raw/ddl/audio/background/background_0306.wav,ddl,background,0.0,,925b158aca8dbc7c7044,train,False
data/raw/ddl/audio/background/background_0307.wav,ddl,background,0.0,,925b158aca8dbc7c7044,train,False
data/raw/ddl/audio/background/background_0308.wav,ddl,background,0.0,,925b158aca8dbc7c7044,train,False
data/raw/ddl/audio/background/background_0309.wav,ddl,background,0.0,,925b158aca8dbc7c7044,train,False
data/raw/ddl/audio/background/background_0310.wav,ddl,background,0.0,,925b158aca8dbc7c7044,train,False
data/raw/ddl/audio/background/background_0311.wav,ddl,background,0.0,,925b158aca8dbc7c7044,train,False
data/raw/ddl/audio/background/background_0312.wav,ddl,background,0.0,,925b158aca8dbc7c7044,train,False
data/raw/ddl/audio/background/background_0313.wav,ddl,background,0.0,,925b158aca8dbc7c7044,train,False
data/raw/ddl/audio/background/background_0314.wav,ddl,background,0.0,,925b158aca8dbc7c7044,train,False
data/raw/ddl/audio/background/background_0315.wav,ddl,background,0.0,,925b158aca8dbc7c7044,train,False
data/raw/ddl/audio/background/background_0316.wav,ddl,background,0.0,,925b158aca8dbc7c7044,train,False
data/raw/ddl/audio/background/background_0317.wav,ddl,background,0.0,,925b158aca8dbc7c7044,train,False
data/raw/ddl/audio/background/background_0318.wav,ddl,background,0.0,,925b158aca8dbc7c7044,train,False
data/raw/ddl/audio/background/background_0319.wav,ddl,background,0.0,,925b158aca8dbc7c7044,train,False
data/raw/ddl/audio/background/background_0320.wav,ddl,background,0.0,,925b158aca8dbc7c7044,train,False
data/raw/ddl/audio/background/background_0321.wav,ddl,background,0.0,,925b158aca8dbc7c7044,train,False
data/raw/ddl/audio/background/background_0322.wav,ddl,background,0.0,,925b158aca8dbc7c7044,train,False
data/raw/ddl/audio/background/background_0323.wav,ddl,background,0.0,,925b158aca8dbc7c7044,train,False
data/raw/ddl/audio/background/background_0324.wav,ddl,background,0.0,,925b158aca8dbc7c7044,train,False
data/raw/ddl/audio/background/background_0325.wav,ddl,background,0.0,,925b158aca8dbc7c7044,train,False
data/raw/ddl/audio/background/background_0326.wav,ddl,background,0.0,,925b158aca8dbc7c7044,train,False
data/raw/ddl/audio/background/background_0327.wav,ddl,background,0.0,,925b158aca8dbc7c7044,train,False
data/raw/ddl/audio/background/background_0328.wav,ddl,background,0.0,,925b158aca8dbc7c7044,train,False
data/raw/ddl/audio/background/background_0329.wav,ddl,background,0.0,,925b158aca8dbc7c7044,train,False
data/raw/ddl/audio/background/background_0330.wav,ddl,background,0.0,,925b158aca8dbc7c7044,train,False
data/raw/ddl/audio/background/background_0331.wav,ddl,background,0.0,,925b158aca8dbc7c7044,train,False
data/raw/ddl/audio/background/background_0332.wav,ddl,background,0.0,,925b158aca8dbc7c7044,train,False
data/raw/ddl/audio/background/background_0333.wav,ddl,background,0.0,,925b158aca8dbc7c7044,train,False
data/raw/ddl/audio/background/background_0334.wav,ddl,background,0.0,,925b158aca8dbc7c7044,train,False
data/raw/ddl/audio/background/background_0335.wav,ddl,background,0.0,,925b158aca8dbc7c7044,train,False
data/raw/ddl/audio/background/background_0336.wav,ddl,background,0.0,,925b158aca8dbc7c7044,train,False
data/raw/ddl/audio/background/background_0337.wav,ddl,background,0.0,,925b158aca8dbc7c7044,train,False
data/raw/ddl/audio/background/background_0338.wav,ddl,background,0.0,,925b158aca8dbc7c7044,train,False
data/raw/ddl/audio/background/background_0339.wav,ddl,background,0.0,,925b158aca8dbc7c7044,train,False
data/raw/ddl/audio/background/background_0340.wav,ddl,background,0.0,,925b158aca8dbc7c7044,train,False
data/raw/ddl/audio/background/background_0341.wav,ddl,background,0.0,,925b158aca8dbc7c7044,train,False
data/raw/ddl/audio/background/background_0342.wav,ddl,background,0.0,,925b158aca8dbc7c7044,train,False
data/raw/ddl/audio/background/background_0343.wav,ddl,background,0.0,,925b158aca8dbc7c7044,train,False
data/raw/ddl/audio/background/background_0344.wav,ddl,background,0.0,,925b158aca8dbc7c7044,train,False
data/raw/ddl/audio/background/background_0345.wav,ddl,background,0.0,,925b158aca8dbc7c7044,train,False
data/raw/ddl/audio/background/background_0346.wav,ddl,background,0.0,,925b158aca8dbc7c7044,train,False
data/raw/ddl/audio/background/background_0347.wav,ddl,background,0.0,,925b158aca8dbc7c7044,train,False
data/raw/ddl/audio/background/background_0348.wav,ddl,background,0.0,,925b158aca8dbc7c7044,train,False
data/raw/ddl/audio/background/background_0349.wav,ddl,background,0.0,,925b158aca8dbc7c7044,train,False
data/raw/ddl/audio/background/background_0350.wav,ddl,background,0.0,,925b158aca8dbc7c7044,train,False
data/raw/ddl/audio/background/background_0351.wav,ddl,background,0.0,,e7da9d965768bdd8cb50,train,False
data/raw/ddl/audio/background/background_0352.wav,ddl,background,0.0,,e7da9d965768bdd8cb50,train,False
data/raw/ddl/audio/background/background_0353.wav,ddl,background,0.0,,e7da9d965768bdd8cb50,train,False
data/raw/ddl/audio/background/background_0354.wav,ddl,background,0.0,,e7da9d965768bdd8cb50,train,False
data/raw/ddl/audio/background/background_0355.wav,ddl,background,0.0,,e7da9d965768bdd8cb50,train,False
data/raw/ddl/audio/background/background_0356.wav,ddl,background,0.0,,e7da9d965768bdd8cb50,train,False
data/raw/ddl/audio/background/background_0357.wav,ddl,background,0.0,,e7da9d965768bdd8cb50,train,False
data/raw/ddl/audio/background/background_0358.wav,ddl,background,0.0,,e7da9d965768bdd8cb50,train,False
data/raw/ddl/audio/background/background_0359.wav,ddl,background,0.0,,e7da9d965768bdd8cb50,train,False
data/raw/ddl/audio/background/background_0360.wav,ddl,background,0.0,,e7da9d965768bdd8cb50,train,False
data/raw/ddl/audio/background/background_0361.wav,ddl,background,0.0,,e7da9d965768bdd8cb50,train,False
data/raw/ddl/audio/background/background_0362.wav,ddl,background,0.0,,e7da9d965768bdd8cb50,train,False
data/raw/ddl/audio/background/background_0363.wav,ddl,background,0.0,,e7da9d965768bdd8cb50,train,False
data/raw/ddl/audio/background/background_0364.wav,ddl,background,0.0,,e7da9d965768bdd8cb50,train,False
data/raw/ddl/audio/background/background_0365.wav,ddl,background,0.0,,e7da9d965768bdd8cb50,train,False
data/raw/ddl/audio/background/background_0366.wav,ddl,background,0.0,,e7da9d965768bdd8cb50,train,False
data/raw/ddl/audio/background/background_0367.wav,ddl,background,0.0,,e7da9d965768bdd8cb50,train,False
data/raw/ddl/audio/background/background_0368.wav,ddl,background,0.0,,e7da9d965768bdd8cb50,train,False
data/raw/ddl/audio/background/background_0369.wav,ddl,background,0.0,,e7da9d965768bdd8cb50,train,False
data/raw/ddl/audio/background/background_0370.wav,ddl,background,0.0,,e7da9d965768bdd8cb50,train,False
data/raw/ddl/audio/background/background_0371.wav,ddl,background,0.0,,e7da9d965768bdd8cb50,train,False
data/raw/ddl/audio/background/background_0372.wav,ddl,background,0.0,,e7da9d965768bdd8cb50,train,False
data/raw/ddl/audio/background/background_0373.wav,ddl,background,0.0,,e7da9d965768bdd8cb50,train,False
data/raw/ddl/audio/background/background_0374.wav,ddl,background,0.0,,e7da9d965768bdd8cb50,train,False
data/raw/ddl/audio/background/background_0375.wav,ddl,background,0.0,,e7da9d965768bdd8cb50,train,False
data/raw/ddl/audio/background/background_0376.wav,ddl,background,0.0,,e7da9d965768bdd8cb50,train,False
data/raw/ddl/audio/background/background_0377.wav,ddl,background,0.0,,e7da9d965768bdd8cb50,train,False
data/raw/ddl/audio/background/background_0378.wav,ddl,background,0.0,,e7da9d965768bdd8cb50,train,False
data/raw/ddl/audio/background/background_0379.wav,ddl,background,0.0,,e7da9d965768bdd8cb50,train,False
data/raw/ddl/audio/background/background_0380.wav,ddl,background,0.0,,e7da9d965768bdd8cb50,train,False
data/raw/ddl/audio/background/background_0381.wav,ddl,background,0.0,,e7da9d965768bdd8cb50,train,False
data/raw/ddl/audio/background/background_0382.wav,ddl,background,0.0,,e7da9d965768bdd8cb50,train,False
data/raw/ddl/audio/background/background_0383.wav,ddl,background,0.0,,e7da9d965768bdd8cb50,train,False
data/raw/ddl/audio/background/background_0384.wav,ddl,background,0.0,,e7da9d965768bdd8cb50,train,False
data/raw/ddl/audio/background/background_0385.wav,ddl,background,0.0,,e7da9d965768bdd8cb50,train,False
data/raw/ddl/audio/background/background_0386.wav,ddl,background,0.0,,e7da9d965768bdd8cb50,train,False
data/raw/ddl/audio/background/background_0387.wav,ddl,background,0.0,,e7da9d965768bdd8cb50,train,False
data/raw/ddl/audio/background/background_0388.wav,ddl,background,0.0,,e7da9d965768bdd8cb50,train,False
data/raw/ddl/audio/background/background_0389.wav,ddl,background,0.0,,e7da9d965768bdd8cb50,train,False
data/raw/ddl/audio/background/background_0390.wav,ddl,background,0.0,,e7da9d965768bdd8cb50,train,False
data/raw/ddl/audio/background/background_0391.wav,ddl,background,0.0,,e7da9d965768bdd8cb50,train,False
data/raw/ddl/audio/background/background_0392.wav,ddl,background,0.0,,e7da9d965768bdd8cb50,train,False
data/raw/ddl/audio/background/background_0393.wav,ddl,background,0.0,,e7da9d965768bdd8cb50,train,False
data/raw/ddl/audio/background/background_0394.wav,ddl,background,0.0,,e7da9d965768bdd8cb50,train,False
data/raw/ddl/audio/background/background_0395.wav,ddl,background,0.0,,e7da9d965768bdd8cb50,train,False
data/raw/ddl/audio/background/background_0396.wav,ddl,background,0.0,,e7da9d965768bdd8cb50,train,False
data/raw/ddl/audio/background/background_0397.wav,ddl,background,0.0,,e7da9d965768bdd8cb50,train,False
data/raw/ddl/audio/background/background_0398.wav,ddl,background,0.0,,e7da9d965768bdd8cb50,train,False
data/raw/ddl/audio/background/background_0399.wav,ddl,background,0.0,,e7da9d965768bdd8cb50,train,False
data/raw/ddl/audio/background/background_0400.wav,ddl,background,0.0,,e7da9d965768bdd8cb50,train,False
data/raw/ddl/audio/background/background_0401.wav,ddl,background,0.0,,24778d27d057242147f1,train,False
data/raw/ddl/audio/background/background_0402.wav,ddl,background,0.0,,24778d27d057242147f1,train,False
data/raw/ddl/audio/background/background_0403.wav,ddl,background,0.0,,24778d27d057242147f1,train,False
data/raw/ddl/audio/background/background_0404.wav,ddl,background,0.0,,24778d27d057242147f1,train,False
data/raw/ddl/audio/background/background_0405.wav,ddl,background,0.0,,24778d27d057242147f1,train,False
data/raw/ddl/audio/background/background_0406.wav,ddl,background,0.0,,24778d27d057242147f1,train,False
data/raw/ddl/audio/background/background_0407.wav,ddl,background,0.0,,24778d27d057242147f1,train,False
data/raw/ddl/audio/background/background_0408.wav,ddl,background,0.0,,24778d27d057242147f1,train,False
data/raw/ddl/audio/background/background_0409.wav,ddl,background,0.0,,24778d27d057242147f1,train,False
data/raw/ddl/audio/background/background_0410.wav,ddl,background,0.0,,24778d27d057242147f1,train,False
data/raw/ddl/audio/background/background_0411.wav,ddl,background,0.0,,24778d27d057242147f1,train,False
data/raw/ddl/audio/background/background_0412.wav,ddl,background,0.0,,24778d27d057242147f1,train,False
data/raw/ddl/audio/background/background_0413.wav,ddl,background,0.0,,24778d27d057242147f1,train,False
data/raw/ddl/audio/background/background_0414.wav,ddl,background,0.0,,24778d27d057242147f1,train,False
data/raw/ddl/audio/background/background_0415.wav,ddl,background,0.0,,24778d27d057242147f1,train,False
data/raw/ddl/audio/background/background_0416.wav,ddl,background,0.0,,24778d27d057242147f1,train,False
data/raw/ddl/audio/background/background_0417.wav,ddl,background,0.0,,24778d27d057242147f1,train,False
data/raw/ddl/audio/background/background_0418.wav,ddl,background,0.0,,24778d27d057242147f1,train,False
data/raw/ddl/audio/background/background_0419.wav,ddl,background,0.0,,24778d27d057242147f1,train,False
data/raw/ddl/audio/background/background_0420.wav,ddl,background,0.0,,24778d27d057242147f1,train,False
data/raw/ddl/audio/background/background_0421.wav,ddl,background,0.0,,24778d27d057242147f1,train,False
data/raw/ddl/audio/background/background_0422.wav,ddl,background,0.0,,24778d27d057242147f1,train,False
data/raw/ddl/audio/background/background_0423.wav,ddl,background,0.0,,24778d27d057242147f1,train,False
data/raw/ddl/audio/background/background_0424.wav,ddl,background,0.0,,24778d27d057242147f1,train,False
data/raw/ddl/audio/background/background_0425.wav,ddl,background,0.0,,24778d27d057242147f1,train,False
data/raw/ddl/audio/background/background_0426.wav,ddl,background,0.0,,24778d27d057242147f1,train,False
data/raw/ddl/audio/background/background_0427.wav,ddl,background,0.0,,24778d27d057242147f1,train,False
data/raw/ddl/audio/background/background_0428.wav,ddl,background,0.0,,24778d27d057242147f1,train,False
data/raw/ddl/audio/background/background_0429.wav,ddl,background,0.0,,24778d27d057242147f1,train,False
data/raw/ddl/audio/background/background_0430.wav,ddl,background,0.0,,24778d27d057242147f1,train,False
data/raw/ddl/audio/background/background_0431.wav,ddl,background,0.0,,24778d27d057242147f1,train,False
data/raw/ddl/audio/background/background_0432.wav,ddl,background,0.0,,24778d27d057242147f1,train,False
data/raw/ddl/audio/background/background_0433.wav,ddl,background,0.0,,24778d27d057242147f1,train,False
data/raw/ddl/audio/background/background_0434.wav,ddl,background,0.0,,24778d27d057242147f1,train,False
data/raw/ddl/audio/background/background_0435.wav,ddl,background,0.0,,24778d27d057242147f1,train,False
data/raw/ddl/audio/background/background_0436.wav,ddl,background,0.0,,24778d27d057242147f1,train,False
data/raw/ddl/audio/background/background_0437.wav,ddl,background,0.0,,24778d27d057242147f1,train,False
data/raw/ddl/audio/background/background_0438.wav,ddl,background,0.0,,24778d27d057242147f1,train,False
data/raw/ddl/audio/background/background_0439.wav,ddl,background,0.0,,24778d27d057242147f1,train,False
data/raw/ddl/audio/background/background_0440.wav,ddl,background,0.0,,24778d27d057242147f1,train,False
data/raw/ddl/audio/background/background_0441.wav,ddl,background,0.0,,24778d27d057242147f1,train,False
data/raw/ddl/audio/background/background_0442.wav,ddl,background,0.0,,24778d27d057242147f1,train,False
data/raw/ddl/audio/background/background_0443.wav,ddl,background,0.0,,24778d27d057242147f1,train,False
data/raw/ddl/audio/background/background_0444.wav,ddl,background,0.0,,24778d27d057242147f1,train,False
data/raw/ddl/audio/background/background_0445.wav,ddl,background,0.0,,24778d27d057242147f1,train,False
data/raw/ddl/audio/background/background_0446.wav,ddl,background,0.0,,24778d27d057242147f1,train,False
data/raw/ddl/audio/background/background_0447.wav,ddl,background,0.0,,24778d27d057242147f1,train,False
data/raw/ddl/audio/background/background_0448.wav,ddl,background,0.0,,24778d27d057242147f1,train,False
data/raw/ddl/audio/background/background_0449.wav,ddl,background,0.0,,24778d27d057242147f1,train,False
data/raw/ddl/audio/background/background_0450.wav,ddl,background,0.0,,24778d27d057242147f1,train,False
data/raw/ddl/audio/background/background_0451.wav,ddl,background,0.0,,1ce551e8a36900807e40,test,False
data/raw/ddl/audio/background/background_0452.wav,ddl,background,0.0,,1ce551e8a36900807e40,test,False
data/raw/ddl/audio/background/background_0453.wav,ddl,background,0.0,,1ce551e8a36900807e40,test,False
data/raw/ddl/audio/background/background_0454.wav,ddl,background,0.0,,1ce551e8a36900807e40,test,False
data/raw/ddl/audio/background/background_0455.wav,ddl,background,0.0,,1ce551e8a36900807e40,test,False
data/raw/ddl/audio/background/background_0456.wav,ddl,background,0.0,,1ce551e8a36900807e40,test,False
data/raw/ddl/audio/background/background_0457.wav,ddl,background,0.0,,1ce551e8a36900807e40,test,False
data/raw/ddl/audio/background/background_0458.wav,ddl,background,0.0,,1ce551e8a36900807e40,test,False
data/raw/ddl/audio/background/background_0459.wav,ddl,background,0.0,,1ce551e8a36900807e40,test,False
data/raw/ddl/audio/background/background_0460.wav,ddl,background,0.0,,1ce551e8a36900807e40,test,False
data/raw/ddl/audio/background/background_0461.wav,ddl,background,0.0,,1ce551e8a36900807e40,test,False
data/raw/ddl/audio/background/background_0462.wav,ddl,background,0.0,,1ce551e8a36900807e40,test,False
data/raw/ddl/audio/background/background_0463.wav,ddl,background,0.0,,1ce551e8a36900807e40,test,False
data/raw/ddl/audio/background/background_0464.wav,ddl,background,0.0,,1ce551e8a36900807e40,test,False
data/raw/ddl/audio/background/background_0465.wav,ddl,background,0.0,,1ce551e8a36900807e40,test,False
data/raw/ddl/audio/background/background_0466.wav,ddl,background,0.0,,1ce551e8a36900807e40,test,False
data/raw/ddl/audio/background/background_0467.wav,ddl,background,0.0,,1ce551e8a36900807e40,test,False
data/raw/ddl/audio/background/background_0468.wav,ddl,background,0.0,,1ce551e8a36900807e40,test,False
data/raw/ddl/audio/background/background_0469.wav,ddl,background,0.0,,1ce551e8a36900807e40,test,False
data/raw/ddl/audio/background/background_0470.wav,ddl,background,0.0,,1ce551e8a36900807e40,test,False
data/raw/ddl/audio/background/background_0471.wav,ddl,background,0.0,,1ce551e8a36900807e40,test,False
data/raw/ddl/audio/background/background_0472.wav,ddl,background,0.0,,1ce551e8a36900807e40,test,False
data/raw/ddl/audio/background/background_0473.wav,ddl,background,0.0,,1ce551e8a36900807e40,test,False
data/raw/ddl/audio/background/background_0474.wav,ddl,background,0.0,,1ce551e8a36900807e40,test,False
data/raw/ddl/audio/background/background_0475.wav,ddl,background,0.0,,1ce551e8a36900807e40,test,False
data/raw/ddl/audio/background/background_0476.wav,ddl,background,0.0,,1ce551e8a36900807e40,test,False
data/raw/ddl/audio/background/background_0477.wav,ddl,background,0.0,,1ce551e8a36900807e40,test,False
data/raw/ddl/audio/background/background_0478.wav,ddl,background,0.0,,1ce551e8a36900807e40,test,False
data/raw/ddl/audio/background/background_0479.wav,ddl,background,0.0,,1ce551e8a36900807e40,test,False
data/raw/ddl/audio/background/background_0480.wav,ddl,background,0.0,,1ce551e8a36900807e40,test,False
data/raw/ddl/audio/background/background_0481.wav,ddl,background,0.0,,1ce551e8a36900807e40,test,False
data/raw/ddl/audio/background/background_0482.wav,ddl,background,0.0,,1ce551e8a36900807e40,test,False
data/raw/ddl/audio/background/background_0483.wav,ddl,background,0.0,,1ce551e8a36900807e40,test,False
data/raw/ddl/audio/background/background_0484.wav,ddl,background,0.0,,1ce551e8a36900807e40,test,False
data/raw/ddl/audio/background/background_0485.wav,ddl,background,0.0,,1ce551e8a36900807e40,test,False
data/raw/ddl/audio/background/background_0486.wav,ddl,background,0.0,,1ce551e8a36900807e40,test,False
data/raw/ddl/audio/background/background_0487.wav,ddl,background,0.0,,1ce551e8a36900807e40,test,False
data/raw/ddl/audio/background/background_0488.wav,ddl,background,0.0,,1ce551e8a36900807e40,test,False
data/raw/ddl/audio/background/background_0489.wav,ddl,background,0.0,,1ce551e8a36900807e40,test,False
data/raw/ddl/audio/background/background_0490.wav,ddl,background,0.0,,1ce551e8a36900807e40,test,False
data/raw/ddl/audio/background/background_0491.wav,ddl,background,0.0,,1ce551e8a36900807e40,test,False
data/raw/ddl/audio/background/background_0492.wav,ddl,background,0.0,,1ce551e8a36900807e40,test,False
data/raw/ddl/audio/background/background_0493.wav,ddl,background,0.0,,1ce551e8a36900807e40,test,False
data/raw/ddl/audio/background/background_0494.wav,ddl,background,0.0,,1ce551e8a36900807e40,test,False
data/raw/ddl/audio/background/background_0495.wav,ddl,background,0.0,,1ce551e8a36900807e40,test,False
data/raw/ddl/audio/background/background_0496.wav,ddl,background,0.0,,1ce551e8a36900807e40,test,False
data/raw/ddl/audio/background/background_0497.wav,ddl,background,0.0,,1ce551e8a36900807e40,test,False
data/raw/ddl/audio/background/background_0498.wav,ddl,background,0.0,,1ce551e8a36900807e40,test,False
data/raw/ddl/audio/background/background_0499.wav,ddl,background,0.0,,1ce551e8a36900807e40,test,False
data/raw/ddl/audio/background/background_0500.wav,ddl,background,0.0,,1ce551e8a36900807e40,test,False
data/raw/ddl/audio/background/background_0501.wav,ddl,background,0.0,,1c0f9918216c9dd596a7,train,False
data/raw/ddl/audio/background/background_0502.wav,ddl,background,0.0,,1c0f9918216c9dd596a7,train,False
data/raw/ddl/audio/background/background_0503.wav,ddl,background,0.0,,1c0f9918216c9dd596a7,train,False
data/raw/ddl/audio/background/background_0504.wav,ddl,background,0.0,,1c0f9918216c9dd596a7,train,False
data/raw/ddl/audio/background/background_0505.wav,ddl,background,0.0,,1c0f9918216c9dd596a7,train,False
data/raw/ddl/audio/background/background_0506.wav,ddl,background,0.0,,1c0f9918216c9dd596a7,train,False
data/raw/ddl/audio/background/background_0507.wav,ddl,background,0.0,,1c0f9918216c9dd596a7,train,False
data/raw/ddl/audio/background/background_0508.wav,ddl,background,0.0,,1c0f9918216c9dd596a7,train,False
data/raw/ddl/audio/background/background_0509.wav,ddl,background,0.0,,1c0f9918216c9dd596a7,train,False
data/raw/ddl/audio/background/background_0510.wav,ddl,background,0.0,,1c0f9918216c9dd596a7,train,False
data/raw/ddl/audio/background/background_0511.wav,ddl,background,0.0,,1c0f9918216c9dd596a7,train,False
data/raw/ddl/audio/background/background_0512.wav,ddl,background,0.0,,1c0f9918216c9dd596a7,train,False
data/raw/ddl/audio/background/background_0513.wav,ddl,background,0.0,,1c0f9918216c9dd596a7,train,False
data/raw/ddl/audio/background/background_0514.wav,ddl,background,0.0,,1c0f9918216c9dd596a7,train,False
data/raw/ddl/audio/background/background_0515.wav,ddl,background,0.0,,1c0f9918216c9dd596a7,train,False
data/raw/ddl/audio/background/background_0516.wav,ddl,background,0.0,,1c0f9918216c9dd596a7,train,False
data/raw/ddl/audio/background/background_0517.wav,ddl,background,0.0,,1c0f9918216c9dd596a7,train,False
data/raw/ddl/audio/background/background_0518.wav,ddl,background,0.0,,1c0f9918216c9dd596a7,train,False
data/raw/ddl/audio/background/background_0519.wav,ddl,background,0.0,,1c0f9918216c9dd596a7,train,False
data/raw/ddl/audio/background/background_0520.wav,ddl,background,0.0,,1c0f9918216c9dd596a7,train,False
data/raw/ddl/audio/background/background_0521.wav,ddl,background,0.0,,1c0f9918216c9dd596a7,train,False
data/raw/ddl/audio/background/background_0522.wav,ddl,background,0.0,,1c0f9918216c9dd596a7,train,False
data/raw/ddl/audio/background/background_0523.wav,ddl,background,0.0,,1c0f9918216c9dd596a7,train,False
data/raw/ddl/audio/background/background_0524.wav,ddl,background,0.0,,1c0f9918216c9dd596a7,train,False
data/raw/ddl/audio/background/background_0525.wav,ddl,background,0.0,,1c0f9918216c9dd596a7,train,False
data/raw/ddl/audio/background/background_0526.wav,ddl,background,0.0,,1c0f9918216c9dd596a7,train,False
data/raw/ddl/audio/background/background_0527.wav,ddl,background,0.0,,1c0f9918216c9dd596a7,train,False
data/raw/ddl/audio/background/background_0528.wav,ddl,background,0.0,,1c0f9918216c9dd596a7,train,False
data/raw/ddl/audio/background/background_0529.wav,ddl,background,0.0,,1c0f9918216c9dd596a7,train,False
data/raw/ddl/audio/background/background_0530.wav,ddl,background,0.0,,1c0f9918216c9dd596a7,train,False
data/raw/ddl/audio/background/background_0531.wav,ddl,background,0.0,,1c0f9918216c9dd596a7,train,False
data/raw/ddl/audio/background/background_0532.wav,ddl,background,0.0,,1c0f9918216c9dd596a7,train,False
data/raw/ddl/audio/background/background_0533.wav,ddl,background,0.0,,1c0f9918216c9dd596a7,train,False
data/raw/ddl/audio/background/background_0534.wav,ddl,background,0.0,,1c0f9918216c9dd596a7,train,False
data/raw/ddl/audio/background/background_0535.wav,ddl,background,0.0,,1c0f9918216c9dd596a7,train,False
data/raw/ddl/audio/background/background_0536.wav,ddl,background,0.0,,1c0f9918216c9dd596a7,train,False
data/raw/ddl/audio/background/background_0537.wav,ddl,background,0.0,,1c0f9918216c9dd596a7,train,False
data/raw/ddl/audio/background/background_0538.wav,ddl,background,0.0,,1c0f9918216c9dd596a7,train,False
data/raw/ddl/audio/background/background_0539.wav,ddl,background,0.0,,1c0f9918216c9dd596a7,train,False
data/raw/ddl/audio/background/background_0540.wav,ddl,background,0.0,,1c0f9918216c9dd596a7,train,False
data/raw/ddl/audio/background/background_0541.wav,ddl,background,0.0,,1c0f9918216c9dd596a7,train,False
data/raw/ddl/audio/background/background_0542.wav,ddl,background,0.0,,1c0f9918216c9dd596a7,train,False
data/raw/ddl/audio/background/background_0543.wav,ddl,background,0.0,,1c0f9918216c9dd596a7,train,False
data/raw/ddl/audio/background/background_0544.wav,ddl,background,0.0,,1c0f9918216c9dd596a7,train,False
data/raw/ddl/audio/background/background_0545.wav,ddl,background,0.0,,1c0f9918216c9dd596a7,train,False
data/raw/ddl/audio/background/background_0546.wav,ddl,background,0.0,,1c0f9918216c9dd596a7,train,False
data/raw/ddl/audio/background/background_0547.wav,ddl,background,0.0,,1c0f9918216c9dd596a7,train,False
data/raw/ddl/audio/background/background_0548.wav,ddl,background,0.0,,1c0f9918216c9dd596a7,train,False
data/raw/ddl/audio/background/background_0549.wav,ddl,background,0.0,,1c0f9918216c9dd596a7,train,False
data/raw/ddl/audio/background/background_0550.wav,ddl,background,0.0,,1c0f9918216c9dd596a7,train,False
data/raw/ddl/audio/background/background_0551.wav,ddl,background,0.0,,3ab213e9c583273f37b9,train,False
data/raw/ddl/audio/background/background_0552.wav,ddl,background,0.0,,3ab213e9c583273f37b9,train,False
data/raw/ddl/audio/background/background_0553.wav,ddl,background,0.0,,3ab213e9c583273f37b9,train,False
data/raw/ddl/audio/background/background_0554.wav,ddl,background,0.0,,3ab213e9c583273f37b9,train,False
data/raw/ddl/audio/background/background_0555.wav,ddl,background,0.0,,3ab213e9c583273f37b9,train,False
data/raw/ddl/audio/background/background_0556.wav,ddl,background,0.0,,3ab213e9c583273f37b9,train,False
data/raw/ddl/audio/background/background_0557.wav,ddl,background,0.0,,3ab213e9c583273f37b9,train,False
data/raw/ddl/audio/background/background_0558.wav,ddl,background,0.0,,3ab213e9c583273f37b9,train,False
data/raw/ddl/audio/background/background_0559.wav,ddl,background,0.0,,3ab213e9c583273f37b9,train,False
data/raw/ddl/audio/background/background_0560.wav,ddl,background,0.0,,3ab213e9c583273f37b9,train,False
data/raw/ddl/audio/background/background_0561.wav,ddl,background,0.0,,3ab213e9c583273f37b9,train,False
data/raw/ddl/audio/background/background_0562.wav,ddl,background,0.0,,3ab213e9c583273f37b9,train,False
data/raw/ddl/audio/background/background_0563.wav,ddl,background,0.0,,3ab213e9c583273f37b9,train,False
data/raw/ddl/audio/background/background_0564.wav,ddl,background,0.0,,3ab213e9c583273f37b9,train,False
data/raw/ddl/audio/background/background_0565.wav,ddl,background,0.0,,3ab213e9c583273f37b9,train,False
data/raw/ddl/audio/background/background_0566.wav,ddl,background,0.0,,3ab213e9c583273f37b9,train,False
data/raw/ddl/audio/background/background_0567.wav,ddl,background,0.0,,3ab213e9c583273f37b9,train,False
data/raw/ddl/audio/background/background_0568.wav,ddl,background,0.0,,3ab213e9c583273f37b9,train,False
data/raw/ddl/audio/background/background_0569.wav,ddl,background,0.0,,3ab213e9c583273f37b9,train,False
data/raw/ddl/audio/background/background_0570.wav,ddl,background,0.0,,3ab213e9c583273f37b9,train,False
data/raw/ddl/audio/background/background_0571.wav,ddl,background,0.0,,3ab213e9c583273f37b9,train,False
data/raw/ddl/audio/background/background_0572.wav,ddl,background,0.0,,3ab213e9c583273f37b9,train,False
data/raw/ddl/audio/background/background_0573.wav,ddl,background,0.0,,3ab213e9c583273f37b9,train,False
data/raw/ddl/audio/background/background_0574.wav,ddl,background,0.0,,3ab213e9c583273f37b9,train,False
data/raw/ddl/audio/background/background_0575.wav,ddl,background,0.0,,3ab213e9c583273f37b9,train,False
data/raw/ddl/audio/background/background_0576.wav,ddl,background,0.0,,3ab213e9c583273f37b9,train,False
data/raw/ddl/audio/background/background_0577.wav,ddl,background,0.0,,3ab213e9c583273f37b9,train,False
data/raw/ddl/audio/background/background_0578.wav,ddl,background,0.0,,3ab213e9c583273f37b9,train,False
data/raw/ddl/audio/background/background_0579.wav,ddl,background,0.0,,3ab213e9c583273f37b9,train,False
data/raw/ddl/audio/background/background_0580.wav,ddl,background,0.0,,3ab213e9c583273f37b9,train,False
data/raw/ddl/audio/background/background_0581.wav,ddl,background,0.0,,3ab213e9c583273f37b9,train,False
data/raw/ddl/audio/background/background_0582.wav,ddl,background,0.0,,3ab213e9c583273f37b9,train,False
data/raw/ddl/audio/background/background_0583.wav,ddl,background,0.0,,3ab213e9c583273f37b9,train,False
data/raw/ddl/audio/background/background_0584.wav,ddl,background,0.0,,3ab213e9c583273f37b9,train,False
data/raw/ddl/audio/background/background_0585.wav,ddl,background,0.0,,3ab213e9c583273f37b9,train,False
data/raw/ddl/audio/background/background_0586.wav,ddl,background,0.0,,3ab213e9c583273f37b9,train,False
data/raw/ddl/audio/background/background_0587.wav,ddl,background,0.0,,3ab213e9c583273f37b9,train,False
data/raw/ddl/audio/background/background_0588.wav,ddl,background,0.0,,3ab213e9c583273f37b9,train,False
data/raw/ddl/audio/background/background_0589.wav,ddl,background,0.0,,3ab213e9c583273f37b9,train,False
data/raw/ddl/audio/background/background_0590.wav,ddl,background,0.0,,3ab213e9c583273f37b9,train,False
data/raw/ddl/audio/background/background_0591.wav,ddl,background,0.0,,3ab213e9c583273f37b9,train,False
data/raw/ddl/audio/background/background_0592.wav,ddl,background,0.0,,3ab213e9c583273f37b9,train,False
data/raw/ddl/audio/background/background_0593.wav,ddl,background,0.0,,3ab213e9c583273f37b9,train,False
data/raw/ddl/audio/background/background_0594.wav,ddl,background,0.0,,3ab213e9c583273f37b9,train,False
data/raw/ddl/audio/background/background_0595.wav,ddl,background,0.0,,3ab213e9c583273f37b9,train,False
data/raw/ddl/audio/background/background_0596.wav,ddl,background,0.0,,3ab213e9c583273f37b9,train,False
data/raw/ddl/audio/background/background_0597.wav,ddl,background,0.0,,3ab213e9c583273f37b9,train,False
data/raw/ddl/audio/background/background_0598.wav,ddl,background,0.0,,3ab213e9c583273f37b9,train,False
data/raw/ddl/audio/background/background_0599.wav,ddl,background,0.0,,3ab213e9c583273f37b9,train,False
data/raw/ddl/audio/background/background_0600.wav,ddl,background,0.0,,3ab213e9c583273f37b9,train,False
data/raw/ddl/audio/background/background_0601.wav,ddl,background,0.0,,4630b8cd051be646de3f,train,False
data/raw/ddl/audio/background/background_0602.wav,ddl,background,0.0,,4630b8cd051be646de3f,train,False
data/raw/ddl/audio/background/background_0603.wav,ddl,background,0.0,,4630b8cd051be646de3f,train,False
data/raw/ddl/audio/background/background_0604.wav,ddl,background,0.0,,4630b8cd051be646de3f,train,False
data/raw/ddl/audio/background/background_0605.wav,ddl,background,0.0,,4630b8cd051be646de3f,train,False
data/raw/ddl/audio/background/background_0606.wav,ddl,background,0.0,,4630b8cd051be646de3f,train,False
data/raw/ddl/audio/background/background_0607.wav,ddl,background,0.0,,4630b8cd051be646de3f,train,False
data/raw/ddl/audio/background/background_0608.wav,ddl,background,0.0,,4630b8cd051be646de3f,train,False
data/raw/ddl/audio/background/background_0609.wav,ddl,background,0.0,,4630b8cd051be646de3f,train,False
data/raw/ddl/audio/background/background_0610.wav,ddl,background,0.0,,4630b8cd051be646de3f,train,False
data/raw/ddl/audio/background/background_0611.wav,ddl,background,0.0,,4630b8cd051be646de3f,train,False
data/raw/ddl/audio/background/background_0612.wav,ddl,background,0.0,,4630b8cd051be646de3f,train,False
data/raw/ddl/audio/background/background_0613.wav,ddl,background,0.0,,4630b8cd051be646de3f,train,False
data/raw/ddl/audio/background/background_0614.wav,ddl,background,0.0,,4630b8cd051be646de3f,train,False
data/raw/ddl/audio/background/background_0615.wav,ddl,background,0.0,,4630b8cd051be646de3f,train,False
data/raw/ddl/audio/background/background_0616.wav,ddl,background,0.0,,4630b8cd051be646de3f,train,False
data/raw/ddl/audio/background/background_0617.wav,ddl,background,0.0,,4630b8cd051be646de3f,train,False
data/raw/ddl/audio/background/background_0618.wav,ddl,background,0.0,,4630b8cd051be646de3f,train,False
data/raw/ddl/audio/background/background_0619.wav,ddl,background,0.0,,4630b8cd051be646de3f,train,False
data/raw/ddl/audio/background/background_0620.wav,ddl,background,0.0,,4630b8cd051be646de3f,train,False
data/raw/ddl/audio/background/background_0621.wav,ddl,background,0.0,,4630b8cd051be646de3f,train,False
data/raw/ddl/audio/background/background_0622.wav,ddl,background,0.0,,4630b8cd051be646de3f,train,False
data/raw/ddl/audio/background/background_0623.wav,ddl,background,0.0,,4630b8cd051be646de3f,train,False
data/raw/ddl/audio/background/background_0624.wav,ddl,background,0.0,,4630b8cd051be646de3f,train,False
data/raw/ddl/audio/background/background_0625.wav,ddl,background,0.0,,4630b8cd051be646de3f,train,False
data/raw/ddl/audio/background/background_0626.wav,ddl,background,0.0,,4630b8cd051be646de3f,train,False
data/raw/ddl/audio/background/background_0627.wav,ddl,background,0.0,,4630b8cd051be646de3f,train,False
data/raw/ddl/audio/background/background_0628.wav,ddl,background,0.0,,4630b8cd051be646de3f,train,False
data/raw/ddl/audio/background/background_0629.wav,ddl,background,0.0,,4630b8cd051be646de3f,train,False
data/raw/ddl/audio/background/background_0630.wav,ddl,background,0.0,,4630b8cd051be646de3f,train,False
data/raw/ddl/audio/background/background_0631.wav,ddl,background,0.0,,4630b8cd051be646de3f,train,False
data/raw/ddl/audio/background/background_0632.wav,ddl,background,0.0,,4630b8cd051be646de3f,train,False
data/raw/ddl/audio/background/background_0633.wav,ddl,background,0.0,,4630b8cd051be646de3f,train,False
data/raw/ddl/audio/background/background_0634.wav,ddl,background,0.0,,4630b8cd051be646de3f,train,False
data/raw/ddl/audio/background/background_0635.wav,ddl,background,0.0,,4630b8cd051be646de3f,train,False
data/raw/ddl/audio/background/background_0636.wav,ddl,background,0.0,,4630b8cd051be646de3f,train,False
data/raw/ddl/audio/background/background_0637.wav,ddl,background,0.0,,4630b8cd051be646de3f,train,False
data/raw/ddl/audio/background/background_0638.wav,ddl,background,0.0,,4630b8cd051be646de3f,train,False
data/raw/ddl/audio/background/background_0639.wav,ddl,background,0.0,,4630b8cd051be646de3f,train,False
data/raw/ddl/audio/background/background_0640.wav,ddl,background,0.0,,4630b8cd051be646de3f,train,False
data/raw/ddl/audio/background/background_0641.wav,ddl,background,0.0,,4630b8cd051be646de3f,train,False
data/raw/ddl/audio/background/background_0642.wav,ddl,background,0.0,,4630b8cd051be646de3f,train,False
data/raw/ddl/audio/background/background_0643.wav,ddl,background,0.0,,4630b8cd051be646de3f,train,False
data/raw/ddl/audio/background/background_0644.wav,ddl,background,0.0,,4630b8cd051be646de3f,train,False
data/raw/ddl/audio/background/background_0645.wav,ddl,background,0.0,,4630b8cd051be646de3f,train,False
data/raw/ddl/audio/background/background_0646.wav,ddl,background,0.0,,4630b8cd051be646de3f,train,False
data/raw/ddl/audio/background/background_0647.wav,ddl,background,0.0,,4630b8cd051be646de3f,train,False
data/raw/ddl/audio/background/background_0648.wav,ddl,background,0.0,,4630b8cd051be646de3f,train,False
data/raw/ddl/audio/background/background_0649.wav,ddl,background,0.0,,4630b8cd051be646de3f,train,False
data/raw/ddl/audio/background/background_0650.wav,ddl,background,0.0,,4630b8cd051be646de3f,train,False
data/raw/ddl/audio/background/background_0651.wav,ddl,background,0.0,,29ad308289e3a1be443c,test,False
data/raw/ddl/audio/background/background_0652.wav,ddl,background,0.0,,29ad308289e3a1be443c,test,False
data/raw/ddl/audio/background/background_0653.wav,ddl,background,0.0,,29ad308289e3a1be443c,test,False
data/raw/ddl/audio/background/background_0654.wav,ddl,background,0.0,,29ad308289e3a1be443c,test,False
data/raw/ddl/audio/background/background_0655.wav,ddl,background,0.0,,29ad308289e3a1be443c,test,False
data/raw/ddl/audio/background/background_0656.wav,ddl,background,0.0,,29ad308289e3a1be443c,test,False
data/raw/ddl/audio/background/background_0657.wav,ddl,background,0.0,,29ad308289e3a1be443c,test,False
data/raw/ddl/audio/background/background_0658.wav,ddl,background,0.0,,29ad308289e3a1be443c,test,False
data/raw/ddl/audio/background/background_0659.wav,ddl,background,0.0,,29ad308289e3a1be443c,test,False
data/raw/ddl/audio/background/background_0660.wav,ddl,background,0.0,,29ad308289e3a1be443c,test,False
data/raw/ddl/audio/background/background_0661.wav,ddl,background,0.0,,29ad308289e3a1be443c,test,False
data/raw/ddl/audio/background/background_0662.wav,ddl,background,0.0,,29ad308289e3a1be443c,test,False
data/raw/ddl/audio/background/background_0663.wav,ddl,background,0.0,,29ad308289e3a1be443c,test,False
data/raw/ddl/audio/background/background_0664.wav,ddl,background,0.0,,29ad308289e3a1be443c,test,False
data/raw/ddl/audio/background/background_0665.wav,ddl,background,0.0,,29ad308289e3a1be443c,test,False
data/raw/ddl/audio/background/background_0666.wav,ddl,background,0.0,,29ad308289e3a1be443c,test,False
data/raw/ddl/audio/background/background_0667.wav,ddl,background,0.0,,29ad308289e3a1be443c,test,False
data/raw/ddl/audio/background/background_0668.wav,ddl,background,0.0,,29ad308289e3a1be443c,test,False
data/raw/ddl/audio/background/background_0669.wav,ddl,background,0.0,,29ad308289e3a1be443c,test,False
data/raw/ddl/audio/background/background_0670.wav,ddl,background,0.0,,29ad308289e3a1be443c,test,False
data/raw/ddl/audio/background/background_0671.wav,ddl,background,0.0,,29ad308289e3a1be443c,test,False
data/raw/ddl/audio/background/background_0672.wav,ddl,background,0.0,,29ad308289e3a1be443c,test,False
data/raw/ddl/audio/background/background_0673.wav,ddl,background,0.0,,29ad308289e3a1be443c,test,False
data/raw/ddl/audio/background/background_0674.wav,ddl,background,0.0,,29ad308289e3a1be443c,test,False
data/raw/ddl/audio/background/background_0675.wav,ddl,background,0.0,,29ad308289e3a1be443c,test,False
data/raw/ddl/audio/background/background_0676.wav,ddl,background,0.0,,29ad308289e3a1be443c,test,False
data/raw/ddl/audio/background/background_0677.wav,ddl,background,0.0,,29ad308289e3a1be443c,test,False
data/raw/ddl/audio/background/background_0678.wav,ddl,background,0.0,,29ad308289e3a1be443c,test,False
data/raw/ddl/audio/background/background_0679.wav,ddl,background,0.0,,29ad308289e3a1be443c,test,False
data/raw/ddl/audio/background/background_0680.wav,ddl,background,0.0,,29ad308289e3a1be443c,test,False
data/raw/ddl/audio/background/background_0681.wav,ddl,background,0.0,,29ad308289e3a1be443c,test,False
data/raw/ddl/audio/background/background_0682.wav,ddl,background,0.0,,29ad308289e3a1be443c,test,False
data/raw/ddl/audio/background/background_0683.wav,ddl,background,0.0,,29ad308289e3a1be443c,test,False
data/raw/ddl/audio/background/background_0684.wav,ddl,background,0.0,,29ad308289e3a1be443c,test,False
data/raw/ddl/audio/background/background_0685.wav,ddl,background,0.0,,29ad308289e3a1be443c,test,False
data/raw/ddl/audio/background/background_0686.wav,ddl,background,0.0,,29ad308289e3a1be443c,test,False
data/raw/ddl/audio/background/background_0687.wav,ddl,background,0.0,,29ad308289e3a1be443c,test,False
data/raw/ddl/audio/background/background_0688.wav,ddl,background,0.0,,29ad308289e3a1be443c,test,False
data/raw/ddl/audio/background/background_0689.wav,ddl,background,0.0,,29ad308289e3a1be443c,test,False
data/raw/ddl/audio/background/background_0690.wav,ddl,background,0.0,,29ad308289e3a1be443c,test,False
data/raw/ddl/audio/background/background_0691.wav,ddl,background,0.0,,29ad308289e3a1be443c,test,False
data/raw/ddl/audio/background/background_0692.wav,ddl,background,0.0,,29ad308289e3a1be443c,test,False
data/raw/ddl/audio/background/background_0693.wav,ddl,background,0.0,,29ad308289e3a1be443c,test,False
data/raw/ddl/audio/background/background_0694.wav,ddl,background,0.0,,29ad308289e3a1be443c,test,False
data/raw/ddl/audio/background/background_0695.wav,ddl,background,0.0,,29ad308289e3a1be443c,test,False
data/raw/ddl/audio/background/background_0696.wav,ddl,background,0.0,,29ad308289e3a1be443c,test,False
data/raw/ddl/audio/background/background_0697.wav,ddl,background,0.0,,29ad308289e3a1be443c,test,False
data/raw/ddl/audio/background/background_0698.wav,ddl,background,0.0,,29ad308289e3a1be443c,test,False
data/raw/ddl/audio/background/background_0699.wav,ddl,background,0.0,,29ad308289e3a1be443c,test,False
data/raw/ddl/audio/background/background_0700.wav,ddl,background,0.0,,29ad308289e3a1be443c,test,False
data/raw/ddl/audio/background/background_0701.wav,ddl,background,0.0,,80e2b14c975d24d520c0,val,False
data/raw/ddl/audio/background/background_0702.wav,ddl,background,0.0,,80e2b14c975d24d520c0,val,False
data/raw/ddl/audio/background/background_0703.wav,ddl,background,0.0,,80e2b14c975d24d520c0,val,False
data/raw/ddl/audio/background/background_0704.wav,ddl,background,0.0,,80e2b14c975d24d520c0,val,False
data/raw/ddl/audio/background/background_0705.wav,ddl,background,0.0,,80e2b14c975d24d520c0,val,False
data/raw/ddl/audio/background/background_0706.wav,ddl,background,0.0,,80e2b14c975d24d520c0,val,False
data/raw/ddl/audio/background/background_0707.wav,ddl,background,0.0,,80e2b14c975d24d520c0,val,False
data/raw/ddl/audio/background/background_0708.wav,ddl,background,0.0,,80e2b14c975d24d520c0,val,False
data/raw/ddl/audio/background/background_0709.wav,ddl,background,0.0,,80e2b14c975d24d520c0,val,False
data/raw/ddl/audio/background/background_0710.wav,ddl,background,0.0,,80e2b14c975d24d520c0,val,False
data/raw/ddl/audio/background/background_0711.wav,ddl,background,0.0,,80e2b14c975d24d520c0,val,False
data/raw/ddl/audio/background/background_0712.wav,ddl,background,0.0,,80e2b14c975d24d520c0,val,False
data/raw/ddl/audio/background/background_0713.wav,ddl,background,0.0,,80e2b14c975d24d520c0,val,False
data/raw/ddl/audio/background/background_0714.wav,ddl,background,0.0,,80e2b14c975d24d520c0,val,False
data/raw/ddl/audio/background/background_0715.wav,ddl,background,0.0,,80e2b14c975d24d520c0,val,False
data/raw/ddl/audio/background/background_0716.wav,ddl,background,0.0,,80e2b14c975d24d520c0,val,False
data/raw/ddl/audio/background/background_0717.wav,ddl,background,0.0,,80e2b14c975d24d520c0,val,False
data/raw/ddl/audio/background/background_0718.wav,ddl,background,0.0,,80e2b14c975d24d520c0,val,False
data/raw/ddl/audio/background/background_0719.wav,ddl,background,0.0,,80e2b14c975d24d520c0,val,False
data/raw/ddl/audio/background/background_0720.wav,ddl,background,0.0,,80e2b14c975d24d520c0,val,False
data/raw/ddl/audio/background/background_0721.wav,ddl,background,0.0,,80e2b14c975d24d520c0,val,False
data/raw/ddl/audio/background/background_0722.wav,ddl,background,0.0,,80e2b14c975d24d520c0,val,False
data/raw/ddl/audio/background/background_0723.wav,ddl,background,0.0,,80e2b14c975d24d520c0,val,False
data/raw/ddl/audio/background/background_0724.wav,ddl,background,0.0,,80e2b14c975d24d520c0,val,False
data/raw/ddl/audio/background/background_0725.wav,ddl,background,0.0,,80e2b14c975d24d520c0,val,False
data/raw/ddl/audio/background/background_0726.wav,ddl,background,0.0,,80e2b14c975d24d520c0,val,False
data/raw/ddl/audio/background/background_0727.wav,ddl,background,0.0,,80e2b14c975d24d520c0,val,False
data/raw/ddl/audio/background/background_0728.wav,ddl,background,0.0,,80e2b14c975d24d520c0,val,False
data/raw/ddl/audio/background/background_0729.wav,ddl,background,0.0,,80e2b14c975d24d520c0,val,False
data/raw/ddl/audio/background/background_0730.wav,ddl,background,0.0,,80e2b14c975d24d520c0,val,False
data/raw/ddl/audio/background/background_0731.wav,ddl,background,0.0,,80e2b14c975d24d520c0,val,False
data/raw/ddl/audio/background/background_0732.wav,ddl,background,0.0,,80e2b14c975d24d520c0,val,False
data/raw/ddl/audio/background/background_0733.wav,ddl,background,0.0,,80e2b14c975d24d520c0,val,False
data/raw/ddl/audio/background/background_0734.wav,ddl,background,0.0,,80e2b14c975d24d520c0,val,False
data/raw/ddl/audio/background/background_0735.wav,ddl,background,0.0,,80e2b14c975d24d520c0,val,False
data/raw/ddl/audio/background/background_0736.wav,ddl,background,0.0,,80e2b14c975d24d520c0,val,False
data/raw/ddl/audio/background/background_0737.wav,ddl,background,0.0,,80e2b14c975d24d520c0,val,False
data/raw/ddl/audio/background/background_0738.wav,ddl,background,0.0,,80e2b14c975d24d520c0,val,False
data/raw/ddl/audio/background/background_0739.wav,ddl,background,0.0,,80e2b14c975d24d520c0,val,False
data/raw/ddl/audio/background/background_0740.wav,ddl,background,0.0,,80e2b14c975d24d520c0,val,False
data/raw/ddl/audio/background/background_0741.wav,ddl,background,0.0,,80e2b14c975d24d520c0,val,False
data/raw/ddl/audio/background/background_0742.wav,ddl,background,0.0,,80e2b14c975d24d520c0,val,False
data/raw/ddl/audio/background/background_0743.wav,ddl,background,0.0,,80e2b14c975d24d520c0,val,False
data/raw/ddl/audio/background/background_0744.wav,ddl,background,0.0,,80e2b14c975d24d520c0,val,False
data/raw/ddl/audio/background/background_0745.wav,ddl,background,0.0,,80e2b14c975d24d520c0,val,False
data/raw/ddl/audio/background/background_0746.wav,ddl,background,0.0,,80e2b14c975d24d520c0,val,False
data/raw/ddl/audio/background/background_0747.wav,ddl,background,0.0,,80e2b14c975d24d520c0,val,False
data/raw/ddl/audio/background/background_0748.wav,ddl,background,0.0,,80e2b14c975d24d520c0,val,False
data/raw/ddl/audio/background/background_0749.wav,ddl,background,0.0,,80e2b14c975d24d520c0,val,False
data/raw/ddl/audio/background/background_0750.wav,ddl,background,0.0,,80e2b14c975d24d520c0,val,False
data/raw/ddl/audio/background/background_0751.wav,ddl,background,0.0,,62fbb8871d35928fb406,train,False
data/raw/ddl/audio/background/background_0752.wav,ddl,background,0.0,,62fbb8871d35928fb406,train,False
data/raw/ddl/audio/background/background_0753.wav,ddl,background,0.0,,62fbb8871d35928fb406,train,False
data/raw/ddl/audio/background/background_0754.wav,ddl,background,0.0,,62fbb8871d35928fb406,train,False
data/raw/ddl/audio/background/background_0755.wav,ddl,background,0.0,,62fbb8871d35928fb406,train,False
data/raw/ddl/audio/background/background_0756.wav,ddl,background,0.0,,62fbb8871d35928fb406,train,False
data/raw/ddl/audio/background/background_0757.wav,ddl,background,0.0,,62fbb8871d35928fb406,train,False
data/raw/ddl/audio/background/background_0758.wav,ddl,background,0.0,,62fbb8871d35928fb406,train,False
data/raw/ddl/audio/background/background_0759.wav,ddl,background,0.0,,62fbb8871d35928fb406,train,False
data/raw/ddl/audio/background/background_0760.wav,ddl,background,0.0,,62fbb8871d35928fb406,train,False
data/raw/ddl/audio/background/background_0761.wav,ddl,background,0.0,,62fbb8871d35928fb406,train,False
data/raw/ddl/audio/background/background_0762.wav,ddl,background,0.0,,62fbb8871d35928fb406,train,False
data/raw/ddl/audio/background/background_0763.wav,ddl,background,0.0,,62fbb8871d35928fb406,train,False
data/raw/ddl/audio/background/background_0764.wav,ddl,background,0.0,,62fbb8871d35928fb406,train,False
data/raw/ddl/audio/background/background_0765.wav,ddl,background,0.0,,62fbb8871d35928fb406,train,False
data/raw/ddl/audio/background/background_0766.wav,ddl,background,0.0,,62fbb8871d35928fb406,train,False
data/raw/ddl/audio/background/background_0767.wav,ddl,background,0.0,,62fbb8871d35928fb406,train,False
data/raw/ddl/audio/background/background_0768.wav,ddl,background,0.0,,62fbb8871d35928fb406,train,False
data/raw/ddl/audio/background/background_0769.wav,ddl,background,0.0,,62fbb8871d35928fb406,train,False
data/raw/ddl/audio/background/background_0770.wav,ddl,background,0.0,,62fbb8871d35928fb406,train,False
data/raw/ddl/audio/background/background_0771.wav,ddl,background,0.0,,62fbb8871d35928fb406,train,False
data/raw/ddl/audio/background/background_0772.wav,ddl,background,0.0,,62fbb8871d35928fb406,train,False
data/raw/ddl/audio/background/background_0773.wav,ddl,background,0.0,,62fbb8871d35928fb406,train,False
data/raw/ddl/audio/background/background_0774.wav,ddl,background,0.0,,62fbb8871d35928fb406,train,False
data/raw/ddl/audio/background/background_0775.wav,ddl,background,0.0,,62fbb8871d35928fb406,train,False
data/raw/ddl/audio/background/background_0776.wav,ddl,background,0.0,,62fbb8871d35928fb406,train,False
data/raw/ddl/audio/background/background_0777.wav,ddl,background,0.0,,62fbb8871d35928fb406,train,False
data/raw/ddl/audio/background/background_0778.wav,ddl,background,0.0,,62fbb8871d35928fb406,train,False
data/raw/ddl/audio/background/background_0779.wav,ddl,background,0.0,,62fbb8871d35928fb406,train,False
data/raw/ddl/audio/background/background_0780.wav,ddl,background,0.0,,62fbb8871d35928fb406,train,False
data/raw/ddl/audio/background/background_0781.wav,ddl,background,0.0,,62fbb8871d35928fb406,train,False
data/raw/ddl/audio/background/background_0782.wav,ddl,background,0.0,,62fbb8871d35928fb406,train,False
data/raw/ddl/audio/background/background_0783.wav,ddl,background,0.0,,62fbb8871d35928fb406,train,False
data/raw/ddl/audio/background/background_0784.wav,ddl,background,0.0,,62fbb8871d35928fb406,train,False
data/raw/ddl/audio/background/background_0785.wav,ddl,background,0.0,,62fbb8871d35928fb406,train,False
data/raw/ddl/audio/background/background_0786.wav,ddl,background,0.0,,62fbb8871d35928fb406,train,False
data/raw/ddl/audio/background/background_0787.wav,ddl,background,0.0,,62fbb8871d35928fb406,train,False
data/raw/ddl/audio/background/background_0788.wav,ddl,background,0.0,,62fbb8871d35928fb406,train,False
data/raw/ddl/audio/background/background_0789.wav,ddl,background,0.0,,62fbb8871d35928fb406,train,False
data/raw/ddl/audio/background/background_0790.wav,ddl,background,0.0,,62fbb8871d35928fb406,train,False
data/raw/ddl/audio/background/background_0791.wav,ddl,background,0.0,,62fbb8871d35928fb406,train,False
data/raw/ddl/audio/background/background_0792.wav,ddl,background,0.0,,62fbb8871d35928fb406,train,False
data/raw/ddl/audio/background/background_0793.wav,ddl,background,0.0,,62fbb8871d35928fb406,train,False
data/raw/ddl/audio/background/background_0794.wav,ddl,background,0.0,,62fbb8871d35928fb406,train,False
data/raw/ddl/audio/background/background_0795.wav,ddl,background,0.0,,62fbb8871d35928fb406,train,False
data/raw/ddl/audio/background/background_0796.wav,ddl,background,0.0,,62fbb8871d35928fb406,train,False
data/raw/ddl/audio/background/background_0797.wav,ddl,background,0.0,,62fbb8871d35928fb406,train,False
data/raw/ddl/audio/background/background_0798.wav,ddl,background,0.0,,62fbb8871d35928fb406,train,False
data/raw/ddl/audio/background/background_0799.wav,ddl,background,0.0,,62fbb8871d35928fb406,train,False
data/raw/ddl/audio/background/background_0800.wav,ddl,background,0.0,,62fbb8871d35928fb406,train,False
data/raw/ddl/audio/background/background_0801.wav,ddl,background,0.0,,fb95058650b21bfa96f0,train,False
data/raw/ddl/audio/background/background_0802.wav,ddl,background,0.0,,fb95058650b21bfa96f0,train,False
data/raw/ddl/audio/background/background_0803.wav,ddl,background,0.0,,fb95058650b21bfa96f0,train,False
data/raw/ddl/audio/background/background_0804.wav,ddl,background,0.0,,fb95058650b21bfa96f0,train,False
data/raw/ddl/audio/background/background_0805.wav,ddl,background,0.0,,fb95058650b21bfa96f0,train,False
data/raw/ddl/audio/background/background_0806.wav,ddl,background,0.0,,fb95058650b21bfa96f0,train,False
data/raw/ddl/audio/background/background_0807.wav,ddl,background,0.0,,fb95058650b21bfa96f0,train,False
data/raw/ddl/audio/background/background_0808.wav,ddl,background,0.0,,fb95058650b21bfa96f0,train,False
data/raw/ddl/audio/background/background_0809.wav,ddl,background,0.0,,fb95058650b21bfa96f0,train,False
data/raw/ddl/audio/background/background_0810.wav,ddl,background,0.0,,fb95058650b21bfa96f0,train,False
data/raw/ddl/audio/background/background_0811.wav,ddl,background,0.0,,fb95058650b21bfa96f0,train,False
data/raw/ddl/audio/background/background_0812.wav,ddl,background,0.0,,fb95058650b21bfa96f0,train,False
data/raw/ddl/audio/background/background_0813.wav,ddl,background,0.0,,fb95058650b21bfa96f0,train,False
data/raw/ddl/audio/background/background_0814.wav,ddl,background,0.0,,fb95058650b21bfa96f0,train,False
data/raw/ddl/audio/background/background_0815.wav,ddl,background,0.0,,fb95058650b21bfa96f0,train,False
data/raw/ddl/audio/background/background_0816.wav,ddl,background,0.0,,fb95058650b21bfa96f0,train,False
data/raw/ddl/audio/background/background_0817.wav,ddl,background,0.0,,fb95058650b21bfa96f0,train,False
data/raw/ddl/audio/background/background_0818.wav,ddl,background,0.0,,fb95058650b21bfa96f0,train,False
data/raw/ddl/audio/background/background_0819.wav,ddl,background,0.0,,fb95058650b21bfa96f0,train,False
data/raw/ddl/audio/background/background_0820.wav,ddl,background,0.0,,fb95058650b21bfa96f0,train,False
data/raw/ddl/audio/background/background_0821.wav,ddl,background,0.0,,fb95058650b21bfa96f0,train,False
data/raw/ddl/audio/background/background_0822.wav,ddl,background,0.0,,fb95058650b21bfa96f0,train,False
data/raw/ddl/audio/background/background_0823.wav,ddl,background,0.0,,fb95058650b21bfa96f0,train,False
data/raw/ddl/audio/background/background_0824.wav,ddl,background,0.0,,fb95058650b21bfa96f0,train,False
data/raw/ddl/audio/background/background_0825.wav,ddl,background,0.0,,fb95058650b21bfa96f0,train,False
data/raw/ddl/audio/background/background_0826.wav,ddl,background,0.0,,fb95058650b21bfa96f0,train,False
data/raw/ddl/audio/background/background_0827.wav,ddl,background,0.0,,fb95058650b21bfa96f0,train,False
data/raw/ddl/audio/background/background_0828.wav,ddl,background,0.0,,fb95058650b21bfa96f0,train,False
data/raw/ddl/audio/background/background_0829.wav,ddl,background,0.0,,fb95058650b21bfa96f0,train,False
data/raw/ddl/audio/background/background_0830.wav,ddl,background,0.0,,fb95058650b21bfa96f0,train,False
data/raw/ddl/audio/background/background_0831.wav,ddl,background,0.0,,fb95058650b21bfa96f0,train,False
data/raw/ddl/audio/background/background_0832.wav,ddl,background,0.0,,fb95058650b21bfa96f0,train,False
data/raw/ddl/audio/background/background_0833.wav,ddl,background,0.0,,fb95058650b21bfa96f0,train,False
data/raw/ddl/audio/background/background_0834.wav,ddl,background,0.0,,fb95058650b21bfa96f0,train,False
data/raw/ddl/audio/background/background_0835.wav,ddl,background,0.0,,fb95058650b21bfa96f0,train,False
data/raw/ddl/audio/background/background_0836.wav,ddl,background,0.0,,fb95058650b21bfa96f0,train,False
data/raw/ddl/audio/background/background_0837.wav,ddl,background,0.0,,fb95058650b21bfa96f0,train,False
data/raw/ddl/audio/background/background_0838.wav,ddl,background,0.0,,fb95058650b21bfa96f0,train,False
data/raw/ddl/audio/background/background_0839.wav,ddl,background,0.0,,fb95058650b21bfa96f0,train,False
data/raw/ddl/audio/background/background_0840.wav,ddl,background,0.0,,fb95058650b21bfa96f0,train,False
data/raw/ddl/audio/background/background_0841.wav,ddl,background,0.0,,fb95058650b21bfa96f0,train,False
data/raw/ddl/audio/background/background_0842.wav,ddl,background,0.0,,fb95058650b21bfa96f0,train,False
data/raw/ddl/audio/background/background_0843.wav,ddl,background,0.0,,fb95058650b21bfa96f0,train,False
data/raw/ddl/audio/background/background_0844.wav,ddl,background,0.0,,fb95058650b21bfa96f0,train,False
data/raw/ddl/audio/background/background_0845.wav,ddl,background,0.0,,fb95058650b21bfa96f0,train,False
data/raw/ddl/audio/background/background_0846.wav,ddl,background,0.0,,fb95058650b21bfa96f0,train,False
data/raw/ddl/audio/background/background_0847.wav,ddl,background,0.0,,fb95058650b21bfa96f0,train,False
data/raw/ddl/audio/background/background_0848.wav,ddl,background,0.0,,fb95058650b21bfa96f0,train,False
data/raw/ddl/audio/background/background_0849.wav,ddl,background,0.0,,fb95058650b21bfa96f0,train,False
data/raw/ddl/audio/background/background_0850.wav,ddl,background,0.0,,fb95058650b21bfa96f0,train,False
data/raw/ddl/audio/background/background_0851.wav,ddl,background,0.0,,4de3fcfa77697a2d9f3c,train,False
data/raw/ddl/audio/background/background_0852.wav,ddl,background,0.0,,4de3fcfa77697a2d9f3c,train,False
data/raw/ddl/audio/background/background_0853.wav,ddl,background,0.0,,4de3fcfa77697a2d9f3c,train,False
data/raw/ddl/audio/background/background_0854.wav,ddl,background,0.0,,4de3fcfa77697a2d9f3c,train,False
data/raw/ddl/audio/background/background_0855.wav,ddl,background,0.0,,4de3fcfa77697a2d9f3c,train,False
data/raw/ddl/audio/background/background_0856.wav,ddl,background,0.0,,4de3fcfa77697a2d9f3c,train,False
data/raw/ddl/audio/background/background_0857.wav,ddl,background,0.0,,4de3fcfa77697a2d9f3c,train,False
data/raw/ddl/audio/background/background_0858.wav,ddl,background,0.0,,4de3fcfa77697a2d9f3c,train,False
data/raw/ddl/audio/background/background_0859.wav,ddl,background,0.0,,4de3fcfa77697a2d9f3c,train,False
data/raw/ddl/audio/background/background_0860.wav,ddl,background,0.0,,4de3fcfa77697a2d9f3c,train,False
data/raw/ddl/audio/background/background_0861.wav,ddl,background,0.0,,4de3fcfa77697a2d9f3c,train,False
data/raw/ddl/audio/background/background_0862.wav,ddl,background,0.0,,4de3fcfa77697a2d9f3c,train,False
data/raw/ddl/audio/background/background_0863.wav,ddl,background,0.0,,4de3fcfa77697a2d9f3c,train,False
data/raw/ddl/audio/background/background_0864.wav,ddl,background,0.0,,4de3fcfa77697a2d9f3c,train,False
data/raw/ddl/audio/background/background_0865.wav,ddl,background,0.0,,4de3fcfa77697a2d9f3c,train,False
data/raw/ddl/audio/background/background_0866.wav,ddl,background,0.0,,4de3fcfa77697a2d9f3c,train,False
data/raw/ddl/audio/background/background_0867.wav,ddl,background,0.0,,4de3fcfa77697a2d9f3c,train,False
data/raw/ddl/audio/background/background_0868.wav,ddl,background,0.0,,4de3fcfa77697a2d9f3c,train,False
data/raw/ddl/audio/background/background_0869.wav,ddl,background,0.0,,4de3fcfa77697a2d9f3c,train,False
data/raw/ddl/audio/background/background_0870.wav,ddl,background,0.0,,4de3fcfa77697a2d9f3c,train,False
data/raw/ddl/audio/background/background_0871.wav,ddl,background,0.0,,4de3fcfa77697a2d9f3c,train,False
data/raw/ddl/audio/background/background_0872.wav,ddl,background,0.0,,4de3fcfa77697a2d9f3c,train,False
data/raw/ddl/audio/background/background_0873.wav,ddl,background,0.0,,4de3fcfa77697a2d9f3c,train,False
data/raw/ddl/audio/background/background_0874.wav,ddl,background,0.0,,4de3fcfa77697a2d9f3c,train,False
data/raw/ddl/audio/background/background_0875.wav,ddl,background,0.0,,4de3fcfa77697a2d9f3c,train,False
data/raw/ddl/audio/background/background_0876.wav,ddl,background,0.0,,4de3fcfa77697a2d9f3c,train,False
data/raw/ddl/audio/background/background_0877.wav,ddl,background,0.0,,4de3fcfa77697a2d9f3c,train,False
data/raw/ddl/audio/background/background_0878.wav,ddl,background,0.0,,4de3fcfa77697a2d9f3c,train,False
data/raw/ddl/audio/background/background_0879.wav,ddl,background,0.0,,4de3fcfa77697a2d9f3c,train,False
data/raw/ddl/audio/background/background_0880.wav,ddl,background,0.0,,4de3fcfa77697a2d9f3c,train,False
data/raw/ddl/audio/background/background_0881.wav,ddl,background,0.0,,4de3fcfa77697a2d9f3c,train,False
data/raw/ddl/audio/background/background_0882.wav,ddl,background,0.0,,4de3fcfa77697a2d9f3c,train,False
data/raw/ddl/audio/background/background_0883.wav,ddl,background,0.0,,4de3fcfa77697a2d9f3c,train,False
data/raw/ddl/audio/background/background_0884.wav,ddl,background,0.0,,4de3fcfa77697a2d9f3c,train,False
data/raw/ddl/audio/background/background_0885.wav,ddl,background,0.0,,4de3fcfa77697a2d9f3c,train,False
data/raw/ddl/audio/background/background_0886.wav,ddl,background,0.0,,4de3fcfa77697a2d9f3c,train,False
data/raw/ddl/audio/background/background_0887.wav,ddl,background,0.0,,4de3fcfa77697a2d9f3c,train,False
data/raw/ddl/audio/background/background_0888.wav,ddl,background,0.0,,4de3fcfa77697a2d9f3c,train,False
data/raw/ddl/audio/background/background_0889.wav,ddl,background,0.0,,4de3fcfa77697a2d9f3c,train,False
data/raw/ddl/audio/background/background_0890.wav,ddl,background,0.0,,4de3fcfa77697a2d9f3c,train,False
data/raw/ddl/audio/background/background_0891.wav,ddl,background,0.0,,4de3fcfa77697a2d9f3c,train,False
data/raw/ddl/audio/background/background_0892.wav,ddl,background,0.0,,4de3fcfa77697a2d9f3c,train,False
data/raw/ddl/audio/background/background_0893.wav,ddl,background,0.0,,4de3fcfa77697a2d9f3c,train,False
data/raw/ddl/audio/background/background_0894.wav,ddl,background,0.0,,4de3fcfa77697a2d9f3c,train,False
data/raw/ddl/audio/background/background_0895.wav,ddl,background,0.0,,4de3fcfa77697a2d9f3c,train,False
data/raw/ddl/audio/background/background_0896.wav,ddl,background,0.0,,4de3fcfa77697a2d9f3c,train,False
data/raw/ddl/audio/background/background_0897.wav,ddl,background,0.0,,4de3fcfa77697a2d9f3c,train,False
data/raw/ddl/audio/background/background_0898.wav,ddl,background,0.0,,4de3fcfa77697a2d9f3c,train,False
data/raw/ddl/audio/background/background_0899.wav,ddl,background,0.0,,4de3fcfa77697a2d9f3c,train,False
data/raw/ddl/audio/background/background_0900.wav,ddl,background,0.0,,4de3fcfa77697a2d9f3c,train,False
data/raw/ddl/audio/background/background_0901.wav,ddl,background,0.0,,a981f15ee66ea0e3405e,train,False
data/raw/ddl/audio/background/background_0902.wav,ddl,background,0.0,,a981f15ee66ea0e3405e,train,False
data/raw/ddl/audio/background/background_0903.wav,ddl,background,0.0,,a981f15ee66ea0e3405e,train,False
data/raw/ddl/audio/background/background_0904.wav,ddl,background,0.0,,a981f15ee66ea0e3405e,train,False
data/raw/ddl/audio/background/background_0905.wav,ddl,background,0.0,,a981f15ee66ea0e3405e,train,False
data/raw/ddl/audio/background/background_0906.wav,ddl,background,0.0,,a981f15ee66ea0e3405e,train,False
data/raw/ddl/audio/background/background_0907.wav,ddl,background,0.0,,a981f15ee66ea0e3405e,train,False
data/raw/ddl/audio/background/background_0908.wav,ddl,background,0.0,,a981f15ee66ea0e3405e,train,False
data/raw/ddl/audio/background/background_0909.wav,ddl,background,0.0,,a981f15ee66ea0e3405e,train,False
data/raw/ddl/audio/background/background_0910.wav,ddl,background,0.0,,a981f15ee66ea0e3405e,train,False
data/raw/ddl/audio/background/background_0911.wav,ddl,background,0.0,,a981f15ee66ea0e3405e,train,False
data/raw/ddl/audio/background/background_0912.wav,ddl,background,0.0,,a981f15ee66ea0e3405e,train,False
data/raw/ddl/audio/background/background_0913.wav,ddl,background,0.0,,a981f15ee66ea0e3405e,train,False
data/raw/ddl/audio/background/background_0914.wav,ddl,background,0.0,,a981f15ee66ea0e3405e,train,False
data/raw/ddl/audio/background/background_0915.wav,ddl,background,0.0,,a981f15ee66ea0e3405e,train,False
data/raw/ddl/audio/background/background_0916.wav,ddl,background,0.0,,a981f15ee66ea0e3405e,train,False
data/raw/ddl/audio/background/background_0917.wav,ddl,background,0.0,,a981f15ee66ea0e3405e,train,False
data/raw/ddl/audio/background/background_0918.wav,ddl,background,0.0,,a981f15ee66ea0e3405e,train,False
data/raw/ddl/audio/background/background_0919.wav,ddl,background,0.0,,a981f15ee66ea0e3405e,train,False
data/raw/ddl/audio/background/background_0920.wav,ddl,background,0.0,,a981f15ee66ea0e3405e,train,False
data/raw/ddl/audio/background/background_0921.wav,ddl,background,0.0,,a981f15ee66ea0e3405e,train,False
data/raw/ddl/audio/background/background_0922.wav,ddl,background,0.0,,a981f15ee66ea0e3405e,train,False
data/raw/ddl/audio/background/background_0923.wav,ddl,background,0.0,,a981f15ee66ea0e3405e,train,False
data/raw/ddl/audio/background/background_0924.wav,ddl,background,0.0,,a981f15ee66ea0e3405e,train,False
data/raw/ddl/audio/background/background_0925.wav,ddl,background,0.0,,a981f15ee66ea0e3405e,train,False
data/raw/ddl/audio/background/background_0926.wav,ddl,background,0.0,,a981f15ee66ea0e3405e,train,False
data/raw/ddl/audio/background/background_0927.wav,ddl,background,0.0,,a981f15ee66ea0e3405e,train,False
data/raw/ddl/audio/background/background_0928.wav,ddl,background,0.0,,a981f15ee66ea0e3405e,train,False
data/raw/ddl/audio/background/background_0929.wav,ddl,background,0.0,,a981f15ee66ea0e3405e,train,False
data/raw/ddl/audio/background/background_0930.wav,ddl,background,0.0,,a981f15ee66ea0e3405e,train,False
data/raw/ddl/audio/background/background_0931.wav,ddl,background,0.0,,a981f15ee66ea0e3405e,train,False
data/raw/ddl/audio/background/background_0932.wav,ddl,background,0.0,,a981f15ee66ea0e3405e,train,False
data/raw/ddl/audio/background/background_0933.wav,ddl,background,0.0,,a981f15ee66ea0e3405e,train,False
data/raw/ddl/audio/background/background_0934.wav,ddl,background,0.0,,a981f15ee66ea0e3405e,train,False
data/raw/ddl/audio/background/background_0935.wav,ddl,background,0.0,,a981f15ee66ea0e3405e,train,False
data/raw/ddl/audio/background/background_0936.wav,ddl,background,0.0,,a981f15ee66ea0e3405e,train,False
data/raw/ddl/audio/background/background_0937.wav,ddl,background,0.0,,a981f15ee66ea0e3405e,train,False
data/raw/ddl/audio/background/background_0938.wav,ddl,background,0.0,,a981f15ee66ea0e3405e,train,False
data/raw/ddl/audio/background/background_0939.wav,ddl,background,0.0,,a981f15ee66ea0e3405e,train,False
data/raw/ddl/audio/background/background_0940.wav,ddl,background,0.0,,a981f15ee66ea0e3405e,train,False
data/raw/ddl/audio/background/background_0941.wav,ddl,background,0.0,,a981f15ee66ea0e3405e,train,False
data/raw/ddl/audio/background/background_0942.wav,ddl,background,0.0,,a981f15ee66ea0e3405e,train,False
data/raw/ddl/audio/background/background_0943.wav,ddl,background,0.0,,a981f15ee66ea0e3405e,train,False
data/raw/ddl/audio/background/background_0944.wav,ddl,background,0.0,,a981f15ee66ea0e3405e,train,False
data/raw/ddl/audio/background/background_0945.wav,ddl,background,0.0,,a981f15ee66ea0e3405e,train,False
data/raw/ddl/audio/background/background_0946.wav,ddl,background,0.0,,a981f15ee66ea0e3405e,train,False
data/raw/ddl/audio/background/background_0947.wav,ddl,background,0.0,,a981f15ee66ea0e3405e,train,False
data/raw/ddl/audio/background/background_0948.wav,ddl,background,0.0,,a981f15ee66ea0e3405e,train,False
data/raw/ddl/audio/background/background_0949.wav,ddl,background,0.0,,a981f15ee66ea0e3405e,train,False
data/raw/ddl/audio/background/background_0950.wav,ddl,background,0.0,,a981f15ee66ea0e3405e,train,False
data/raw/ddl/audio/background/background_0951.wav,ddl,background,0.0,,bcbe81dbd21c5f159489,val,False
data/raw/ddl/audio/background/background_0952.wav,ddl,background,0.0,,bcbe81dbd21c5f159489,val,False
data/raw/ddl/audio/background/background_0953.wav,ddl,background,0.0,,bcbe81dbd21c5f159489,val,False
data/raw/ddl/audio/background/background_0954.wav,ddl,background,0.0,,bcbe81dbd21c5f159489,val,False
data/raw/ddl/audio/background/background_0955.wav,ddl,background,0.0,,bcbe81dbd21c5f159489,val,False
data/raw/ddl/audio/background/background_0956.wav,ddl,background,0.0,,bcbe81dbd21c5f159489,val,False
data/raw/ddl/audio/background/background_0957.wav,ddl,background,0.0,,bcbe81dbd21c5f159489,val,False
data/raw/ddl/audio/background/background_0958.wav,ddl,background,0.0,,bcbe81dbd21c5f159489,val,False
data/raw/ddl/audio/background/background_0959.wav,ddl,background,0.0,,bcbe81dbd21c5f159489,val,False
data/raw/ddl/audio/background/background_0960.wav,ddl,background,0.0,,bcbe81dbd21c5f159489,val,False
data/raw/ddl/audio/background/background_0961.wav,ddl,background,0.0,,bcbe81dbd21c5f159489,val,False
data/raw/ddl/audio/background/background_0962.wav,ddl,background,0.0,,bcbe81dbd21c5f159489,val,False
data/raw/ddl/audio/background/background_0963.wav,ddl,background,0.0,,bcbe81dbd21c5f159489,val,False
data/raw/ddl/audio/background/background_0964.wav,ddl,background,0.0,,bcbe81dbd21c5f159489,val,False
data/raw/ddl/audio/background/background_0965.wav,ddl,background,0.0,,bcbe81dbd21c5f159489,val,False
data/raw/ddl/audio/background/background_0966.wav,ddl,background,0.0,,bcbe81dbd21c5f159489,val,False
data/raw/ddl/audio/background/background_0967.wav,ddl,background,0.0,,bcbe81dbd21c5f159489,val,False
data/raw/ddl/audio/background/background_0968.wav,ddl,background,0.0,,bcbe81dbd21c5f159489,val,False
data/raw/ddl/audio/background/background_0969.wav,ddl,background,0.0,,bcbe81dbd21c5f159489,val,False
data/raw/ddl/audio/background/background_0970.wav,ddl,background,0.0,,bcbe81dbd21c5f159489,val,False
data/raw/ddl/audio/background/background_0971.wav,ddl,background,0.0,,bcbe81dbd21c5f159489,val,False
data/raw/ddl/audio/background/background_0972.wav,ddl,background,0.0,,bcbe81dbd21c5f159489,val,False
data/raw/ddl/audio/background/background_0973.wav,ddl,background,0.0,,bcbe81dbd21c5f159489,val,False
data/raw/ddl/audio/background/background_0974.wav,ddl,background,0.0,,bcbe81dbd21c5f159489,val,False
data/raw/ddl/audio/background/background_0975.wav,ddl,background,0.0,,bcbe81dbd21c5f159489,val,False
data/raw/ddl/audio/background/background_0976.wav,ddl,background,0.0,,bcbe81dbd21c5f159489,val,False
data/raw/ddl/audio/background/background_0977.wav,ddl,background,0.0,,bcbe81dbd21c5f159489,val,False
data/raw/ddl/audio/background/background_0978.wav,ddl,background,0.0,,bcbe81dbd21c5f159489,val,False
data/raw/ddl/audio/background/background_0979.wav,ddl,background,0.0,,bcbe81dbd21c5f159489,val,False
data/raw/ddl/audio/background/background_0980.wav,ddl,background,0.0,,bcbe81dbd21c5f159489,val,False
data/raw/ddl/audio/background/background_0981.wav,ddl,background,0.0,,bcbe81dbd21c5f159489,val,False
data/raw/ddl/audio/background/background_0982.wav,ddl,background,0.0,,bcbe81dbd21c5f159489,val,False
data/raw/ddl/audio/background/background_0983.wav,ddl,background,0.0,,bcbe81dbd21c5f159489,val,False
data/raw/ddl/audio/background/background_0984.wav,ddl,background,0.0,,bcbe81dbd21c5f159489,val,False
data/raw/ddl/audio/background/background_0985.wav,ddl,background,0.0,,bcbe81dbd21c5f159489,val,False
data/raw/ddl/audio/background/background_0986.wav,ddl,background,0.0,,bcbe81dbd21c5f159489,val,False
data/raw/ddl/audio/background/background_0987.wav,ddl,background,0.0,,bcbe81dbd21c5f159489,val,False
data/raw/ddl/audio/background/background_0988.wav,ddl,background,0.0,,bcbe81dbd21c5f159489,val,False
data/raw/ddl/audio/background/background_0989.wav,ddl,background,0.0,,bcbe81dbd21c5f159489,val,False
data/raw/ddl/audio/background/background_0990.wav,ddl,background,0.0,,bcbe81dbd21c5f159489,val,False
data/raw/ddl/audio/background/background_0991.wav,ddl,background,0.0,,bcbe81dbd21c5f159489,val,False
data/raw/ddl/audio/background/background_0992.wav,ddl,background,0.0,,bcbe81dbd21c5f159489,val,False
data/raw/ddl/audio/background/background_0993.wav,ddl,background,0.0,,bcbe81dbd21c5f159489,val,False
data/raw/ddl/audio/background/background_0994.wav,ddl,background,0.0,,bcbe81dbd21c5f159489,val,False
data/raw/ddl/audio/background/background_0995.wav,ddl,background,0.0,,bcbe81dbd21c5f159489,val,False
data/raw/ddl/audio/background/background_0996.wav,ddl,background,0.0,,bcbe81dbd21c5f159489,val,False
data/raw/ddl/audio/background/background_0997.wav,ddl,background,0.0,,bcbe81dbd21c5f159489,val,False
data/raw/ddl/audio/background/background_0998.wav,ddl,background,0.0,,bcbe81dbd21c5f159489,val,False
data/raw/ddl/audio/background/background_0999.wav,ddl,background,0.0,,bcbe81dbd21c5f159489,val,False
data/raw/ddl/audio/background/background_1000.wav,ddl,background,0.0,,bcbe81dbd21c5f159489,val,False
data/raw/esc50/audio/1-100038-A-14.wav,esc50,chirping_birds,0.0,wildlife,f9b27dbb624c1e4b22ce,,False
data/raw/esc50/audio/1-101296-A-19.wav,esc50,thunderstorm,0.0,,0aac2eb84446120f0d9a,,False
data/raw/esc50/audio/1-101296-B-19.wav,esc50,thunderstorm,0.0,,0aac2eb84446120f0d9a,,False
data/raw/esc50/audio/1-103298-A-9.wav,esc50,crow,0.0,wildlife,643552e8aea4067693f4,,False
data/raw/esc50/audio/1-115521-A-19.wav,esc50,thunderstorm,0.0,,3667c9ddca63b679b2e2,,False
data/raw/esc50/audio/1-115545-A-48.wav,esc50,fireworks,0.0,,1d1204c9dcf27ea1d27e,,False
data/raw/esc50/audio/1-115545-B-48.wav,esc50,fireworks,0.0,,1d1204c9dcf27ea1d27e,,False
data/raw/esc50/audio/1-115545-C-48.wav,esc50,fireworks,0.0,,1d1204c9dcf27ea1d27e,,False
data/raw/esc50/audio/1-115546-A-48.wav,esc50,fireworks,0.0,,89aff7a6d3df6a2053c4,,False
data/raw/esc50/audio/1-11687-A-47.wav,esc50,airplane,0.0,battlefield/noisy-field;airspace,a7e27b0a4b30b4802d9d,,False
data/raw/esc50/audio/1-137296-A-16.wav,esc50,wind,0.0,wildlife;infrastructure;perimeter,3d4bcef93359ab40e5e3,,False
data/raw/esc50/audio/1-155858-A-25.wav,esc50,footsteps,0.0,perimeter,30c8962a4d3b24f2fa04,,False
data/raw/esc50/audio/1-155858-B-25.wav,esc50,footsteps,0.0,perimeter,30c8962a4d3b24f2fa04,,False
data/raw/esc50/audio/1-155858-C-25.wav,esc50,footsteps,0.0,perimeter,30c8962a4d3b24f2fa04,,False
data/raw/esc50/audio/1-155858-D-25.wav,esc50,footsteps,0.0,perimeter,30c8962a4d3b24f2fa04,,False
data/raw/esc50/audio/1-155858-E-25.wav,esc50,footsteps,0.0,perimeter,30c8962a4d3b24f2fa04,,False
data/raw/esc50/audio/1-155858-F-25.wav,esc50,footsteps,0.0,perimeter,30c8962a4d3b24f2fa04,,False
data/raw/esc50/audio/1-160563-A-48.wav,esc50,fireworks,0.0,,dd8dcae75893fa1528d1,,False
data/raw/esc50/audio/1-160563-B-48.wav,esc50,fireworks,0.0,,dd8dcae75893fa1528d1,,False
data/raw/esc50/audio/1-172649-A-40.wav,esc50,helicopter,0.0,battlefield/noisy-field;airspace,d18cd828c83c37bb5ddb,,False
data/raw/esc50/audio/1-172649-B-40.wav,esc50,helicopter,0.0,battlefield/noisy-field;airspace,d18cd828c83c37bb5ddb,,False
data/raw/esc50/audio/1-172649-C-40.wav,esc50,helicopter,0.0,battlefield/noisy-field;airspace,d18cd828c83c37bb5ddb,,False
data/raw/esc50/audio/1-172649-D-40.wav,esc50,helicopter,0.0,battlefield/noisy-field;airspace,d18cd828c83c37bb5ddb,,False
data/raw/esc50/audio/1-172649-E-40.wav,esc50,helicopter,0.0,battlefield/noisy-field;airspace,d18cd828c83c37bb5ddb,,False
data/raw/esc50/audio/1-172649-F-40.wav,esc50,helicopter,0.0,battlefield/noisy-field;airspace,d18cd828c83c37bb5ddb,,False
data/raw/esc50/audio/1-17367-A-10.wav,esc50,rain,0.0,infrastructure,3b823987f6d634ce1f5e,,False
data/raw/esc50/audio/1-17585-A-7.wav,esc50,insects,0.0,wildlife;infrastructure,dd7662f50b0a6c7cc58d,,False
data/raw/esc50/audio/1-181071-A-40.wav,esc50,helicopter,0.0,battlefield/noisy-field;airspace,949f2536ad309c4cc6e5,,False
data/raw/esc50/audio/1-181071-B-40.wav,esc50,helicopter,0.0,battlefield/noisy-field;airspace,949f2536ad309c4cc6e5,,False
data/raw/esc50/audio/1-19501-A-7.wav,esc50,insects,0.0,wildlife;infrastructure,2f7ac18dc81a0ea21881,,False
data/raw/esc50/audio/1-21189-A-10.wav,esc50,rain,0.0,infrastructure,304129fdeefb471d2b0c,,False
data/raw/esc50/audio/1-223162-A-25.wav,esc50,footsteps,0.0,perimeter,a6fd25ef37f81988adcf,,False
data/raw/esc50/audio/1-23222-A-19.wav,esc50,thunderstorm,0.0,,cd7e648ca55c287bed20,,False
data/raw/esc50/audio/1-23222-B-19.wav,esc50,thunderstorm,0.0,,cd7e648ca55c287bed20,,False
data/raw/esc50/audio/1-24524-A-19.wav,esc50,thunderstorm,0.0,,53f7d7b33ab72a3f211d,,False
data/raw/esc50/audio/1-24524-B-19.wav,esc50,thunderstorm,0.0,,53f7d7b33ab72a3f211d,,False
data/raw/esc50/audio/1-24524-C-19.wav,esc50,thunderstorm,0.0,,53f7d7b33ab72a3f211d,,False
data/raw/esc50/audio/1-24796-A-47.wav,esc50,airplane,0.0,battlefield/noisy-field;airspace,7259d92fcfe061eaafd5,,False
data/raw/esc50/audio/1-25777-A-48.wav,esc50,fireworks,0.0,,672ba4b8b1d059810998,,False
data/raw/esc50/audio/1-25781-A-48.wav,esc50,fireworks,0.0,,4d8a96141263ae7493d4,,False
data/raw/esc50/audio/1-26222-A-10.wav,esc50,rain,0.0,infrastructure,23c5ba5d6708256735a7,,False
data/raw/esc50/audio/1-29532-A-16.wav,esc50,wind,0.0,wildlife;infrastructure;perimeter,709c91f0520170fcce03,,False
data/raw/esc50/audio/1-29561-A-10.wav,esc50,rain,0.0,infrastructure,a1760dc82bc877c887f2,,False
data/raw/esc50/audio/1-31482-A-42.wav,esc50,siren,0.0,perimeter,1285426ce6ea880986bc,,False
data/raw/esc50/audio/1-31482-B-42.wav,esc50,siren,0.0,perimeter,1285426ce6ea880986bc,,False
data/raw/esc50/audio/1-34495-A-14.wav,esc50,chirping_birds,0.0,wildlife,b5b21fa5bc48feeff324,,False
data/raw/esc50/audio/1-34497-A-14.wav,esc50,chirping_birds,0.0,wildlife,9d46bdb584cc0cc2dbb4,,False
data/raw/esc50/audio/1-36929-A-47.wav,esc50,airplane,0.0,battlefield/noisy-field;airspace,5932986bbec1e301b265,,False
data/raw/esc50/audio/1-38559-A-14.wav,esc50,chirping_birds,0.0,wildlife,3d4faef28711aa34f60d,,False
data/raw/esc50/audio/1-38560-A-14.wav,esc50,chirping_birds,0.0,wildlife,0543e9bad5e5c5223b9f,,False
data/raw/esc50/audio/1-39835-A-9.wav,esc50,crow,0.0,wildlife,96f5289165e2de319c85,,False
data/raw/esc50/audio/1-39835-B-9.wav,esc50,crow,0.0,wildlife,96f5289165e2de319c85,,False
data/raw/esc50/audio/1-43807-A-47.wav,esc50,airplane,0.0,battlefield/noisy-field;airspace,42af050909eecc8ff8db,,False
data/raw/esc50/audio/1-43807-B-47.wav,esc50,airplane,0.0,battlefield/noisy-field;airspace,42af050909eecc8ff8db,,False
data/raw/esc50/audio/1-43807-C-47.wav,esc50,airplane,0.0,battlefield/noisy-field;airspace,42af050909eecc8ff8db,,False
data/raw/esc50/audio/1-43807-D-47.wav,esc50,airplane,0.0,battlefield/noisy-field;airspace,42af050909eecc8ff8db,,False
data/raw/esc50/audio/1-46040-A-14.wav,esc50,chirping_birds,0.0,wildlife,e35dd415a542d3f129a7,,False
data/raw/esc50/audio/1-46938-A-7.wav,esc50,insects,0.0,wildlife;infrastructure,c9f116e20d15c4f326cb,,False
data/raw/esc50/audio/1-46938-B-7.wav,esc50,insects,0.0,wildlife;infrastructure,c9f116e20d15c4f326cb,,False
data/raw/esc50/audio/1-47709-A-16.wav,esc50,wind,0.0,wildlife;infrastructure;perimeter,0b4f5a397ec89450b266,,False
data/raw/esc50/audio/1-47714-A-16.wav,esc50,wind,0.0,wildlife;infrastructure;perimeter,ff521f367df643ca6aed,,False
data/raw/esc50/audio/1-50060-A-10.wav,esc50,rain,0.0,infrastructure,645a3ae3328504c4dc84,,False
data/raw/esc50/audio/1-51035-A-16.wav,esc50,wind,0.0,wildlife;infrastructure;perimeter,6e0ce300b7bc05ef13ae,,False
data/raw/esc50/audio/1-51036-A-16.wav,esc50,wind,0.0,wildlife;infrastructure;perimeter,d2a5515920c36b9fa0d6,,False
data/raw/esc50/audio/1-51037-A-16.wav,esc50,wind,0.0,wildlife;infrastructure;perimeter,149fb499ec6db6bb57ee,,False
data/raw/esc50/audio/1-51147-A-25.wav,esc50,footsteps,0.0,perimeter,acb56416516be2e78f1c,,False
data/raw/esc50/audio/1-53467-A-47.wav,esc50,airplane,0.0,battlefield/noisy-field;airspace,a045edc4301594fff749,,False
data/raw/esc50/audio/1-54084-A-42.wav,esc50,siren,0.0,perimeter,2789b8e75b8115bce7b0,,False
data/raw/esc50/audio/1-54918-A-14.wav,esc50,chirping_birds,0.0,wildlife,cd952af69cccf845c0b2,,False
data/raw/esc50/audio/1-54918-B-14.wav,esc50,chirping_birds,0.0,wildlife,cd952af69cccf845c0b2,,False
data/raw/esc50/audio/1-54958-A-10.wav,esc50,rain,0.0,infrastructure,444f9d2f012314ff2350,,False
data/raw/esc50/audio/1-56233-A-9.wav,esc50,crow,0.0,wildlife,7338feb147d2bcdb3fd1,,False
data/raw/esc50/audio/1-56234-A-9.wav,esc50,crow,0.0,wildlife,a619ef79ac91893b9ea7,,False
data/raw/esc50/audio/1-56311-A-10.wav,esc50,rain,0.0,infrastructure,541ab7942fa272ff3d7f,,False
data/raw/esc50/audio/1-57316-A-13.wav,esc50,crickets,0.0,wildlife,0a809d4611462b0ffdee,,False
data/raw/esc50/audio/1-57318-A-13.wav,esc50,crickets,0.0,wildlife,be551bfe3bbdd313e91c,,False
data/raw/esc50/audio/1-59102-A-13.wav,esc50,crickets,0.0,wildlife,c48844bf18964da8b7a9,,False
data/raw/esc50/audio/1-63871-A-10.wav,esc50,rain,0.0,infrastructure,a0bc7642fbc4817df3f5,,False
data/raw/esc50/audio/1-65483-A-13.wav,esc50,crickets,0.0,wildlife,663f812bec167995c9c0,,False
data/raw/esc50/audio/1-69760-A-16.wav,esc50,wind,0.0,wildlife;infrastructure;perimeter,31ebc1bdfa5d1e1a5d33,,False
data/raw/esc50/audio/1-73585-A-7.wav,esc50,insects,0.0,wildlife;infrastructure,002ae1855a82ac90ffca,,False
data/raw/esc50/audio/1-7456-A-13.wav,esc50,crickets,0.0,wildlife,6d6fd2cbbf50d2dedc9d,,False
data/raw/esc50/audio/1-75162-A-9.wav,esc50,crow,0.0,wildlife,c9b6a8284ea7d8b2d8bd,,False
data/raw/esc50/audio/1-75189-A-7.wav,esc50,insects,0.0,wildlife;infrastructure,4ebc3700a5ebe6567fcc,,False
data/raw/esc50/audio/1-76831-A-42.wav,esc50,siren,0.0,perimeter,970bb2bb5f649c9fc315,,False
data/raw/esc50/audio/1-76831-B-42.wav,esc50,siren,0.0,perimeter,970bb2bb5f649c9fc315,,False
data/raw/esc50/audio/1-76831-C-42.wav,esc50,siren,0.0,perimeter,970bb2bb5f649c9fc315,,False
data/raw/esc50/audio/1-76831-D-42.wav,esc50,siren,0.0,perimeter,970bb2bb5f649c9fc315,,False
data/raw/esc50/audio/1-76831-E-42.wav,esc50,siren,0.0,perimeter,970bb2bb5f649c9fc315,,False
data/raw/esc50/audio/1-7973-A-7.wav,esc50,insects,0.0,wildlife;infrastructure,bbd30ca80672eb2fd683,,False
data/raw/esc50/audio/1-80785-A-7.wav,esc50,insects,0.0,wildlife;infrastructure,73f40a917096d36fe840,,False
data/raw/esc50/audio/1-80840-A-13.wav,esc50,crickets,0.0,wildlife,416094699929eb4619cd,,False
data/raw/esc50/audio/1-80841-A-13.wav,esc50,crickets,0.0,wildlife,80b7acea5b8f2f2fbc6b,,False
data/raw/esc50/audio/1-96950-A-9.wav,esc50,crow,0.0,wildlife,efa1a352c8a4042afe40,,False
data/raw/esc50/audio/1-96950-B-9.wav,esc50,crow,0.0,wildlife,efa1a352c8a4042afe40,,False
data/raw/esc50/audio/1-9841-A-13.wav,esc50,crickets,0.0,wildlife,109bee3fb7c9bb5d0282,,False
data/raw/esc50/audio/2-101676-A-10.wav,esc50,rain,0.0,infrastructure,75436659f0524998c72b,,False
data/raw/esc50/audio/2-104105-A-19.wav,esc50,thunderstorm,0.0,,2e90e52aa7208d5fec3b,,False
data/raw/esc50/audio/2-104105-B-19.wav,esc50,thunderstorm,0.0,,2e90e52aa7208d5fec3b,,False
data/raw/esc50/audio/2-104952-A-16.wav,esc50,wind,0.0,wildlife;infrastructure;perimeter,5ba81511e9034e29f13b,,False
data/raw/esc50/audio/2-104952-B-16.wav,esc50,wind,0.0,wildlife;infrastructure;perimeter,5ba81511e9034e29f13b,,False
data/raw/esc50/audio/2-105270-A-47.wav,esc50,airplane,0.0,battlefield/noisy-field;airspace,faafd54096a64563c0ff,,False
data/raw/esc50/audio/2-106019-A-13.wav,esc50,crickets,0.0,wildlife,6fa656272e03f500ac42,,False
data/raw/esc50/audio/2-106849-A-47.wav,esc50,airplane,0.0,battlefield/noisy-field;airspace,ba2e2ab3af1b203396df,,False
data/raw/esc50/audio/2-108760-A-14.wav,esc50,chirping_birds,0.0,wildlife,7183c621f2987e2d3ac5,,False
data/raw/esc50/audio/2-108760-B-14.wav,esc50,chirping_birds,0.0,wildlife,7183c621f2987e2d3ac5,,False
data/raw/esc50/audio/2-108761-A-14.wav,esc50,chirping_birds,0.0,wildlife,76049d7ad6cd2932dc28,,False
data/raw/esc50/audio/2-108763-A-9.wav,esc50,crow,0.0,wildlife,b1e46508b031262fcc61,,False
data/raw/esc50/audio/2-108766-A-9.wav,esc50,crow,0.0,wildlife,5e31db411801beaa09e1,,False
data/raw/esc50/audio/2-108767-A-9.wav,esc50,crow,0.0,wildlife,e8276a3c5a20686c267d,,False
data/raw/esc50/audio/2-108767-B-9.wav,esc50,crow,0.0,wildlife,e8276a3c5a20686c267d,,False
data/raw/esc50/audio/2-108767-C-9.wav,esc50,crow,0.0,wildlife,e8276a3c5a20686c267d,,False
data/raw/esc50/audio/2-109231-A-9.wav,esc50,crow,0.0,wildlife,3e5bd017f364b7a21b9b,,False
data/raw/esc50/audio/2-109231-B-9.wav,esc50,crow,0.0,wildlife,3e5bd017f364b7a21b9b,,False
data/raw/esc50/audio/2-109231-C-9.wav,esc50,crow,0.0,wildlife,3e5bd017f364b7a21b9b,,False
data/raw/esc50/audio/2-109371-A-16.wav,esc50,wind,0.0,wildlife;infrastructure;perimeter,84be79d5530fe1937e7f,,False
data/raw/esc50/audio/2-109371-B-16.wav,esc50,wind,0.0,wildlife;infrastructure;perimeter,84be79d5530fe1937e7f,,False
data/raw/esc50/audio/2-109371-C-16.wav,esc50,wind,0.0,wildlife;infrastructure;perimeter,84be79d5530fe1937e7f,,False
data/raw/esc50/audio/2-109371-D-16.wav,esc50,wind,0.0,wildlife;infrastructure;perimeter,84be79d5530fe1937e7f,,False
data/raw/esc50/audio/2-109374-A-16.wav,esc50,wind,0.0,wildlife;infrastructure;perimeter,5f3e8eca6fddcdb77014,,False
data/raw/esc50/audio/2-110613-A-13.wav,esc50,crickets,0.0,wildlife,5ec706207d64731c9689,,False
data/raw/esc50/audio/2-117615-A-48.wav,esc50,fireworks,0.0,,84178634d2709ef18c45,,False
data/raw/esc50/audio/2-117615-B-48.wav,esc50,fireworks,0.0,,84178634d2709ef18c45,,False
data/raw/esc50/audio/2-117615-C-48.wav,esc50,fireworks,0.0,,84178634d2709ef18c45,,False
data/raw/esc50/audio/2-117615-D-48.wav,esc50,fireworks,0.0,,84178634d2709ef18c45,,False
data/raw/esc50/audio/2-117615-E-48.wav,esc50,fireworks,0.0,,84178634d2709ef18c45,,False
data/raw/esc50/audio/2-117616-A-48.wav,esc50,fireworks,0.0,,ff7d3c7aaeef0d4370fc,,False
data/raw/esc50/audio/2-117617-A-48.wav,esc50,fireworks,0.0,,531c69a1b5aa85640907,,False
data/raw/esc50/audio/2-117625-A-10.wav,esc50,rain,0.0,infrastructure,b9159e63666e1ff105dd,,False
data/raw/esc50/audio/2-122616-A-14.wav,esc50,chirping_birds,0.0,wildlife,0fc140108ab676d83885,,False
data/raw/esc50/audio/2-125821-A-13.wav,esc50,crickets,0.0,wildlife,10a44f269d721e13e307,,False
data/raw/esc50/audio/2-125875-A-13.wav,esc50,crickets,0.0,wildlife,c4ada69e2e1c242ffde1,,False
data/raw/esc50/audio/2-160128-A-7.wav,esc50,insects,0.0,wildlife;infrastructure,694d0e63f6288262abe2,,False
data/raw/esc50/audio/2-160888-A-47.wav,esc50,airplane,0.0,battlefield/noisy-field;airspace,9ff7034cb65fd7120a5c,,False
data/raw/esc50/audio/2-165801-A-48.wav,esc50,fireworks,0.0,,8e6d671d3e711c49c208,,False
data/raw/esc50/audio/2-188822-A-40.wav,esc50,helicopter,0.0,battlefield/noisy-field;airspace,e4a7a0c248c9a09ac270,,False
data/raw/esc50/audio/2-188822-B-40.wav,esc50,helicopter,0.0,battlefield/noisy-field;airspace,e4a7a0c248c9a09ac270,,False
data/raw/esc50/audio/2-188822-C-40.wav,esc50,helicopter,0.0,battlefield/noisy-field;airspace,e4a7a0c248c9a09ac270,,False
data/raw/esc50/audio/2-188822-D-40.wav,esc50,helicopter,0.0,battlefield/noisy-field;airspace,e4a7a0c248c9a09ac270,,False
data/raw/esc50/audio/2-205966-A-16.wav,esc50,wind,0.0,wildlife;infrastructure;perimeter,d8c75b9cce1a15c79af1,,False
data/raw/esc50/audio/2-209471-A-25.wav,esc50,footsteps,0.0,perimeter,ef37445fa45679320de7,,False
data/raw/esc50/audio/2-209472-A-25.wav,esc50,footsteps,0.0,perimeter,fd17f71321141c8c428e,,False
data/raw/esc50/audio/2-209473-A-25.wav,esc50,footsteps,0.0,perimeter,334129c07129670e291f,,False
data/raw/esc50/audio/2-209474-A-25.wav,esc50,footsteps,0.0,perimeter,21d1f9a2c22a2341082a,,False
data/raw/esc50/audio/2-209475-A-25.wav,esc50,footsteps,0.0,perimeter,1ac8665bfdfcc3899a77,,False
data/raw/esc50/audio/2-209476-A-25.wav,esc50,footsteps,0.0,perimeter,73cf49ce0e09a5a04ada,,False
data/raw/esc50/audio/2-209477-A-25.wav,esc50,footsteps,0.0,perimeter,475c93668414a38315fd,,False
data/raw/esc50/audio/2-209478-A-25.wav,esc50,footsteps,0.0,perimeter,7893e7f75477ced5ea76,,False
data/raw/esc50/audio/2-37806-A-40.wav,esc50,helicopter,0.0,battlefield/noisy-field;airspace,98b3a8854a36217cae46,,False
data/raw/esc50/audio/2-37806-B-40.wav,esc50,helicopter,0.0,battlefield/noisy-field;airspace,98b3a8854a36217cae46,,False
data/raw/esc50/audio/2-37806-C-40.wav,esc50,helicopter,0.0,battlefield/noisy-field;airspace,98b3a8854a36217cae46,,False
data/raw/esc50/audio/2-37806-D-40.wav,esc50,helicopter,0.0,battlefield/noisy-field;airspace,98b3a8854a36217cae46,,False
data/raw/esc50/audio/2-39441-A-19.wav,esc50,thunderstorm,0.0,,e368d1308b86819b1fe1,,False
data/raw/esc50/audio/2-39443-A-19.wav,esc50,thunderstorm,0.0,,50956562a0919dc33ff7,,False
data/raw/esc50/audio/2-39443-B-19.wav,esc50,thunderstorm,0.0,,50956562a0919dc33ff7,,False
data/raw/esc50/audio/2-39945-A-19.wav,esc50,thunderstorm,0.0,,a0cfeb3a9f93dd0ba492,,False
data/raw/esc50/audio/2-39945-B-19.wav,esc50,thunderstorm,0.0,,a0cfeb3a9f93dd0ba492,,False
data/raw/esc50/audio/2-39945-C-19.wav,esc50,thunderstorm,0.0,,a0cfeb3a9f93dd0ba492,,False
data/raw/esc50/audio/2-43802-A-42.wav,esc50,siren,0.0,perimeter,dd57a1e0373108f6775b,,False
data/raw/esc50/audio/2-43806-A-42.wav,esc50,siren,0.0,perimeter,7a482b076cea465084b2,,False
data/raw/esc50/audio/2-70052-A-42.wav,esc50,siren,0.0,perimeter,6c774c242f543140dcdb,,False
data/raw/esc50/audio/2-70052-B-42.wav,esc50,siren,0.0,perimeter,6c774c242f543140dcdb,,False
data/raw/esc50/audio/2-70936-A-42.wav,esc50,siren,0.0,perimeter,5fc4de8eff0e65f96bca,,False
data/raw/esc50/audio/2-70938-A-42.wav,esc50,siren,0.0,perimeter,82f3c5b2cbdfaf2888c9,,False
data/raw/esc50/audio/2-70939-A-42.wav,esc50,siren,0.0,perimeter,ab47103ec3beeda86b8e,,False
data/raw/esc50/audio/2-72547-A-14.wav,esc50,chirping_birds,0.0,wildlife,f89a417e44fda48b3769,,False
data/raw/esc50/audio/2-72547-B-14.wav,esc50,chirping_birds,0.0,wildlife,f89a417e44fda48b3769,,False
data/raw/esc50/audio/2-72547-C-14.wav,esc50,chirping_birds,0.0,wildlife,f89a417e44fda48b3769,,False
data/raw/esc50/audio/2-72547-D-14.wav,esc50,chirping_birds,0.0,wildlife,f89a417e44fda48b3769,,False
data/raw/esc50/audio/2-72688-A-42.wav,esc50,siren,0.0,perimeter,b5ffab8fac6b64b6270d,,False
data/raw/esc50/audio/2-72970-A-10.wav,esc50,rain,0.0,infrastructure,bf1d3351f9827f92cae0,,False
data/raw/esc50/audio/2-73027-A-10.wav,esc50,rain,0.0,infrastructure,074bb15af4a2af54f978,,False
data/raw/esc50/audio/2-73260-A-10.wav,esc50,rain,0.0,infrastructure,4ef1115b87a904bd8b1d,,False
data/raw/esc50/audio/2-74361-A-47.wav,esc50,airplane,0.0,battlefield/noisy-field;airspace,ce3f8df8e357408a7f0c,,False
data/raw/esc50/audio/2-78781-A-47.wav,esc50,airplane,0.0,battlefield/noisy-field;airspace,84277ff1a440a709785e,,False
data/raw/esc50/audio/2-78799-A-47.wav,esc50,airplane,0.0,battlefield/noisy-field;airspace,0d7c9473a55c8df43257,,False
data/raw/esc50/audio/2-80844-A-13.wav,esc50,crickets,0.0,wildlife,683cefcb968f3602fe18,,False
data/raw/esc50/audio/2-81731-A-10.wav,esc50,rain,0.0,infrastructure,d826e1bb6a6b25dce0d6,,False
data/raw/esc50/audio/2-81970-A-7.wav,esc50,insects,0.0,wildlife;infrastructure,4c5e9f2ab26f1057ec5e,,False
data/raw/esc50/audio/2-81970-B-7.wav,esc50,insects,0.0,wildlife;infrastructure,4c5e9f2ab26f1057ec5e,,False
data/raw/esc50/audio/2-81970-C-7.wav,esc50,insects,0.0,wildlife;infrastructure,4c5e9f2ab26f1057ec5e,,False
data/raw/esc50/audio/2-82077-A-7.wav,esc50,insects,0.0,wildlife;infrastructure,1b137b60456b4db67a6f,,False
data/raw/esc50/audio/2-82367-A-10.wav,esc50,rain,0.0,infrastructure,15c184e6bd52f8e9d756,,False
data/raw/esc50/audio/2-83270-A-13.wav,esc50,crickets,0.0,wildlife,4686813622b6514d8db6,,False
data/raw/esc50/audio/2-85139-A-13.wav,esc50,crickets,0.0,wildlife,6101df3ea4a049167403,,False
data/raw/esc50/audio/2-87781-A-10.wav,esc50,rain,0.0,infrastructure,be8682946a3bebbbecc0,,False
data/raw/esc50/audio/2-96033-A-13.wav,esc50,crickets,0.0,wildlife,fb3b7d741733f1185e03,,False
data/raw/esc50/audio/2-96654-A-47.wav,esc50,airplane,0.0,battlefield/noisy-field;airspace,7b26281b815313dbaf02,,False
data/raw/esc50/audio/2-98866-A-47.wav,esc50,airplane,0.0,battlefield/noisy-field;airspace,b6fa6f10b20efeeeade5,,False
data/raw/esc50/audio/2-99955-A-7.wav,esc50,insects,0.0,wildlife;infrastructure,6f1e1fad9d7ddf9e4d3a,,False
data/raw/esc50/audio/2-99955-B-7.wav,esc50,insects,0.0,wildlife;infrastructure,6f1e1fad9d7ddf9e4d3a,,False
data/raw/esc50/audio/2-99955-C-7.wav,esc50,insects,0.0,wildlife;infrastructure,6f1e1fad9d7ddf9e4d3a,,False
data/raw/esc50/audio/3-103050-A-19.wav,esc50,thunderstorm,0.0,,44d479019e3e289916a2,,False
data/raw/esc50/audio/3-103051-A-19.wav,esc50,thunderstorm,0.0,,a4b9d8cfa81b71379780,,False
data/raw/esc50/audio/3-103051-B-19.wav,esc50,thunderstorm,0.0,,a4b9d8cfa81b71379780,,False
data/raw/esc50/audio/3-103051-C-19.wav,esc50,thunderstorm,0.0,,a4b9d8cfa81b71379780,,False
data/raw/esc50/audio/3-103597-A-25.wav,esc50,footsteps,0.0,perimeter,2297cf84aee40eb7a533,,False
data/raw/esc50/audio/3-103598-A-25.wav,esc50,footsteps,0.0,perimeter,9276d7cd3f1e418e6ef7,,False
data/raw/esc50/audio/3-103599-A-25.wav,esc50,footsteps,0.0,perimeter,9f282d8ccf2c71ed65ce,,False
data/raw/esc50/audio/3-103599-B-25.wav,esc50,footsteps,0.0,perimeter,9f282d8ccf2c71ed65ce,,False
data/raw/esc50/audio/3-104761-A-7.wav,esc50,insects,0.0,wildlife;infrastructure,c774b0f9db2dcc1f76af,,False
data/raw/esc50/audio/3-104761-B-7.wav,esc50,insects,0.0,wildlife;infrastructure,c774b0f9db2dcc1f76af,,False
data/raw/esc50/audio/3-105235-A-7.wav,esc50,insects,0.0,wildlife;infrastructure,2b2256dc0f1361036d98,,False
data/raw/esc50/audio/3-105236-A-7.wav,esc50,insects,0.0,wildlife;infrastructure,9b848b9251005cdca03d,,False
data/raw/esc50/audio/3-110913-A-7.wav,esc50,insects,0.0,wildlife;infrastructure,4ab74c006345f322782c,,False
data/raw/esc50/audio/3-110913-B-7.wav,esc50,insects,0.0,wildlife;infrastructure,4ab74c006345f322782c,,False
data/raw/esc50/audio/3-110913-C-7.wav,esc50,insects,0.0,wildlife;infrastructure,4ab74c006345f322782c,,False
data/raw/esc50/audio/3-110913-D-7.wav,esc50,insects,0.0,wildlife;infrastructure,4ab74c006345f322782c,,False
data/raw/esc50/audio/3-112397-A-9.wav,esc50,crow,0.0,wildlife,344290f64e8e17bc05ef,,False
data/raw/esc50/audio/3-115387-A-47.wav,esc50,airplane,0.0,battlefield/noisy-field;airspace,90ff6140e7219ee59612,,False
data/raw/esc50/audio/3-115387-B-47.wav,esc50,airplane,0.0,battlefield/noisy-field;airspace,90ff6140e7219ee59612,,False
data/raw/esc50/audio/3-115387-C-47.wav,esc50,airplane,0.0,battlefield/noisy-field;airspace,90ff6140e7219ee59612,,False
data/raw/esc50/audio/3-117293-A-9.wav,esc50,crow,0.0,wildlife,0dcb029462559ba78044,,False
data/raw/esc50/audio/3-117504-A-16.wav,esc50,wind,0.0,wildlife;infrastructure;perimeter,46118aec9dd3eba69eb2,,False
data/raw/esc50/audio/3-117504-B-16.wav,esc50,wind,0.0,wildlife;infrastructure;perimeter,46118aec9dd3eba69eb2,,False
data/raw/esc50/audio/3-119120-A-48.wav,esc50,fireworks,0.0,,3987233fa7c2feb8a640,,False
data/raw/esc50/audio/3-119120-B-48.wav,esc50,fireworks,0.0,,3987233fa7c2feb8a640,,False
data/raw/esc50/audio/3-119120-C-48.wav,esc50,fireworks,0.0,,3987233fa7c2feb8a640,,False
data/raw/esc50/audio/3-119120-D-48.wav,esc50,fireworks,0.0,,3987233fa7c2feb8a640,,False
data/raw/esc50/audio/3-119120-E-48.wav,esc50,fireworks,0.0,,3987233fa7c2feb8a640,,False
data/raw/esc50/audio/3-121348-A-9.wav,esc50,crow,0.0,wildlife,31785d877d7429896327,,False
data/raw/esc50/audio/3-123224-A-19.wav,esc50,thunderstorm,0.0,,dd35d93f28a731aed667,,False
data/raw/esc50/audio/3-124600-A-19.wav,esc50,thunderstorm,0.0,,c61256a9660d54cfc75a,,False
data/raw/esc50/audio/3-124925-A-9.wav,esc50,crow,0.0,wildlife,0f639b00af3a879a0db5,,False
data/raw/esc50/audio/3-127890-A-9.wav,esc50,crow,0.0,wildlife,95f0c121d11a89a0c4d4,,False
data/raw/esc50/audio/3-127890-B-9.wav,esc50,crow,0.0,wildlife,95f0c121d11a89a0c4d4,,False
data/raw/esc50/audio/3-127890-C-9.wav,esc50,crow,0.0,wildlife,95f0c121d11a89a0c4d4,,False
data/raw/esc50/audio/3-128512-A-47.wav,esc50,airplane,0.0,battlefield/noisy-field;airspace,2d1d8b79ba0e10cb6b86,,False
data/raw/esc50/audio/3-128512-B-47.wav,esc50,airplane,0.0,battlefield/noisy-field;airspace,2d1d8b79ba0e10cb6b86,,False
data/raw/esc50/audio/3-129264-A-9.wav,esc50,crow,0.0,wildlife,ac7d439e3dacf5f8da0e,,False
data/raw/esc50/audio/3-129338-A-13.wav,esc50,crickets,0.0,wildlife,dd338c5046481a5d09b1,,False
data/raw/esc50/audio/3-129678-A-13.wav,esc50,crickets,0.0,wildlife,2e63a8249962607f36a4,,False
data/raw/esc50/audio/3-132852-A-10.wav,esc50,rain,0.0,infrastructure,68a65eb534826eae08d1,,False
data/raw/esc50/audio/3-134699-A-16.wav,esc50,wind,0.0,wildlife;infrastructure;perimeter,fd42e09fc0ab06371fce,,False
data/raw/esc50/audio/3-134699-B-16.wav,esc50,wind,0.0,wildlife;infrastructure;perimeter,fd42e09fc0ab06371fce,,False
data/raw/esc50/audio/3-134699-C-16.wav,esc50,wind,0.0,wildlife;infrastructure;perimeter,fd42e09fc0ab06371fce,,False
data/raw/esc50/audio/3-134802-A-13.wav,esc50,crickets,0.0,wildlife,578159b153a65397acff,,False
data/raw/esc50/audio/3-136608-A-16.wav,esc50,wind,0.0,wildlife;infrastructure;perimeter,28bd81049862cfd2ff97,,False
data/raw/esc50/audio/3-140774-A-10.wav,esc50,rain,0.0,infrastructure,188a097900fd48d89096,,False
data/raw/esc50/audio/3-142005-A-10.wav,esc50,rain,0.0,infrastructure,96c8f952011b9805dbdc,,False
data/raw/esc50/audio/3-142006-A-10.wav,esc50,rain,0.0,infrastructure,817799c36bc369e360a7,,False
data/raw/esc50/audio/3-143560-A-47.wav,esc50,airplane,0.0,battlefield/noisy-field;airspace,a596e6ae34cdaceb84a9,,False
data/raw/esc50/audio/3-143562-A-47.wav,esc50,airplane,0.0,battlefield/noisy-field;airspace,276a372d13d7bbc16294,,False
data/raw/esc50/audio/3-143929-A-10.wav,esc50,rain,0.0,infrastructure,84c743314184b150f12c,,False
data/raw/esc50/audio/3-144891-A-19.wav,esc50,thunderstorm,0.0,,40e9df0fb50bbeed2ca4,,False
data/raw/esc50/audio/3-144891-B-19.wav,esc50,thunderstorm,0.0,,40e9df0fb50bbeed2ca4,,False
data/raw/esc50/audio/3-146033-A-13.wav,esc50,crickets,0.0,wildlife,00afaf7e19edb8abd13d,,False
data/raw/esc50/audio/3-150979-A-40.wav,esc50,helicopter,0.0,battlefield/noisy-field;airspace,6102c971dc1eb6578d36,,False
data/raw/esc50/audio/3-150979-B-40.wav,esc50,helicopter,0.0,battlefield/noisy-field;airspace,6102c971dc1eb6578d36,,False
data/raw/esc50/audio/3-150979-C-40.wav,esc50,helicopter,0.0,battlefield/noisy-field;airspace,6102c971dc1eb6578d36,,False
data/raw/esc50/audio/3-154926-A-40.wav,esc50,helicopter,0.0,battlefield/noisy-field;airspace,3964a8e92b9881208b72,,False
data/raw/esc50/audio/3-154926-B-40.wav,esc50,helicopter,0.0,battlefield/noisy-field;airspace,3964a8e92b9881208b72,,False
data/raw/esc50/audio/3-155577-A-14.wav,esc50,chirping_birds,0.0,wildlife,b567a23b09bb0bd49098,,False
data/raw/esc50/audio/3-155578-A-14.wav,esc50,chirping_birds,0.0,wildlife,3e439c99c603d724b1cd,,False
data/raw/esc50/audio/3-155579-A-14.wav,esc50,chirping_birds,0.0,wildlife,15dbd19fa2b74b86effd,,False
data/raw/esc50/audio/3-155583-A-14.wav,esc50,chirping_birds,0.0,wildlife,264f83beda9d02c84dbf,,False
data/raw/esc50/audio/3-155584-A-14.wav,esc50,chirping_birds,0.0,wildlife,c7471497078d4f6bfb90,,False
data/raw/esc50/audio/3-155766-A-13.wav,esc50,crickets,0.0,wildlife,a9a1895075cc0fceeb54,,False
data/raw/esc50/audio/3-156581-A-14.wav,esc50,chirping_birds,0.0,wildlife,ef13a40ae7308dab05c4,,False
data/raw/esc50/audio/3-156581-B-14.wav,esc50,chirping_birds,0.0,wildlife,ef13a40ae7308dab05c4,,False
data/raw/esc50/audio/3-157149-A-10.wav,esc50,rain,0.0,infrastructure,bd6207f29fad53bec50b,,False
data/raw/esc50/audio/3-157487-A-10.wav,esc50,rain,0.0,infrastructure,010d9b5a79ac74f80faf,,False
data/raw/esc50/audio/3-157615-A-10.wav,esc50,rain,0.0,infrastructure,4807905de5410d34424c,,False
data/raw/esc50/audio/3-162786-A-13.wav,esc50,crickets,0.0,wildlife,fd66e933be8ca4ce3054,,False
data/raw/esc50/audio/3-163607-A-13.wav,esc50,crickets,0.0,wildlife,3e52a7cf4a0022622cca,,False
data/raw/esc50/audio/3-163607-B-13.wav,esc50,crickets,0.0,wildlife,3e52a7cf4a0022622cca,,False
data/raw/esc50/audio/3-172881-A-48.wav,esc50,fireworks,0.0,,fc6760253e41adc8b422,,False
data/raw/esc50/audio/3-172922-A-48.wav,esc50,fireworks,0.0,,eae960dc3a4f3852fdf7,,False
data/raw/esc50/audio/3-181132-A-14.wav,esc50,chirping_birds,0.0,wildlife,cc026d82d6ef49397d75,,False
data/raw/esc50/audio/3-193767-A-47.wav,esc50,airplane,0.0,battlefield/noisy-field;airspace,5dabb3e1c79fabc2319d,,False
data/raw/esc50/audio/3-246513-A-16.wav,esc50,wind,0.0,wildlife;infrastructure;perimeter,d4a7db5bd3358aab8cdb,,False
data/raw/esc50/audio/3-246513-B-16.wav,esc50,wind,0.0,wildlife;infrastructure;perimeter,d4a7db5bd3358aab8cdb,,False
data/raw/esc50/audio/3-249913-A-25.wav,esc50,footsteps,0.0,perimeter,74f19bcebf11a6b77f67,,False
data/raw/esc50/audio/3-251617-A-48.wav,esc50,fireworks,0.0,,e8858997d5f16a44b702,,False
data/raw/esc50/audio/3-51376-A-42.wav,esc50,siren,0.0,perimeter,bd2db2192519a26f4b01,,False
data/raw/esc50/audio/3-51731-A-42.wav,esc50,siren,0.0,perimeter,7fef772b66fe8c31b4a8,,False
data/raw/esc50/audio/3-51731-B-42.wav,esc50,siren,0.0,perimeter,7fef772b66fe8c31b4a8,,False
data/raw/esc50/audio/3-51909-A-42.wav,esc50,siren,0.0,perimeter,50518e098b84fa2d02a7,,False
data/raw/esc50/audio/3-51909-B-42.wav,esc50,siren,0.0,perimeter,50518e098b84fa2d02a7,,False
data/raw/esc50/audio/3-58772-A-42.wav,esc50,siren,0.0,perimeter,3fd53af1ac706d8134e3,,False
data/raw/esc50/audio/3-62878-A-42.wav,esc50,siren,0.0,perimeter,891f10211e99b412ff7e,,False
data/raw/esc50/audio/3-62878-B-42.wav,esc50,siren,0.0,perimeter,891f10211e99b412ff7e,,False
data/raw/esc50/audio/3-68630-A-40.wav,esc50,helicopter,0.0,battlefield/noisy-field;airspace,7142cb95de186025bcaa,,False
data/raw/esc50/audio/3-68630-B-40.wav,esc50,helicopter,0.0,battlefield/noisy-field;airspace,7142cb95de186025bcaa,,False
data/raw/esc50/audio/3-68630-C-40.wav,esc50,helicopter,0.0,battlefield/noisy-field;airspace,7142cb95de186025bcaa,,False
data/raw/esc50/audio/3-94342-A-25.wav,esc50,footsteps,0.0,perimeter,54280ed72e7d566352fc,,False
data/raw/esc50/audio/3-94343-A-25.wav,esc50,footsteps,0.0,perimeter,9a065f77ce9c15694830,,False
data/raw/esc50/audio/3-94344-A-25.wav,esc50,footsteps,0.0,perimeter,ee6390ce4f2646373bb7,,False
data/raw/esc50/audio/4-102871-A-42.wav,esc50,siren,0.0,perimeter,c40e126b9ee834c62808,,False
data/raw/esc50/audio/4-111671-A-42.wav,esc50,siren,0.0,perimeter,a4f4b9d03588424b45ce,,False
data/raw/esc50/audio/4-111671-B-42.wav,esc50,siren,0.0,perimeter,a4f4b9d03588424b45ce,,False
data/raw/esc50/audio/4-117627-A-25.wav,esc50,footsteps,0.0,perimeter,bddaaf3656ae2aec7197,,False
data/raw/esc50/audio/4-117630-A-25.wav,esc50,footsteps,0.0,perimeter,76f1455c93adae5c6636,,False
data/raw/esc50/audio/4-119647-A-48.wav,esc50,fireworks,0.0,,9c6e82017298cb81076a,,False
data/raw/esc50/audio/4-119647-B-48.wav,esc50,fireworks,0.0,,9c6e82017298cb81076a,,False
data/raw/esc50/audio/4-119647-C-48.wav,esc50,fireworks,0.0,,9c6e82017298cb81076a,,False
data/raw/esc50/audio/4-119647-D-48.wav,esc50,fireworks,0.0,,9c6e82017298cb81076a,,False
data/raw/esc50/audio/4-119648-A-48.wav,esc50,fireworks,0.0,,38de2c5fd0d8398344f5,,False
data/raw/esc50/audio/4-119648-B-48.wav,esc50,fireworks,0.0,,38de2c5fd0d8398344f5,,False
data/raw/esc50/audio/4-119648-C-48.wav,esc50,fireworks,0.0,,38de2c5fd0d8398344f5,,False
data/raw/esc50/audio/4-119648-D-48.wav,esc50,fireworks,0.0,,38de2c5fd0d8398344f5,,False
data/raw/esc50/audio/4-121532-A-42.wav,esc50,siren,0.0,perimeter,27612d50a2349f510e5e,,False
data/raw/esc50/audio/4-125070-A-19.wav,esc50,thunderstorm,0.0,,e615de353fb9a086e4fe,,False
data/raw/esc50/audio/4-125071-A-19.wav,esc50,thunderstorm,0.0,,33794126a31c1d70a128,,False
data/raw/esc50/audio/4-125072-A-19.wav,esc50,thunderstorm,0.0,,43dc9eb9340260bf985e,,False
data/raw/esc50/audio/4-125072-B-19.wav,esc50,thunderstorm,0.0,,43dc9eb9340260bf985e,,False
data/raw/esc50/audio/4-125929-A-40.wav,esc50,helicopter,0.0,battlefield/noisy-field;airspace,8272b3cc762553105c2b,,False
data/raw/esc50/audio/4-130891-A-7.wav,esc50,insects,0.0,wildlife;infrastructure,389497f87a53cda2728b,,False
data/raw/esc50/audio/4-133895-A-7.wav,esc50,insects,0.0,wildlife;infrastructure,8a3e2a6425c0e42ebec0,,False
data/raw/esc50/audio/4-136381-A-9.wav,esc50,crow,0.0,wildlife,4991d83555f6b832df4e,,False
data/raw/esc50/audio/4-138344-A-9.wav,esc50,crow,0.0,wildlife,4a330b8feb0f350a6e33,,False
data/raw/esc50/audio/4-143118-A-7.wav,esc50,insects,0.0,wildlife;infrastructure,1f29b7dcd1cf4d4d1b6c,,False
data/raw/esc50/audio/4-143118-B-7.wav,esc50,insects,0.0,wildlife;infrastructure,1f29b7dcd1cf4d4d1b6c,,False
data/raw/esc50/audio/4-144083-A-16.wav,esc50,wind,0.0,wildlife;infrastructure;perimeter,8142ce86b6364942d3ee,,False
data/raw/esc50/audio/4-144083-B-16.wav,esc50,wind,0.0,wildlife;infrastructure;perimeter,8142ce86b6364942d3ee,,False
data/raw/esc50/audio/4-144083-C-16.wav,esc50,wind,0.0,wildlife;infrastructure;perimeter,8142ce86b6364942d3ee,,False
data/raw/esc50/audio/4-144085-A-16.wav,esc50,wind,0.0,wildlife;infrastructure;perimeter,f61a969d64badc3f670b,,False
data/raw/esc50/audio/4-145081-A-9.wav,esc50,crow,0.0,wildlife,b15f32ad3dc5a3362d2e,,False
data/raw/esc50/audio/4-156227-A-9.wav,esc50,crow,0.0,wildlife,6ea223abc77a6f668143,,False
data/raw/esc50/audio/4-156993-A-19.wav,esc50,thunderstorm,0.0,,369f780548220be6c0b1,,False
data/raw/esc50/audio/4-159426-A-9.wav,esc50,crow,0.0,wildlife,9ef249773ea3153b9b1d,,False
data/raw/esc50/audio/4-159609-A-14.wav,esc50,chirping_birds,0.0,wildlife,302b20bef0014630efb9,,False
data/raw/esc50/audio/4-159609-B-14.wav,esc50,chirping_birds,0.0,wildlife,302b20bef0014630efb9,,False
data/raw/esc50/audio/4-160999-A-10.wav,esc50,rain,0.0,infrastructure,d1ac2aed792000804b1d,,False
data/raw/esc50/audio/4-161099-A-47.wav,esc50,airplane,0.0,battlefield/noisy-field;airspace,353547274985ee7e1079,,False
data/raw/esc50/audio/4-161099-B-47.wav,esc50,airplane,0.0,battlefield/noisy-field;airspace,353547274985ee7e1079,,False
data/raw/esc50/audio/4-161100-A-47.wav,esc50,airplane,0.0,battlefield/noisy-field;airspace,72480845d42e78dbf947,,False
data/raw/esc50/audio/4-161103-A-47.wav,esc50,airplane,0.0,battlefield/noisy-field;airspace,c5506d982874ee91fa9a,,False
data/raw/esc50/audio/4-161105-A-47.wav,esc50,airplane,0.0,battlefield/noisy-field;airspace,0852a2a64a436f399f31,,False
data/raw/esc50/audio/4-161105-B-47.wav,esc50,airplane,0.0,battlefield/noisy-field;airspace,0852a2a64a436f399f31,,False
data/raw/esc50/audio/4-161127-A-10.wav,esc50,rain,0.0,infrastructure,92cdd45513f9c27c3e26,,False
data/raw/esc50/audio/4-161519-A-19.wav,esc50,thunderstorm,0.0,,743d415b6ce5c220b8b4,,False
data/raw/esc50/audio/4-161579-A-40.wav,esc50,helicopter,0.0,battlefield/noisy-field;airspace,f6779793a53b74f4c8a0,,False
data/raw/esc50/audio/4-161579-B-40.wav,esc50,helicopter,0.0,battlefield/noisy-field;airspace,f6779793a53b74f4c8a0,,False
data/raw/esc50/audio/4-163264-A-10.wav,esc50,rain,0.0,infrastructure,b23b56b356a6b439a84e,,False
data/raw/esc50/audio/4-163606-A-16.wav,esc50,wind,0.0,wildlife;infrastructure;perimeter,2a164f8d16135718d521,,False
data/raw/esc50/audio/4-163608-B-16.wav,esc50,wind,0.0,wildlife;infrastructure;perimeter,97de9982ed27ce65a5ee,,False
data/raw/esc50/audio/4-163609-A-16.wav,esc50,wind,0.0,wildlife;infrastructure;perimeter,fa4ada8d2fcb19e2f51b,,False
data/raw/esc50/audio/4-163609-B-16.wav,esc50,wind,0.0,wildlife;infrastructure;perimeter,fa4ada8d2fcb19e2f51b,,False
data/raw/esc50/audio/4-163697-A-13.wav,esc50,crickets,0.0,wildlife,e332c64c87133d79d75d,,False
data/raw/esc50/audio/4-164206-A-10.wav,esc50,rain,0.0,infrastructure,3efc8efd6374d2f76f75,,False
data/raw/esc50/audio/4-165813-A-19.wav,esc50,thunderstorm,0.0,,1430cee92487dce5241d,,False
data/raw/esc50/audio/4-165813-B-19.wav,esc50,thunderstorm,0.0,,1430cee92487dce5241d,,False
data/raw/esc50/audio/4-166661-A-10.wav,esc50,rain,0.0,infrastructure,351ba1ee321919638300,,False
data/raw/esc50/audio/4-171823-A-13.wav,esc50,crickets,0.0,wildlife,9561f1a850315e765035,,False
data/raw/esc50/audio/4-172143-A-13.wav,esc50,crickets,0.0,wildlife,8e58d17cece727dbaca8,,False
data/raw/esc50/audio/4-173865-A-9.wav,esc50,crow,0.0,wildlife,0d023f103a5eb6e61c88,,False
data/raw/esc50/audio/4-173865-B-9.wav,esc50,crow,0.0,wildlife,0d023f103a5eb6e61c88,,False
data/raw/esc50/audio/4-175000-A-40.wav,esc50,helicopter,0.0,battlefield/noisy-field;airspace,903df2bd04a5e0e7c566,,False
data/raw/esc50/audio/4-175000-B-40.wav,esc50,helicopter,0.0,battlefield/noisy-field;airspace,903df2bd04a5e0e7c566,,False
data/raw/esc50/audio/4-175000-C-40.wav,esc50,helicopter,0.0,battlefield/noisy-field;airspace,903df2bd04a5e0e7c566,,False
data/raw/esc50/audio/4-177250-A-10.wav,esc50,rain,0.0,infrastructure,d6438ac7a532ab65cde8,,False
data/raw/esc50/audio/4-180380-A-10.wav,esc50,rain,0.0,infrastructure,368848616b0797a977b0,,False
data/raw/esc50/audio/4-181286-A-10.wav,esc50,rain,0.0,infrastructure,a7c41da94dd64782822b,,False
data/raw/esc50/audio/4-181362-A-13.wav,esc50,crickets,0.0,wildlife,89d9bedb898b3461d76d,,False
data/raw/esc50/audio/4-182314-A-7.wav,esc50,insects,0.0,wildlife;infrastructure,2f5b01a3cb16ddc6cd60,,False
data/raw/esc50/audio/4-182314-B-7.wav,esc50,insects,0.0,wildlife;infrastructure,2f5b01a3cb16ddc6cd60,,False
data/raw/esc50/audio/4-182795-A-14.wav,esc50,chirping_birds,0.0,wildlife,7948055020bc59380578,,False
data/raw/esc50/audio/4-187769-A-14.wav,esc50,chirping_birds,0.0,wildlife,bfe19e478cabbdbd1324,,False
data/raw/esc50/audio/4-187769-B-14.wav,esc50,chirping_birds,0.0,wildlife,bfe19e478cabbdbd1324,,False
data/raw/esc50/audio/4-188287-A-9.wav,esc50,crow,0.0,wildlife,d66954ce0ffa658b438e,,False
data/raw/esc50/audio/4-191246-A-7.wav,esc50,insects,0.0,wildlife;infrastructure,bcf634e77428d75e0a02,,False
data/raw/esc50/audio/4-191246-B-7.wav,esc50,insects,0.0,wildlife;infrastructure,bcf634e77428d75e0a02,,False
data/raw/esc50/audio/4-193480-A-40.wav,esc50,helicopter,0.0,battlefield/noisy-field;airspace,4714b37cc6458d997064,,False
data/raw/esc50/audio/4-193480-B-40.wav,esc50,helicopter,0.0,battlefield/noisy-field;airspace,4714b37cc6458d997064,,False
data/raw/esc50/audio/4-194246-A-13.wav,esc50,crickets,0.0,wildlife,2c10c6bac0772d8c1bfe,,False
data/raw/esc50/audio/4-194979-A-25.wav,esc50,footsteps,0.0,perimeter,67686b66940e7e04adc2,,False
data/raw/esc50/audio/4-194981-A-25.wav,esc50,footsteps,0.0,perimeter,35b186d1039d1594e53d,,False
data/raw/esc50/audio/4-195707-A-13.wav,esc50,crickets,0.0,wildlife,a953c06c246034a7b22c,,False
data/raw/esc50/audio/4-195805-A-13.wav,esc50,crickets,0.0,wildlife,5bc6ec994acbd9d5a62d,,False
data/raw/esc50/audio/4-198962-A-25.wav,esc50,footsteps,0.0,perimeter,2da1e18c5b5d097f5829,,False
data/raw/esc50/audio/4-198962-B-25.wav,esc50,footsteps,0.0,perimeter,2da1e18c5b5d097f5829,,False
data/raw/esc50/audio/4-202749-A-13.wav,esc50,crickets,0.0,wildlife,582372d0d99881afecae,,False
data/raw/esc50/audio/4-216211-A-14.wav,esc50,chirping_birds,0.0,wildlife,db310754ee13618a88b7,,False
data/raw/esc50/audio/4-218304-A-25.wav,esc50,footsteps,0.0,perimeter,d7f01b3a21bed95fb601,,False
data/raw/esc50/audio/4-218304-B-25.wav,esc50,footsteps,0.0,perimeter,d7f01b3a21bed95fb601,,False
data/raw/esc50/audio/4-223125-A-14.wav,esc50,chirping_birds,0.0,wildlife,9679e0bd21da9131ecea,,False
data/raw/esc50/audio/4-223127-A-14.wav,esc50,chirping_birds,0.0,wildlife,180650932442a5fd81fe,,False
data/raw/esc50/audio/4-251959-A-47.wav,esc50,airplane,0.0,battlefield/noisy-field;airspace,844110a4477f183f868c,,False
data/raw/esc50/audio/4-255371-A-47.wav,esc50,airplane,0.0,battlefield/noisy-field;airspace,a0e85d0738d1bf911437,,False
data/raw/esc50/audio/4-67358-A-42.wav,esc50,siren,0.0,perimeter,1c6992458e6bd7dc692b,,False
data/raw/esc50/audio/4-80761-A-42.wav,esc50,siren,0.0,perimeter,5f209042ba25f905f0ea,,False
data/raw/esc50/audio/4-90014-A-42.wav,esc50,siren,0.0,perimeter,1e7769552e7b87c94410,,False
data/raw/esc50/audio/4-90014-B-42.wav,esc50,siren,0.0,perimeter,1e7769552e7b87c94410,,False
data/raw/esc50/audio/5-117118-A-42.wav,esc50,siren,0.0,perimeter,25a125898ca1bfe351d7,,False
data/raw/esc50/audio/5-117120-A-42.wav,esc50,siren,0.0,perimeter,6a53220318950e6418a3,,False
data/raw/esc50/audio/5-117122-A-42.wav,esc50,siren,0.0,perimeter,eaf7b67af40d4d925230,,False
data/raw/esc50/audio/5-117773-A-16.wav,esc50,wind,0.0,wildlife;infrastructure;perimeter,07e28a9a8ed96067adbe,,False
data/raw/esc50/audio/5-133989-A-42.wav,esc50,siren,0.0,perimeter,eca625534b283a9b2141,,False
data/raw/esc50/audio/5-133989-B-42.wav,esc50,siren,0.0,perimeter,eca625534b283a9b2141,,False
data/raw/esc50/audio/5-150409-A-42.wav,esc50,siren,0.0,perimeter,e903e2cf1c1e7c49019b,,False
data/raw/esc50/audio/5-156999-A-19.wav,esc50,thunderstorm,0.0,,fa8a195d0a0df47916d4,,False
data/raw/esc50/audio/5-156999-B-19.wav,esc50,thunderstorm,0.0,,fa8a195d0a0df47916d4,,False
data/raw/esc50/audio/5-156999-C-19.wav,esc50,thunderstorm,0.0,,fa8a195d0a0df47916d4,,False
data/raw/esc50/audio/5-156999-D-19.wav,esc50,thunderstorm,0.0,,fa8a195d0a0df47916d4,,False
data/raw/esc50/audio/5-156999-E-19.wav,esc50,thunderstorm,0.0,,fa8a195d0a0df47916d4,,False
data/raw/esc50/audio/5-157204-A-16.wav,esc50,wind,0.0,wildlife;infrastructure;perimeter,315c4d7928d857c8344c,,False
data/raw/esc50/audio/5-157204-B-16.wav,esc50,wind,0.0,wildlife;infrastructure;perimeter,315c4d7928d857c8344c,,False
data/raw/esc50/audio/5-160551-A-42.wav,esc50,siren,0.0,perimeter,3ecd2590492af89ab744,,False
data/raw/esc50/audio/5-160614-A-48.wav,esc50,fireworks,0.0,,b041f972c5cfb6f43453,,False
data/raw/esc50/audio/5-160614-B-48.wav,esc50,fireworks,0.0,,b041f972c5cfb6f43453,,False
data/raw/esc50/audio/5-160614-C-48.wav,esc50,fireworks,0.0,,b041f972c5cfb6f43453,,False
data/raw/esc50/audio/5-160614-D-48.wav,esc50,fireworks,0.0,,b041f972c5cfb6f43453,,False
data/raw/esc50/audio/5-160614-E-48.wav,esc50,fireworks,0.0,,b041f972c5cfb6f43453,,False
data/raw/esc50/audio/5-160614-F-48.wav,esc50,fireworks,0.0,,b041f972c5cfb6f43453,,False
data/raw/esc50/audio/5-160614-G-48.wav,esc50,fireworks,0.0,,b041f972c5cfb6f43453,,False
data/raw/esc50/audio/5-160614-H-48.wav,esc50,fireworks,0.0,,b041f972c5cfb6f43453,,False
data/raw/esc50/audio/5-177957-A-40.wav,esc50,helicopter,0.0,battlefield/noisy-field;airspace,499925d87bc554ed0de7,,False
data/raw/esc50/audio/5-177957-B-40.wav,esc50,helicopter,0.0,battlefield/noisy-field;airspace,499925d87bc554ed0de7,,False
data/raw/esc50/audio/5-177957-C-40.wav,esc50,helicopter,0.0,battlefield/noisy-field;airspace,499925d87bc554ed0de7,,False
data/raw/esc50/audio/5-177957-D-40.wav,esc50,helicopter,0.0,battlefield/noisy-field;airspace,499925d87bc554ed0de7,,False
data/raw/esc50/audio/5-177957-E-40.wav,esc50,helicopter,0.0,battlefield/noisy-field;airspace,499925d87bc554ed0de7,,False
data/raw/esc50/audio/5-179496-A-16.wav,esc50,wind,0.0,wildlife;infrastructure;perimeter,84585638a8fd9e36b3c6,,False
data/raw/esc50/audio/5-179496-B-16.wav,esc50,wind,0.0,wildlife;infrastructure;perimeter,84585638a8fd9e36b3c6,,False
data/raw/esc50/audio/5-181766-A-10.wav,esc50,rain,0.0,infrastructure,965e5ffaa899f0595510,,False
data/raw/esc50/audio/5-184323-A-42.wav,esc50,siren,0.0,perimeter,b5cb56d2f652a28e5fbc,,False
data/raw/esc50/audio/5-188495-A-19.wav,esc50,thunderstorm,0.0,,128eeb42ffd0eae7026b,,False
data/raw/esc50/audio/5-188655-A-10.wav,esc50,rain,0.0,infrastructure,e95b4c4d214a88f707f0,,False
data/raw/esc50/audio/5-191131-A-40.wav,esc50,helicopter,0.0,battlefield/noisy-field;airspace,23f37fa77a37cb382905,,False
data/raw/esc50/audio/5-192191-A-19.wav,esc50,thunderstorm,0.0,,8271bc44ea7d3fd21539,,False
data/raw/esc50/audio/5-193339-A-10.wav,esc50,rain,0.0,infrastructure,84abf5376102f494e7a8,,False
data/raw/esc50/audio/5-194892-A-10.wav,esc50,rain,0.0,infrastructure,985168a4207d4f692b70,,False
data/raw/esc50/audio/5-194932-A-7.wav,esc50,insects,0.0,wildlife;infrastructure,d240f54a2d6b2f04575f,,False
data/raw/esc50/audio/5-195517-A-7.wav,esc50,insects,0.0,wildlife;infrastructure,0fe6cf13507d56318649,,False
data/raw/esc50/audio/5-195518-A-7.wav,esc50,insects,0.0,wildlife;infrastructure,60beb925347987ccb23d,,False
data/raw/esc50/audio/5-195557-A-19.wav,esc50,thunderstorm,0.0,,8cbc5baf6a6eaea482c7,,False
data/raw/esc50/audio/5-195710-A-10.wav,esc50,rain,0.0,infrastructure,a3c4a408a2b43180b8dd,,False
data/raw/esc50/audio/5-197446-A-7.wav,esc50,insects,0.0,wildlife;infrastructure,a5267bc4b585832b920a,,False
data/raw/esc50/audio/5-198278-A-7.wav,esc50,insects,0.0,wildlife;infrastructure,d9509079321b5ded686c,,False
data/raw/esc50/audio/5-198278-B-7.wav,esc50,insects,0.0,wildlife;infrastructure,d9509079321b5ded686c,,False
data/raw/esc50/audio/5-198278-C-7.wav,esc50,insects,0.0,wildlife;infrastructure,d9509079321b5ded686c,,False
data/raw/esc50/audio/5-198321-A-10.wav,esc50,rain,0.0,infrastructure,60dbf60cbe324d934476,,False
data/raw/esc50/audio/5-202898-A-10.wav,esc50,rain,0.0,infrastructure,d54cf2800a307f74916d,,False
data/raw/esc50/audio/5-203739-A-10.wav,esc50,rain,0.0,infrastructure,907f3b65485ff7415d7f,,False
data/raw/esc50/audio/5-204352-A-13.wav,esc50,crickets,0.0,wildlife,26db72e920b69ccc4e7d,,False
data/raw/esc50/audio/5-204352-B-13.wav,esc50,crickets,0.0,wildlife,26db72e920b69ccc4e7d,,False
data/raw/esc50/audio/5-205898-A-40.wav,esc50,helicopter,0.0,battlefield/noisy-field;airspace,c30cc3c42f5d9260e63f,,False
data/raw/esc50/audio/5-210540-A-13.wav,esc50,crickets,0.0,wildlife,d2cef164925db88378ea,,False
data/raw/esc50/audio/5-213836-A-9.wav,esc50,crow,0.0,wildlife,64c1342a182b846930b1,,False
data/raw/esc50/audio/5-213836-B-9.wav,esc50,crow,0.0,wildlife,64c1342a182b846930b1,,False
data/raw/esc50/audio/5-213836-C-9.wav,esc50,crow,0.0,wildlife,64c1342a182b846930b1,,False
data/raw/esc50/audio/5-213836-D-9.wav,esc50,crow,0.0,wildlife,64c1342a182b846930b1,,False
data/raw/esc50/audio/5-214869-A-9.wav,esc50,crow,0.0,wildlife,4b443d95614bb6542be0,,False
data/raw/esc50/audio/5-215172-A-13.wav,esc50,crickets,0.0,wildlife,d7795470aef75e419be7,,False
data/raw/esc50/audio/5-215179-A-13.wav,esc50,crickets,0.0,wildlife,122d9bf1cb774b0b141a,,False
data/raw/esc50/audio/5-215445-A-47.wav,esc50,airplane,0.0,battlefield/noisy-field;airspace,b76a744241d87c035688,,False
data/raw/esc50/audio/5-215447-A-47.wav,esc50,airplane,0.0,battlefield/noisy-field;airspace,a68f44a883b207aa4a46,,False
data/raw/esc50/audio/5-215449-A-47.wav,esc50,airplane,0.0,battlefield/noisy-field;airspace,dff726e33d765a89a78f,,False
data/raw/esc50/audio/5-216213-A-13.wav,esc50,crickets,0.0,wildlife,f3c697225ac6c5e76185,,False
data/raw/esc50/audio/5-216214-A-13.wav,esc50,crickets,0.0,wildlife,0a739c08ba5c2db3bc3b,,False
data/raw/esc50/audio/5-216216-A-13.wav,esc50,crickets,0.0,wildlife,5be4de9ef48bf0039502,,False
data/raw/esc50/audio/5-217186-A-16.wav,esc50,wind,0.0,wildlife;infrastructure;perimeter,fb2a5ddfc99e5b70b7b4,,False
data/raw/esc50/audio/5-217186-B-16.wav,esc50,wind,0.0,wildlife;infrastructure;perimeter,fb2a5ddfc99e5b70b7b4,,False
data/raw/esc50/audio/5-217186-C-16.wav,esc50,wind,0.0,wildlife;infrastructure;perimeter,fb2a5ddfc99e5b70b7b4,,False
data/raw/esc50/audio/5-220955-A-40.wav,esc50,helicopter,0.0,battlefield/noisy-field;airspace,8ea539c2d521618e0ca5,,False
data/raw/esc50/audio/5-222041-A-9.wav,esc50,crow,0.0,wildlife,3c9c24c1bab49b980de0,,False
data/raw/esc50/audio/5-233787-A-7.wav,esc50,insects,0.0,wildlife;infrastructure,e4a4f51be543ac789a72,,False
data/raw/esc50/audio/5-234263-A-25.wav,esc50,footsteps,0.0,perimeter,a11bb67fe5ee246f49eb,,False
data/raw/esc50/audio/5-234855-A-25.wav,esc50,footsteps,0.0,perimeter,f099fae9e8740dfc50a3,,False
data/raw/esc50/audio/5-235956-A-47.wav,esc50,airplane,0.0,battlefield/noisy-field;airspace,c5c3f86a8085e90dc984,,False
data/raw/esc50/audio/5-242490-A-14.wav,esc50,chirping_birds,0.0,wildlife,5e9ea59c5a88809c9179,,False
data/raw/esc50/audio/5-242491-A-14.wav,esc50,chirping_birds,0.0,wildlife,6b2e8664f9a6a11f6e5f,,False
data/raw/esc50/audio/5-242711-A-9.wav,esc50,crow,0.0,wildlife,0ddecf8030f0b983a96f,,False
data/raw/esc50/audio/5-243025-A-25.wav,esc50,footsteps,0.0,perimeter,df4b9ed2d0186de60676,,False
data/raw/esc50/audio/5-243448-A-14.wav,esc50,chirping_birds,0.0,wildlife,85f452bfd99e5c661d36,,False
data/raw/esc50/audio/5-243449-A-14.wav,esc50,chirping_birds,0.0,wildlife,e49c5f3b58f6991a43a4,,False
data/raw/esc50/audio/5-243450-A-14.wav,esc50,chirping_birds,0.0,wildlife,d3609b1094e0729f14a9,,False
data/raw/esc50/audio/5-243459-A-14.wav,esc50,chirping_birds,0.0,wildlife,7e42c432fd603632def8,,False
data/raw/esc50/audio/5-243459-B-14.wav,esc50,chirping_birds,0.0,wildlife,7e42c432fd603632def8,,False
data/raw/esc50/audio/5-244310-A-25.wav,esc50,footsteps,0.0,perimeter,6ff321467b0c6ad6d971,,False
data/raw/esc50/audio/5-251957-A-47.wav,esc50,airplane,0.0,battlefield/noisy-field;airspace,04ea96c2f1ac40a2825f,,False
data/raw/esc50/audio/5-251962-A-47.wav,esc50,airplane,0.0,battlefield/noisy-field;airspace,46657c118cbc624ab563,,False
data/raw/esc50/audio/5-251963-A-47.wav,esc50,airplane,0.0,battlefield/noisy-field;airspace,f8077045b6c384dcd43f,,False
data/raw/esc50/audio/5-251971-A-47.wav,esc50,airplane,0.0,battlefield/noisy-field;airspace,ce9e1852d7ef439b9b57,,False
data/raw/esc50/audio/5-257839-A-14.wav,esc50,chirping_birds,0.0,wildlife,ae2fc83efee36cf6ba5f,,False
data/raw/esc50/audio/5-261325-A-9.wav,esc50,crow,0.0,wildlife,5d1475e41d7155a89abd,,False
data/raw/esc50/audio/5-263490-A-25.wav,esc50,footsteps,0.0,perimeter,bcfb3910a3bfda883903,,False
data/raw/esc50/audio/5-263491-A-25.wav,esc50,footsteps,0.0,perimeter,b33b7d042c5db806eb1f,,False
data/raw/esc50/audio/5-263501-A-25.wav,esc50,footsteps,0.0,perimeter,bfd8691fa3f166564cc7,,False
data/raw/esc50/audio/5-51149-A-25.wav,esc50,footsteps,0.0,perimeter,95a9f8f158d5efea826b,,False
zip://data/raw/nasa_external/small_uav_acoustics.zip::data/cub_flyover_107.mat,nasa_external,cub_flyover,,,42784b9245aa531f76a7,,True
zip://data/raw/nasa_external/small_uav_acoustics.zip::data/cub_flyover_108.mat,nasa_external,cub_flyover,,,4e44c11f0f7b8967b14f,,True
zip://data/raw/nasa_external/small_uav_acoustics.zip::data/cub_flyover_110.mat,nasa_external,cub_flyover,,,66c8fc8d19224f3b5d22,,True
zip://data/raw/nasa_external/small_uav_acoustics.zip::data/edge_flyover_038.mat,nasa_external,edge_flyover,,,5c1d18135bd316374cc6,,True
zip://data/raw/nasa_external/small_uav_acoustics.zip::data/edge_flyover_040.mat,nasa_external,edge_flyover,,,9a55da4b83654a4d47a9,,True
zip://data/raw/nasa_external/small_uav_acoustics.zip::data/edge_flyover_041.mat,nasa_external,edge_flyover,,,8b4b38994be1db89e186,,True
zip://data/raw/nasa_external/small_uav_acoustics.zip::data/edge_flyover_043.mat,nasa_external,edge_flyover,,,f4951a37715ca2ec4cbb,,True
zip://data/raw/nasa_external/small_uav_acoustics.zip::data/edge_flyover_045.mat,nasa_external,edge_flyover,,,5dbdd5cf778654557a57,,True
zip://data/raw/nasa_external/small_uav_acoustics.zip::data/edge_flyover_050.mat,nasa_external,edge_flyover,,,f80399fc6b7a68fce5d2,,True
zip://data/raw/nasa_external/small_uav_acoustics.zip::data/edge_flyover_051.mat,nasa_external,edge_flyover,,,09b18c2c8bc42ce46a18,,True
zip://data/raw/nasa_external/small_uav_acoustics.zip::data/edge_flyover_053.mat,nasa_external,edge_flyover,,,209fa1f8947d22bc9550,,True
zip://data/raw/nasa_external/small_uav_acoustics.zip::data/edge_flyover_054.mat,nasa_external,edge_flyover,,,efc61023f63b4ce2a48f,,True
zip://data/raw/nasa_external/small_uav_acoustics.zip::data/edge_flyover_058.mat,nasa_external,edge_flyover,,,c3d93cd9608ea5439e52,,True
zip://data/raw/nasa_external/small_uav_acoustics.zip::data/edge_flyover_059.mat,nasa_external,edge_flyover,,,50aec9b564c342dab53f,,True
zip://data/raw/nasa_external/small_uav_acoustics.zip::data/edge_flyover_065.mat,nasa_external,edge_flyover,,,e4345a8c45b8e6f50bb2,,True
zip://data/raw/nasa_external/small_uav_acoustics.zip::data/edge_flyover_066.mat,nasa_external,edge_flyover,,,7e1f750f842ae214328e,,True
zip://data/raw/nasa_external/small_uav_acoustics.zip::data/hex_flyover_200.mat,nasa_external,hex_flyover,,,d693e6c48fa4bf953463,,True
zip://data/raw/nasa_external/small_uav_acoustics.zip::data/hex_flyover_201.mat,nasa_external,hex_flyover,,,cd94ba629f3b5ac1d892,,True
zip://data/raw/nasa_external/small_uav_acoustics.zip::data/hex_flyover_202.mat,nasa_external,hex_flyover,,,bf48bbf5eaa20999349d,,True
zip://data/raw/nasa_external/small_uav_acoustics.zip::data/hex_flyover_203.mat,nasa_external,hex_flyover,,,15a57a9660fdd2077dfd,,True
zip://data/raw/nasa_external/small_uav_acoustics.zip::data/hex_flyover_204.mat,nasa_external,hex_flyover,,,01685ada63ab33714d3e,,True
zip://data/raw/nasa_external/small_uav_acoustics.zip::data/hex_flyover_205.mat,nasa_external,hex_flyover,,,761c9ec7f3688cca7cba,,True
zip://data/raw/nasa_external/small_uav_acoustics.zip::data/hex_flyover_206.mat,nasa_external,hex_flyover,,,e941007b3eefba5c2719,,True
zip://data/raw/nasa_external/small_uav_acoustics.zip::data/hex_flyover_207.mat,nasa_external,hex_flyover,,,aac572b3eff2b66217c8,,True
zip://data/raw/nasa_external/small_uav_acoustics.zip::data/hex_flyover_209.mat,nasa_external,hex_flyover,,,288e6c9e6512e8403932,,True
zip://data/raw/nasa_external/small_uav_acoustics.zip::data/hex_flyover_210.mat,nasa_external,hex_flyover,,,87821ec76bd2996ed803,,True
zip://data/raw/nasa_external/small_uav_acoustics.zip::data/hex_flyover_211.mat,nasa_external,hex_flyover,,,c5f88a5bfbe70ba32f5b,,True
zip://data/raw/nasa_external/small_uav_acoustics.zip::data/hex_flyover_214.mat,nasa_external,hex_flyover,,,b0ad9eb84e1aed0b859b,,True
zip://data/raw/nasa_external/small_uav_acoustics.zip::data/hex_flyover_215.mat,nasa_external,hex_flyover,,,854d6e7cd3a9b59c0bb2,,True
zip://data/raw/nasa_external/small_uav_acoustics.zip::data/hex_flyover_216.mat,nasa_external,hex_flyover,,,fc8c937a4a3c077e8573,,True
zip://data/raw/nasa_external/small_uav_acoustics.zip::data/hex_hover_030.mat,nasa_external,hex_hover,,,a13a72a2db9337669f43,,True
zip://data/raw/nasa_external/small_uav_acoustics.zip::data/hex_hover_031.mat,nasa_external,hex_hover,,,fe730667bf82a3961933,,True
zip://data/raw/nasa_external/small_uav_acoustics.zip::data/hex_hover_032.mat,nasa_external,hex_hover,,,d80018d4c0dee69d6459,,True
zip://data/raw/nasa_external/small_uav_acoustics.zip::data/hex_hover_033.mat,nasa_external,hex_hover,,,b554d4a24c84cd121168,,True
zip://data/raw/nasa_external/small_uav_acoustics.zip::data/hex_hover_036.mat,nasa_external,hex_hover,,,b02b263f6c24e46ac9ea,,True
zip://data/raw/nasa_external/small_uav_acoustics.zip::data/hex_hover_194.mat,nasa_external,hex_hover,,,ed09aa477ddd61c7e38b,,True
zip://data/raw/nasa_external/small_uav_acoustics.zip::data/hex_hover_195.mat,nasa_external,hex_hover,,,44abe30e3bbaa8086969,,True
zip://data/raw/nasa_external/small_uav_acoustics.zip::data/hex_hover_196.mat,nasa_external,hex_hover,,,bff4c6415898f093876f,,True
zip://data/raw/nasa_external/small_uav_acoustics.zip::data/hex_hover_197.mat,nasa_external,hex_hover,,,78af1626464e6d62f0d5,,True
zip://data/raw/nasa_external/small_uav_acoustics.zip::data/hex_hover_198.mat,nasa_external,hex_hover,,,ddb003ee4ddc9a1ada30,,True
zip://data/raw/nasa_external/small_uav_acoustics.zip::data/phantom_flyover_120.mat,nasa_external,phantom_flyover,,,5aafc4e7c35aee09ad41,,True
zip://data/raw/nasa_external/small_uav_acoustics.zip::data/phantom_flyover_121.mat,nasa_external,phantom_flyover,,,c4c221f3555915bd18d3,,True
zip://data/raw/nasa_external/small_uav_acoustics.zip::data/phantom_flyover_122.mat,nasa_external,phantom_flyover,,,c5d1efaec16b15688692,,True
zip://data/raw/nasa_external/small_uav_acoustics.zip::data/phantom_flyover_123.mat,nasa_external,phantom_flyover,,,169efd08169a33c2b598,,True
zip://data/raw/nasa_external/small_uav_acoustics.zip::data/phantom_flyover_124.mat,nasa_external,phantom_flyover,,,6c9138775a10ce97587a,,True
zip://data/raw/nasa_external/small_uav_acoustics.zip::data/phantom_flyover_125.mat,nasa_external,phantom_flyover,,,93a538c0606e080d09e3,,True
zip://data/raw/nasa_external/small_uav_acoustics.zip::data/phantom_hover_115.mat,nasa_external,phantom_hover,,,2200c5a87b36784499bd,,True
zip://data/raw/nasa_external/small_uav_acoustics.zip::data/phantom_hover_116.mat,nasa_external,phantom_hover,,,adcaed705d71b30b0009,,True
zip://data/raw/nasa_external/small_uav_acoustics.zip::data/phantom_hover_117.mat,nasa_external,phantom_hover,,,8b0ebc1655d0a0efb9f0,,True
zip://data/raw/nasa_external/small_uav_acoustics.zip::data/phantom_hover_118.mat,nasa_external,phantom_hover,,,0ddf5e45f69c56b5ff73,,True
zip://data/raw/nasa_external/small_uav_acoustics.zip::data/phantom_hover_119.mat,nasa_external,phantom_hover,,,a89fc4185f93e01cac7c,,True
zip://data/raw/nasa_external/small_uav_acoustics.zip::data/y6_hover_200.mat,nasa_external,y6_hover,,,40c89b6a1444732d288c,,True
zip://data/raw/nasa_external/small_uav_acoustics.zip::data/y6_hover_201.mat,nasa_external,y6_hover,,,334fef042c3538f2887a,,True
zip://data/raw/nasa_external/small_uav_acoustics.zip::data/y6_hover_202.mat,nasa_external,y6_hover,,,37a3a721bce767a124ce,,True
zip://data/raw/nasa_external/small_uav_acoustics.zip::data/y6_hover_203.mat,nasa_external,y6_hover,,,95274b7903fad200bf5f,,True
zip://data/raw/nasa_external/small_uav_acoustics.zip::data/y6_hover_204.mat,nasa_external,y6_hover,,,e8fdb2677a82f55f2725,,True
zip://data/raw/nasa_external/small_uav_acoustics.zip::data/y6_hover_205.mat,nasa_external,y6_hover,,,1dce2111a01a4ecb7ed6,,True
zip://data/raw/nasa_external/small_uav_acoustics.zip::data/y6_hover_206.mat,nasa_external,y6_hover,,,6aa2d59ae8587696b9c3,,True
zip://data/raw/nasa_external/small_uav_acoustics.zip::data/y6_hover_207.mat,nasa_external,y6_hover,,,e304bbbe468382941fec,,True
zip://data/raw/nasa_external/small_uav_acoustics.zip::data/y6_hover_208.mat,nasa_external,y6_hover,,,355e24db53665a9fcfbf,,True
zip://data/raw/nasa_external/small_uav_acoustics.zip::data/y6_hover_209.mat,nasa_external,y6_hover,,,5efac4f503264c8ce3a8,,True
zip://data/raw/nasa_external/small_uav_acoustics.zip::data/y6_hover_210.mat,nasa_external,y6_hover,,,81be3816c89f7a355853,,True
